<?xml version="1.0" encoding="UTF-8"?>
<rootTag>
<Award>
<AwardTitle><![CDATA[Collaborative Research: Atomistic Switches on Pyridinol Based Pincer Ligated Catalysts for Carbon Dioxide Reduction]]></AwardTitle>
<AGENCY>NSF</AGENCY>
<AwardEffectiveDate>07/15/2018</AwardEffectiveDate>
<AwardExpirationDate>07/31/2021</AwardExpirationDate>
<AwardTotalIntnAmount>150543.00</AwardTotalIntnAmount>
<AwardAmount>150543</AwardAmount>
<AwardInstrument>
<Value>Standard Grant</Value>
</AwardInstrument>
<Organization>
<Code>03090000</Code>
<Directorate>
<Abbreviation>MPS</Abbreviation>
<LongName>Direct For Mathematical &amp; Physical Scien</LongName>
</Directorate>
<Division>
<Abbreviation>CHE</Abbreviation>
<LongName>Division Of Chemistry</LongName>
</Division>
</Organization>
<ProgramOfficer>
<SignBlockName>George Richter-Addo</SignBlockName>
<PO_EMAI>grichter@nsf.gov</PO_EMAI>
<PO_PHON>7032927528</PO_PHON>
</ProgramOfficer>
<AbstractNarration><![CDATA[With funding from the Catalysis Program of the Chemistry Division, Dr. Elizabeth Papish of the University of Alabama at Tuscaloosa, Dr. Jared Delcamp of the University of Mississippi, and Dr. Charles Edwin Webster of Mississippi State University are engaged in collaborative research designing new catalysts that can harness sunlight to convert carbon dioxide, a greenhouse gas leftover from fuel combustion, into carbon monoxide, a fuel precursor. The ability to convert carbon dioxide to carbon monoxide is challenging, and is an important step in a strategy to harness sunlight to make diesel fuel from carbon dioxide. This conversion may become useful for securing the energy future of the US, as it can provide a means to replace oil reserves as are they are depleted. Furthermore, solar fuel formation coupled with fuel combustion can be considered carbon neutral, as this process does not add carbon dioxide to the atmosphere. The research team is using synthetic chemistry to make new catalysts, test those catalysts, and computationally optimize and understand the critical steps in this process. The key innovation has been understanding how changes to small, remote groups on the catalyst can influence the course of the reaction.  This project uses metals that are earth abundant and non-toxic making the chemical reactions more sustainable and environmentally friendly. This project is training a diverse group of graduate and undergraduate students at universities in Alabama and Mississippi. This synergistic collaboration enhances the learning experience for the students in these groups. The Papish group is conducting outreach events, including "Careers in Chemistry" seminars at the University of Alabama and science demonstrations at a nearby elementary school to engage students in STEM education.&lt;br/&gt; &lt;br/&gt;Drs. Papish, Delcamp, and Webster combine a wide variety of expertise in organometallic synthesis and mechanistic studies, light driven catalysis and harnessing solar energy, and organometallic computational chemistry. Their groups are designing, testing, and studying new catalysts bearing pincer ligands with oxygenated substituents on the periphery that are bound to both precious and earth abundant metals. The groups are elucidating how the protonation state of the remote oxygenated substituents on the ligands alters catalyst lifetime, reaction rate, and selectivity with these complexes. By understanding how electron donor groups influence proton coupled electron transfer (PCET) and reduces the energy requirements for catalytic processes, the groups are designing highly durable and active catalysts. This team is taking an iterative, mechanistic approach with feedback between the synthesis, catalysis, and computational studies that is leading to the development of highly active, durable catalysts. These catalysts are also being integrated into a complete photoelectrochemical cell where carbon dioxide reduction is coupled with water oxidation. This project is training a diverse group of undergraduate and graduate students over the project period. Dr. Papish is hosting "Careers in Chemistry" seminars at the University of Alabama each year. She and her group are also visiting local elementary schools to perform demonstrations and discuss opportunities in science with the students. New experiments are also being developed for undergraduate chemistry labs to introduce catalytic chemistry research to the teaching lab.&lt;br/&gt;&lt;br/&gt;This award reflects NSF's statutory mission and has been deemed worthy of support through evaluation using the Foundation's intellectual merit and broader impacts review criteria.]]></AbstractNarration>
<MinAmdLetterDate>07/09/2018</MinAmdLetterDate>
<MaxAmdLetterDate>07/09/2018</MaxAmdLetterDate>
<ARRAAmount/>
<TRAN_TYPE>Grant</TRAN_TYPE>
<CFDA_NUM>47.049</CFDA_NUM>
<NSF_PAR_USE_FLAG>1</NSF_PAR_USE_FLAG>
<FUND_AGCY_CODE>4900</FUND_AGCY_CODE>
<AWDG_AGCY_CODE>4900</AWDG_AGCY_CODE>
<AwardID>1800281</AwardID>
<Investigator>
<FirstName>Jared</FirstName>
<LastName>Delcamp</LastName>
<PI_MID_INIT>H</PI_MID_INIT>
<PI_SUFX_NAME/>
<PI_FULL_NAME>Jared H Delcamp</PI_FULL_NAME>
<EmailAddress><![CDATA[delcamp@olemiss.edu]]></EmailAddress>
<NSF_ID>000655948</NSF_ID>
<StartDate>07/09/2018</StartDate>
<EndDate/>
<RoleCode>Principal Investigator</RoleCode>
</Investigator>
<Institution>
<Name><![CDATA[University of Mississippi]]></Name>
<CityName>UNIVERSITY</CityName>
<ZipCode>386779704</ZipCode>
<PhoneNumber>6629157482</PhoneNumber>
<StreetAddress><![CDATA[113 FALKNER]]></StreetAddress>
<StreetAddress2/>
<CountryName>United States</CountryName>
<StateName>Mississippi</StateName>
<StateCode>MS</StateCode>
<CONGRESSDISTRICT>01</CONGRESSDISTRICT>
<CONGRESS_DISTRICT_ORG>MS01</CONGRESS_DISTRICT_ORG>
<ORG_UEI_NUM>G1THVER8BNL4</ORG_UEI_NUM>
<ORG_LGL_BUS_NAME>UNIVERSITY OF MISSISSIPPI</ORG_LGL_BUS_NAME>
<ORG_PRNT_UEI_NUM>G1THVER8BNL4</ORG_PRNT_UEI_NUM>
</Institution>
<Performance_Institution>
<Name><![CDATA[University of Mississippi]]></Name>
<CityName>University</CityName>
<StateCode>MS</StateCode>
<ZipCode>386771848</ZipCode>
<StreetAddress><![CDATA[481 Coulter Hall]]></StreetAddress>
<CountryCode>US</CountryCode>
<CountryName>United States</CountryName>
<StateName>Mississippi</StateName>
<CountryFlag>1</CountryFlag>
<CONGRESSDISTRICT>01</CONGRESSDISTRICT>
<CONGRESS_DISTRICT_PERF>MS01</CONGRESS_DISTRICT_PERF>
</Performance_Institution>
<ProgramElement>
<Code>6884</Code>
<Text>Chemical Catalysis</Text>
</ProgramElement>
<ProgramReference>
<Code>8396</Code>
<Text>Clean Energy Technology</Text>
</ProgramReference>
<ProgramReference>
<Code>8398</Code>
<Text>Hydrocarbon Conversion</Text>
</ProgramReference>
<ProgramReference>
<Code>8650</Code>
<Text>Sustainable Chemistry</Text>
</ProgramReference>
<ProgramReference>
<Code>8676</Code>
<Text>Critical Elements</Text>
</ProgramReference>
<ProgramReference>
<Code>9150</Code>
<Text>EXP PROG TO STIM COMP RES</Text>
</ProgramReference>
<Appropriation>
<Code>0118</Code>
<Name>NSF RESEARCH &amp; RELATED ACTIVIT</Name>
<APP_SYMB_ID>040100</APP_SYMB_ID>
</Appropriation>
<Fund>
<Code>01001819DB</Code>
<Name><![CDATA[NSF RESEARCH & RELATED ACTIVIT]]></Name>
<FUND_SYMB_ID>040100</FUND_SYMB_ID>
</Fund>
<FUND_OBLG>2018~150543</FUND_OBLG>
<POR>
<DRECONTENT><![CDATA[<div class="porColContainerWBG"> <div class="porContentCol"><p>The focus of this project was on the design of catalysts that can convert CO2 into a fuel using sunlight either directly or with an added light absorbing material. The conversion of CO2 into a fuel is coupled to a water oxidation process in nature. We aim to mimic this process in a complete artificial photosynthesis systems. This current project is focused on the CO2 reduction portion of this system. The catalysts studied during this project have focused on molecular systems which can have atom positions percisely controlled. These very well defined and precisely controlled catalyst systems allow for a rational tuning of catalyst properties to increase the rate of fuel production, the durability of the catalyst, and the amount of light absorbed among other properties. Our long&shy;term goal is to move the field of molecular catalyst design closer to a durable, earth &shy;abundant metal&shy;-based catalyst system for the conversion of CO2 to a fuel using water and sunlight. During this project, approximately 60 catalyst candidates were synthesized and evaluated for CO2 conversion to a fuel. Among this series of catalysts, approximately 50 were made from precious metals which are very well-behaved and served as platforms for understanding reactivity. Among this group, the most durable single metal center photocatalyst known was found and the fastest photocatalyst known was found for the conversion of CO2 to CO (which is a fuel precursion in the Fischer-Tropsch synthetic gasoline cycle) with sunlight. Using the perfromance lessons learned from these systems, we have also explored the use of precious metal-free catalysts which are typically more challenging to synthesize and study. Several of these catalysts have shown exceptional durability for the reduction of CO2 to CO using an added light harvesting material. Several exceptional catalyst candidates among those examined have been identified for evaluation in systems that mount these complexes to electrode surfaces which eventually are connected to water oxidation systems.&nbsp;</p> <p>This project has had three major outcomes with respect to fundamental research by:</p> <p>1) Addressing gaps in the fundamental knowledge with regard to how slight changes in structure impart large improvements in durability for CO2 reduction photocatalysts.</p> <p>2) Identifing paths for exchaning precious metals for earth abundant metals.</p> <p>3) Showing the CO2 conversion community that catalytic environment can be tuned to generate a desired product without the need for re-designing catalysts.</p> <p>This work could be part of the answer to a sustainable energy independent future where the catalyst we have found can be used to turn sunlight, water, and CO2 back into a chemical fuel used for transport and other applications. This would be very impactful to society by allowing humanity to derive fuels directly from the sun.</p> <p>&nbsp;</p> <p>&nbsp;</p><br> <p>            Last Modified: 11/19/2021<br>      Modified by: Jared&nbsp;H&nbsp;Delcamp</p> </div> <div class="porSideCol"></div> </div>]]></DRECONTENT>
<POR_COPY_TXT><![CDATA[ The focus of this project was on the design of catalysts that can convert CO2 into a fuel using sunlight either directly or with an added light absorbing material. The conversion of CO2 into a fuel is coupled to a water oxidation process in nature. We aim to mimic this process in a complete artificial photosynthesis systems. This current project is focused on the CO2 reduction portion of this system. The catalysts studied during this project have focused on molecular systems which can have atom positions percisely controlled. These very well defined and precisely controlled catalyst systems allow for a rational tuning of catalyst properties to increase the rate of fuel production, the durability of the catalyst, and the amount of light absorbed among other properties. Our long&shy;term goal is to move the field of molecular catalyst design closer to a durable, earth &shy;abundant metal&shy;-based catalyst system for the conversion of CO2 to a fuel using water and sunlight. During this project, approximately 60 catalyst candidates were synthesized and evaluated for CO2 conversion to a fuel. Among this series of catalysts, approximately 50 were made from precious metals which are very well-behaved and served as platforms for understanding reactivity. Among this group, the most durable single metal center photocatalyst known was found and the fastest photocatalyst known was found for the conversion of CO2 to CO (which is a fuel precursion in the Fischer-Tropsch synthetic gasoline cycle) with sunlight. Using the perfromance lessons learned from these systems, we have also explored the use of precious metal-free catalysts which are typically more challenging to synthesize and study. Several of these catalysts have shown exceptional durability for the reduction of CO2 to CO using an added light harvesting material. Several exceptional catalyst candidates among those examined have been identified for evaluation in systems that mount these complexes to electrode surfaces which eventually are connected to water oxidation systems.   This project has had three major outcomes with respect to fundamental research by:  1) Addressing gaps in the fundamental knowledge with regard to how slight changes in structure impart large improvements in durability for CO2 reduction photocatalysts.  2) Identifing paths for exchaning precious metals for earth abundant metals.  3) Showing the CO2 conversion community that catalytic environment can be tuned to generate a desired product without the need for re-designing catalysts.  This work could be part of the answer to a sustainable energy independent future where the catalyst we have found can be used to turn sunlight, water, and CO2 back into a chemical fuel used for transport and other applications. This would be very impactful to society by allowing humanity to derive fuels directly from the sun.             Last Modified: 11/19/2021       Submitted by: Jared H Delcamp]]></POR_COPY_TXT>
</POR>
</Award>
</rootTag>
