<?xml version="1.0" encoding="UTF-8"?>
<rootTag>
<Award>
<AwardTitle><![CDATA[RUI: Electroactive Composites of Biosourced Polymers, and Conducting Polymers Polymerized in a Confined Environment]]></AwardTitle>
<AGENCY>NSF</AGENCY>
<AwardEffectiveDate>05/01/2018</AwardEffectiveDate>
<AwardExpirationDate>12/31/2022</AwardExpirationDate>
<AwardTotalIntnAmount>223392.00</AwardTotalIntnAmount>
<AwardAmount>223392</AwardAmount>
<AwardInstrument>
<Value>Standard Grant</Value>
</AwardInstrument>
<Organization>
<Code>03070000</Code>
<Directorate>
<Abbreviation>MPS</Abbreviation>
<LongName>Direct For Mathematical &amp; Physical Scien</LongName>
</Directorate>
<Division>
<Abbreviation>DMR</Abbreviation>
<LongName>Division Of Materials Research</LongName>
</Division>
</Organization>
<ProgramOfficer>
<SignBlockName>Andrew Lovinger</SignBlockName>
<PO_EMAI>alovinge@nsf.gov</PO_EMAI>
<PO_PHON>7032924933</PO_PHON>
</ProgramOfficer>
<AbstractNarration><![CDATA[PART 1: NON-TECHNICAL SUMMARY&lt;br/&gt;&lt;br/&gt;Plastics that are derived from petroleum typically do not degrade with time and eventually end up in landfills. The proposed work will use specific biosourced and biodegradable plastics and process them to obtain conducting composites, thereby extending their use to electronic applications.  By confining the synthesis to two dimensions, the principal investigator (PI) will also explore synthesis of conducting plastic materials with fewer defects that may possess higher intrinsic conductivity. Using these materials, the PI plans to fabricate fibers having diameters roughly one-thousandth that of a human hair using an electrospinning technique.  Devices and sensors fabricated from these fibers may then have superior operating properties compared to those prepared from thicker films of the same material. For example, sensors may be able to detect toxic gases at low concentrations and higher speeds. The planned research is interdisciplinary involving materials science, physics, chemistry, nanoscience, and electronics. Students will be trained in multiple disciplines thereby preparing them to enter the workforce with a diverse set of skills. This project will also focus on educating and mentoring undergraduates, recruiting students, and conducting outreach in science and engineering.  It will thus increase the number of research-experienced undergraduates from underrepresented groups in science and engineering.&lt;br/&gt;&lt;br/&gt; &lt;br/&gt;PART 2: TECHNICAL SUMMARY&lt;br/&gt;&lt;br/&gt;The principal investigator (PI) will work with sustainable polymers that are biosourced and biodegradable and render them usable for electroactive applications via fabrication of composites with conducting polymers. In addition, he plans to synthesize conducting polymers in a confined environment, where in-situ confinement during polymerization may lead to fewer chain defects and ultimately higher intrinsic conductivity. Besides thin films, nanofibers of the electro-active polymers will also be fabricated and characterized via temperature-dependent charge transport and dielectric relaxation studies. Nanofibers naturally possess a confined environment for charge flow, and studies on such fibers may lead to reduced defects. The results from the fundamental research on charge transport and charge relaxation will be used to prepare devices and sensors with superior operating characteristics. The planned research includes an interdisciplinary combination of materials science, physics, chemistry, nanoscience and electronics. It will provide undergraduates with a sound research experience thereby preparing them to enter the workforce with a diverse set of skills. This project will also focus on educating and mentoring undergraduates, recruiting students, and conducting outreach in science and engineering.  It will thus increase the number of research-experienced undergraduates from underrepresented groups in science and engineering.&lt;br/&gt;&lt;br/&gt;This award reflects NSF's statutory mission and has been deemed worthy of support through evaluation using the Foundation's intellectual merit and broader impacts review criteria.]]></AbstractNarration>
<MinAmdLetterDate>02/23/2018</MinAmdLetterDate>
<MaxAmdLetterDate>02/23/2018</MaxAmdLetterDate>
<ARRAAmount/>
<TRAN_TYPE>Grant</TRAN_TYPE>
<CFDA_NUM>47.049</CFDA_NUM>
<NSF_PAR_USE_FLAG>1</NSF_PAR_USE_FLAG>
<FUND_AGCY_CODE>4900</FUND_AGCY_CODE>
<AWDG_AGCY_CODE>4900</AWDG_AGCY_CODE>
<AwardID>1800262</AwardID>
<Investigator>
<FirstName>Nicholas</FirstName>
<LastName>Pinto</LastName>
<PI_MID_INIT>J</PI_MID_INIT>
<PI_SUFX_NAME/>
<PI_FULL_NAME>Nicholas J Pinto</PI_FULL_NAME>
<EmailAddress><![CDATA[nicholas.pinto@upr.edu]]></EmailAddress>
<NSF_ID>000281482</NSF_ID>
<StartDate>02/23/2018</StartDate>
<EndDate/>
<RoleCode>Principal Investigator</RoleCode>
</Investigator>
<Institution>
<Name><![CDATA[University of Puerto Rico at Humacao]]></Name>
<CityName>HUMACAO</CityName>
<ZipCode>00791</ZipCode>
<PhoneNumber>7878509374</PhoneNumber>
<StreetAddress><![CDATA[JOSE E AGUIAR ARAMBURU CARR 908]]></StreetAddress>
<StreetAddress2/>
<CountryName>United States</CountryName>
<StateName>Puerto Rico</StateName>
<StateCode>PR</StateCode>
<CONGRESSDISTRICT>00</CONGRESSDISTRICT>
<CONGRESS_DISTRICT_ORG>PR00</CONGRESS_DISTRICT_ORG>
<ORG_UEI_NUM>CMBEL6LZ4MA5</ORG_UEI_NUM>
<ORG_LGL_BUS_NAME>UNIVERSITY OF PUERTO RICO</ORG_LGL_BUS_NAME>
<ORG_PRNT_UEI_NUM/>
</Institution>
<Performance_Institution>
<Name><![CDATA[University of Puerto Rico at Humacao]]></Name>
<CityName>Humacao</CityName>
<StateCode>PR</StateCode>
<ZipCode>007914300</ZipCode>
<StreetAddress/>
<CountryCode>US</CountryCode>
<CountryName>United States</CountryName>
<StateName>Puerto Rico</StateName>
<CountryFlag>1</CountryFlag>
<CONGRESSDISTRICT>00</CONGRESSDISTRICT>
<CONGRESS_DISTRICT_PERF>PR00</CONGRESS_DISTRICT_PERF>
</Performance_Institution>
<ProgramElement>
<Code>1773</Code>
<Text>POLYMERS</Text>
</ProgramElement>
<ProgramReference>
<Code>7237</Code>
<Text>NANO NON-SOLIC SCI &amp; ENG AWD</Text>
</ProgramReference>
<ProgramReference>
<Code>8249</Code>
<Text>Sustainable Materials</Text>
</ProgramReference>
<ProgramReference>
<Code>8614</Code>
<Text>Nanomaterials</Text>
</ProgramReference>
<ProgramReference>
<Code>9150</Code>
<Text>EXP PROG TO STIM COMP RES</Text>
</ProgramReference>
<Appropriation>
<Code>0118</Code>
<Name>NSF RESEARCH &amp; RELATED ACTIVIT</Name>
<APP_SYMB_ID>040100</APP_SYMB_ID>
</Appropriation>
<Fund>
<Code>01001819DB</Code>
<Name><![CDATA[NSF RESEARCH & RELATED ACTIVIT]]></Name>
<FUND_SYMB_ID>040100</FUND_SYMB_ID>
</Fund>
<FUND_OBLG>2018~223392</FUND_OBLG>
<POR>
<DRECONTENT><![CDATA[<div class="porColContainerWBG"> <div class="porContentCol"><p>The main goals of this proposal were to make bio-derived polymers electroactive and synthesize conducting polymers with reduced disorder. In addition, we also studied charge transport in these conducting polymer systems via temperature dependent conductivity measurements. Many electronic devices like diodes, field effect transistors and sensors were fabricated using these polymers and electrically characterized. Finally, this proposal was aimed at motivating undergraduate students to pursue graduate studies in a STEM field.</p> <p>During the 4-year duration of this project the PI and his students worked on all aspects of the proposal. They combined their knowledge in polymers with research on other one- and two-dimensional conducting materials like carbon nanotubes, graphene and transition metal dichalcogenides. The following polymers were used in our research: Polyaniline, poly(ethylenedioxythiophene), poly(triaryl amine), poly[benzimidazobenzophenanthroline], poly(vinylendene trifluoroethylene) and polyethylene oxide.</p> <p>Some of the research was modified and included into the regular class curriculum in a core course (Senior Laboratory). This gave <span style="text-decoration: underline;">all</span> Physics majors the opportunity to work in a research laboratory and gain valuable experience operating sophisticated instruments like the scanning electron microscope and the impedance analyzer. In addition, students were taught Visual Basic to program the instrumentation. The PI recognized that the Senior Lab course would be the last time some students would formally work in a scientific laboratory. Exposure to advanced level experiments would therefore permit students to gain additional skills (for eg. programming instruments, sample preparation at the nanoscale, patience, perseverance etc.) that cannot be acquired from traditional courses. New instruments were purchased enhancing the University research infrastructure and new collaborations established with faculty in the Chemistry Department.</p> <p>Work on this proposal began on &nbsp;01 May 2018 and ended on 31 December 2022. A total of 10 undergraduates and 1 High school student participated at various times during this period. 3 undergraduate students are currently in graduate school and one student will apply to graduate school for the Fall 2023 semester. The other students either found a job after graduation or are still undergraduates who continue to work for the PI. The research conducted in this proposal has led to 19 scientific presentations by the PI and his students and 13 peer reviewed journal publications.</p> <p>More information on this project can be found at:</p> <p>https://sites.google.com/a/upr.edu/nicholas-j-pinto</p><br> <p>            Last Modified: 01/12/2023<br>      Modified by: Nicholas&nbsp;J&nbsp;Pinto</p> </div> <div class="porSideCol"> <div class="each-gallery"> <div class="galContent" id="gallery0"> <div class="photoCount" id="photoCount0">          Images (<span id="selectedPhoto0">1</span> of <span class="totalNumber"></span>)           </div> <div class="galControls" id="controls0"></div> <div class="galSlideshow" id="slideshow0"></div> <div class="galEmbox" id="embox"> <div class="image-title"></div> </div> </div> <div class="galNavigation" id="navigation0"> <ul class="thumbs" id="thumbs0"> <li> <a href="/por/images/Reports/POR/2023/1800262/1800262_10531666_1673538616843_cristianrueda2018-1--rgov-214x142.jpg" original="/por/images/Reports/POR/2023/1800262/1800262_10531666_1673538616843_cristianrueda2018-1--rgov-800width.jpg" title="High School Student"><img src="/por/images/Reports/POR/2023/1800262/1800262_10531666_1673538616843_cristianrueda2018-1--rgov-66x44.jpg" alt="High School Student"></a> <div class="imageCaptionContainer"> <div class="imageCaption">High School student Cristian Rueda with his award</div> <div class="imageCredit">NSF-RUI</div> <div class="imagePermisssions">Public Domain</div> <div class="imageSubmitted">Nicholas&nbsp;J&nbsp;Pinto</div> <div class="imageTitle">High School Student</div> </div> </li> <li> <a href="/por/images/Reports/POR/2023/1800262/1800262_10531666_1673538803822_Pintogroup2022-2--rgov-214x142.jpg" original="/por/images/Reports/POR/2023/1800262/1800262_10531666_1673538803822_Pintogroup2022-2--rgov-800width.jpg" title="Pinto research group 2022-2023"><img src="/por/images/Reports/POR/2023/1800262/1800262_10531666_1673538803822_Pintogroup2022-2--rgov-66x44.jpg" alt="Pinto research group 2022-2023"></a> <div class="imageCaptionContainer"> <div class="imageCaption">Pinto and his undergraduate students. L to R: Kieralys, Nicholas, Alexander, Elvin and Alejandro</div> <div class="imageCredit">NSF-RUI</div> <div class="imagePermisssions">Public Domain</div> <div class="imageSubmitted">Nicholas&nbsp;J&nbsp;Pinto</div> <div class="imageTitle">Pinto research group 2022-2023</div> </div> </li> </ul> </div> </div> </div> </div>]]></DRECONTENT>
<POR_COPY_TXT><![CDATA[ The main goals of this proposal were to make bio-derived polymers electroactive and synthesize conducting polymers with reduced disorder. In addition, we also studied charge transport in these conducting polymer systems via temperature dependent conductivity measurements. Many electronic devices like diodes, field effect transistors and sensors were fabricated using these polymers and electrically characterized. Finally, this proposal was aimed at motivating undergraduate students to pursue graduate studies in a STEM field.  During the 4-year duration of this project the PI and his students worked on all aspects of the proposal. They combined their knowledge in polymers with research on other one- and two-dimensional conducting materials like carbon nanotubes, graphene and transition metal dichalcogenides. The following polymers were used in our research: Polyaniline, poly(ethylenedioxythiophene), poly(triaryl amine), poly[benzimidazobenzophenanthroline], poly(vinylendene trifluoroethylene) and polyethylene oxide.  Some of the research was modified and included into the regular class curriculum in a core course (Senior Laboratory). This gave all Physics majors the opportunity to work in a research laboratory and gain valuable experience operating sophisticated instruments like the scanning electron microscope and the impedance analyzer. In addition, students were taught Visual Basic to program the instrumentation. The PI recognized that the Senior Lab course would be the last time some students would formally work in a scientific laboratory. Exposure to advanced level experiments would therefore permit students to gain additional skills (for eg. programming instruments, sample preparation at the nanoscale, patience, perseverance etc.) that cannot be acquired from traditional courses. New instruments were purchased enhancing the University research infrastructure and new collaborations established with faculty in the Chemistry Department.  Work on this proposal began on  01 May 2018 and ended on 31 December 2022. A total of 10 undergraduates and 1 High school student participated at various times during this period. 3 undergraduate students are currently in graduate school and one student will apply to graduate school for the Fall 2023 semester. The other students either found a job after graduation or are still undergraduates who continue to work for the PI. The research conducted in this proposal has led to 19 scientific presentations by the PI and his students and 13 peer reviewed journal publications.  More information on this project can be found at:  https://sites.google.com/a/upr.edu/nicholas-j-pinto       Last Modified: 01/12/2023       Submitted by: Nicholas J Pinto]]></POR_COPY_TXT>
</POR>
</Award>
</rootTag>
