<?xml version="1.0" encoding="UTF-8"?>
<rootTag>
<Award>
<AwardTitle><![CDATA[New Nonlinear Optical Approaches for Probing the Microscopic Nature of Liquids and Solutions]]></AwardTitle>
<AGENCY>NSF</AGENCY>
<AwardEffectiveDate>08/01/2018</AwardEffectiveDate>
<AwardExpirationDate>07/31/2023</AwardExpirationDate>
<AwardTotalIntnAmount>477535.00</AwardTotalIntnAmount>
<AwardAmount>477535</AwardAmount>
<AwardInstrument>
<Value>Standard Grant</Value>
</AwardInstrument>
<Organization>
<Code>03090000</Code>
<Directorate>
<Abbreviation>MPS</Abbreviation>
<LongName>Direct For Mathematical &amp; Physical Scien</LongName>
</Directorate>
<Division>
<Abbreviation>CHE</Abbreviation>
<LongName>Division Of Chemistry</LongName>
</Division>
</Organization>
<ProgramOfficer>
<SignBlockName>Colby Foss</SignBlockName>
<PO_EMAI>cfoss@nsf.gov</PO_EMAI>
<PO_PHON>7032925327</PO_PHON>
</ProgramOfficer>
<AbstractNarration><![CDATA[When we think of a chemical reaction, we often envision a beaker filled with a solution and sitting on a lab bench. Most chemistry takes place in solution, where the liquid surrounding the reactants and products can affect a chemical reaction in unexpected ways. While chemists have appreciated the complicated nature of solutions for some time, they do not typically consider the container's size to be a factor. This is true of the container is large.  However, when the container holding the solution is reduced to just a few hundred nanometers across, or about 1/10,000 the diameter of a human hair, interaction of molecules with the walls of the container alter the solution properties, making the problem even more difficult. With support for the Chemical Structure Dynamics, and Mechanisms A (CSDM-A) Program in the Division of Chemistry, Professor John Fourkas at the University of Maryland-College Park is developing new experimental and simulation methods for characterizing solutions, both in large containers, and under nanoconfinement. Insights gained from the project could advance our fundamental understanding of solutions, as well as enable more accurate measurements, both of which could have broad implications for range of technologies such as chemical separations, lubrication, oil recovery, and catalysis.  The project also provides interdisciplinary training of the next generation of scientists, and outreach activities are fostering public appreciation of scientific exploration and discovery. &lt;br/&gt;&lt;br/&gt;New nonlinear optical spectroscopic approaches are being pursued to address important outstanding problems in liquids and solutions. Working with his students, Professor Fourkas is combining Optical Kerr effect (OKE) spectroscopy with molecular simulations to develop a general approach for measuring the intrinsic density of liquids in nanoconfined environments, which is a crucial property in determining the behavior of a liquid, as well as to study hydrogen bonding interactions between solvents and silica surfaces. The project is also pursuing substantially improved measurements of the high-intensity optical absorption properties of solutions of strongly absorbing molecules and nanomaterials. A new class of methods, 2-beam action (2-BA) spectroscopies, is being developed to make improved measurements of multiphoton absorption cross sections. 2-BA spectroscopies allow for the detailed and accurate characterization of the photophysics of multiphoton fluorophores, and set the stage for the application of analogous techniques to a broad range of other processes that involve nonlinear absorption.&lt;br/&gt;&lt;br/&gt;This award reflects NSF's statutory mission and has been deemed worthy of support through evaluation using the Foundation's intellectual merit and broader impacts review criteria.]]></AbstractNarration>
<MinAmdLetterDate>07/27/2018</MinAmdLetterDate>
<MaxAmdLetterDate>06/22/2022</MaxAmdLetterDate>
<ARRAAmount/>
<TRAN_TYPE>Grant</TRAN_TYPE>
<CFDA_NUM>47.049</CFDA_NUM>
<NSF_PAR_USE_FLAG>1</NSF_PAR_USE_FLAG>
<FUND_AGCY_CODE>4900</FUND_AGCY_CODE>
<AWDG_AGCY_CODE>4900</AWDG_AGCY_CODE>
<AwardID>1800491</AwardID>
<Investigator>
<FirstName>John</FirstName>
<LastName>Fourkas</LastName>
<PI_MID_INIT>T</PI_MID_INIT>
<PI_SUFX_NAME/>
<PI_FULL_NAME>John T Fourkas</PI_FULL_NAME>
<EmailAddress><![CDATA[fourkas@umd.edu]]></EmailAddress>
<NSF_ID>000461819</NSF_ID>
<StartDate>07/27/2018</StartDate>
<EndDate/>
<RoleCode>Principal Investigator</RoleCode>
</Investigator>
<Institution>
<Name>University of Maryland, College Park</Name>
<CityName>COLLEGE PARK</CityName>
<ZipCode>207425100</ZipCode>
<PhoneNumber>3014056269</PhoneNumber>
<StreetAddress>3112 LEE BUILDING</StreetAddress>
<StreetAddress2/>
<CountryName>United States</CountryName>
<StateName>Maryland</StateName>
<StateCode>MD</StateCode>
<CONGRESSDISTRICT>04</CONGRESSDISTRICT>
<CONGRESS_DISTRICT_ORG>MD04</CONGRESS_DISTRICT_ORG>
<ORG_UEI_NUM>NPU8ULVAAS23</ORG_UEI_NUM>
<ORG_LGL_BUS_NAME>UNIVERSITY OF MARYLAND, COLLEGE PARK</ORG_LGL_BUS_NAME>
<ORG_PRNT_UEI_NUM>NPU8ULVAAS23</ORG_PRNT_UEI_NUM>
</Institution>
<Performance_Institution>
<Name><![CDATA[University of Maryland College Park]]></Name>
<CityName>College Park</CityName>
<StateCode>MD</StateCode>
<ZipCode>207425103</ZipCode>
<StreetAddress><![CDATA[8051 Regents Drive]]></StreetAddress>
<CountryCode>US</CountryCode>
<CountryName>United States</CountryName>
<StateName>Maryland</StateName>
<CountryFlag>1</CountryFlag>
<CONGRESSDISTRICT>04</CONGRESSDISTRICT>
<CONGRESS_DISTRICT_PERF>MD04</CONGRESS_DISTRICT_PERF>
</Performance_Institution>
<ProgramElement>
<Code>9101</Code>
<Text>Chem Struct,Dynmcs&amp;Mechansms A</Text>
</ProgramElement>
<ProgramReference>
<Code>7237</Code>
<Text>NANO NON-SOLIC SCI &amp; ENG AWD</Text>
</ProgramReference>
<ProgramReference>
<Code>8084</Code>
<Text>CDS&amp;E</Text>
</ProgramReference>
<ProgramReference>
<Code>9263</Code>
<Text>COMPUTATIONAL SCIENCE &amp; ENGING</Text>
</ProgramReference>
<Appropriation>
<Code>0118</Code>
<Name>NSF RESEARCH &amp; RELATED ACTIVIT</Name>
<APP_SYMB_ID>040100</APP_SYMB_ID>
</Appropriation>
<Fund>
<Code>01001819DB</Code>
<Name><![CDATA[NSF RESEARCH & RELATED ACTIVIT]]></Name>
<FUND_SYMB_ID>040100</FUND_SYMB_ID>
</Fund>
<FUND_OBLG>2018~477535</FUND_OBLG>
<POR>
<DRECONTENT><![CDATA[<div class="porColContainerWBG"> <div class="porContentCol"><p>Nonlinear optics is the study of light-driven responses that are not proportional to the intensity of the light. Nonlinear optical phenomena are important in a wide range of applications, such as advanced optical microscopies, optical data storage, 3D printing, telecommunications, optical computing, sensing, and energy harvesting. Part of the work on this project focused on nonlinear optical techniques that involve the absorption of multiple photons (a photon is the smallest unit, or quantum, of light of a given wavelength) in a single event. The characterization of the number of photons involved in such events is experimentally challenging, because the high intensities required using traditional methods can damage the samples being studied. We have developed a new class of techniques for measuring the number of photons involved in such processes accurately and without requiring high intensity. We developed detailed theory to show how this method can be applied even when two different types of absorption events are involved. Our method was used to study nonlinear absorption in semiconductors, and now has the sensitivity to study single nanostructures. We developed a detailed theory of another nonlinear optical phenomenon, triplet-triplet annihilation upconversion, that vastly simplifies the analysis of experimental data, and developed a new experimental approach the speeds up data collection by orders of magnitude. These advances will assist in the development of new technologies for light harvesting. We also performed simulations to gain a deeper understanding of the information that another nonlinear optical technique, vibrational sum-frequency-generation spectroscopy, provides regarding the interactions between molecules at surfaces. This work has direct relevance to improving the performance of lithium-ion batteries.</p><br> <p>            Last Modified: 10/02/2023<br>      Modified by: John&nbsp;T&nbsp;Fourkas</p> </div> <div class="porSideCol"></div> </div>]]></DRECONTENT>
<POR_COPY_TXT><![CDATA[ Nonlinear optics is the study of light-driven responses that are not proportional to the intensity of the light. Nonlinear optical phenomena are important in a wide range of applications, such as advanced optical microscopies, optical data storage, 3D printing, telecommunications, optical computing, sensing, and energy harvesting. Part of the work on this project focused on nonlinear optical techniques that involve the absorption of multiple photons (a photon is the smallest unit, or quantum, of light of a given wavelength) in a single event. The characterization of the number of photons involved in such events is experimentally challenging, because the high intensities required using traditional methods can damage the samples being studied. We have developed a new class of techniques for measuring the number of photons involved in such processes accurately and without requiring high intensity. We developed detailed theory to show how this method can be applied even when two different types of absorption events are involved. Our method was used to study nonlinear absorption in semiconductors, and now has the sensitivity to study single nanostructures. We developed a detailed theory of another nonlinear optical phenomenon, triplet-triplet annihilation upconversion, that vastly simplifies the analysis of experimental data, and developed a new experimental approach the speeds up data collection by orders of magnitude. These advances will assist in the development of new technologies for light harvesting. We also performed simulations to gain a deeper understanding of the information that another nonlinear optical technique, vibrational sum-frequency-generation spectroscopy, provides regarding the interactions between molecules at surfaces. This work has direct relevance to improving the performance of lithium-ion batteries.       Last Modified: 10/02/2023       Submitted by: John T Fourkas]]></POR_COPY_TXT>
</POR>
</Award>
</rootTag>
