<?xml version="1.0" encoding="UTF-8"?>
<rootTag>
<Award>
<AwardTitle><![CDATA[Skilled Technical Education &amp; Experiential Learning]]></AwardTitle>
<AGENCY>NSF</AGENCY>
<AwardEffectiveDate>10/01/2018</AwardEffectiveDate>
<AwardExpirationDate>09/30/2022</AwardExpirationDate>
<AwardTotalIntnAmount>219204.00</AwardTotalIntnAmount>
<AwardAmount>219204</AwardAmount>
<AwardInstrument>
<Value>Standard Grant</Value>
</AwardInstrument>
<Organization>
<Code>11040100</Code>
<Directorate>
<Abbreviation>EDU</Abbreviation>
<LongName>Directorate for STEM Education</LongName>
</Directorate>
<Division>
<Abbreviation>DUE</Abbreviation>
<LongName>Division Of Undergraduate Education</LongName>
</Division>
</Organization>
<ProgramOfficer>
<SignBlockName>Virginia Carter</SignBlockName>
<PO_EMAI>vccarter@nsf.gov</PO_EMAI>
<PO_PHON>7032924651</PO_PHON>
</ProgramOfficer>
<AbstractNarration><![CDATA[In January 2014, Georgia's governor announced the High Demand Career Initiative, which convened discussions between the private sector, Georgia's postsecondary stakeholders, and Georgia's Department of Economic Development to explore Georgia's future job needs.  From these discussions across the state, a renewed appreciation emerged of the critical need for a well-trained and educated workforce for industry growth and expansion. Because Albany Technical College (ATC) is one of the institutions responsible for educating Georgia's workforce, it is obligated to help plan and deliver educational programs that meet industry needs. This project will support changes to increase the effectiveness of the ATC Civil, Electrical and Computer, and Electromechanical Engineering Technology programs in educating highly skilled technical workers for industry.&lt;br/&gt;&lt;br/&gt;This project will address the growing demand for skilled technicians and a diversified labor force. As a Predominately Black Institution, ATC has the potential to increase the participation of individuals from a group that has been underrepresented in many technical workforce areas.  Working with industry partners, ATC aims to educate students who can meet the demands of these partners for highly skilled employees.  Industry will assist faculty in placing students in internships and in evaluating student projects. Project-Based Learning and paid internships will be integrated into three engineering technology programs: 1) Civil Engineering Technology; 2) Electrical and Computer Technology (Telecommunications); and 3) Electromechanical Engineering Technology. The internships will enable students to apply classroom knowledge to the hands-on experiences.  In addition, students will work on real-world projects early in their program of study.  This strategy is expected to foster a climate in which they can see and achieve the "end goal." The project will address the following goals: (1) Increase enrollment, retention, and placement rates for Civil, Telecommunications, and Electromechanical Engineering Technology programs and (2) Strengthen existing partnerships with local employers. The project will also be disseminated to the secondary school program, "Move On When Ready," and the ATC Engineering Prep Academy. Students in these programs will be supported to complete high school, continue their post-secondary education, and interact with local employers who will be looking to fill high demand technician positions.&lt;br/&gt;&lt;br/&gt;This award reflects NSF's statutory mission and has been deemed worthy of support through evaluation using the Foundation's intellectual merit and broader impacts review criteria.]]></AbstractNarration>
<MinAmdLetterDate>08/14/2018</MinAmdLetterDate>
<MaxAmdLetterDate>12/18/2018</MaxAmdLetterDate>
<ARRAAmount/>
<TRAN_TYPE>Grant</TRAN_TYPE>
<CFDA_NUM>47.076</CFDA_NUM>
<NSF_PAR_USE_FLAG>1</NSF_PAR_USE_FLAG>
<FUND_AGCY_CODE>4900</FUND_AGCY_CODE>
<AWDG_AGCY_CODE>4900</AWDG_AGCY_CODE>
<AwardID>1800885</AwardID>
<Investigator>
<FirstName>Joseph</FirstName>
<LastName>Ford</LastName>
<PI_MID_INIT/>
<PI_SUFX_NAME/>
<PI_FULL_NAME>Joseph Ford</PI_FULL_NAME>
<EmailAddress><![CDATA[jford@albanytech.edu]]></EmailAddress>
<NSF_ID>000681151</NSF_ID>
<StartDate>08/14/2018</StartDate>
<EndDate/>
<RoleCode>Co-Principal Investigator</RoleCode>
</Investigator>
<Investigator>
<FirstName>Chase</FirstName>
<LastName>Mumford</LastName>
<PI_MID_INIT/>
<PI_SUFX_NAME/>
<PI_FULL_NAME>Chase Mumford</PI_FULL_NAME>
<EmailAddress><![CDATA[cmumford@albanytech.edu]]></EmailAddress>
<NSF_ID>000718515</NSF_ID>
<StartDate>08/14/2018</StartDate>
<EndDate>11/26/2018</EndDate>
<RoleCode>Former Principal Investigator</RoleCode>
</Investigator>
<Investigator>
<FirstName>Jason</FirstName>
<LastName>Beaver</LastName>
<PI_MID_INIT/>
<PI_SUFX_NAME/>
<PI_FULL_NAME>Jason Beaver</PI_FULL_NAME>
<EmailAddress><![CDATA[jbeaver@albanytech.edu]]></EmailAddress>
<NSF_ID>000758100</NSF_ID>
<StartDate>08/14/2018</StartDate>
<EndDate>12/18/2018</EndDate>
<RoleCode>Former Co-Principal Investigator</RoleCode>
</Investigator>
<Investigator>
<FirstName>LaQuata</FirstName>
<LastName>Sumter</LastName>
<PI_MID_INIT/>
<PI_SUFX_NAME/>
<PI_FULL_NAME>LaQuata Sumter</PI_FULL_NAME>
<EmailAddress><![CDATA[lsumter@albanytech.edu]]></EmailAddress>
<NSF_ID>000791233</NSF_ID>
<StartDate>11/26/2018</StartDate>
<EndDate/>
<RoleCode>Principal Investigator</RoleCode>
</Investigator>
<Investigator>
<FirstName>Chakea</FirstName>
<LastName>Robinson-Shaw</LastName>
<PI_MID_INIT>L</PI_MID_INIT>
<PI_SUFX_NAME/>
<PI_FULL_NAME>Chakea L Robinson-Shaw</PI_FULL_NAME>
<EmailAddress><![CDATA[cshaw@albanytech.edu]]></EmailAddress>
<NSF_ID>000791368</NSF_ID>
<StartDate>12/18/2018</StartDate>
<EndDate/>
<RoleCode>Co-Principal Investigator</RoleCode>
</Investigator>
<Institution>
<Name>Albany Technical College</Name>
<CityName>ALBANY</CityName>
<ZipCode>317013587</ZipCode>
<PhoneNumber>2294303693</PhoneNumber>
<StreetAddress>1704 S SLAPPEY BLVD</StreetAddress>
<StreetAddress2/>
<CountryName>United States</CountryName>
<StateName>Georgia</StateName>
<StateCode>GA</StateCode>
<CONGRESSDISTRICT>02</CONGRESSDISTRICT>
<CONGRESS_DISTRICT_ORG>GA02</CONGRESS_DISTRICT_ORG>
<ORG_UEI_NUM>F2Q4UX11U7K3</ORG_UEI_NUM>
<ORG_LGL_BUS_NAME>ALBANY TECHNICAL COLLEGE</ORG_LGL_BUS_NAME>
<ORG_PRNT_UEI_NUM/>
</Institution>
<Performance_Institution>
<Name><![CDATA[Albany Technical College]]></Name>
<CityName>Albany</CityName>
<StateCode>GA</StateCode>
<ZipCode>317013587</ZipCode>
<StreetAddress><![CDATA[1704 S. Slappey Blvd.]]></StreetAddress>
<CountryCode>US</CountryCode>
<CountryName>United States</CountryName>
<StateName>Georgia</StateName>
<CountryFlag>1</CountryFlag>
<CONGRESSDISTRICT>02</CONGRESSDISTRICT>
<CONGRESS_DISTRICT_PERF>GA02</CONGRESS_DISTRICT_PERF>
</Performance_Institution>
<ProgramElement>
<Code>7412</Code>
<Text>Advanced Tech Education Prog</Text>
</ProgramElement>
<ProgramReference>
<Code>1032</Code>
<Text>ADVANCED TECHNOLOGY EDUCATION</Text>
</ProgramReference>
<ProgramReference>
<Code>9178</Code>
<Text>UNDERGRADUATE EDUCATION</Text>
</ProgramReference>
<ProgramReference>
<Code>SMET</Code>
<Text>SCIENCE, MATH, ENG &amp; TECH EDUCATION</Text>
</ProgramReference>
<Appropriation>
<Code>0418</Code>
<Name>NSF Education &amp; Human Resource</Name>
<APP_SYMB_ID>040106</APP_SYMB_ID>
</Appropriation>
<Fund>
<Code>04001819DB</Code>
<Name><![CDATA[NSF Education & Human Resource]]></Name>
<FUND_SYMB_ID>040106</FUND_SYMB_ID>
</Fund>
<FUND_OBLG>2018~219204</FUND_OBLG>
<POR>
<DRECONTENT><![CDATA[<div class="porColContainerWBG"> <div class="porContentCol"><p class="p1">The outcome of the Skilled Technical Education &amp; Experiential Learning- STEEL project was to increase in enrollment, retention, and placement rates in the Civil Engineering Technology, Electrical and Computer Engineering Technology (Telecommunications), and Electromechanical Engineering Technology programs. Achieving this through incorporating Project-Based Learning (PBL) into the curriculum and paid internships with local employers. The real-world scenarios and hands-on learning opportunities build students' confidence and give them practical experience in solving technical problems. The project aims to develop standards for implementing PBL. The end goal was to prepare students for successful careers in the workforce. The project aimed to increase the representation of African American students in these programs.</p> <p class="p2">&nbsp;</p> <p class="p1">Through the PBL approach, students demonstrated an understanding of fundamental engineering concepts and principles and an ability to use engineering graphics software to create technical drawings and designs. These skills, along with their ability to work effectively in teams and communicate technical information clearly, are essential for success in the field of engineering. Furthermore, the project-based learning activities provided students real-world experience and increased their engagement in engineering concepts. This approach inspired and motivated students to pursue careers in engineering, contributing to developing a well-trained and diverse engineering workforce. Overall, the project-based learning approach effectively supported student learning and the development of essential skills in engineering.</p> <p class="p2">&nbsp;</p> <p class="p1">Due to the COVID-19 restrictions, we could not obtain outside internships for our students, so we hired students internally as Lab Assistants who supported our Engineering Labs and assisted with the Mobile STEM Lab. The Mobile STEM lab aims to expose current and prospective students to the different facets of engineering technology by providing instruction and demonstrating the usage of engineering-associated equipment and tools. The lab enables the college to provide students with information on engineering fields based on the lab's resources and provides ATC the opportunity to offer instructional engineering classes within the mobile lab. This opportunity gave our current students hands-on experience educating potential students and community leaders about engineering through project-based experiments.<span>&nbsp;</span></p> <p class="p2">&nbsp;</p> <p class="p1">Overall, we were successful in building new project-based learning courses, recruiting new students through the Mobile STEM Lab, and giving our students hands-on experience that they can use to obtain employment.<span>&nbsp;</span></p><br> <p>            Last Modified: 01/29/2023<br>      Modified by: Laquata&nbsp;Sumter</p> </div> <div class="porSideCol"> <div class="each-gallery"> <div class="galContent" id="gallery0"> <div class="photoCount" id="photoCount0">          Images (<span id="selectedPhoto0">1</span> of <span class="totalNumber"></span>)           </div> <div class="galControls" id="controls0"></div> <div class="galSlideshow" id="slideshow0"></div> <div class="galEmbox" id="embox"> <div class="image-title"></div> </div> </div> <div class="galNavigation" id="navigation0"> <ul class="thumbs" id="thumbs0"> <li> <a href="/por/images/Reports/POR/2023/1800885/1800885_10570611_1675036494369_LeadershipAlbany5--rgov-214x142.jpg" original="/por/images/Reports/POR/2023/1800885/1800885_10570611_1675036494369_LeadershipAlbany5--rgov-800width.jpg" title="Community Partners"><img src="/por/images/Reports/POR/2023/1800885/1800885_10570611_1675036494369_LeadershipAlbany5--rgov-66x44.jpg" alt="Community Partners"></a> <div class="imageCaptionContainer"> <div class="imageCaption">Introducing Drone Technology to Albany Community Partners. Leaders got hands on experience.</div> <div class="imageCredit">Dr. La'Quata Sumter</div> <div class="imagePermisssions">Copyrighted</div> <div class="imageSubmitted">Laquata&nbsp;Sumter</div> <div class="imageTitle">Community Partners</div> </div> </li> <li> <a href="/por/images/Reports/POR/2023/1800885/1800885_10570611_1675040394304_IMG_5323--rgov-214x142.jpg" original="/por/images/Reports/POR/2023/1800885/1800885_10570611_1675040394304_IMG_5323--rgov-800width.jpg" title="Student Lab Assistances"><img src="/por/images/Reports/POR/2023/1800885/1800885_10570611_1675040394304_IMG_5323--rgov-66x44.jpg" alt="Student Lab Assistances"></a> <div class="imageCaptionContainer"> <div class="imageCaption">Mobile STEM lab on tour at local school with Student Lab Assistances helping with hands on electronics lab.</div> <div class="imageCredit">Dr. La'Quata Sumter</div> <div class="imagePermisssions">Copyrighted</div> <div class="imageSubmitted">Laquata&nbsp;Sumter</div> <div class="imageTitle">Student Lab Assistances</div> </div> </li> <li> <a href="/por/images/Reports/POR/2023/1800885/1800885_10570611_1675040511544_IMG_5325--rgov-214x142.jpg" original="/por/images/Reports/POR/2023/1800885/1800885_10570611_1675040511544_IMG_5325--rgov-800width.jpg" title="Community Parents Touring"><img src="/por/images/Reports/POR/2023/1800885/1800885_10570611_1675040511544_IMG_5325--rgov-66x44.jpg" alt="Community Parents Touring"></a> <div class="imageCaptionContainer"> <div class="imageCaption">Community Parents Touring the Mobile STEM Lab</div> <div class="imageCredit">Dr. La'Quata Sumter</div> <div class="imagePermisssions">Copyrighted</div> <div class="imageSubmitted">Laquata&nbsp;Sumter</div> <div class="imageTitle">Community Parents Touring</div> </div> </li> <li> <a href="/por/images/Reports/POR/2023/1800885/1800885_10570611_1675040651099_ScreenShot2023-01-29at8.03.07PM--rgov-214x142.jpg" original="/por/images/Reports/POR/2023/1800885/1800885_10570611_1675040651099_ScreenShot2023-01-29at8.03.07PM--rgov-800width.jpg" title="Student completing lab"><img src="/por/images/Reports/POR/2023/1800885/1800885_10570611_1675040651099_ScreenShot2023-01-29at8.03.07PM--rgov-66x44.jpg" alt="Student completing lab"></a> <div class="imageCaptionContainer"> <div class="imageCaption">Engineering student completing project based lab assistment.</div> <div class="imageCredit">Dr. La'Quata Sumter</div> <div class="imagePermisssions">Copyrighted</div> <div class="imageSubmitted">Laquata&nbsp;Sumter</div> <div class="imageTitle">Student completing lab</div> </div> </li> <li> <a href="/por/images/Reports/POR/2023/1800885/1800885_10570611_1675042473288_IMG_5324--rgov-214x142.jpg" original="/por/images/Reports/POR/2023/1800885/1800885_10570611_1675042473288_IMG_5324--rgov-800width.jpg" title="Student completing PBL"><img src="/por/images/Reports/POR/2023/1800885/1800885_10570611_1675042473288_IMG_5324--rgov-66x44.jpg" alt="Student completing PBL"></a> <div class="imageCaptionContainer"> <div class="imageCaption">Student completing PBL lab in Mobile STEM Lab</div> <div class="imageCredit">Dr. La'Quata Sumter</div> <div class="imagePermisssions">Copyrighted</div> <div class="imageSubmitted">Laquata&nbsp;Sumter</div> <div class="imageTitle">Student completing PBL</div> </div> </li> </ul> </div> </div> </div> </div>]]></DRECONTENT>
<POR_COPY_TXT><![CDATA[The outcome of the Skilled Technical Education &amp; Experiential Learning- STEEL project was to increase in enrollment, retention, and placement rates in the Civil Engineering Technology, Electrical and Computer Engineering Technology (Telecommunications), and Electromechanical Engineering Technology programs. Achieving this through incorporating Project-Based Learning (PBL) into the curriculum and paid internships with local employers. The real-world scenarios and hands-on learning opportunities build students' confidence and give them practical experience in solving technical problems. The project aims to develop standards for implementing PBL. The end goal was to prepare students for successful careers in the workforce. The project aimed to increase the representation of African American students in these programs.   Through the PBL approach, students demonstrated an understanding of fundamental engineering concepts and principles and an ability to use engineering graphics software to create technical drawings and designs. These skills, along with their ability to work effectively in teams and communicate technical information clearly, are essential for success in the field of engineering. Furthermore, the project-based learning activities provided students real-world experience and increased their engagement in engineering concepts. This approach inspired and motivated students to pursue careers in engineering, contributing to developing a well-trained and diverse engineering workforce. Overall, the project-based learning approach effectively supported student learning and the development of essential skills in engineering.   Due to the COVID-19 restrictions, we could not obtain outside internships for our students, so we hired students internally as Lab Assistants who supported our Engineering Labs and assisted with the Mobile STEM Lab. The Mobile STEM lab aims to expose current and prospective students to the different facets of engineering technology by providing instruction and demonstrating the usage of engineering-associated equipment and tools. The lab enables the college to provide students with information on engineering fields based on the lab's resources and provides ATC the opportunity to offer instructional engineering classes within the mobile lab. This opportunity gave our current students hands-on experience educating potential students and community leaders about engineering through project-based experiments.    Overall, we were successful in building new project-based learning courses, recruiting new students through the Mobile STEM Lab, and giving our students hands-on experience that they can use to obtain employment.        Last Modified: 01/29/2023       Submitted by: Laquata Sumter]]></POR_COPY_TXT>
</POR>
</Award>
</rootTag>
