<?xml version="1.0" encoding="UTF-8"?>
<rootTag>
<Award>
<AwardTitle><![CDATA[Synthesis and Mechanistic Studies of Active Site Analogues of Carbon Monoxide Dehydrogenase and Nitrous Oxide Reductase]]></AwardTitle>
<AGENCY>NSF</AGENCY>
<AwardEffectiveDate>08/01/2018</AwardEffectiveDate>
<AwardExpirationDate>07/31/2022</AwardExpirationDate>
<AwardTotalIntnAmount>401639.00</AwardTotalIntnAmount>
<AwardAmount>401639</AwardAmount>
<AwardInstrument>
<Value>Standard Grant</Value>
</AwardInstrument>
<Organization>
<Code>03090000</Code>
<Directorate>
<Abbreviation>MPS</Abbreviation>
<LongName>Direct For Mathematical &amp; Physical Scien</LongName>
</Directorate>
<Division>
<Abbreviation>CHE</Abbreviation>
<LongName>Division Of Chemistry</LongName>
</Division>
</Organization>
<ProgramOfficer>
<SignBlockName>John Gilje</SignBlockName>
<PO_EMAI>jwgilje@nsf.gov</PO_EMAI>
<PO_PHON>7032928840</PO_PHON>
</ProgramOfficer>
<AbstractNarration><![CDATA[The conversion of carbon dioxide to carbon monoxide and the reverse conversion of carbon monoxide to carbon dioxide are extremely important industrial processes that require considerable energy. Additionally, nitrous oxide is one of the oxides of nitrogen that contribute to air pollution and smog. Its conversion to innocuous nitrogen gas has environmental importance. There are naturally occurring substances, carbon monoxide reductase (CODH) and nitrous oxide reductase (N2O reductase), that can perform both of these transformations quickly and in an energy efficient manner. In both of these the chemical transformations occur at a copper atom that is surrounded by several sulfur containing groups. Since these biological systems are very efficient, Dr. James P. Donahue, Chemistry Department of Tulane University, with the support of the Chemical Synthesis Program of the Chemistry Division, is preparing small copper/sulfur compounds that mimic the copper sites in CODH and N2O reductase. These compounds are designed to function like CODH and N2O reductase and provide new more economical ways to perform the reactions mentioned above. As a part of the project undergraduate and graduate students are trained to enter the science and technology workforce. In addition, collaborations are established with nearby, often minority serving institutions, to provide access to instrumental facilities and to provide summer research opportunities for undergraduate students from colleges where research opportunities are minimal or nonexistent.&lt;br/&gt;&lt;br/&gt;This project targets the synthesis of small molecule analogues of the active sites of two copper-containing enzymes: CODH and N2O reductase. These metalloenzymes mediate the two electron oxidation of carbon monoxide to carbon dioxide and the two electron reduction of nitrous oxide to dinitrogen, respectively. Heterodimetallic Mo-Cu compounds with bridging carbonyl and sulfido ligands are prepared as analogues of intermediates in the catalytic cycle of CODH. This portion of the study first involves an investigation of the of CO binding to two-coordinate Cu(I) bis(thiolate) complexes. This resembles the first step of the CO oxidation pathway in CODH. The resulting three coordinate adducts are converted into the Mo-Cu compounds that resemble the active site in CODH. In connection with N2O reductase, various bis(amino) bis(thiolate) ligands are prepared and examined for their ability to support the formation of multi-copper complexes of compositional relevance to the catalytic site of N2O reductase. Variation in the steric bulkiness of the ligands and variation in the hardness of the donor atom set are probed for their effect upon the aggregation of the multicopper clusters. This work provides a breadth of experience to undergraduate and graduate students, who will be trained in synthesis and characterization methods including crystallography spectroscopy, electrochemistry, and computations. Summer students from New Orleans area institution that offer few undergraduate research opportunities are involved and these institutions, which are often minority serving, are provided access to the PI's crystallographic facility.&lt;br/&gt;&lt;br/&gt;This award reflects NSF's statutory mission and has been deemed worthy of support through evaluation using the Foundation's intellectual merit and broader impacts review criteria.]]></AbstractNarration>
<MinAmdLetterDate>07/27/2018</MinAmdLetterDate>
<MaxAmdLetterDate>07/27/2018</MaxAmdLetterDate>
<ARRAAmount/>
<TRAN_TYPE>Grant</TRAN_TYPE>
<CFDA_NUM>47.049</CFDA_NUM>
<NSF_PAR_USE_FLAG>1</NSF_PAR_USE_FLAG>
<FUND_AGCY_CODE>4900</FUND_AGCY_CODE>
<AWDG_AGCY_CODE>4900</AWDG_AGCY_CODE>
<AwardID>1800520</AwardID>
<Investigator>
<FirstName>James</FirstName>
<LastName>Donahue</LastName>
<PI_MID_INIT>P</PI_MID_INIT>
<PI_SUFX_NAME/>
<PI_FULL_NAME>James P Donahue</PI_FULL_NAME>
<EmailAddress><![CDATA[donahue@tulane.edu]]></EmailAddress>
<NSF_ID>000291967</NSF_ID>
<StartDate>07/27/2018</StartDate>
<EndDate/>
<RoleCode>Principal Investigator</RoleCode>
</Investigator>
<Institution>
<Name><![CDATA[Tulane University]]></Name>
<CityName>NEW ORLEANS</CityName>
<ZipCode>701185665</ZipCode>
<PhoneNumber>5048654000</PhoneNumber>
<StreetAddress><![CDATA[6823 SAINT CHARLES AVE]]></StreetAddress>
<StreetAddress2/>
<CountryName>United States</CountryName>
<StateName>Louisiana</StateName>
<StateCode>LA</StateCode>
<CONGRESSDISTRICT>01</CONGRESSDISTRICT>
<CONGRESS_DISTRICT_ORG>LA01</CONGRESS_DISTRICT_ORG>
<ORG_UEI_NUM>XNY5ULPU8EN6</ORG_UEI_NUM>
<ORG_LGL_BUS_NAME>ADMINISTRATORS OF THE TULANE EDUCATIONAL FUND, THE</ORG_LGL_BUS_NAME>
<ORG_PRNT_UEI_NUM>XNY5ULPU8EN6</ORG_PRNT_UEI_NUM>
</Institution>
<Performance_Institution>
<Name><![CDATA[Tulane University]]></Name>
<CityName>New Orleans</CityName>
<StateCode>LA</StateCode>
<ZipCode>701185698</ZipCode>
<StreetAddress><![CDATA[6400 Freret Street]]></StreetAddress>
<CountryCode>US</CountryCode>
<CountryName>United States</CountryName>
<StateName>Louisiana</StateName>
<CountryFlag>1</CountryFlag>
<CONGRESSDISTRICT>01</CONGRESSDISTRICT>
<CONGRESS_DISTRICT_PERF>LA01</CONGRESS_DISTRICT_PERF>
</Performance_Institution>
<ProgramElement>
<Code>6878</Code>
<Text>Chemical Synthesis</Text>
</ProgramElement>
<ProgramReference>
<Code>8396</Code>
<Text>Clean Energy Technology</Text>
</ProgramReference>
<ProgramReference>
<Code>8398</Code>
<Text>Hydrocarbon Conversion</Text>
</ProgramReference>
<ProgramReference>
<Code>9150</Code>
<Text>EXP PROG TO STIM COMP RES</Text>
</ProgramReference>
<Appropriation>
<Code>0118</Code>
<Name>NSF RESEARCH &amp; RELATED ACTIVIT</Name>
<APP_SYMB_ID>040100</APP_SYMB_ID>
</Appropriation>
<Fund>
<Code>01001819DB</Code>
<Name><![CDATA[NSF RESEARCH & RELATED ACTIVIT]]></Name>
<FUND_SYMB_ID>040100</FUND_SYMB_ID>
</Fund>
<FUND_OBLG>2018~401639</FUND_OBLG>
<POR>
<DRECONTENT><![CDATA[<div class="porColContainerWBG"> <div class="porContentCol"><p>&nbsp; &nbsp;A leading goal in this project was observing and measuring the strength of binding of CO(<em>g</em>) to copper in simple, mononuclear [Cu<sup>I</sup>(S-R)<sub>2</sub>]<sup>1-</sup> complexes (R = mesityl or triptycyl). This reaction was targeted as a model for CO(<em>g</em>) binding in the molybdenum-copper carbon monoxide dehydrogenase (CODH) metalloenzyme, which is the first step in catalyzed CO-to-CO<sub>2</sub> oxidation. No clear spectroscopic evidence of CO(g) binding was observed. This observation has suggested that more electron-rich&nbsp;[Cu<sup>I</sup>(S-R)<sub>3</sub>]<sup>2-</sup>&nbsp;complexes should be investigated for CO(<em>g</em>) binding.</p> <p>&nbsp; A project obective that was also related to CODH was the synthesis of heterodimetallic Mo-S-Cu complexes. This linear, 3-atom connection is at the core of the catalytic site in its resting state. With sulfide, Mo and Cu are highly prone to formation of multimetal clusters, so efforts focused on coupling of separate Mo and Cu fragments that have either coordinative saturation or bulky ligands that discourage unwanted aggregation. In one case, a Mo-O-Cu weakly bridged complex was formed via a terminal oxide ligand on Mo, but definitive proof/chracterization of targted Mo-S-Cu bridged species has been elusive.</p> <p>&nbsp; &nbsp;Another goal in this project was an assessment of fully reduced Cu<sup>I</sup><sub>4</sub>&nbsp;complexes with multidentate diamino bis(thiolate) supporting ligands (L-N<sub>2</sub>S<sub>2</sub>) as entry points toward analogues of the catalytic site of of nitrous oxide reductase. Understanding fundamental chemistry pertinent to nitrous oxide reductase is important because N<sub>2</sub>O is a pernicious greenhouse gas that is accumulating in the atmosphere. All cuprous complexes of the form [Cu(L-N<sub>2</sub>S<sub>2</sub>)]<sub>2</sub>(Cu<sub>2</sub>) do not react with sulfur atom donors to afford a Cu<sup>I</sup><sub>2</sub>Cu<sup>II</sup><sub>2</sub>(S) core structure like that found at the active site of N<sub>2</sub>O reductase, but they do oxidatively add chlorine from chlorine atom donors (<strong>Figure 1</strong>). A variety of new, fully reduced and mixed-valent multicopper compounds have been found in this project. In these complexes, the incorporation of sufide by sulfur atom oxidative addition seems to be thwarted by a need for the clusters to undergo significant structural change. One lesson drawn from our observations is that a ligand environment of imidazole nitrogen donors, similar to that in the catalytic site, may be essential for eliciting biomimetic reactivity.</p><br> <p>            Last Modified: 11/25/2022<br>      Modified by: James&nbsp;P&nbsp;Donahue</p> </div> <div class="porSideCol"> <div class="each-gallery"> <div class="galContent" id="gallery0"> <div class="photoCount" id="photoCount0">          Image         </div> <div class="galControls onePhoto" id="controls0"></div> <div class="galSlideshow" id="slideshow0"></div> <div class="galEmbox" id="embox"> <div class="image-title"></div> </div> </div> <div class="galNavigation onePhoto" id="navigation0"> <ul class="thumbs" id="thumbs0"> <li> <a href="/por/images/Reports/POR/2022/1800520/1800520_10562215_1669409331521_FinalOutcomesReport-Figure1--rgov-214x142.jpg" original="/por/images/Reports/POR/2022/1800520/1800520_10562215_1669409331521_FinalOutcomesReport-Figure1--rgov-800width.jpg" title="Figure 1"><img src="/por/images/Reports/POR/2022/1800520/1800520_10562215_1669409331521_FinalOutcomesReport-Figure1--rgov-66x44.jpg" alt="Figure 1"></a> <div class="imageCaptionContainer"> <div class="imageCaption">Cu(I)4 clusters do not react with sulfur atom donors to form Cu(I)2Cu(II)2(S) species (top right), but they do react with chlorine atom donors to form mixed-valent chloride species (bottom right).</div> <div class="imageCredit">James P. Donahue</div> <div class="imagePermisssions">Copyrighted</div> <div class="imageSubmitted">James&nbsp;P&nbsp;Donahue</div> <div class="imageTitle">Figure 1</div> </div> </li> </ul> </div> </div> </div> </div>]]></DRECONTENT>
<POR_COPY_TXT><![CDATA[    A leading goal in this project was observing and measuring the strength of binding of CO(g) to copper in simple, mononuclear [CuI(S-R)2]1- complexes (R = mesityl or triptycyl). This reaction was targeted as a model for CO(g) binding in the molybdenum-copper carbon monoxide dehydrogenase (CODH) metalloenzyme, which is the first step in catalyzed CO-to-CO2 oxidation. No clear spectroscopic evidence of CO(g) binding was observed. This observation has suggested that more electron-rich [CuI(S-R)3]2- complexes should be investigated for CO(g) binding.    A project obective that was also related to CODH was the synthesis of heterodimetallic Mo-S-Cu complexes. This linear, 3-atom connection is at the core of the catalytic site in its resting state. With sulfide, Mo and Cu are highly prone to formation of multimetal clusters, so efforts focused on coupling of separate Mo and Cu fragments that have either coordinative saturation or bulky ligands that discourage unwanted aggregation. In one case, a Mo-O-Cu weakly bridged complex was formed via a terminal oxide ligand on Mo, but definitive proof/chracterization of targted Mo-S-Cu bridged species has been elusive.     Another goal in this project was an assessment of fully reduced CuI4 complexes with multidentate diamino bis(thiolate) supporting ligands (L-N2S2) as entry points toward analogues of the catalytic site of of nitrous oxide reductase. Understanding fundamental chemistry pertinent to nitrous oxide reductase is important because N2O is a pernicious greenhouse gas that is accumulating in the atmosphere. All cuprous complexes of the form [Cu(L-N2S2)]2(Cu2) do not react with sulfur atom donors to afford a CuI2CuII2(S) core structure like that found at the active site of N2O reductase, but they do oxidatively add chlorine from chlorine atom donors (Figure 1). A variety of new, fully reduced and mixed-valent multicopper compounds have been found in this project. In these complexes, the incorporation of sufide by sulfur atom oxidative addition seems to be thwarted by a need for the clusters to undergo significant structural change. One lesson drawn from our observations is that a ligand environment of imidazole nitrogen donors, similar to that in the catalytic site, may be essential for eliciting biomimetic reactivity.       Last Modified: 11/25/2022       Submitted by: James P Donahue]]></POR_COPY_TXT>
</POR>
</Award>
</rootTag>
