<?xml version="1.0" encoding="UTF-8"?>
<rootTag>
<Award>
<AwardTitle><![CDATA[Model Theory and Combinatorial Geometry, Algebraic and O-Minimal Flows.]]></AwardTitle>
<AGENCY>NSF</AGENCY>
<AwardEffectiveDate>11/01/2018</AwardEffectiveDate>
<AwardExpirationDate>10/31/2023</AwardExpirationDate>
<AwardTotalIntnAmount>180000.00</AwardTotalIntnAmount>
<AwardAmount>180000</AwardAmount>
<AwardInstrument>
<Value>Continuing Grant</Value>
</AwardInstrument>
<Organization>
<Code>03040000</Code>
<Directorate>
<Abbreviation>MPS</Abbreviation>
<LongName>Direct For Mathematical &amp; Physical Scien</LongName>
</Directorate>
<Division>
<Abbreviation>DMS</Abbreviation>
<LongName>Division Of Mathematical Sciences</LongName>
</Division>
</Organization>
<ProgramOfficer>
<SignBlockName>Tomek Bartoszynski</SignBlockName>
<PO_EMAI>tbartosz@nsf.gov</PO_EMAI>
<PO_PHON>7032924885</PO_PHON>
</ProgramOfficer>
<AbstractNarration><![CDATA[Model theory, a branch of mathematical logic, studies general properties of mathematical structures.  Work in model theory often answers questions in other areas of mathematics. In the recent years there have been exciting new developments in applications of model theory to combinatorics, analysis and algebra. This project advances research on definable topological groups, their actions on compact manifolds and equidistribution related problems. The project also addresses combinatorial questions in the context of not-independence-property (NIP) relations.&lt;br/&gt;&lt;br/&gt;This project builds upon the investigator's previous work on definable group actions and combinatorial properties of theories without independence properties. The research undertakes a systematic study of orbit closures for topological groups actions and extremal combinatorics in the not-independence-property (NIP) setting. More specifically, the project studies extremal combinatorics in NIP theories, e.g. densities of graphs definable whose edge relation has  NIP. The project will also investigate Elekes-Ronayai problem for hypergraphs definable in o-minimal and strongly minimal theories.&lt;br/&gt;&lt;br/&gt;This award reflects NSF's statutory mission and has been deemed worthy of support through evaluation using the Foundation's intellectual merit and broader impacts review criteria.]]></AbstractNarration>
<MinAmdLetterDate>10/23/2018</MinAmdLetterDate>
<MaxAmdLetterDate>04/12/2022</MaxAmdLetterDate>
<ARRAAmount/>
<TRAN_TYPE>Grant</TRAN_TYPE>
<CFDA_NUM>47.049</CFDA_NUM>
<NSF_PAR_USE_FLAG>1</NSF_PAR_USE_FLAG>
<FUND_AGCY_CODE>4900</FUND_AGCY_CODE>
<AWDG_AGCY_CODE>4900</AWDG_AGCY_CODE>
<AwardID>1800806</AwardID>
<Investigator>
<FirstName>Sergei</FirstName>
<LastName>Starchenko</LastName>
<PI_MID_INIT/>
<PI_SUFX_NAME/>
<PI_FULL_NAME>Sergei Starchenko</PI_FULL_NAME>
<EmailAddress><![CDATA[sstarche@nd.edu]]></EmailAddress>
<NSF_ID>000311095</NSF_ID>
<StartDate>10/23/2018</StartDate>
<EndDate/>
<RoleCode>Principal Investigator</RoleCode>
</Investigator>
<Institution>
<Name><![CDATA[University of Notre Dame]]></Name>
<CityName>NOTRE DAME</CityName>
<ZipCode>465565708</ZipCode>
<PhoneNumber>5746317432</PhoneNumber>
<StreetAddress><![CDATA[940 Grace Hall]]></StreetAddress>
<StreetAddress2/>
<CountryName>United States</CountryName>
<StateName>Indiana</StateName>
<StateCode>IN</StateCode>
<CONGRESSDISTRICT>02</CONGRESSDISTRICT>
<CONGRESS_DISTRICT_ORG>IN02</CONGRESS_DISTRICT_ORG>
<ORG_UEI_NUM>FPU6XGFXMBE9</ORG_UEI_NUM>
<ORG_LGL_BUS_NAME>UNIVERSITY OF NOTRE DAME DU LAC</ORG_LGL_BUS_NAME>
<ORG_PRNT_UEI_NUM>KKBMKNFZ5PJ4</ORG_PRNT_UEI_NUM>
</Institution>
<Performance_Institution>
<Name><![CDATA[University of Notre Dame]]></Name>
<CityName>Notre Dame</CityName>
<StateCode>IN</StateCode>
<ZipCode>465565708</ZipCode>
<StreetAddress><![CDATA[940 Grace Hall]]></StreetAddress>
<CountryCode>US</CountryCode>
<CountryName>United States</CountryName>
<StateName>Indiana</StateName>
<CountryFlag>1</CountryFlag>
<CONGRESSDISTRICT>02</CONGRESSDISTRICT>
<CONGRESS_DISTRICT_PERF>IN02</CONGRESS_DISTRICT_PERF>
</Performance_Institution>
<ProgramElement>
<Code>1268</Code>
<Text>FOUNDATIONS</Text>
</ProgramElement>
<Appropriation>
<Code>0119</Code>
<Name>NSF RESEARCH &amp; RELATED ACTIVIT</Name>
<APP_SYMB_ID>040100</APP_SYMB_ID>
</Appropriation>
<Appropriation>
<Code>0120</Code>
<Name>NSF RESEARCH &amp; RELATED ACTIVIT</Name>
<APP_SYMB_ID>040100</APP_SYMB_ID>
</Appropriation>
<Appropriation>
<Code>0122</Code>
<Name>NSF RESEARCH &amp; RELATED ACTIVIT</Name>
<APP_SYMB_ID>040100</APP_SYMB_ID>
</Appropriation>
<Fund>
<Code>01001920DB</Code>
<Name><![CDATA[NSF RESEARCH & RELATED ACTIVIT]]></Name>
<FUND_SYMB_ID>040100</FUND_SYMB_ID>
</Fund>
<Fund>
<Code>01002021DB</Code>
<Name><![CDATA[NSF RESEARCH & RELATED ACTIVIT]]></Name>
<FUND_SYMB_ID>040100</FUND_SYMB_ID>
</Fund>
<Fund>
<Code>01002223DB</Code>
<Name><![CDATA[NSF RESEARCH & RELATED ACTIVIT]]></Name>
<FUND_SYMB_ID>040100</FUND_SYMB_ID>
</Fund>
<FUND_OBLG>2019~60204</FUND_OBLG>
<FUND_OBLG>2020~59898</FUND_OBLG>
<FUND_OBLG>2022~59898</FUND_OBLG>
</Award>
</rootTag>
