<?xml version="1.0" encoding="UTF-8"?>
<rootTag>
<Award>
<AwardTitle><![CDATA[Guitar, Robotics, and Rocketry Projects to Enhance Advanced Technological Education]]></AwardTitle>
<AGENCY>NSF</AGENCY>
<AwardEffectiveDate>07/01/2018</AwardEffectiveDate>
<AwardExpirationDate>06/30/2023</AwardExpirationDate>
<AwardTotalIntnAmount>467713.00</AwardTotalIntnAmount>
<AwardAmount>467713</AwardAmount>
<AwardInstrument>
<Value>Standard Grant</Value>
</AwardInstrument>
<Organization>
<Code>11040100</Code>
<Directorate>
<Abbreviation>EDU</Abbreviation>
<LongName>Directorate for STEM Education</LongName>
</Directorate>
<Division>
<Abbreviation>DUE</Abbreviation>
<LongName>Division Of Undergraduate Education</LongName>
</Division>
</Organization>
<ProgramOfficer>
<SignBlockName>Christine Delahanty</SignBlockName>
<PO_EMAI>cdelahan@nsf.gov</PO_EMAI>
<PO_PHON>7032928492</PO_PHON>
</ProgramOfficer>
<AbstractNarration><![CDATA[Increasing the workforce in STEM fields is important for the nation's global competitiveness. Industries in the rural communities served by Santa Fe College in Florida have increasing demand for highly-skilled and effective technicians. To address this need, Santa Fe College will develop educational resources to promote participation in STEM disciplines and awareness of career possibilities in STEM by providing unique experiences for students. The project will design a single multidisciplinary course to engage students in the scientific methods used for research and analysis. Three different versions of the course will be developed to include a hands-on project focused on either guitar building, rocketry, or robotics. The math, technology, and science skills will be woven throughout these student projects. The courses will be offered to students at three rural educational centers. These students include those who are transitioning from secondary to postsecondary education and first-time college students. Many students in these populations are unfamiliar with STEM technician jobs.  The project aims to enhance student abilities and promote interest in career opportunities that will help strengthen the nation's STEM technician workforce.&lt;br/&gt;&lt;br/&gt;The objectives of this project will be to: 1) create and implement a project-based Research and Analysis course with three experiential learning project options: guitar building, robotics, and rocketry; 2) provide faculty professional development to ensure consistent implementation of the pedagogy at three rural educational centers; 3) engage a minimum of three local businesses in development and implementation of career exploration presentations and/or videos; and 4) evaluate the change in STEM career attitudes and intentions of program participants through a pre- and post-test research study. Curriculum development will use evidence-based pedagogical practices designed to mitigate stereotype threat and enhance self-efficacy. Building on the work of others, this project will adapt, integrate, and enhance relevant curriculum and resources from other ATE projects, to meet the needs of Santa Fe College's students and community. Because of the rural nature of the participating educational centers, students will include a higher than average percentage of low socioeconomic status students and first-time college students. The project aims to emphasize collaboration with industry partners to better meet employer needs for STEM technicians, and to connect students with industry so they obtain firsthand knowledge of requirements for developing a successful career. The change in STEM attitudes and interest in STEM careers will be measured using a validated pre-post analysis. The results of this project will be disseminated through project presentations and publications, and shared on the ATE Central website.&lt;br/&gt;&lt;br/&gt;This award reflects NSF's statutory mission and has been deemed worthy of support through evaluation using the Foundation's intellectual merit and broader impacts review criteria.]]></AbstractNarration>
<MinAmdLetterDate>04/09/2018</MinAmdLetterDate>
<MaxAmdLetterDate>09/20/2022</MaxAmdLetterDate>
<ARRAAmount/>
<TRAN_TYPE>Grant</TRAN_TYPE>
<CFDA_NUM>47.076</CFDA_NUM>
<NSF_PAR_USE_FLAG>1</NSF_PAR_USE_FLAG>
<FUND_AGCY_CODE>4900</FUND_AGCY_CODE>
<AWDG_AGCY_CODE>4900</AWDG_AGCY_CODE>
<AwardID>1800955</AwardID>
<Investigator>
<FirstName>Calhoun</FirstName>
<LastName>Calhoun</LastName>
<PI_MID_INIT>D</PI_MID_INIT>
<PI_SUFX_NAME/>
<PI_FULL_NAME>Calhoun D Calhoun</PI_FULL_NAME>
<EmailAddress><![CDATA[cheryl.calhoun@arapahoe.edu]]></EmailAddress>
<NSF_ID>000625957</NSF_ID>
<StartDate>04/09/2018</StartDate>
<EndDate>02/25/2022</EndDate>
<RoleCode>Former Principal Investigator</RoleCode>
</Investigator>
<Investigator>
<FirstName>Shellie</FirstName>
<LastName>Banfield</LastName>
<PI_MID_INIT/>
<PI_SUFX_NAME/>
<PI_FULL_NAME>Shellie Banfield</PI_FULL_NAME>
<EmailAddress><![CDATA[shellie.banfield@sfcollege.edu]]></EmailAddress>
<NSF_ID>000758015</NSF_ID>
<StartDate>02/25/2022</StartDate>
<EndDate/>
<RoleCode>Principal Investigator</RoleCode>
</Investigator>
<Investigator>
<FirstName>Cheryl</FirstName>
<LastName>Canova</LastName>
<PI_MID_INIT/>
<PI_SUFX_NAME/>
<PI_FULL_NAME>Cheryl Canova</PI_FULL_NAME>
<EmailAddress><![CDATA[cheryl.canova@sfcollege.edu]]></EmailAddress>
<NSF_ID>000757987</NSF_ID>
<StartDate>04/09/2018</StartDate>
<EndDate>06/27/2021</EndDate>
<RoleCode>Former Co-Principal Investigator</RoleCode>
</Investigator>
<Investigator>
<FirstName>Gina</FirstName>
<LastName>Greenidge</LastName>
<PI_MID_INIT/>
<PI_SUFX_NAME/>
<PI_FULL_NAME>Gina Greenidge</PI_FULL_NAME>
<EmailAddress><![CDATA[gina.greenidge@sfcollege.edu]]></EmailAddress>
<NSF_ID>000759359</NSF_ID>
<StartDate>04/09/2018</StartDate>
<EndDate>09/20/2022</EndDate>
<RoleCode>Former Co-Principal Investigator</RoleCode>
</Investigator>
<Investigator>
<FirstName>Shellie</FirstName>
<LastName>Banfield</LastName>
<PI_MID_INIT/>
<PI_SUFX_NAME/>
<PI_FULL_NAME>Shellie Banfield</PI_FULL_NAME>
<EmailAddress><![CDATA[shellie.banfield@sfcollege.edu]]></EmailAddress>
<NSF_ID>000758015</NSF_ID>
<StartDate>04/09/2018</StartDate>
<EndDate>02/25/2022</EndDate>
<RoleCode>Former Co-Principal Investigator</RoleCode>
</Investigator>
<Institution>
<Name><![CDATA[Santa Fe College]]></Name>
<CityName>GAINESVILLE</CityName>
<ZipCode>326066210</ZipCode>
<PhoneNumber>3523955000</PhoneNumber>
<StreetAddress><![CDATA[3000 NW 83RD STREET, F40]]></StreetAddress>
<StreetAddress2/>
<CountryName>United States</CountryName>
<StateName>Florida</StateName>
<StateCode>FL</StateCode>
<CONGRESSDISTRICT>03</CONGRESSDISTRICT>
<CONGRESS_DISTRICT_ORG>FL03</CONGRESS_DISTRICT_ORG>
<ORG_UEI_NUM>PES5P928DUM9</ORG_UEI_NUM>
<ORG_LGL_BUS_NAME>SANTA FE COLLEGE</ORG_LGL_BUS_NAME>
<ORG_PRNT_UEI_NUM/>
</Institution>
<Performance_Institution>
<Name><![CDATA[Santa Fe College]]></Name>
<CityName>Gainesville</CityName>
<StateCode>FL</StateCode>
<ZipCode>326066210</ZipCode>
<StreetAddress><![CDATA[3000 NW 83rd Street]]></StreetAddress>
<CountryCode>US</CountryCode>
<CountryName>United States</CountryName>
<StateName>Florida</StateName>
<CountryFlag>1</CountryFlag>
<CONGRESSDISTRICT>03</CONGRESSDISTRICT>
<CONGRESS_DISTRICT_PERF>FL03</CONGRESS_DISTRICT_PERF>
</Performance_Institution>
<ProgramElement>
<Code>7412</Code>
<Text>Advanced Tech Education Prog</Text>
</ProgramElement>
<ProgramReference>
<Code>1032</Code>
<Text>ADVANCED TECHNOLOGY EDUCATION</Text>
</ProgramReference>
<ProgramReference>
<Code>9178</Code>
<Text>UNDERGRADUATE EDUCATION</Text>
</ProgramReference>
<ProgramReference>
<Code>SMET</Code>
<Text>SCIENCE, MATH, ENG &amp; TECH EDUCATION</Text>
</ProgramReference>
<Appropriation>
<Code>0418</Code>
<Name>NSF Education &amp; Human Resource</Name>
<APP_SYMB_ID>040106</APP_SYMB_ID>
</Appropriation>
<Fund>
<Code>04001819DB</Code>
<Name><![CDATA[NSF Education & Human Resource]]></Name>
<FUND_SYMB_ID>040106</FUND_SYMB_ID>
</Fund>
<FUND_OBLG>2018~467713</FUND_OBLG>
<POR>
<DRECONTENT><![CDATA[<div class="porColContainerWBG"> <div class="porContentCol"><p>The Guitars, Robotics, and Rocketry Projects to Enhance Advanced Technological Education (GRRATE) Project developed an interdisciplinary science course, ISC1006 Wide World of Science, with three experiential learning projects focused on guitar building, model rocketry, and robotics. The ISC1006 course has been offered at four of Santa Fe College's (SF) educational centers with a primary focus of recruiting underrepresented and rural students into technician careers in high-tech STEM career fields while helping them gain the efficacy and prerequisite skills needed to be successful in technician certificate and degree programs.</p> <p>&nbsp;</p> <p>A total of 199 students have been impacted by the GRRATE project: 50% were female, 42% were students of color, and 90% were rural. Fifty-five (55) high school students in an Upward Bound camp piloted the hands-on portion of the class prior to offering the college credit course. One hundred forty-four (144) students enrolled in the Wide World of Science course; 97% (140)<strong> </strong>of those students successfully completed the course.<strong>&nbsp;</strong></p> <p>&nbsp;</p> <p>Professional development was provided for over 30 faculty and staff. The project team coordinated and hosted professional development trainings throughout the project's duration. Three workshops were conducted in guitar-building, rocketry, and robotics to prepare faculty to teach the ISC1006 Wide World of Science course. Participants also included administrators supporting and overseeing the project, as well as STEM educators outside of Santa Fe College, expanding the college's network of partners in STEM education. Professional development also included a focus on instructional design and diversity theory. Topics included universal design for learning (UDL), accessibility enhancements, and online instruction. Education equity, gender theory, and race theory were also included in order to inform faculty about the social barriers that need to be addressed.</p> <p>&nbsp;</p> <p>Curriculum, videos, and course assignments were developed to assist students in technical career exploration. Students were made aware of STEM careers through guest speakers and field trips. Industry and education partners made in-person presentations to students. These included luthiers, artists, engineers, information technology professionals, and faculty from across the college.</p> <p>&nbsp;</p> <p>As the challenge of COVID-19 persisted and the needs of students evolved, the ISC1006 Wide World of Science course transitioned to a hybrid format. The project team realized that they had to flip the classroom, blending online activity with hands-on work tasks. Students could preview video demonstrations, engage in interactive boards about the lesson, and participate in threaded discussions to prepare for the work in the hands-on classroom environment. This provided students with many opportunities to engage in their design ideas, empower their own choices, and receive constructive feedback from the project's learning group.</p> <p>&nbsp;</p> <p>The project conducted a research study that proved the hypothesis: Students&nbsp;participating in the course will experience an increase in STEM competencies, attitudes, and interest in STEM careers.<em> </em>The Student Attitudes Toward STEM Survey (S-STEM) was used to measure changes in students' confidence and efficacy in STEM subjects, 21<sup>st</sup> century learning skills, and interest in STEM careers.&nbsp;In three sections of ISC1006 Wide World of Science, 37 participants completed both pre and post S-STEM surveys. Attitudes expressed by the participants included difficulty with math and science but an increased view of their importance as well as an increased perception in the ability to work in STEM. The ISC1006 experience appeared to have a positive influence on the affective state of students' attitudes towards the course content and career options in STEM. Students' thematic responses reported the power of having a good teacher and a positive learning experience as part of the course. Students enjoyed the hands-on approach taken during course and developing their skills for the projects. They reported being able to understand how STEM could relate to the other academic work they were completing. While completing the course, students either more completely defined or expanded their ideas of what STEM is and how it could be applied to their lives. Student reactions to the projects they completed also demonstrated a willingness to be open to STEM work and careers. Students' expanded STEM perspectives can be seen from their responses, as well as a new openness to STEM factoring into their future career decisions.</p> <p><em>&nbsp;</em></p> <p>The results of the GRRATE project have been disseminated through the project website, conference presentations, showcases, advisory board meetings, and award-winning original video content. Instructors and subject matter experts created three 15-week course curricula, organized in the Canvas learning management system, to be used by future classes and shared with educators from other schools. The GRRATE project created a scalable foundation of shareable original curriculum, produced five highly educated faculty to deliver the course, and founded a highly effective all woman leadership team composed of a remarkably diverse group of faculty and administrators that includes racial, age, and background diversity rarely seen in the ATE project community.</p> <p>&nbsp;</p><br> <p>            Last Modified: 10/03/2023<br>      Modified by: Shellie&nbsp;Banfield</p> </div> <div class="porSideCol"></div> </div>]]></DRECONTENT>
<POR_COPY_TXT><![CDATA[ The Guitars, Robotics, and Rocketry Projects to Enhance Advanced Technological Education (GRRATE) Project developed an interdisciplinary science course, ISC1006 Wide World of Science, with three experiential learning projects focused on guitar building, model rocketry, and robotics. The ISC1006 course has been offered at four of Santa Fe College's (SF) educational centers with a primary focus of recruiting underrepresented and rural students into technician careers in high-tech STEM career fields while helping them gain the efficacy and prerequisite skills needed to be successful in technician certificate and degree programs.     A total of 199 students have been impacted by the GRRATE project: 50% were female, 42% were students of color, and 90% were rural. Fifty-five (55) high school students in an Upward Bound camp piloted the hands-on portion of the class prior to offering the college credit course. One hundred forty-four (144) students enrolled in the Wide World of Science course; 97% (140) of those students successfully completed the course.      Professional development was provided for over 30 faculty and staff. The project team coordinated and hosted professional development trainings throughout the project's duration. Three workshops were conducted in guitar-building, rocketry, and robotics to prepare faculty to teach the ISC1006 Wide World of Science course. Participants also included administrators supporting and overseeing the project, as well as STEM educators outside of Santa Fe College, expanding the college's network of partners in STEM education. Professional development also included a focus on instructional design and diversity theory. Topics included universal design for learning (UDL), accessibility enhancements, and online instruction. Education equity, gender theory, and race theory were also included in order to inform faculty about the social barriers that need to be addressed.     Curriculum, videos, and course assignments were developed to assist students in technical career exploration. Students were made aware of STEM careers through guest speakers and field trips. Industry and education partners made in-person presentations to students. These included luthiers, artists, engineers, information technology professionals, and faculty from across the college.     As the challenge of COVID-19 persisted and the needs of students evolved, the ISC1006 Wide World of Science course transitioned to a hybrid format. The project team realized that they had to flip the classroom, blending online activity with hands-on work tasks. Students could preview video demonstrations, engage in interactive boards about the lesson, and participate in threaded discussions to prepare for the work in the hands-on classroom environment. This provided students with many opportunities to engage in their design ideas, empower their own choices, and receive constructive feedback from the project's learning group.     The project conducted a research study that proved the hypothesis: Students participating in the course will experience an increase in STEM competencies, attitudes, and interest in STEM careers. The Student Attitudes Toward STEM Survey (S-STEM) was used to measure changes in students' confidence and efficacy in STEM subjects, 21st century learning skills, and interest in STEM careers. In three sections of ISC1006 Wide World of Science, 37 participants completed both pre and post S-STEM surveys. Attitudes expressed by the participants included difficulty with math and science but an increased view of their importance as well as an increased perception in the ability to work in STEM. The ISC1006 experience appeared to have a positive influence on the affective state of students' attitudes towards the course content and career options in STEM. Students' thematic responses reported the power of having a good teacher and a positive learning experience as part of the course. Students enjoyed the hands-on approach taken during course and developing their skills for the projects. They reported being able to understand how STEM could relate to the other academic work they were completing. While completing the course, students either more completely defined or expanded their ideas of what STEM is and how it could be applied to their lives. Student reactions to the projects they completed also demonstrated a willingness to be open to STEM work and careers. Students' expanded STEM perspectives can be seen from their responses, as well as a new openness to STEM factoring into their future career decisions.     The results of the GRRATE project have been disseminated through the project website, conference presentations, showcases, advisory board meetings, and award-winning original video content. Instructors and subject matter experts created three 15-week course curricula, organized in the Canvas learning management system, to be used by future classes and shared with educators from other schools. The GRRATE project created a scalable foundation of shareable original curriculum, produced five highly educated faculty to deliver the course, and founded a highly effective all woman leadership team composed of a remarkably diverse group of faculty and administrators that includes racial, age, and background diversity rarely seen in the ATE project community.          Last Modified: 10/03/2023       Submitted by: Shellie Banfield]]></POR_COPY_TXT>
</POR>
</Award>
</rootTag>
