<?xml version="1.0" encoding="UTF-8"?>
<rootTag>
<Award>
<AwardTitle><![CDATA[Investigations of Binary Transition Metal Oxide Electrocatalysts for the Oxygen Evolution Reaction]]></AwardTitle>
<AGENCY>NSF</AGENCY>
<AwardEffectiveDate>08/01/2018</AwardEffectiveDate>
<AwardExpirationDate>07/31/2021</AwardExpirationDate>
<AwardTotalIntnAmount>459719.00</AwardTotalIntnAmount>
<AwardAmount>459719</AwardAmount>
<AwardInstrument>
<Value>Continuing Grant</Value>
</AwardInstrument>
<Organization>
<Code>03090000</Code>
<Directorate>
<Abbreviation>MPS</Abbreviation>
<LongName>Direct For Mathematical &amp; Physical Scien</LongName>
</Directorate>
<Division>
<Abbreviation>CHE</Abbreviation>
<LongName>Division Of Chemistry</LongName>
</Division>
</Organization>
<ProgramOfficer>
<SignBlockName>Kenneth Moloy</SignBlockName>
<PO_EMAI>kmoloy@nsf.gov</PO_EMAI>
<PO_PHON>7032928441</PO_PHON>
</ProgramOfficer>
<AbstractNarration><![CDATA[Some energy conversion and storage technologies use chemical reactions driven by electricity in a process known as electrocatalysis. Examples of these technologies include new metal-air batteries, water splitting for hydrogen evolution, and production of chemicals from the carbon dioxide (the byproduct of burning fossil fuels). All of these technologies share a crucial chemical reaction known as the oxygen evolution reaction (OER).  The efficiencies of these technologies are often limited by the sluggish rate of the OER. In this project, Dr. Bruce E. Koel of Princeton University is conducting experiments on iridium (Ir) and cobalt (Co) based mixed oxide materials to develop a greater fundamental understanding of the OER.  This project may lead to the discovery of novel electrocatalytic materials to enhance OER. Dr. Koel's research prepares students for careers in high-tech and emerging industries that value the ability to solve complex problems and that utilize sophisticated instrumentation. Undergraduate, graduate, and postdoctoral students are involved in the research and work together to conduct experiments, construct theoretical models, provide physical insight, and develop new explanations. The importance of this research for addressing the energy needs of the planet enhances student awareness of the impact of their work on society. This research prepares students for careers in academia, national laboratories, and industry.&lt;br/&gt;&lt;br/&gt;With support from the Chemical Catalysis Program of the Division of Chemistry and Catalysis and Biocatalysis Program in the Division of Chemical, Bioengineering, Environment and Transport Systems, Dr. Koel is conducting experiments on Ir and Co based mixed oxide electrocatalysts that are providing a greater fundamental understanding of OER electrocatalysis. Establishing clear relationships between atomic level surface properties and performance of active electrodes provides a better understanding of electrocatalysts for OER and provides rational strategies for improving OER kinetics. Active structures/motifs are identified during OER by operando Raman spectroscopy and key aspects of the water oxidation mechanism are revealed by identification of surface species during OER by operando Fourier transform infrared spectroscopy along with fundamental surface science experiments. Iridium based oxide catalysts are studied with the prospect of forming superior OER catalysts.  The researcher also seek to reduce the loading of the expensive Ir metal and provide new materials for the development of cost-effective, high performance, stable OER catalysts. Cobalt based oxide catalysts are investigated because of their OER performance under alkaline conditions.  They have potential for increasing catalyst activity and possibly lowering the pH range of operation.&lt;br/&gt;&lt;br/&gt;This award reflects NSF's statutory mission and has been deemed worthy of support through evaluation using the Foundation's intellectual merit and broader impacts review criteria.]]></AbstractNarration>
<MinAmdLetterDate>07/19/2018</MinAmdLetterDate>
<MaxAmdLetterDate>08/23/2019</MaxAmdLetterDate>
<ARRAAmount/>
<TRAN_TYPE>Grant</TRAN_TYPE>
<CFDA_NUM>47.049</CFDA_NUM>
<NSF_PAR_USE_FLAG>1</NSF_PAR_USE_FLAG>
<FUND_AGCY_CODE>4900</FUND_AGCY_CODE>
<AWDG_AGCY_CODE>4900</AWDG_AGCY_CODE>
<AwardID>1800376</AwardID>
<Investigator>
<FirstName>Bruce</FirstName>
<LastName>Koel</LastName>
<PI_MID_INIT>E</PI_MID_INIT>
<PI_SUFX_NAME/>
<PI_FULL_NAME>Bruce E Koel</PI_FULL_NAME>
<EmailAddress><![CDATA[bkoel@princeton.edu]]></EmailAddress>
<NSF_ID>000410342</NSF_ID>
<StartDate>07/19/2018</StartDate>
<EndDate/>
<RoleCode>Principal Investigator</RoleCode>
</Investigator>
<Institution>
<Name><![CDATA[Princeton University]]></Name>
<CityName>PRINCETON</CityName>
<ZipCode>085442001</ZipCode>
<PhoneNumber>6092583090</PhoneNumber>
<StreetAddress><![CDATA[1 NASSAU HALL]]></StreetAddress>
<StreetAddress2/>
<CountryName>United States</CountryName>
<StateName>New Jersey</StateName>
<StateCode>NJ</StateCode>
<CONGRESSDISTRICT>12</CONGRESSDISTRICT>
<CONGRESS_DISTRICT_ORG>NJ12</CONGRESS_DISTRICT_ORG>
<ORG_UEI_NUM>NJ1YPQXQG7U5</ORG_UEI_NUM>
<ORG_LGL_BUS_NAME>THE TRUSTEES OF PRINCETON UNIVERSITY</ORG_LGL_BUS_NAME>
<ORG_PRNT_UEI_NUM/>
</Institution>
<Performance_Institution>
<Name><![CDATA[The Trustees of Princeton University]]></Name>
<CityName>Princeton</CityName>
<StateCode>NJ</StateCode>
<ZipCode>085442020</ZipCode>
<StreetAddress><![CDATA[Engineering Quad A311]]></StreetAddress>
<CountryCode>US</CountryCode>
<CountryName>United States</CountryName>
<StateName>New Jersey</StateName>
<CountryFlag>1</CountryFlag>
<CONGRESSDISTRICT>12</CONGRESSDISTRICT>
<CONGRESS_DISTRICT_PERF>NJ12</CONGRESS_DISTRICT_PERF>
</Performance_Institution>
<ProgramElement>
<Code>1253</Code>
<Text>OFFICE OF MULTIDISCIPLINARY AC</Text>
</ProgramElement>
<ProgramElement>
<Code>1401</Code>
<Text>Catalysis</Text>
</ProgramElement>
<ProgramElement>
<Code>6884</Code>
<Text>Chemical Catalysis</Text>
</ProgramElement>
<ProgramReference>
<Code>1401</Code>
<Text>CATALYSIS AND BIOCATALYSIS</Text>
</ProgramReference>
<ProgramReference>
<Code>7237</Code>
<Text>NANO NON-SOLIC SCI &amp; ENG AWD</Text>
</ProgramReference>
<ProgramReference>
<Code>8396</Code>
<Text>Clean Energy Technology</Text>
</ProgramReference>
<ProgramReference>
<Code>8397</Code>
<Text>Hydrogen Storage or Generation</Text>
</ProgramReference>
<ProgramReference>
<Code>8399</Code>
<Text>Energy Storage or Transmission</Text>
</ProgramReference>
<Appropriation>
<Code>0118</Code>
<Name>NSF RESEARCH &amp; RELATED ACTIVIT</Name>
<APP_SYMB_ID>040100</APP_SYMB_ID>
</Appropriation>
<Appropriation>
<Code>0119</Code>
<Name>NSF RESEARCH &amp; RELATED ACTIVIT</Name>
<APP_SYMB_ID>040100</APP_SYMB_ID>
</Appropriation>
<Fund>
<Code>01001819DB</Code>
<Name><![CDATA[NSF RESEARCH & RELATED ACTIVIT]]></Name>
<FUND_SYMB_ID>040100</FUND_SYMB_ID>
</Fund>
<Fund>
<Code>01001920DB</Code>
<Name><![CDATA[NSF RESEARCH & RELATED ACTIVIT]]></Name>
<FUND_SYMB_ID>040100</FUND_SYMB_ID>
</Fund>
<FUND_OBLG>2018~153238</FUND_OBLG>
<FUND_OBLG>2019~306481</FUND_OBLG>
<POR>
<DRECONTENT><![CDATA[<div class="porColContainerWBG"> <div class="porContentCol"><p>Addressing the growing global energy demand is a grand challenge facing science and engineering in the 21<sup>st</sup> century. Development of renewable energy technologies to generate power and reduce fossil fuel consumption is integral to achieving energy sustainability. The oxygen evolution reaction (OER) plays an essential role in many energy conversion and storage technologies, including metal-air batteries, water splitting for hydrogen evolution, and CO<sub>2</sub> reduction for hydrocarbon production. Efficiently driving the oxygen evolution reaction represents a critical technological hurdle. The electrocatalysis community has a great need for clear relationships between atomic level surface properties and performance of active electrodes, which are difficult to establish using the complex, fully optimized materials at the fore. This research was aimed at adding to such information. In addition, new rational strategies are needed for catalyst discovery and optimization. Iridium(Ir)-based and ruthenium(Ru)-based oxide catalysts were studied with the prospect of forming superior OER catalysts with reduced Ir or Ru loading (due to their high cost) and providing new materials for the development of cost-effective, high performance, stable OER catalysts. Cobalt(Co)-based oxide catalysts were investigated because of their great OER performance under alkaline conditions and the potential that early transition metal modifiers can increase catalyst activity and possibly lower the pH range of operation. In this research, we have pursued the synthesis of highly active and stable Ir-, Ru-, and Co-based oxide catalysts, e.g., through the incorporation of early transition metals that have the potential to increase catalyst activity and possibly lower the pH range of operation. The systematic studies of this project have sought to reveal the enhancement mechanisms in these binary oxide electrocatalysts, provide guidance for designing better OER catalysts, and discover new highly performing electrocatalysts for OER.</p> <p>In this project we synthesized M-modified Ir-, Ru-, and Co-oxide catalysts where M = zirconium (Zr), titanium (Ti), or hafnium (Hf). We investigated their performance for electrocatalysis of O<sub>2</sub> evolution in either basic and acidic solution, and sought detailed mechanistic information on the active sites for OER. In some cases, we also tested the performance of these catalysts for other electrochemical reactions, and in a few select cases discovered additional high performance of these catalysts for other reactions. We used advanced imaging and spectroscopic characterization to establish relationships between catalyst composition/structure and OER activity. We were able in some cases to identify active structures/motifs by simultaneous measurements of catalytic performance and structure during OER, in particular by using operando Raman spectroscopy, and determine the influence of transition-metal modifiers on the active structures. We discovered a highly active, Hf-modified Ir-oxide catalyst (IrHf<sub>x</sub>O<sub>y</sub>) for OER under both acidic and alkaline conditions. This electrocatalyst demonstrated ten times higher activity in alkaline conditions and four times higher activity in acid conditions than a pure Ir-oxide electrocatalyst. Combined studies utilizing operando surface enhanced Raman spectroscopy (SERS) and quantum calculations revealed the active sites for OER reactions on this catalyst. We also found that the activity and stability of Ru-oxide nanoparticle catalysts for OER could be tremendously improved by synthesizing Hf-phosphate-supported Ru-oxide nanoparticles. This catalyst exhibited an impressive activity and stability for OER that was superior to commercial Ru-oxide catalysts on the electrode. These results provide solid evidence that will aid rational design of more cost-effective, stable electrocatalysts with improved OER performance.</p> <p>The obtained information in this work is useful beyond the specific results contributing to a better overall understanding of the relationships between composition and structure and OER activity of catalysts, and the nature of active structures/motifs in these catalysts. For example, the project results are useful in the development of new strategies for catalyst and nanomaterials synthesis and characterization. In broader applications, this improved understanding of electrocatalysts for OER can provide rational strategies for improving OER kinetics and thus advancing the realization of the full potential of many emergent energy conversion and storage technologies.</p> <p>The project results were presented at multiple scientific conferences and published in peer-reviewed journals. The project provided opportunities for training, development and mentoring of graduate and undergraduate students and postdoctoral researchers. The outreach programs included the development of new educational materials related to the research activities and results.</p><br> <p>            Last Modified: 05/19/2022<br>      Modified by: Bruce&nbsp;E&nbsp;Koel</p> </div> <div class="porSideCol"></div> </div>]]></DRECONTENT>
<POR_COPY_TXT><![CDATA[ Addressing the growing global energy demand is a grand challenge facing science and engineering in the 21st century. Development of renewable energy technologies to generate power and reduce fossil fuel consumption is integral to achieving energy sustainability. The oxygen evolution reaction (OER) plays an essential role in many energy conversion and storage technologies, including metal-air batteries, water splitting for hydrogen evolution, and CO2 reduction for hydrocarbon production. Efficiently driving the oxygen evolution reaction represents a critical technological hurdle. The electrocatalysis community has a great need for clear relationships between atomic level surface properties and performance of active electrodes, which are difficult to establish using the complex, fully optimized materials at the fore. This research was aimed at adding to such information. In addition, new rational strategies are needed for catalyst discovery and optimization. Iridium(Ir)-based and ruthenium(Ru)-based oxide catalysts were studied with the prospect of forming superior OER catalysts with reduced Ir or Ru loading (due to their high cost) and providing new materials for the development of cost-effective, high performance, stable OER catalysts. Cobalt(Co)-based oxide catalysts were investigated because of their great OER performance under alkaline conditions and the potential that early transition metal modifiers can increase catalyst activity and possibly lower the pH range of operation. In this research, we have pursued the synthesis of highly active and stable Ir-, Ru-, and Co-based oxide catalysts, e.g., through the incorporation of early transition metals that have the potential to increase catalyst activity and possibly lower the pH range of operation. The systematic studies of this project have sought to reveal the enhancement mechanisms in these binary oxide electrocatalysts, provide guidance for designing better OER catalysts, and discover new highly performing electrocatalysts for OER.  In this project we synthesized M-modified Ir-, Ru-, and Co-oxide catalysts where M = zirconium (Zr), titanium (Ti), or hafnium (Hf). We investigated their performance for electrocatalysis of O2 evolution in either basic and acidic solution, and sought detailed mechanistic information on the active sites for OER. In some cases, we also tested the performance of these catalysts for other electrochemical reactions, and in a few select cases discovered additional high performance of these catalysts for other reactions. We used advanced imaging and spectroscopic characterization to establish relationships between catalyst composition/structure and OER activity. We were able in some cases to identify active structures/motifs by simultaneous measurements of catalytic performance and structure during OER, in particular by using operando Raman spectroscopy, and determine the influence of transition-metal modifiers on the active structures. We discovered a highly active, Hf-modified Ir-oxide catalyst (IrHfxOy) for OER under both acidic and alkaline conditions. This electrocatalyst demonstrated ten times higher activity in alkaline conditions and four times higher activity in acid conditions than a pure Ir-oxide electrocatalyst. Combined studies utilizing operando surface enhanced Raman spectroscopy (SERS) and quantum calculations revealed the active sites for OER reactions on this catalyst. We also found that the activity and stability of Ru-oxide nanoparticle catalysts for OER could be tremendously improved by synthesizing Hf-phosphate-supported Ru-oxide nanoparticles. This catalyst exhibited an impressive activity and stability for OER that was superior to commercial Ru-oxide catalysts on the electrode. These results provide solid evidence that will aid rational design of more cost-effective, stable electrocatalysts with improved OER performance.  The obtained information in this work is useful beyond the specific results contributing to a better overall understanding of the relationships between composition and structure and OER activity of catalysts, and the nature of active structures/motifs in these catalysts. For example, the project results are useful in the development of new strategies for catalyst and nanomaterials synthesis and characterization. In broader applications, this improved understanding of electrocatalysts for OER can provide rational strategies for improving OER kinetics and thus advancing the realization of the full potential of many emergent energy conversion and storage technologies.  The project results were presented at multiple scientific conferences and published in peer-reviewed journals. The project provided opportunities for training, development and mentoring of graduate and undergraduate students and postdoctoral researchers. The outreach programs included the development of new educational materials related to the research activities and results.       Last Modified: 05/19/2022       Submitted by: Bruce E Koel]]></POR_COPY_TXT>
</POR>
</Award>
</rootTag>
