<?xml version="1.0" encoding="UTF-8"?>
<rootTag>
<Award>
<AwardTitle><![CDATA[Parametrization, Embedding and Extension Problems in Metric Spaces]]></AwardTitle>
<AGENCY>NSF</AGENCY>
<AwardEffectiveDate>09/01/2018</AwardEffectiveDate>
<AwardExpirationDate>10/31/2019</AwardExpirationDate>
<AwardTotalIntnAmount>101610.00</AwardTotalIntnAmount>
<AwardAmount>70035</AwardAmount>
<AwardInstrument>
<Value>Continuing Grant</Value>
</AwardInstrument>
<Organization>
<Code>03040000</Code>
<Directorate>
<Abbreviation>MPS</Abbreviation>
<LongName>Direct For Mathematical &amp; Physical Scien</LongName>
</Directorate>
<Division>
<Abbreviation>DMS</Abbreviation>
<LongName>Division Of Mathematical Sciences</LongName>
</Division>
</Organization>
<ProgramOfficer>
<SignBlockName>Marian Bocea</SignBlockName>
<PO_EMAI>mbocea@nsf.gov</PO_EMAI>
<PO_PHON>7032922595</PO_PHON>
</ProgramOfficer>
<AbstractNarration><![CDATA[Geometric function theory is a field of mathematics that was developed starting in the 1920s in order to study analytic functions from a geometric point of view, and was later developed to what is known today as analysis of metric spaces. The advantage of a geometric approach, is that first order differential calculus and geometric measure theory can be extended from the classical Euclidean or Riemannian settings to the realm of spaces without a priori smooth structure (such as fractal spaces). Results and techniques in geometric function theory have recently found important applications in geometric group theory, structure of manifolds and analysis on fractals. Furthermore, besides their mathematical importance, physical applications of these theories include reconstruction theory, study of thin films, control theory, graphic imaging and analysis of large data sets.&lt;br/&gt;&lt;br/&gt;This project features new approaches to three long-standing problems in the realm of geometric function theory that bring together several fields in analysis and geometry including geometric topology, sub-Riemannian geometry, PL geometry and geometric measure theory. The first problem aims at recognizing the intrinsic qualities of a metric space, from which a "nice" parametrization (e.g. quasisymmetric, Holder, bi-Lipschitz) by the Euclidean unit sphere or the Euclidean space can be recovered. The principal investigator proposes to relate forms of discrete curvature with global parametrizations in high dimensions. The second problem asks for conditions for which an embedding of a set into a Euclidean space with some desired properties (e.g. quasisymmetric, bi-Lipschitz) can be extended to the whole Euclidean space with the same properties. Finally, the third problem concerns the bi-Lipschitz embedability of big sets of a sub-Riemannian manifolds (such as the Heisenberg group) into some Euclidean space. Results in this direction will shed new light on the structure of the space and will improve our understanding of its geometry.&lt;br/&gt;&lt;br/&gt;This award reflects NSF's statutory mission and has been deemed worthy of support through evaluation using the Foundation's intellectual merit and broader impacts review criteria.]]></AbstractNarration>
<MinAmdLetterDate>05/03/2018</MinAmdLetterDate>
<MaxAmdLetterDate>05/03/2018</MaxAmdLetterDate>
<ARRAAmount/>
<TRAN_TYPE>Grant</TRAN_TYPE>
<CFDA_NUM>47.049</CFDA_NUM>
<NSF_PAR_USE_FLAG>1</NSF_PAR_USE_FLAG>
<FUND_AGCY_CODE>4900</FUND_AGCY_CODE>
<AWDG_AGCY_CODE>4900</AWDG_AGCY_CODE>
<AwardID>1800731</AwardID>
<Investigator>
<FirstName>Vyron</FirstName>
<LastName>Vellis</LastName>
<PI_MID_INIT>S</PI_MID_INIT>
<PI_SUFX_NAME/>
<PI_FULL_NAME>Vyron S Vellis</PI_FULL_NAME>
<EmailAddress><![CDATA[vvellis@utk.edu]]></EmailAddress>
<NSF_ID>000731477</NSF_ID>
<StartDate>05/03/2018</StartDate>
<EndDate/>
<RoleCode>Principal Investigator</RoleCode>
</Investigator>
<Institution>
<Name><![CDATA[University of Connecticut]]></Name>
<CityName>STORRS</CityName>
<ZipCode>062699018</ZipCode>
<PhoneNumber>8604863622</PhoneNumber>
<StreetAddress><![CDATA[438 WHITNEY RD EXTENSION UNIT 11]]></StreetAddress>
<StreetAddress2/>
<CountryName>United States</CountryName>
<StateName>Connecticut</StateName>
<StateCode>CT</StateCode>
<CONGRESSDISTRICT>02</CONGRESSDISTRICT>
<CONGRESS_DISTRICT_ORG>CT02</CONGRESS_DISTRICT_ORG>
<ORG_UEI_NUM>WNTPS995QBM7</ORG_UEI_NUM>
<ORG_LGL_BUS_NAME>UNIVERSITY OF CONNECTICUT</ORG_LGL_BUS_NAME>
<ORG_PRNT_UEI_NUM/>
</Institution>
<Performance_Institution>
<Name><![CDATA[University of Connecticut]]></Name>
<CityName>Storrs</CityName>
<StateCode>CT</StateCode>
<ZipCode>062691009</ZipCode>
<StreetAddress><![CDATA[194 Auditorium Road, Unit 3009]]></StreetAddress>
<CountryCode>US</CountryCode>
<CountryName>United States</CountryName>
<StateName>Connecticut</StateName>
<CountryFlag>1</CountryFlag>
<CONGRESSDISTRICT>02</CONGRESSDISTRICT>
<CONGRESS_DISTRICT_PERF>CT02</CONGRESS_DISTRICT_PERF>
</Performance_Institution>
<ProgramElement>
<Code>1281</Code>
<Text>ANALYSIS PROGRAM</Text>
</ProgramElement>
<Appropriation>
<Code>0118</Code>
<Name>NSF RESEARCH &amp; RELATED ACTIVIT</Name>
<APP_SYMB_ID>040100</APP_SYMB_ID>
</Appropriation>
<Fund>
<Code>01001819DB</Code>
<Name><![CDATA[NSF RESEARCH & RELATED ACTIVIT]]></Name>
<FUND_SYMB_ID>040100</FUND_SYMB_ID>
</Fund>
<FUND_OBLG>2018~15889</FUND_OBLG>
</Award>
</rootTag>
