<?xml version="1.0" encoding="UTF-8"?>
<rootTag>
<Award>
<AwardTitle><![CDATA[Collaborative Research: Discrete and Topological Models for Template-Guided Genome Rearrangements]]></AwardTitle>
<AGENCY>NSF</AGENCY>
<AwardEffectiveDate>08/01/2018</AwardEffectiveDate>
<AwardExpirationDate>07/31/2022</AwardExpirationDate>
<AwardTotalIntnAmount>529683.00</AwardTotalIntnAmount>
<AwardAmount>529683</AwardAmount>
<AwardInstrument>
<Value>Continuing Grant</Value>
</AwardInstrument>
<Organization>
<Code>03040000</Code>
<Directorate>
<Abbreviation>MPS</Abbreviation>
<LongName>Direct For Mathematical &amp; Physical Scien</LongName>
</Directorate>
<Division>
<Abbreviation>DMS</Abbreviation>
<LongName>Division Of Mathematical Sciences</LongName>
</Division>
</Organization>
<ProgramOfficer>
<SignBlockName>Zhilan Feng</SignBlockName>
<PO_EMAI>zfeng@nsf.gov</PO_EMAI>
<PO_PHON>7032927523</PO_PHON>
</ProgramOfficer>
<AbstractNarration><![CDATA[One of the breakthroughs of 21st century science is the precise genome editing that is enabled through RNA templates. The societal impact of understanding template-guided genome rearrangement is potentially enormous, both as a natural phenomenon that, when mis-guided, can lead to disease, and that if harnessed could lead to the next generation of tools for genome editing. This project seeks to learn from both theory and experiments how a mechanism for RNA-templated DNA recombination sculpts the assembly of genetic information in certain species of ciliates, the organisms with the greatest levels of natural genome editing. Through use of high-throughput experimental tools and novel mathematical concepts based on knot theory and discrete mathematics, the project will gain temporal and structural insight into the process of programmed genome reorganization, including genome-wide surveys of DNA-- DNA and DNA--RNA contacts during somatic development in ciliates. The proposed research will impact postdoctoral, graduate and undergraduate education in mathematics, biology, and chemistry, with at least two postdocs, three PhDs and several senior theses expected to result from this project. &lt;br/&gt;&lt;br/&gt;Because the ciliate Oxytricha undergoes hundreds of thousands of programmed DNA rearrangements during development, more than any other known organism, we use Oxytricha and its close relatives as a tractable lab model to study template-guided genome rearrangements. This project increases our understanding of template-guided chromosomal DNA rearrangements, both during the process of nuclear development and across the evolutionary steps that gave rise to scrambled genomes. Previous studies have shown that the general mechanism that orchestrates this rearrangement process is guided by maternal RNA templates that can be mathematically modeled by spatial graphs, while the rearrangement pathways can be modeled as paths in a directed acyclic graph whose vertices are the spatial graphs. The project approaches the problem through the lens of the intermediate molecules, as well as the higher level interactions that arise during rearrangement, and it will examine both experimentally and theoretically the global rearrangement pathways. Specific aims include: 1. Experimental dissection of the temporal order of events and the formation of DNA-- DNA and DNA--RNA interactions during genome rearrangement. 2. Build mathematical methods for genome rearrangements using graph based descriptions of the changes in the intermediates. 3. Develop mathematical models to measure differences in underlying scrambling patterns, as well as differences in possible rearrangement pathways between different species. 4. Initiate mathematical techniques based on graph theory, knot theory and algebraic topology that provide understanding of the structural patterns of the genome unscrambling pathways.&lt;br/&gt;&lt;br/&gt;This award reflects NSF's statutory mission and has been deemed worthy of support through evaluation using the Foundation's intellectual merit and broader impacts review criteria.]]></AbstractNarration>
<MinAmdLetterDate>08/02/2018</MinAmdLetterDate>
<MaxAmdLetterDate>06/18/2020</MaxAmdLetterDate>
<ARRAAmount/>
<TRAN_TYPE>Grant</TRAN_TYPE>
<CFDA_NUM>47.049</CFDA_NUM>
<NSF_PAR_USE_FLAG>1</NSF_PAR_USE_FLAG>
<FUND_AGCY_CODE>4900</FUND_AGCY_CODE>
<AWDG_AGCY_CODE>4900</AWDG_AGCY_CODE>
<AwardID>1800443</AwardID>
<Investigator>
<FirstName>Natasa</FirstName>
<LastName>Jonoska</LastName>
<PI_MID_INIT/>
<PI_SUFX_NAME/>
<PI_FULL_NAME>Natasa Jonoska</PI_FULL_NAME>
<EmailAddress><![CDATA[jonoska@math.usf.edu]]></EmailAddress>
<NSF_ID>000165834</NSF_ID>
<StartDate>08/02/2018</StartDate>
<EndDate/>
<RoleCode>Principal Investigator</RoleCode>
</Investigator>
<Investigator>
<FirstName>Masahiko</FirstName>
<LastName>Saito</LastName>
<PI_MID_INIT/>
<PI_SUFX_NAME/>
<PI_FULL_NAME>Masahiko Saito</PI_FULL_NAME>
<EmailAddress><![CDATA[saito@math.usf.edu]]></EmailAddress>
<NSF_ID>000379207</NSF_ID>
<StartDate>08/02/2018</StartDate>
<EndDate/>
<RoleCode>Co-Principal Investigator</RoleCode>
</Investigator>
<Institution>
<Name><![CDATA[University of South Florida]]></Name>
<CityName>TAMPA</CityName>
<ZipCode>336205800</ZipCode>
<PhoneNumber>8139742897</PhoneNumber>
<StreetAddress><![CDATA[4202 E FOWLER AVE]]></StreetAddress>
<StreetAddress2/>
<CountryName>United States</CountryName>
<StateName>Florida</StateName>
<StateCode>FL</StateCode>
<CONGRESSDISTRICT>15</CONGRESSDISTRICT>
<CONGRESS_DISTRICT_ORG>FL15</CONGRESS_DISTRICT_ORG>
<ORG_UEI_NUM>NKAZLXLL7Z91</ORG_UEI_NUM>
<ORG_LGL_BUS_NAME>UNIVERSITY OF SOUTH FLORIDA</ORG_LGL_BUS_NAME>
<ORG_PRNT_UEI_NUM/>
</Institution>
<Performance_Institution>
<Name><![CDATA[University of South Florida, Mathematics & Statistics]]></Name>
<CityName>Tampa</CityName>
<StateCode>FL</StateCode>
<ZipCode>336205700</ZipCode>
<StreetAddress><![CDATA[4202 E. Fowler Ave., CMC342]]></StreetAddress>
<CountryCode>US</CountryCode>
<CountryName>United States</CountryName>
<StateName>Florida</StateName>
<CountryFlag>1</CountryFlag>
<CONGRESSDISTRICT>15</CONGRESSDISTRICT>
<CONGRESS_DISTRICT_PERF>FL15</CONGRESS_DISTRICT_PERF>
</Performance_Institution>
<ProgramElement>
<Code>8047</Code>
<Text>NIGMS</Text>
</ProgramElement>
<ProgramReference>
<Code>4075</Code>
<Text>NSF/NIGMS Initiative-Mathematical Bio</Text>
</ProgramReference>
<Appropriation>
<Code>0118</Code>
<Name>NSF RESEARCH &amp; RELATED ACTIVIT</Name>
<APP_SYMB_ID>040100</APP_SYMB_ID>
</Appropriation>
<Appropriation>
<Code>0119</Code>
<Name>NSF RESEARCH &amp; RELATED ACTIVIT</Name>
<APP_SYMB_ID>040100</APP_SYMB_ID>
</Appropriation>
<Appropriation>
<Code>0120</Code>
<Name>NSF RESEARCH &amp; RELATED ACTIVIT</Name>
<APP_SYMB_ID>040100</APP_SYMB_ID>
</Appropriation>
<Fund>
<Code>01001819DB</Code>
<Name><![CDATA[NSF RESEARCH & RELATED ACTIVIT]]></Name>
<FUND_SYMB_ID>040100</FUND_SYMB_ID>
</Fund>
<Fund>
<Code>01001920DB</Code>
<Name><![CDATA[NSF RESEARCH & RELATED ACTIVIT]]></Name>
<FUND_SYMB_ID>040100</FUND_SYMB_ID>
</Fund>
<Fund>
<Code>01002021DB</Code>
<Name><![CDATA[NSF RESEARCH & RELATED ACTIVIT]]></Name>
<FUND_SYMB_ID>040100</FUND_SYMB_ID>
</Fund>
<FUND_OBLG>2018~173065</FUND_OBLG>
<FUND_OBLG>2019~176527</FUND_OBLG>
<FUND_OBLG>2020~180091</FUND_OBLG>
<POR>
<DRECONTENT><![CDATA[<div class="porColContainerWBG"> <div class="porContentCol"><p class="p1"><span class="s1">The central focus of this project was to improve our understanding of genome-wide DNA rearrangements, both during development and across the evolutionary steps that gave rise to scrambled genomes. </span><span class="s2">This project initiated mathematical methods based on graph theory and algebraic topology in order to provide understanding of the structural patterns of the genome unscrambling pathways. These techniques provide novel mathematical concepts that can be used in other contexts for topological comparison of directed processes.</span></p> <p class="p2">Because the single cell organism <em>Oxytricha trifallax</em> undergoes hundreds of thousands of programmed DNA rearrangements during development, more than any other known organism, we used <em>Oxytricha</em> and its close relatives as a tractable lab model to study template-guided genome rearrangements. We examined the recombination problem, both experimentally and theoretically, through the lens of the intermediate molecules and the higher level interactions that arise during rearrangement pathways.&nbsp; Our experimental partners at Columbia University provided DNA sequencing data obtained during temporal events of the <em>Oxytricha's</em> somatic nucleus development. These data of intermediate molecules was in addition to the complete sequencing of the whole genomes of two related species which we further annotated. We built mathematical methods for genome rearrangements using graph based descriptions of the changes in the intermediates. We also developed models based on new topological methods to measure differences in underlying scrambling patterns, as well as differences in possible rearrangement pathways between the three different species. The newly developed annotation software, and the novel mathematical approach towards topological complexity measure of the scrambled genomes have provided a much better understanding of the way the germline (micronuclear) genome is related to the somatic (macronuclear) genome in <em>O. trifallax</em>. The same tools allow for scrambled complexity measures to be applied to evolutionary comparison of any scrambled genome. These measures were applied to three ciliate species and it was observed that the complex scrambling of the genes is a late evolutionary event.&nbsp;</p> <p class="p2">The project trained three postdoctoral fellows, three PhD graduate students, with two PhD dissertations directly related to the project, three Masters students, with two theses directly arising from this project and four undergraduate students, two of whom have co-authored publications. These are junior members of the workforce highly trained to address problems in biology and medicine with distinct interdisciplinary skills.</p><br> <p>            Last Modified: 12/03/2022<br>      Modified by: Natasa&nbsp;Jonoska</p> </div> <div class="porSideCol"></div> </div>]]></DRECONTENT>
<POR_COPY_TXT><![CDATA[The central focus of this project was to improve our understanding of genome-wide DNA rearrangements, both during development and across the evolutionary steps that gave rise to scrambled genomes. This project initiated mathematical methods based on graph theory and algebraic topology in order to provide understanding of the structural patterns of the genome unscrambling pathways. These techniques provide novel mathematical concepts that can be used in other contexts for topological comparison of directed processes. Because the single cell organism Oxytricha trifallax undergoes hundreds of thousands of programmed DNA rearrangements during development, more than any other known organism, we used Oxytricha and its close relatives as a tractable lab model to study template-guided genome rearrangements. We examined the recombination problem, both experimentally and theoretically, through the lens of the intermediate molecules and the higher level interactions that arise during rearrangement pathways.  Our experimental partners at Columbia University provided DNA sequencing data obtained during temporal events of the Oxytricha's somatic nucleus development. These data of intermediate molecules was in addition to the complete sequencing of the whole genomes of two related species which we further annotated. We built mathematical methods for genome rearrangements using graph based descriptions of the changes in the intermediates. We also developed models based on new topological methods to measure differences in underlying scrambling patterns, as well as differences in possible rearrangement pathways between the three different species. The newly developed annotation software, and the novel mathematical approach towards topological complexity measure of the scrambled genomes have provided a much better understanding of the way the germline (micronuclear) genome is related to the somatic (macronuclear) genome in O. trifallax. The same tools allow for scrambled complexity measures to be applied to evolutionary comparison of any scrambled genome. These measures were applied to three ciliate species and it was observed that the complex scrambling of the genes is a late evolutionary event.  The project trained three postdoctoral fellows, three PhD graduate students, with two PhD dissertations directly related to the project, three Masters students, with two theses directly arising from this project and four undergraduate students, two of whom have co-authored publications. These are junior members of the workforce highly trained to address problems in biology and medicine with distinct interdisciplinary skills.       Last Modified: 12/03/2022       Submitted by: Natasa Jonoska]]></POR_COPY_TXT>
</POR>
</Award>
</rootTag>
