<?xml version="1.0" encoding="UTF-8"?>
<rootTag>
<Award>
<AwardTitle><![CDATA[The Structure of Simple Separable Amenable C*-Algebras]]></AwardTitle>
<AGENCY>NSF</AGENCY>
<AwardEffectiveDate>07/01/2018</AwardEffectiveDate>
<AwardExpirationDate>08/31/2023</AwardExpirationDate>
<AwardTotalIntnAmount>255278.00</AwardTotalIntnAmount>
<AwardAmount>255278</AwardAmount>
<AwardInstrument>
<Value>Continuing Grant</Value>
</AwardInstrument>
<Organization>
<Code>03040000</Code>
<Directorate>
<Abbreviation>MPS</Abbreviation>
<LongName>Direct For Mathematical &amp; Physical Scien</LongName>
</Directorate>
<Division>
<Abbreviation>DMS</Abbreviation>
<LongName>Division Of Mathematical Sciences</LongName>
</Division>
</Organization>
<ProgramOfficer>
<SignBlockName>Marian Bocea</SignBlockName>
<PO_EMAI>mbocea@nsf.gov</PO_EMAI>
<PO_PHON>7032922595</PO_PHON>
</ProgramOfficer>
<AbstractNarration><![CDATA[The study of operator algebras was begun by John von Neumann in the late 1920s with the aim of understanding quantum mechanics. Currently, there are two active areas of investigation of operator algebras---von Neumann algebras and C*-algebras. The project involves investigations into the classification of C*-algebras. Here a classification of a collection of complicated objects provides a simpler way to identify and distinguish between objects in the more complicated class. The classification theory for von Neumann algebras is relatively well developed. The classification was obtained by Connes (and others) in the 1970s. While on the C*-algebra side, it was only in the 1990s that one began to see rapid developments in classification theory. Since then, the classification of C*-algebras has blossomed into one of the central areas in the study of C*-algebras, and tremendous progress has been made in the last few years. The research in this project is to push the classification theory even further, and to seek more applications or interactions of the classification theory with other areas of mathematics, in particular with the study of dynamical systems.&lt;br/&gt;&lt;br/&gt;Compared to the classification of unital C*-algebras, the classification of non-unital C*-algebras is far from complete. The principal investigator plans to use the strategy and techniques from the classification of unital simple C*-algebras to push forward the classification program for non-unital simple C*-algebras. In particular, this involves showing that an abstract non-unital C*-algebra can be tracially approximated by certain concrete type I C*-algebras (the reduction theorem), developing a classification theory for this semi-concrete class of C*-algebras, and then studying how these might be put to work together to obtain a full classification for abstract non-unital C*-algebras. The other purpose of the proposed research program is to continue the investigation on the interplay between the classification program and study of dynamical systems. In particular, the principal investigator would like to continue the study on whether the zero mean topological dimension of the dynamical system (for an action of the group of integers, or of a more general amenable group) would be equivalent to the regularity property of the crossed product C*-algebras. The principal investigator also would like to investigate possible impacts of the recent classification results on the study of the underlying dynamical systems.&lt;br/&gt;&lt;br/&gt;This award reflects NSF's statutory mission and has been deemed worthy of support through evaluation using the Foundation's intellectual merit and broader impacts review criteria.]]></AbstractNarration>
<MinAmdLetterDate>04/05/2018</MinAmdLetterDate>
<MaxAmdLetterDate>02/28/2023</MaxAmdLetterDate>
<ARRAAmount/>
<TRAN_TYPE>Grant</TRAN_TYPE>
<CFDA_NUM>47.049</CFDA_NUM>
<NSF_PAR_USE_FLAG>1</NSF_PAR_USE_FLAG>
<FUND_AGCY_CODE>4900</FUND_AGCY_CODE>
<AWDG_AGCY_CODE>4900</AWDG_AGCY_CODE>
<AwardID>1800882</AwardID>
<Investigator>
<FirstName>Zhuang</FirstName>
<LastName>Niu</LastName>
<PI_MID_INIT/>
<PI_SUFX_NAME/>
<PI_FULL_NAME>Zhuang Niu</PI_FULL_NAME>
<EmailAddress><![CDATA[zniu@uwyo.edu]]></EmailAddress>
<NSF_ID>000654525</NSF_ID>
<StartDate>04/05/2018</StartDate>
<EndDate/>
<RoleCode>Principal Investigator</RoleCode>
</Investigator>
<Institution>
<Name><![CDATA[University of Wyoming]]></Name>
<CityName>LARAMIE</CityName>
<ZipCode>820712000</ZipCode>
<PhoneNumber>3077665320</PhoneNumber>
<StreetAddress><![CDATA[1000 E UNIVERSITY AVE DEPARTMENT]]></StreetAddress>
<StreetAddress2/>
<CountryName>United States</CountryName>
<StateName>Wyoming</StateName>
<StateCode>WY</StateCode>
<CONGRESSDISTRICT>00</CONGRESSDISTRICT>
<CONGRESS_DISTRICT_ORG>WY00</CONGRESS_DISTRICT_ORG>
<ORG_UEI_NUM>FDR5YF2K32X5</ORG_UEI_NUM>
<ORG_LGL_BUS_NAME>UNIVERSITY OF WYOMING</ORG_LGL_BUS_NAME>
<ORG_PRNT_UEI_NUM>FDR5YF2K32X5</ORG_PRNT_UEI_NUM>
</Institution>
<Performance_Institution>
<Name><![CDATA[University of Wyoming]]></Name>
<CityName>Laramie</CityName>
<StateCode>WY</StateCode>
<ZipCode>820712000</ZipCode>
<StreetAddress><![CDATA[1000 E University Ave]]></StreetAddress>
<CountryCode>US</CountryCode>
<CountryName>United States</CountryName>
<StateName>Wyoming</StateName>
<CountryFlag>1</CountryFlag>
<CONGRESSDISTRICT>00</CONGRESSDISTRICT>
<CONGRESS_DISTRICT_PERF>WY00</CONGRESS_DISTRICT_PERF>
</Performance_Institution>
<ProgramElement>
<Code>1281</Code>
<Text>ANALYSIS PROGRAM</Text>
</ProgramElement>
<ProgramReference>
<Code>9150</Code>
<Text>EXP PROG TO STIM COMP RES</Text>
</ProgramReference>
<Appropriation>
<Code>0118</Code>
<Name>NSF RESEARCH &amp; RELATED ACTIVIT</Name>
<APP_SYMB_ID>040100</APP_SYMB_ID>
</Appropriation>
<Appropriation>
<Code>0119</Code>
<Name>NSF RESEARCH &amp; RELATED ACTIVIT</Name>
<APP_SYMB_ID>040100</APP_SYMB_ID>
</Appropriation>
<Appropriation>
<Code>0120</Code>
<Name>NSF RESEARCH &amp; RELATED ACTIVIT</Name>
<APP_SYMB_ID>040100</APP_SYMB_ID>
</Appropriation>
<Fund>
<Code>01001819DB</Code>
<Name><![CDATA[NSF RESEARCH & RELATED ACTIVIT]]></Name>
<FUND_SYMB_ID>040100</FUND_SYMB_ID>
</Fund>
<Fund>
<Code>01001920DB</Code>
<Name><![CDATA[NSF RESEARCH & RELATED ACTIVIT]]></Name>
<FUND_SYMB_ID>040100</FUND_SYMB_ID>
</Fund>
<Fund>
<Code>01002021DB</Code>
<Name><![CDATA[NSF RESEARCH & RELATED ACTIVIT]]></Name>
<FUND_SYMB_ID>040100</FUND_SYMB_ID>
</Fund>
<FUND_OBLG>2018~84268</FUND_OBLG>
<FUND_OBLG>2019~86278</FUND_OBLG>
<FUND_OBLG>2020~84732</FUND_OBLG>
<POR>
<DRECONTENT><![CDATA[<div class="porColContainerWBG"> <div class="porContentCol"><div class="page" title="Page 2"> <div class="layoutArea"> <div class="column"> <p>A C*-algebra is a collection of bounded linear operators acting on a Hilbert space, closed under the adjoint operation and the norm topology. The study of C*-algebras was begun by John von Neumann in the late 1920s with the aim of understanding quantum mechanics. The objective of this research project is to study the C*-algebras and their classification.</p> <p>&nbsp;</p> <p>Among th C*-algebras, there is a well-behaved class of C*-algebras which is called amenable, and the classification of amenable C*-algebras using K-theoretical invariant has been one of the central topics in the study of the C*-algebras in the last few dacades. It was known that in order to have a classification theorem using K-groups together with the pairing with trace simplex (the Elliott invariant), one then has to focuse on the C*-algebras which have the regularity property (Z-stability).</p> <p>&nbsp;</p> <p>The classification of unital Z-stable C*-algebras using the Elliott invariant was recently complete, and the main goal of the project is to push the classification theorem to the non-untal case, to identify Z-stability in the context of the naturally arising C*-algebras, and to study the structure of C*-algebras which are not necessarily Z-stable.</p> <p>&nbsp;</p> <div class="page" title="Page 14"> <div class="layoutArea"> <div class="column"> <p>Under the support of this grant, the classification of unital C*- algebras was pushed to the simple amenable separable KK-contractible&nbsp;Z-stable C*- algebras, which eventually led to the classification of arbitrary simple separable amenable non-unital&nbsp;Z-stable C*-algebras which satisfy the UCT. Also under the support of this grant, a uniform Rokhlin property and a relative comparison property were introduced, and they have been shown to be crucial properties for the study of transformation group C*-algebras. These two properties are satisfied by all free and minimal actions by&nbsp;Z^d, and it is plausible that they are satisfied by all free and minimal actions of a discrete amenable group.</p> <p>&nbsp;</p> <p>C*-algebras which are not covered by the classification theorem of&nbsp;Z-stable simple C*-algebras were also studied under the support of this grant. In partiucular, a classification theorem is obtained for Villadsen algebras, a class simple C*-algebras which are well-known to be non-Z-stable. The new ingrediant of the invaiant is the radius of comparison, and we hope this classification result can eventually lead us to the classification of general (not necessarily Z-stable) amenable C*-algebras using Cuntz semigroup.</p> </div> </div> </div> </div> </div> </div><br> <p>  Last Modified: 12/26/2023<br> Modified by: Zhuang&nbsp;Niu</p></div> <div class="porSideCol" ></div> </div>]]></DRECONTENT>
<POR_COPY_TXT><![CDATA[     A C*-algebra is a collection of bounded linear operators acting on a Hilbert space, closed under the adjoint operation and the norm topology. The study of C*-algebras was begun by John von Neumann in the late 1920s with the aim of understanding quantum mechanics. The objective of this research project is to study the C*-algebras and their classification.      Among th C*-algebras, there is a well-behaved class of C*-algebras which is called amenable, and the classification of amenable C*-algebras using K-theoretical invariant has been one of the central topics in the study of the C*-algebras in the last few dacades. It was known that in order to have a classification theorem using K-groups together with the pairing with trace simplex (the Elliott invariant), one then has to focuse on the C*-algebras which have the regularity property (Z-stability).      The classification of unital Z-stable C*-algebras using the Elliott invariant was recently complete, and the main goal of the project is to push the classification theorem to the non-untal case, to identify Z-stability in the context of the naturally arising C*-algebras, and to study the structure of C*-algebras which are not necessarily Z-stable.         Under the support of this grant, the classification of unital C*- algebras was pushed to the simple amenable separable KK-contractibleZ-stable C*- algebras, which eventually led to the classification of arbitrary simple separable amenable non-unitalZ-stable C*-algebras which satisfy the UCT. Also under the support of this grant, a uniform Rokhlin property and a relative comparison property were introduced, and they have been shown to be crucial properties for the study of transformation group C*-algebras. These two properties are satisfied by all free and minimal actions byZ^d, and it is plausible that they are satisfied by all free and minimal actions of a discrete amenable group.      C*-algebras which are not covered by the classification theorem ofZ-stable simple C*-algebras were also studied under the support of this grant. In partiucular, a classification theorem is obtained for Villadsen algebras, a class simple C*-algebras which are well-known to be non-Z-stable. The new ingrediant of the invaiant is the radius of comparison, and we hope this classification result can eventually lead us to the classification of general (not necessarily Z-stable) amenable C*-algebras using Cuntz semigroup.           Last Modified: 12/26/2023       Submitted by: ZhuangNiu]]></POR_COPY_TXT>
</POR>
</Award>
</rootTag>
