<?xml version="1.0" encoding="UTF-8"?>
<rootTag>
<Award>
<AwardTitle><![CDATA[Norco College Apprenticeship Program]]></AwardTitle>
<AGENCY>NSF</AGENCY>
<AwardEffectiveDate>07/01/2018</AwardEffectiveDate>
<AwardExpirationDate>06/30/2022</AwardExpirationDate>
<AwardTotalIntnAmount>595695.00</AwardTotalIntnAmount>
<AwardAmount>595695</AwardAmount>
<AwardInstrument>
<Value>Standard Grant</Value>
</AwardInstrument>
<Organization>
<Code>11040100</Code>
<Directorate>
<Abbreviation>EDU</Abbreviation>
<LongName>Directorate for STEM Education</LongName>
</Directorate>
<Division>
<Abbreviation>DUE</Abbreviation>
<LongName>Division Of Undergraduate Education</LongName>
</Division>
</Organization>
<ProgramOfficer>
<SignBlockName>Mary Crowe</SignBlockName>
<PO_EMAI>mcrowe@nsf.gov</PO_EMAI>
<PO_PHON>7032927177</PO_PHON>
</ProgramOfficer>
<AbstractNarration><![CDATA[Automation is affecting many sectors of the world economy, from transportation to manufacturing.  Such automation can result in loss of lower skill jobs, as well as create opportunities for new, often higher skill jobs.  Some studies suggest that more than 60% of the jobs in the inland region of southern California are automatable and, therefore at risk.  To buffer this potential job loss, the Riverside Community College District/Norco Campus will develop a work-based learning program in the field of advanced manufacturing automation.  This program will include accredited apprenticeships, coursework, certificates, and degree pathways. Apprenticeships are a potential solution for employers seeking to build their workforce and for students pursuing greater career opportunities. Norco College will establish and expand partnerships with employers and develop curriculum related to work-based learning and apprenticeship. This apprenticeship project aims to provide students with a foundation of technical knowledge in automation and manufacturing, as well as hands-on experiences in the industry.&lt;br/&gt;&lt;br/&gt;The project aims to respond to the need for highly-qualified technicians in automation by: (1) developing a comprehensive apprenticeship program to train technicians to fill emerging automation-related technical occupations; (2) building partnerships with industry to ensure industry needs are being met, and to increase employer engagement; (3) implementing new strategies to support student recruitment, retention, and completion targeting underrepresented student populations (including women); (4) supporting existing apprenticeship programs; and (5) encouraging the implementation of accredited apprenticeship programs nationwide.  These efforts will be coordinated with the state and federal apprenticeship agencies, the local Workforce Development Boards, and the California Community College system, with the goal of developing a systematic approach to apprenticeship opportunities in the region.  The project has the potential to draw new talent into industries that are struggling to overcome the skills-gap, while increasing participation of populations underrepresented in the automation manufacturing industries.&lt;br/&gt;&lt;br/&gt;This award reflects NSF's statutory mission and has been deemed worthy of support through evaluation using the Foundation's intellectual merit and broader impacts review criteria.]]></AbstractNarration>
<MinAmdLetterDate>04/05/2018</MinAmdLetterDate>
<MaxAmdLetterDate>04/05/2018</MaxAmdLetterDate>
<ARRAAmount/>
<TRAN_TYPE>Grant</TRAN_TYPE>
<CFDA_NUM>47.076</CFDA_NUM>
<NSF_PAR_USE_FLAG>1</NSF_PAR_USE_FLAG>
<FUND_AGCY_CODE>4900</FUND_AGCY_CODE>
<AWDG_AGCY_CODE>4900</AWDG_AGCY_CODE>
<AwardID>1800915</AwardID>
<Investigator>
<FirstName>Charles</FirstName>
<LastName>Henkels</LastName>
<PI_MID_INIT/>
<PI_SUFX_NAME/>
<PI_FULL_NAME>Charles Henkels</PI_FULL_NAME>
<EmailAddress><![CDATA[charles.henkels@norcocollege.edu]]></EmailAddress>
<NSF_ID>000751440</NSF_ID>
<StartDate>04/05/2018</StartDate>
<EndDate/>
<RoleCode>Principal Investigator</RoleCode>
</Investigator>
<Institution>
<Name>Riverside Community College District/Norco Campus</Name>
<CityName>NORCO</CityName>
<ZipCode>928602627</ZipCode>
<PhoneNumber>9512228464</PhoneNumber>
<StreetAddress>2001 THIRD ST</StreetAddress>
<StreetAddress2/>
<CountryName>United States</CountryName>
<StateName>California</StateName>
<StateCode>CA</StateCode>
<CONGRESSDISTRICT>42</CONGRESSDISTRICT>
<CONGRESS_DISTRICT_ORG>CA42</CONGRESS_DISTRICT_ORG>
<ORG_UEI_NUM>MLMNJLE5JJH9</ORG_UEI_NUM>
<ORG_LGL_BUS_NAME>RIVERSIDE COMMUNITY COLLEGE DISTRICT</ORG_LGL_BUS_NAME>
<ORG_PRNT_UEI_NUM/>
</Institution>
<Performance_Institution>
<Name><![CDATA[Riverside Community College District/Norco College]]></Name>
<CityName/>
<StateCode>CA</StateCode>
<ZipCode>928602600</ZipCode>
<StreetAddress/>
<CountryCode>US</CountryCode>
<CountryName>United States</CountryName>
<StateName>California</StateName>
<CountryFlag>1</CountryFlag>
<CONGRESSDISTRICT>42</CONGRESSDISTRICT>
<CONGRESS_DISTRICT_PERF>CA42</CONGRESS_DISTRICT_PERF>
</Performance_Institution>
<ProgramElement>
<Code>7412</Code>
<Text>Advanced Tech Education Prog</Text>
</ProgramElement>
<ProgramReference>
<Code>1032</Code>
<Text>ADVANCED TECHNOLOGY EDUCATION</Text>
</ProgramReference>
<ProgramReference>
<Code>9178</Code>
<Text>UNDERGRADUATE EDUCATION</Text>
</ProgramReference>
<ProgramReference>
<Code>SMET</Code>
<Text>SCIENCE, MATH, ENG &amp; TECH EDUCATION</Text>
</ProgramReference>
<Appropriation>
<Code>0418</Code>
<Name>NSF Education &amp; Human Resource</Name>
<APP_SYMB_ID>040106</APP_SYMB_ID>
</Appropriation>
<Fund>
<Code>04001819DB</Code>
<Name><![CDATA[NSF Education & Human Resource]]></Name>
<FUND_SYMB_ID>040106</FUND_SYMB_ID>
</Fund>
<FUND_OBLG>2018~595695</FUND_OBLG>
<POR>
<DRECONTENT><![CDATA[<div class="porColContainerWBG"> <div class="porContentCol"><p>The significant results of the program have been much better than anticipated although more than fifty percent of the grant was operated under the restrictions of the COVID 19 Pandemic. Overall, the program achieved very significant and important milestones since its inception. Some examples of the achievements include the following:</p> <p>-Created two apprenticeship certificates for apprentices to complete, Tech I and Tech II. These are additional certificates apprentices obtain as they finish their program at the college.&nbsp; During the grant period, 44 students completed college certificates alongside registered apprenticeship completeion certificates.</p> <p>-Created the APP-450 course for apprentices to support apprentices&rsquo; work experience needs, work with a faculty mentor and receive guidance for up to two years in the program.</p> <p>-Created a monthly virtual outreach and now a weekly info session where prospective apprentices come to learn the unique aspects and benefits of the apprenticeship program</p> <p>-Increased the number of large partnerships in the region with very important organizations that play a key role in the success of the program like the Riverside County America's Job Center, Target, &nbsp;California Employment Development Department (EDD), Inland Empire United Way/211, City of Corona Economic Development Department and many others</p> <p>-Developed a new apprentice file management and maintenance system to track progress and to achieve a higher level of compliance.</p> <p>-Developed a new system to enroll apprentices into the program and provides the various apprenticeship pathways to prospective apprentices.</p> <p>-Developed new guidelines to track the various procedures and systems required of the program. The guidelines can be modified as needed to meet new changes to the program.</p> <p>&nbsp;</p> <p>In addition to these programmatic achievements, the NCAP project also piloted a college-coordinated registered apprenticeship model that is now being used regionally across twelve partnering community colleges and five industry sectors.&nbsp; NCAP's work was instrumental in establishing a framework for colleges in California to serve apprentice students and to provide regional employers a streamlined process for plugging into the registered apprenticeship system.&nbsp; The model has effectively served large businesses while also establishing a system of aggregating smaller businesses into cluster-based apprenticeship committees.</p><br> <p>            Last Modified: 10/26/2022<br>      Modified by: Charles&nbsp;Henkels</p> </div> <div class="porSideCol"></div> </div>]]></DRECONTENT>
<POR_COPY_TXT><![CDATA[ The significant results of the program have been much better than anticipated although more than fifty percent of the grant was operated under the restrictions of the COVID 19 Pandemic. Overall, the program achieved very significant and important milestones since its inception. Some examples of the achievements include the following:  -Created two apprenticeship certificates for apprentices to complete, Tech I and Tech II. These are additional certificates apprentices obtain as they finish their program at the college.  During the grant period, 44 students completed college certificates alongside registered apprenticeship completeion certificates.  -Created the APP-450 course for apprentices to support apprentices’ work experience needs, work with a faculty mentor and receive guidance for up to two years in the program.  -Created a monthly virtual outreach and now a weekly info session where prospective apprentices come to learn the unique aspects and benefits of the apprenticeship program  -Increased the number of large partnerships in the region with very important organizations that play a key role in the success of the program like the Riverside County America's Job Center, Target,  California Employment Development Department (EDD), Inland Empire United Way/211, City of Corona Economic Development Department and many others  -Developed a new apprentice file management and maintenance system to track progress and to achieve a higher level of compliance.  -Developed a new system to enroll apprentices into the program and provides the various apprenticeship pathways to prospective apprentices.  -Developed new guidelines to track the various procedures and systems required of the program. The guidelines can be modified as needed to meet new changes to the program.     In addition to these programmatic achievements, the NCAP project also piloted a college-coordinated registered apprenticeship model that is now being used regionally across twelve partnering community colleges and five industry sectors.  NCAP's work was instrumental in establishing a framework for colleges in California to serve apprentice students and to provide regional employers a streamlined process for plugging into the registered apprenticeship system.  The model has effectively served large businesses while also establishing a system of aggregating smaller businesses into cluster-based apprenticeship committees.       Last Modified: 10/26/2022       Submitted by: Charles Henkels]]></POR_COPY_TXT>
</POR>
</Award>
</rootTag>
