<?xml version="1.0" encoding="UTF-8"?>
<rootTag>
<Award>
<AwardTitle><![CDATA[Research Initiation Award: Introducing Electrochemistry in Hydrophobic Media Using Weakly Coordinating Cations]]></AwardTitle>
<AGENCY>NSF</AGENCY>
<AwardEffectiveDate>08/01/2018</AwardEffectiveDate>
<AwardExpirationDate>07/31/2022</AwardExpirationDate>
<AwardTotalIntnAmount>299921.00</AwardTotalIntnAmount>
<AwardAmount>299921</AwardAmount>
<AwardInstrument>
<Value>Standard Grant</Value>
</AwardInstrument>
<Organization>
<Code>11060000</Code>
<Directorate>
<Abbreviation>EDU</Abbreviation>
<LongName>Directorate for STEM Education</LongName>
</Directorate>
<Division>
<Abbreviation>EES</Abbreviation>
<LongName>Div. of Equity for Excellence in STEM</LongName>
</Division>
</Organization>
<ProgramOfficer>
<SignBlockName>Leroy Jones II</SignBlockName>
<PO_EMAI>ljones@nsf.gov</PO_EMAI>
<PO_PHON>7032924684</PO_PHON>
</ProgramOfficer>
<AbstractNarration><![CDATA[The Historically Black Colleges and Universities-Undergraduate Program (HBCU-UP) Research Initiation Awards (RIAs) provide support to STEM faculty at HBCUs to pursue research at their home institution, at an NSF-funded Center, at a research intensive institution or at a national laboratory. The RIA projects are expected to help further the faculty member's research capability and effectiveness, to improve research and teaching at their home institution, and to involve undergraduate students in research experiences. With support from the National Science Foundation, an electrochemistry research program will be established at Albany State University (ASU) where teaching and research in this field are scant. Additionally, critical issues in sustainable energy research will be integrated into undergraduate education at this predominantly African American teaching institution, which serves mainly minority, underserved students. This program will link STEM education and research by integrating fundamental principles of electrochemistry with hands-on experience in renewable energy, to produce better learning outcomes and ensure success in both college and the job market for ASU graduates. &lt;br/&gt;&lt;br/&gt;The long term goal of this project is to address issues related to renewable energy and its safe and sustainable conversion and storage in batteries for use in appropriate devices. The researchers hypothesize that electrolytes that can be used in non-polar solvents could expand the ability to test other redox-active materials, which may improve the performance of Organic Radical Batteries (ORBs) and Organic Redox Flow Batteries (ORFBs). ORBs and ORFBs offer the possibility of manufacturing lightweight and flexible devices with comparable performance but better safety than lithium-based batteries and for which increasing demands exist already. A series of weakly coordinating anions (WCAs) and cations (WCCs) featuring polysubstituted tetraarylphosphonium/tetrakis(pentafluorophenyl)borate salts will be synthesized as novel electrolytes to enable electrochemistry in low-polarity media. Electrochemical measurement will then be conducted in non-polar solvents with electrolytes designed to be soluble in the solvents, having increased ion mobility and, therefore, improved relative conductivities. Pulse radiolysis experiments including time-resolved mid-infrared studies will be employed to determine redox potentials of redox-active molecules in non-polar solvents and, possibly to measure redox potentials in an electrolyte-free environment for the first time. Redox potential determinations in non-polar environments can be applied to a wider range of fields in science and engineering, including organic synthesis, petroleum handling in pipelines, energy, and biology. The energy community will benefit from the comprehensive results of this project as newly designed electrolytes and superior measurement of redox potentials will lead to a better understanding of energy storage by electron transfer, especially as ORBs and ORFBs. This project will be conducted in collaboration with the Brookhaven National Laboratory (BNL) and BNL's Laser Electron Accelerator Facility (LEAF).&lt;br/&gt;&lt;br/&gt;This award reflects NSF's statutory mission and has been deemed worthy of support through evaluation using the Foundation's intellectual merit and broader impacts review criteria.]]></AbstractNarration>
<MinAmdLetterDate>03/27/2018</MinAmdLetterDate>
<MaxAmdLetterDate>03/27/2018</MaxAmdLetterDate>
<ARRAAmount/>
<TRAN_TYPE>Grant</TRAN_TYPE>
<CFDA_NUM>47.076</CFDA_NUM>
<NSF_PAR_USE_FLAG>1</NSF_PAR_USE_FLAG>
<FUND_AGCY_CODE>4900</FUND_AGCY_CODE>
<AWDG_AGCY_CODE>4900</AWDG_AGCY_CODE>
<AwardID>1800854</AwardID>
<Investigator>
<FirstName>Ghislain</FirstName>
<LastName>Mandouma</LastName>
<PI_MID_INIT/>
<PI_SUFX_NAME/>
<PI_FULL_NAME>Ghislain Mandouma</PI_FULL_NAME>
<EmailAddress><![CDATA[gmandoum@asurams.edu]]></EmailAddress>
<NSF_ID>000688915</NSF_ID>
<StartDate>03/27/2018</StartDate>
<EndDate/>
<RoleCode>Principal Investigator</RoleCode>
</Investigator>
<Institution>
<Name><![CDATA[Albany State University]]></Name>
<CityName>ALBANY</CityName>
<ZipCode>317052717</ZipCode>
<PhoneNumber>2294302799</PhoneNumber>
<StreetAddress><![CDATA[504 COLLEGE DR]]></StreetAddress>
<StreetAddress2/>
<CountryName>United States</CountryName>
<StateName>Georgia</StateName>
<StateCode>GA</StateCode>
<CONGRESSDISTRICT>02</CONGRESSDISTRICT>
<CONGRESS_DISTRICT_ORG>GA02</CONGRESS_DISTRICT_ORG>
<ORG_UEI_NUM>JEJGGM9MT7V9</ORG_UEI_NUM>
<ORG_LGL_BUS_NAME>ALBANY STATE UNIVERSITY</ORG_LGL_BUS_NAME>
<ORG_PRNT_UEI_NUM/>
</Institution>
<Performance_Institution>
<Name><![CDATA[Albany State University]]></Name>
<CityName>Albany</CityName>
<StateCode>GA</StateCode>
<ZipCode>317052796</ZipCode>
<StreetAddress><![CDATA[504 College Drive]]></StreetAddress>
<CountryCode>US</CountryCode>
<CountryName>United States</CountryName>
<StateName>Georgia</StateName>
<CountryFlag>1</CountryFlag>
<CONGRESSDISTRICT>02</CONGRESSDISTRICT>
<CONGRESS_DISTRICT_PERF>GA02</CONGRESS_DISTRICT_PERF>
</Performance_Institution>
<ProgramElement>
<Code>1594</Code>
<Text>Hist Black Colleges and Univ</Text>
</ProgramElement>
<ProgramReference>
<Code>9178</Code>
<Text>UNDERGRADUATE EDUCATION</Text>
</ProgramReference>
<ProgramReference>
<Code>9264</Code>
<Text>RESEARCH INITIATION AWARD</Text>
</ProgramReference>
<Appropriation>
<Code>0418</Code>
<Name>NSF Education &amp; Human Resource</Name>
<APP_SYMB_ID>040106</APP_SYMB_ID>
</Appropriation>
<Fund>
<Code>04001819DB</Code>
<Name><![CDATA[NSF Education & Human Resource]]></Name>
<FUND_SYMB_ID>040106</FUND_SYMB_ID>
</Fund>
<FUND_OBLG>2018~299921</FUND_OBLG>
<POR>
<DRECONTENT><![CDATA[<div class="porColContainerWBG"> <div class="porContentCol"><p>The goal of this HBCU RIA project was to help further the PI's research capability and effectiveness, to improve research and teaching at Albany State University (ASU), and to involve undergraduate students in research experiences at ASU and Brookhaven National Laboratory (BNL). With support from NSF, an electrochemistry research program has been established at (ASU) and critical issues in sustainable energy research are integrated into undergraduate education at ASU, in collaboration with BNL. The link between STEM education in principles of electrochemistry and hands-on experience in renewable energy produced better learning outcomes for ASU students involved in the program and ensured their success in enrolling into medical/pharmacy schools, graduate schools and the workforce.</p> <p>The need for new types of electrolytes is driven by the ?battery revolution? of the last decades. Batteries, such as the ubiquitous Lithium-ion battery (LIB), are part of electrochemical energy storage (EES) systems that are necessary for achieving the full potential of integrating solar and wind power as part of the electric power grid. The development of novel systems capable of storing -and releasing when needed- the excess energy for immediate use offers promises of much improved energy density needed to power everything from high-mileage electric vehicles (EVs) to energy-hungry homes and businesses while also electrifying, and bringing development to large parts of the world at low cost. Battery technology is one of the important components in renewable energy to store produced energy. The performance of LIB is contingent to the electrolytes used. The electrolyte frequently used in LIB is carcinogenic and lithium is highly explosive with moisture. In order to address this pressing issue of battery safety, non-aqueous electrolytes are considered. Developments of novel electrolytes have impacts on many areas of sciences and technologies. We hypothesized that electrolytes that can be used in non-polar solvents could expand our ability to test other redox-active materials, which may improve the performance of other batteries or EES such as Organic Redox Flow Batteries (ORFBs). These offer the possibility of manufacturing lightweight and flexible devices with comparable performance but better safety than lithium-based batteries and, for which, increasing demands exist already. We planned to test this proposition by executing the following: 1) A series of substituted tetraarylphosphonium/tetrakis(pentafluoroaryl)borate (TAP<sup>R</sup>/TFAB where R is the substituent) salts was synthesized as novel electrolytes to enable electrochemistry in low-polarity media. 2) Electrochemical measurements were conducted in low-polarity solvents with electrolytes designed to be soluble, having increased ion mobility and improved limiting conductivities therein. The chemical push-pull between cation and anion afforded one highly conducting ion-pair in low-polarity solvents such as tetrahydrofuran (THF) and dichloromethane (DCM). This project led to the synthesis and characterization by X-ray single crystal structure (see image) of a novel TAP<sup>R</sup>/TFAB salt, the first of a new and versatile generation of supporting electrolytes which expands anodic applications by providing a dramatically different medium in which to generate positively charged electrolysis products The limiting conductivity value of the salt, namely tetra-<em>p</em>-methoxy-phenylphosphonium - tetrakis(pentafluorophenyl)borate or TAP<sup>R</sup>/TFAB (R = <em>p</em>-OCH<sub>3</sub>) was found to be in the range of the conductivity of lithium hexafluorophosphate (LiPF<sub>6</sub>), currently the electrolyte of choice in lithium-ion batteries (LIBs). This salt, and others being developed in our laboratory can potentially improve the efficiency and stability of batteries over the existing and commonly used electrolytes by optimizing conductivity tailored to the redox active molecules. Lithium hexafluorophosphate (LiPF<sub>6</sub>) is unstable with high voltage electrodes that are needed in order to achieve greater energy density. In contrast, the TAP<sup>R</sup>/TFAB (R = <em>p</em>-OCH<sub>3</sub>) salt proposed herein is stable, and has a good solubility profile in low-polarity solvents given its relatively great size. There?s already an increase in use of grid-independent, portable electrical devices that are slim, with tunable potentials such as a battery-on-the package that would be easy and ?green? to manufacture and to process, being made of resource-abundant organic material and environmentally friendly to dispose of. This novel TAP<sup>R</sup>/TFAB salt, in particular, constitutes a low-cost supporting electrolyte with improved performance that?s capable of bringing non-aqueous energy storage devices such as ORFBs to compete with existing technologies. Midway through the grant period, we were interrupted by the onset of Covid-19 pandemic. Pulse radiolysis experiments including time-resolved mid-infrared studies were to be employed to determine redox potentials of redox-active molecules in non-polar solvents and, possibly to measure redox potentials in an electrolyte-free environment for the first time. Redox potential determinations in non-polar environments can be applied to a wider range of fields in science and engineering, including organic synthesis, petroleum handling in pipelines, energy, and biology. With the future implementation of these studies, the energy community will benefit from the comprehensive results expected from this project as newly designed electrolytes and superior methods of measurement of redox potentials will lead to a better understanding of energy storage by electron transfer, especially as ORFBs.</p> <p>&nbsp;</p><br> <p>            Last Modified: 10/25/2022<br>      Modified by: Ghislain&nbsp;Mandouma</p> </div> <div class="porSideCol"> <div class="each-gallery"> <div class="galContent" id="gallery0"> <div class="photoCount" id="photoCount0">          Image         </div> <div class="galControls onePhoto" id="controls0"></div> <div class="galSlideshow" id="slideshow0"></div> <div class="galEmbox" id="embox"> <div class="image-title"></div> </div> </div> <div class="galNavigation onePhoto" id="navigation0"> <ul class="thumbs" id="thumbs0"> <li> <a href="/por/images/Reports/POR/2022/1800854/1800854_10536274_1666725408722_GM-B157mole--rgov-214x142.jpg" original="/por/images/Reports/POR/2022/1800854/1800854_10536274_1666725408722_GM-B157mole--rgov-800width.jpg" title="Crystal Structure of TAP(p-OMe)/TFAB"><img src="/por/images/Reports/POR/2022/1800854/1800854_10536274_1666725408722_GM-B157mole--rgov-66x44.jpg" alt="Crystal Structure of TAP(p-OMe)/TFAB"></a> <div class="imageCaptionContainer"> <div class="imageCaption">TAP(p-OMe)/TFAB as a novel electrolyte in low-polarity solvents (THF, DCM)</div> <div class="imageCredit">Ghislain Mandouma, John Bacsa</div> <div class="imagePermisssions">Public Domain</div> <div class="imageSubmitted">Ghislain&nbsp;Mandouma</div> <div class="imageTitle">Crystal Structure of TAP(p-OMe)/TFAB</div> </div> </li> </ul> </div> </div> </div> </div>]]></DRECONTENT>
<POR_COPY_TXT><![CDATA[ The goal of this HBCU RIA project was to help further the PI's research capability and effectiveness, to improve research and teaching at Albany State University (ASU), and to involve undergraduate students in research experiences at ASU and Brookhaven National Laboratory (BNL). With support from NSF, an electrochemistry research program has been established at (ASU) and critical issues in sustainable energy research are integrated into undergraduate education at ASU, in collaboration with BNL. The link between STEM education in principles of electrochemistry and hands-on experience in renewable energy produced better learning outcomes for ASU students involved in the program and ensured their success in enrolling into medical/pharmacy schools, graduate schools and the workforce.  The need for new types of electrolytes is driven by the ?battery revolution? of the last decades. Batteries, such as the ubiquitous Lithium-ion battery (LIB), are part of electrochemical energy storage (EES) systems that are necessary for achieving the full potential of integrating solar and wind power as part of the electric power grid. The development of novel systems capable of storing -and releasing when needed- the excess energy for immediate use offers promises of much improved energy density needed to power everything from high-mileage electric vehicles (EVs) to energy-hungry homes and businesses while also electrifying, and bringing development to large parts of the world at low cost. Battery technology is one of the important components in renewable energy to store produced energy. The performance of LIB is contingent to the electrolytes used. The electrolyte frequently used in LIB is carcinogenic and lithium is highly explosive with moisture. In order to address this pressing issue of battery safety, non-aqueous electrolytes are considered. Developments of novel electrolytes have impacts on many areas of sciences and technologies. We hypothesized that electrolytes that can be used in non-polar solvents could expand our ability to test other redox-active materials, which may improve the performance of other batteries or EES such as Organic Redox Flow Batteries (ORFBs). These offer the possibility of manufacturing lightweight and flexible devices with comparable performance but better safety than lithium-based batteries and, for which, increasing demands exist already. We planned to test this proposition by executing the following: 1) A series of substituted tetraarylphosphonium/tetrakis(pentafluoroaryl)borate (TAPR/TFAB where R is the substituent) salts was synthesized as novel electrolytes to enable electrochemistry in low-polarity media. 2) Electrochemical measurements were conducted in low-polarity solvents with electrolytes designed to be soluble, having increased ion mobility and improved limiting conductivities therein. The chemical push-pull between cation and anion afforded one highly conducting ion-pair in low-polarity solvents such as tetrahydrofuran (THF) and dichloromethane (DCM). This project led to the synthesis and characterization by X-ray single crystal structure (see image) of a novel TAPR/TFAB salt, the first of a new and versatile generation of supporting electrolytes which expands anodic applications by providing a dramatically different medium in which to generate positively charged electrolysis products The limiting conductivity value of the salt, namely tetra-p-methoxy-phenylphosphonium - tetrakis(pentafluorophenyl)borate or TAPR/TFAB (R = p-OCH3) was found to be in the range of the conductivity of lithium hexafluorophosphate (LiPF6), currently the electrolyte of choice in lithium-ion batteries (LIBs). This salt, and others being developed in our laboratory can potentially improve the efficiency and stability of batteries over the existing and commonly used electrolytes by optimizing conductivity tailored to the redox active molecules. Lithium hexafluorophosphate (LiPF6) is unstable with high voltage electrodes that are needed in order to achieve greater energy density. In contrast, the TAPR/TFAB (R = p-OCH3) salt proposed herein is stable, and has a good solubility profile in low-polarity solvents given its relatively great size. There?s already an increase in use of grid-independent, portable electrical devices that are slim, with tunable potentials such as a battery-on-the package that would be easy and ?green? to manufacture and to process, being made of resource-abundant organic material and environmentally friendly to dispose of. This novel TAPR/TFAB salt, in particular, constitutes a low-cost supporting electrolyte with improved performance that?s capable of bringing non-aqueous energy storage devices such as ORFBs to compete with existing technologies. Midway through the grant period, we were interrupted by the onset of Covid-19 pandemic. Pulse radiolysis experiments including time-resolved mid-infrared studies were to be employed to determine redox potentials of redox-active molecules in non-polar solvents and, possibly to measure redox potentials in an electrolyte-free environment for the first time. Redox potential determinations in non-polar environments can be applied to a wider range of fields in science and engineering, including organic synthesis, petroleum handling in pipelines, energy, and biology. With the future implementation of these studies, the energy community will benefit from the comprehensive results expected from this project as newly designed electrolytes and superior methods of measurement of redox potentials will lead to a better understanding of energy storage by electron transfer, especially as ORFBs.          Last Modified: 10/25/2022       Submitted by: Ghislain Mandouma]]></POR_COPY_TXT>
</POR>
</Award>
</rootTag>
