<?xml version="1.0" encoding="UTF-8"?>
<rootTag>
<Award>
<AwardTitle><![CDATA[Utility and Application of Unsaturated Acylammonium Salts in Organic Synthesis]]></AwardTitle>
<AGENCY>NSF</AGENCY>
<AwardEffectiveDate>07/15/2018</AwardEffectiveDate>
<AwardExpirationDate>06/30/2022</AwardExpirationDate>
<AwardTotalIntnAmount>479552.00</AwardTotalIntnAmount>
<AwardAmount>503790</AwardAmount>
<AwardInstrument>
<Value>Standard Grant</Value>
</AwardInstrument>
<Organization>
<Code>03090000</Code>
<Directorate>
<Abbreviation>MPS</Abbreviation>
<LongName>Direct For Mathematical &amp; Physical Scien</LongName>
</Directorate>
<Division>
<Abbreviation>CHE</Abbreviation>
<LongName>Division Of Chemistry</LongName>
</Division>
</Organization>
<ProgramOfficer>
<SignBlockName>Paul Blakemore</SignBlockName>
<PO_EMAI/>
<PO_PHON/>
</ProgramOfficer>
<AbstractNarration><![CDATA[With this award, funded by the Chemical Synthesis Program of the Chemistry Division, Prof. Daniel Romo of Baylor University is developing "cascade" reactions that occur sequentially and rapidly build up structural complexity in organic molecules. As co-PI, Professor Dean Tanillo of the University of California, Davis, is studying the mechanistic details that provide for selectivity in the reactions developed in the Romo lab. Modern day organic synthesis research seeks to develop reaction processes that generate multiple carbon-carbon, carbon-oxygen, and carbon-nitrogen bonds in a single operation, and with control of the 3-dimensionnal arrangement of atoms around carbon. This approach significantly increases the efficiency of the synthesis of a variety of molecules, including bioactive natural products and compounds of pharmaceutical interest, and provides access to molecular architectures not previously accessible. In this project, Dr. Romo is utilizing small organic molecules that serve as catalysts to activate substrates leading to initiation of various types of bond constructions with high selectivity. He is exploring a new activation mode that is already proving broadly useful for the development of novel cascade reactions, and greatly impacting efficiency in organic synthesis. Undergraduates working in the research group and in particular those associated with the "Baylor Undergraduate MiniPharma Program" that he initiated, are gaining teamwork and leadership experience, a taste of various aspects of chemical research relevant to the pharmaceutical industry, new research skills, and experience with state-of-the-art equipment, ultimately contributing to publishable research.&lt;br/&gt;&lt;br/&gt;Prof. Romo is pursuing a novel and broad design principle for organic synthesis based on readily generated chiral unsaturated acylammonium salts, significantly impacting the growing field of scalable, asymmetric organocatalysis. The organocascade processes he is studying include tandem reactions typically initiated by Michael additions (with carbon, nitrogen, and sulfur nucleophiles) that lead to highly practical, enantioselective synthetic routes to carbocycles and heterocycles commonly found in bioactive natural products and pharmaceuticals. Given the importance for organocascade catalysis, mechanistic studies of the various unsaturated acylammonium salt intermediates accessed in this research will be undertaken in collaboration with Prof. Tantillo. These collaborative studies are providing a greater understanding of the mode of activation and enantioselectivity observed with these chiral intermediates. The utility of the developed synthetic methods is being demonstrated by targeting natural products bearing beta-lactones. These in turn serve as proteomics probes with appropriate reporter tags for fundamental studies at the chemistry/biology interface with Prof. Stephan Sieber (Tech Univ of Munich, Germany). The Baylor Undergraduate MiniPharma Program enables undergraduates to get a 'taste' of the pharmaceutical industry by designing, synthesizing, and testing novel derivatives toward a common goal of identifying lead compounds for potential cancer treatment, including glioblastoma.&lt;br/&gt;&lt;br/&gt;This award reflects NSF's statutory mission and has been deemed worthy of support through evaluation using the Foundation's intellectual merit and broader impacts review criteria.]]></AbstractNarration>
<MinAmdLetterDate>06/27/2018</MinAmdLetterDate>
<MaxAmdLetterDate>07/11/2019</MaxAmdLetterDate>
<ARRAAmount/>
<TRAN_TYPE>Grant</TRAN_TYPE>
<CFDA_NUM>47.049</CFDA_NUM>
<NSF_PAR_USE_FLAG>1</NSF_PAR_USE_FLAG>
<FUND_AGCY_CODE>4900</FUND_AGCY_CODE>
<AWDG_AGCY_CODE>4900</AWDG_AGCY_CODE>
<AwardID>1800411</AwardID>
<Investigator>
<FirstName>Dean</FirstName>
<LastName>Tantillo</LastName>
<PI_MID_INIT>J</PI_MID_INIT>
<PI_SUFX_NAME/>
<PI_FULL_NAME>Dean J Tantillo</PI_FULL_NAME>
<EmailAddress><![CDATA[djtantillo@ucdavis.edu]]></EmailAddress>
<NSF_ID>000089995</NSF_ID>
<StartDate>06/27/2018</StartDate>
<EndDate/>
<RoleCode>Co-Principal Investigator</RoleCode>
</Investigator>
<Investigator>
<FirstName>Daniel</FirstName>
<LastName>Romo</LastName>
<PI_MID_INIT/>
<PI_SUFX_NAME/>
<PI_FULL_NAME>Daniel Romo</PI_FULL_NAME>
<EmailAddress><![CDATA[Daniel_Romo@baylor.edu]]></EmailAddress>
<NSF_ID>000373610</NSF_ID>
<StartDate>06/27/2018</StartDate>
<EndDate/>
<RoleCode>Principal Investigator</RoleCode>
</Investigator>
<Institution>
<Name>Baylor University</Name>
<CityName>WACO</CityName>
<ZipCode>767061003</ZipCode>
<PhoneNumber>2547103817</PhoneNumber>
<StreetAddress>700 S UNIVERSITY PARKS DR</StreetAddress>
<StreetAddress2/>
<CountryName>United States</CountryName>
<StateName>Texas</StateName>
<StateCode>TX</StateCode>
<CONGRESSDISTRICT>17</CONGRESSDISTRICT>
<CONGRESS_DISTRICT_ORG>TX17</CONGRESS_DISTRICT_ORG>
<ORG_UEI_NUM>C6T9BYG5EYX5</ORG_UEI_NUM>
<ORG_LGL_BUS_NAME>BAYLOR UNIVERSITY</ORG_LGL_BUS_NAME>
<ORG_PRNT_UEI_NUM/>
</Institution>
<Performance_Institution>
<Name><![CDATA[Baylor University]]></Name>
<CityName/>
<StateCode>TX</StateCode>
<ZipCode>767987046</ZipCode>
<StreetAddress/>
<CountryCode>US</CountryCode>
<CountryName>United States</CountryName>
<StateName>Texas</StateName>
<CountryFlag>1</CountryFlag>
<CONGRESSDISTRICT>17</CONGRESSDISTRICT>
<CONGRESS_DISTRICT_PERF>TX17</CONGRESS_DISTRICT_PERF>
</Performance_Institution>
<ProgramElement>
<Code>6878</Code>
<Text>Chemical Synthesis</Text>
</ProgramElement>
<ProgramReference>
<Code>8037</Code>
<Text>Advanced Manufacturing</Text>
</ProgramReference>
<Appropriation>
<Code>0118</Code>
<Name>NSF RESEARCH &amp; RELATED ACTIVIT</Name>
<APP_SYMB_ID>040100</APP_SYMB_ID>
</Appropriation>
<Appropriation>
<Code>0119</Code>
<Name>NSF RESEARCH &amp; RELATED ACTIVIT</Name>
<APP_SYMB_ID>040100</APP_SYMB_ID>
</Appropriation>
<Fund>
<Code>01001819DB</Code>
<Name><![CDATA[NSF RESEARCH & RELATED ACTIVIT]]></Name>
<FUND_SYMB_ID>040100</FUND_SYMB_ID>
</Fund>
<Fund>
<Code>01001920DB</Code>
<Name><![CDATA[NSF RESEARCH & RELATED ACTIVIT]]></Name>
<FUND_SYMB_ID>040100</FUND_SYMB_ID>
</Fund>
<FUND_OBLG>2018~479552</FUND_OBLG>
<FUND_OBLG>2019~24238</FUND_OBLG>
<POR>
<DRECONTENT><![CDATA[<div class="porColContainerWBG"> <div class="porContentCol"><p>This project was centered on the development of catalytic reactions employing chiral intermediates generated in situ that can then direct the synthesis of either enantiomer, right or left-handed molecule, of several all-carbon or mixed carbon-oxygen, carbon-nitrogen ring compounds based on the handedness of the catalyst employed. Importantly, the reaction types that we focused on involve cascading reactions that rapidly build molecular complexity by joining a series of reaction types leading to annulation of various onto simple, readily available starting materials.</p> <p>&nbsp;</p> <p>A productive collaboration with a computational chemist provides theoretical support and mechanistic insight which has guided optimization studies of these organocascade processes. In particular, the computational studies performed provided new insights in the reactivity of acylammonium salts and isothiourea catalysts employed, specifically on the balance of the stabilizing and destabilizing interactions atoms which has an impact on the conformation of these chiral intermediates and leads to the observed high levels of enantioselectivities.<br /><br />The PI has developed and directed a successful undergraduate training program in organic synthesis and medicinal chemistry (Undergraduate MiniPharma Research Program) in collaboration with Prof. Joe Taube (Baylor, Biology) that provides undergraduate students with the opportunity to experience team-work in a program that tries to emulate the pharmaceutical industry to the extent possible. The program has been successful in preparing undergraduates for scientific careers including Ph.D. programs, medical school, law school, and dental school. The PI has also participated in an instrumentation workshop for local PUI faculty and students and proposes to continue this outreach activity to enable local Texas undergraduates to gain hands-on experiment with state-of-the-art instrumentation not accessible in their home institutions.<br /><br /></p> <p>&nbsp;</p><br> <p>            Last Modified: 11/01/2022<br>      Modified by: Daniel&nbsp;Romo</p> </div> <div class="porSideCol"></div> </div>]]></DRECONTENT>
<POR_COPY_TXT><![CDATA[ This project was centered on the development of catalytic reactions employing chiral intermediates generated in situ that can then direct the synthesis of either enantiomer, right or left-handed molecule, of several all-carbon or mixed carbon-oxygen, carbon-nitrogen ring compounds based on the handedness of the catalyst employed. Importantly, the reaction types that we focused on involve cascading reactions that rapidly build molecular complexity by joining a series of reaction types leading to annulation of various onto simple, readily available starting materials.     A productive collaboration with a computational chemist provides theoretical support and mechanistic insight which has guided optimization studies of these organocascade processes. In particular, the computational studies performed provided new insights in the reactivity of acylammonium salts and isothiourea catalysts employed, specifically on the balance of the stabilizing and destabilizing interactions atoms which has an impact on the conformation of these chiral intermediates and leads to the observed high levels of enantioselectivities.  The PI has developed and directed a successful undergraduate training program in organic synthesis and medicinal chemistry (Undergraduate MiniPharma Research Program) in collaboration with Prof. Joe Taube (Baylor, Biology) that provides undergraduate students with the opportunity to experience team-work in a program that tries to emulate the pharmaceutical industry to the extent possible. The program has been successful in preparing undergraduates for scientific careers including Ph.D. programs, medical school, law school, and dental school. The PI has also participated in an instrumentation workshop for local PUI faculty and students and proposes to continue this outreach activity to enable local Texas undergraduates to gain hands-on experiment with state-of-the-art instrumentation not accessible in their home institutions.            Last Modified: 11/01/2022       Submitted by: Daniel Romo]]></POR_COPY_TXT>
</POR>
</Award>
</rootTag>
