<?xml version="1.0" encoding="UTF-8"?>
<rootTag>
<Award>
<AwardTitle><![CDATA[Collaborative Research: Transforming Teaching of Structural Analysis through Mobile Augmented Reality]]></AwardTitle>
<AGENCY>NSF</AGENCY>
<AwardEffectiveDate>02/01/2018</AwardEffectiveDate>
<AwardExpirationDate>07/31/2021</AwardExpirationDate>
<AwardTotalIntnAmount>30000.00</AwardTotalIntnAmount>
<AwardAmount>30000</AwardAmount>
<AwardInstrument>
<Value>Standard Grant</Value>
</AwardInstrument>
<Organization>
<Code>11040000</Code>
<Directorate>
<Abbreviation>EDU</Abbreviation>
<LongName>Directorate for STEM Education</LongName>
</Directorate>
<Division>
<Abbreviation>DUE</Abbreviation>
<LongName>Division Of Undergraduate Education</LongName>
</Division>
</Organization>
<ProgramOfficer>
<SignBlockName>Abby Ilumoka</SignBlockName>
<PO_EMAI>ailumoka@nsf.gov</PO_EMAI>
<PO_PHON>7032922703</PO_PHON>
</ProgramOfficer>
<AbstractNarration><![CDATA[Structural Analysis is an introductory core course that is taught in almost all civil engineering, architectural engineering, and construction undergraduate programs across the U.S. Previous research unveils students' deficits in understanding the behavior of structural elements in a three-dimensional (3D) context due to the shortcomings of traditional lecturing approaches. In particular, such approaches often put too much emphasis on the analysis of individual structural members, thereby falling short in providing a solid, easy-to-follow, and holistic approach to comprehending and analyzing complex structures with a large number of interconnected elements.  This research is transforming existing teaching pedagogy in structural analysis and filling a major gap in how structural engineering is currently taught to the nation's future workforce in U.S. institutions. &lt;br/&gt;&lt;br/&gt;In this project, mobile augmented reality (AR) is used to superimpose views of the real world with computer generated 3D models of structures under load. In doing so, the potential of AR for improving learning and increasing student engagement in the learning process is being systematically assessed.  Building upon theoretical perspectives on how people learn, this project is also examining if pedagogy involving AR creates an effective learning environment for students, as well as if it enhances adaptive flexibility, which is deemed to be essential to be a successful engineer in the 21st Century. The broader impacts of this project extend beyond its confines through outreach activities such as integrating AR technology into lower-level engineering courses that aim to increase the number of ethnically-diverse students pursuing STEM degrees.  The learning modules integrating AR into teaching of structural analysis will be made available online.  A website and online repository are to include specific details about the learning objectives, implementation procedures, and instructor reflections on things to consider while implementing the teaching techniques.  The developed software components and 3D models will be open source.]]></AbstractNarration>
<MinAmdLetterDate>01/24/2018</MinAmdLetterDate>
<MaxAmdLetterDate>01/24/2018</MaxAmdLetterDate>
<ARRAAmount/>
<TRAN_TYPE>Grant</TRAN_TYPE>
<CFDA_NUM>47.076</CFDA_NUM>
<NSF_PAR_USE_FLAG>1</NSF_PAR_USE_FLAG>
<FUND_AGCY_CODE>4900</FUND_AGCY_CODE>
<AWDG_AGCY_CODE>4900</AWDG_AGCY_CODE>
<AwardID>1800963</AwardID>
<Investigator>
<FirstName>Amir</FirstName>
<LastName>Behzadan</LastName>
<PI_MID_INIT>H</PI_MID_INIT>
<PI_SUFX_NAME/>
<PI_FULL_NAME>Amir H Behzadan</PI_FULL_NAME>
<EmailAddress><![CDATA[amir.behzadan@colorado.edu]]></EmailAddress>
<NSF_ID>000544302</NSF_ID>
<StartDate>01/24/2018</StartDate>
<EndDate/>
<RoleCode>Principal Investigator</RoleCode>
</Investigator>
<Institution>
<Name><![CDATA[Texas A&amp;M University]]></Name>
<CityName>COLLEGE STATION</CityName>
<ZipCode>778454375</ZipCode>
<PhoneNumber>9798626777</PhoneNumber>
<StreetAddress><![CDATA[400 HARVEY MITCHELL PKY S STE 30]]></StreetAddress>
<StreetAddress2/>
<CountryName>United States</CountryName>
<StateName>Texas</StateName>
<StateCode>TX</StateCode>
<CONGRESSDISTRICT>10</CONGRESSDISTRICT>
<CONGRESS_DISTRICT_ORG>TX10</CONGRESS_DISTRICT_ORG>
<ORG_UEI_NUM>JF6XLNB4CDJ5</ORG_UEI_NUM>
<ORG_LGL_BUS_NAME>TEXAS A &amp; M UNIVERSITY</ORG_LGL_BUS_NAME>
<ORG_PRNT_UEI_NUM>HH6VX5XDL284</ORG_PRNT_UEI_NUM>
</Institution>
<Performance_Institution>
<Name><![CDATA[Texas A&M University Main Campus]]></Name>
<CityName>College Station</CityName>
<StateCode>TX</StateCode>
<ZipCode>778433137</ZipCode>
<StreetAddress/>
<CountryCode>US</CountryCode>
<CountryName>United States</CountryName>
<StateName>Texas</StateName>
<CountryFlag>1</CountryFlag>
<CONGRESSDISTRICT>10</CONGRESSDISTRICT>
<CONGRESS_DISTRICT_PERF>TX10</CONGRESS_DISTRICT_PERF>
</Performance_Institution>
<ProgramElement>
<Code>1998</Code>
<Text>IUSE</Text>
</ProgramElement>
<ProgramReference>
<Code>8209</Code>
<Text>Improv Undergrad STEM Ed(IUSE)</Text>
</ProgramReference>
<ProgramReference>
<Code>8244</Code>
<Text>EHR CL Opportunities (NSF 14-302)</Text>
</ProgramReference>
<ProgramReference>
<Code>9178</Code>
<Text>UNDERGRADUATE EDUCATION</Text>
</ProgramReference>
<Appropriation>
<Code>0417</Code>
<Name>NSF Education &amp; Human Resource</Name>
<APP_SYMB_ID>040106</APP_SYMB_ID>
</Appropriation>
<Fund>
<Code>04001718DB</Code>
<Name><![CDATA[NSF Education & Human Resource]]></Name>
<FUND_SYMB_ID>040106</FUND_SYMB_ID>
</Fund>
<FUND_OBLG>2017~30000</FUND_OBLG>
<POR>
<DRECONTENT><![CDATA[<div class="porColContainerWBG"> <div class="porContentCol"><p class="p1">This collaborative project invovled three universities, namely Iowa State University (lead), Texas A&amp;M University, and Oregon State University. The main objective of this project was to design and test a pedagogical tool that used augmented reality (AR) to help students transfer what they learn in the classroom about the performance of structures under different loading conditions into real-world situations. The key intellectual merit of the project lies in the analysis of user study data with the goal of investigating the extent to which pedagogical applications involving AR impact student learning of structural analysis, and whether such applications could lead to higher degrees of student satisfaction and engagement in the learning process. The tangible outcome of this project is a mobile application, called iStructAR, which contains five AR-based learning modules, and can be downloaded by students and instructors as an iOS application. The learning modules focus on basic concepts taught in structural analysis, such as load type and structural response. The broader impacts of this project include the dissemination of results in peer-reviewed journal and conference articles, and several outreach activities invovling the integration of AR technology into lower-level engineering courses that aim to increase the number of underrepresented students pursuing STEM degrees.&nbsp;Beyond the immediate implications of this research in the field of structural analysis, effective teaching pedagogies utilizing AR in a classroom environment will allow for the use of AR in other disciplines where students are expected to learn and apply abstract engineering and scientific knowledge to practical scenarios.</p><br> <p>            Last Modified: 08/28/2021<br>      Modified by: Amir&nbsp;H&nbsp;Behzadan</p> </div> <div class="porSideCol"></div> </div>]]></DRECONTENT>
<POR_COPY_TXT><![CDATA[This collaborative project invovled three universities, namely Iowa State University (lead), Texas A&amp;M University, and Oregon State University. The main objective of this project was to design and test a pedagogical tool that used augmented reality (AR) to help students transfer what they learn in the classroom about the performance of structures under different loading conditions into real-world situations. The key intellectual merit of the project lies in the analysis of user study data with the goal of investigating the extent to which pedagogical applications involving AR impact student learning of structural analysis, and whether such applications could lead to higher degrees of student satisfaction and engagement in the learning process. The tangible outcome of this project is a mobile application, called iStructAR, which contains five AR-based learning modules, and can be downloaded by students and instructors as an iOS application. The learning modules focus on basic concepts taught in structural analysis, such as load type and structural response. The broader impacts of this project include the dissemination of results in peer-reviewed journal and conference articles, and several outreach activities invovling the integration of AR technology into lower-level engineering courses that aim to increase the number of underrepresented students pursuing STEM degrees. Beyond the immediate implications of this research in the field of structural analysis, effective teaching pedagogies utilizing AR in a classroom environment will allow for the use of AR in other disciplines where students are expected to learn and apply abstract engineering and scientific knowledge to practical scenarios.       Last Modified: 08/28/2021       Submitted by: Amir H Behzadan]]></POR_COPY_TXT>
</POR>
</Award>
</rootTag>
