<?xml version="1.0" encoding="UTF-8"?>
<rootTag>
<Award>
<AwardTitle><![CDATA[Research Initiation Award: Determining the Role of Cytoskeletal Proteins in the Fibrillation of Amyloid-beta Peptides in the presence of Tryptamines and Flavones]]></AwardTitle>
<AGENCY>NSF</AGENCY>
<AwardEffectiveDate>04/15/2018</AwardEffectiveDate>
<AwardExpirationDate>03/31/2022</AwardExpirationDate>
<AwardTotalIntnAmount>299294.00</AwardTotalIntnAmount>
<AwardAmount>299294</AwardAmount>
<AwardInstrument>
<Value>Standard Grant</Value>
</AwardInstrument>
<Organization>
<Code>11060000</Code>
<Directorate>
<Abbreviation>EDU</Abbreviation>
<LongName>Directorate for STEM Education</LongName>
</Directorate>
<Division>
<Abbreviation>EES</Abbreviation>
<LongName>Div. of Equity for Excellence in STEM</LongName>
</Division>
</Organization>
<ProgramOfficer>
<SignBlockName>Leroy Jones II</SignBlockName>
<PO_EMAI>ljones@nsf.gov</PO_EMAI>
<PO_PHON>7032924684</PO_PHON>
</ProgramOfficer>
<AbstractNarration><![CDATA[Research Initiation Awards provide support for junior and mid-career faculty at Historically Black Colleges and Universities who are building new research programs or redirecting and rebuilding existing programs. It is expected that the award helps to further the faculty member's research capability and effectiveness, improves research and teaching at the home institution, and involves undergraduate students in immersive research experiences. The award to Tougaloo College has the potential to broader impacts in a number of areas. This project will support active research-based laboratory programs by assisting in the development a molecular dynamics simulation lab, thereby enhancing the research infrastructure of the institution and expanding research opportunities for students.&lt;br/&gt;&lt;br/&gt;The goal of this study is to understand the structure and interactive dynamics of peptides and proteins which are responsible for dementia. The project integrates experimental and computational studies to understand the chaperone activities of the cytoskeletal proteins tubulin and actin on the aggregation of amyloid beta (Abeta) peptides, which compose the main component of neurodegenerative plaques in Alzheimer disease (AD). The proposed research will be performed with two distinct aims, which are to determine the link between the structural integrity of cytoskeletal proteins (tubulin and actin) and Abeta aggregation, and understanding the folding processes of full-length Abeta (1-42) and its smaller counterparts in the presence of mono and dihydroxyflavones as well as hydroxyl and methoxyl derivatives of tryptamine (serotonin and melatonin, respectively).&lt;br/&gt;&lt;br/&gt;This award reflects NSF's statutory mission and has been deemed worthy of support through evaluation using the Foundation's intellectual merit and broader impacts review criteria.]]></AbstractNarration>
<MinAmdLetterDate>04/03/2018</MinAmdLetterDate>
<MaxAmdLetterDate>10/17/2019</MaxAmdLetterDate>
<ARRAAmount/>
<TRAN_TYPE>Grant</TRAN_TYPE>
<CFDA_NUM>47.076</CFDA_NUM>
<NSF_PAR_USE_FLAG>1</NSF_PAR_USE_FLAG>
<FUND_AGCY_CODE>4900</FUND_AGCY_CODE>
<AWDG_AGCY_CODE>4900</AWDG_AGCY_CODE>
<AwardID>1800732</AwardID>
<Investigator>
<FirstName>Pradip</FirstName>
<LastName>Biswas</LastName>
<PI_MID_INIT/>
<PI_SUFX_NAME/>
<PI_FULL_NAME>Pradip Biswas</PI_FULL_NAME>
<EmailAddress><![CDATA[pbiswas@tougaloo.edu]]></EmailAddress>
<NSF_ID>000552508</NSF_ID>
<StartDate>10/17/2019</StartDate>
<EndDate/>
<RoleCode>Principal Investigator</RoleCode>
</Investigator>
<Investigator>
<FirstName>Bidisha</FirstName>
<LastName>Sengupta</LastName>
<PI_MID_INIT/>
<PI_SUFX_NAME/>
<PI_FULL_NAME>Bidisha Sengupta</PI_FULL_NAME>
<EmailAddress><![CDATA[bidisha.sengupta@sfasu.edu]]></EmailAddress>
<NSF_ID>000592486</NSF_ID>
<StartDate>04/03/2018</StartDate>
<EndDate>10/17/2019</EndDate>
<RoleCode>Former Principal Investigator</RoleCode>
</Investigator>
<Institution>
<Name><![CDATA[Tougaloo College]]></Name>
<CityName>TOUGALOO</CityName>
<ZipCode>391749700</ZipCode>
<PhoneNumber>6019777700</PhoneNumber>
<StreetAddress><![CDATA[500 W COUNTY LINE RD]]></StreetAddress>
<StreetAddress2/>
<CountryName>United States</CountryName>
<StateName>Mississippi</StateName>
<StateCode>MS</StateCode>
<CONGRESSDISTRICT>02</CONGRESSDISTRICT>
<CONGRESS_DISTRICT_ORG>MS02</CONGRESS_DISTRICT_ORG>
<ORG_UEI_NUM>XELUC5A4AJQ7</ORG_UEI_NUM>
<ORG_LGL_BUS_NAME>TOUGALOO COLLEGE</ORG_LGL_BUS_NAME>
<ORG_PRNT_UEI_NUM>XELUC5A4AJQ7</ORG_PRNT_UEI_NUM>
</Institution>
<Performance_Institution>
<Name><![CDATA[Tougaloo College]]></Name>
<CityName/>
<StateCode>MS</StateCode>
<ZipCode>391749700</ZipCode>
<StreetAddress/>
<CountryCode>US</CountryCode>
<CountryName>United States</CountryName>
<StateName>Mississippi</StateName>
<CountryFlag>1</CountryFlag>
<CONGRESSDISTRICT>02</CONGRESSDISTRICT>
<CONGRESS_DISTRICT_PERF>MS02</CONGRESS_DISTRICT_PERF>
</Performance_Institution>
<ProgramElement>
<Code>1594</Code>
<Text>Hist Black Colleges and Univ</Text>
</ProgramElement>
<ProgramReference>
<Code>9178</Code>
<Text>UNDERGRADUATE EDUCATION</Text>
</ProgramReference>
<Appropriation>
<Code>0418</Code>
<Name>NSF Education &amp; Human Resource</Name>
<APP_SYMB_ID>040106</APP_SYMB_ID>
</Appropriation>
<Fund>
<Code>04001819DB</Code>
<Name><![CDATA[NSF Education & Human Resource]]></Name>
<FUND_SYMB_ID>040106</FUND_SYMB_ID>
</Fund>
<FUND_OBLG>2018~299294</FUND_OBLG>
<POR>
<DRECONTENT><![CDATA[<div class="porColContainerWBG"> <div class="porContentCol"><p>The overarching goals are looking at the influence of neurotransmitters, plant flavonols and tubulin protein on the rate of aggregation of amyloid beta (abeta) peptides. Aggregation takes place after the peptides are unfolded and the secondary structures cease to exist. Hence, we want to unravel the pathways to stabilize the secondary structures of the peptides.</p> <p>Continuing the study according to the proposed plan, we found a plant based chemical called curcumin which is present in the commonly used spice turmeric powder. 20 &micro;M Curcumin solution when added to a 25 &micro;M of abeta peptides, the secondary structures of the peptides were found to be stable for a long period of time (30 days). The control abeta solution lost its structure by 50% during the same period. Techniques used CD and fluorescence spectroscopy. Further studies are underway using curcumin and the neurotransmitter serotonin/melatonin to find out of any synergy if both curcumin and the neurotransmitters are mixed together with abeta peptides. This study has been carried out at Stephen F. Austin State University (SFASU) during the fall of 2021 when the lab was reopened after lockdown.</p> <p>Since the summer of 2019 we initiated a study using four vegetable juices (kale, dandelion, lettuce and spinach) on their neuroblastoma and anti-amyloid properties with undergraduate students and collaborators at Alcorn State University and Mississippi College. We found kale to contain a plant flavonoid kaempferol which influences the anti-neuroblastoma and anti-amyloid properties to a significant extent. Part of this study is published in the journal Nutrients (ISSN 2072-6643, impact factor 4.546).</p> <p><br />Earlier in the year of 2020, former PI and current collaborator at SFASU started to work on the DNA template silver nanoclusters to study the aggregation of abeta peptides. However due to the lab closing (lockdown), she had to cut short the study and carried out a collaborative study on the antobiofilm properties of the same nanoclusters with Mississippi State University instead. This lead to a novel finding which is published in the journal Molecules (ISSN 1420-3049, impact factor 3.267).</p><br> <p>            Last Modified: 09/24/2022<br>      Modified by: Pradip&nbsp;Biswas</p> </div> <div class="porSideCol"></div> </div>]]></DRECONTENT>
<POR_COPY_TXT><![CDATA[ The overarching goals are looking at the influence of neurotransmitters, plant flavonols and tubulin protein on the rate of aggregation of amyloid beta (abeta) peptides. Aggregation takes place after the peptides are unfolded and the secondary structures cease to exist. Hence, we want to unravel the pathways to stabilize the secondary structures of the peptides.  Continuing the study according to the proposed plan, we found a plant based chemical called curcumin which is present in the commonly used spice turmeric powder. 20 &micro;M Curcumin solution when added to a 25 &micro;M of abeta peptides, the secondary structures of the peptides were found to be stable for a long period of time (30 days). The control abeta solution lost its structure by 50% during the same period. Techniques used CD and fluorescence spectroscopy. Further studies are underway using curcumin and the neurotransmitter serotonin/melatonin to find out of any synergy if both curcumin and the neurotransmitters are mixed together with abeta peptides. This study has been carried out at Stephen F. Austin State University (SFASU) during the fall of 2021 when the lab was reopened after lockdown.  Since the summer of 2019 we initiated a study using four vegetable juices (kale, dandelion, lettuce and spinach) on their neuroblastoma and anti-amyloid properties with undergraduate students and collaborators at Alcorn State University and Mississippi College. We found kale to contain a plant flavonoid kaempferol which influences the anti-neuroblastoma and anti-amyloid properties to a significant extent. Part of this study is published in the journal Nutrients (ISSN 2072-6643, impact factor 4.546).   Earlier in the year of 2020, former PI and current collaborator at SFASU started to work on the DNA template silver nanoclusters to study the aggregation of abeta peptides. However due to the lab closing (lockdown), she had to cut short the study and carried out a collaborative study on the antobiofilm properties of the same nanoclusters with Mississippi State University instead. This lead to a novel finding which is published in the journal Molecules (ISSN 1420-3049, impact factor 3.267).       Last Modified: 09/24/2022       Submitted by: Pradip Biswas]]></POR_COPY_TXT>
</POR>
</Award>
</rootTag>
