<?xml version="1.0" encoding="UTF-8"?>
<rootTag>
<Award>
<AwardTitle><![CDATA[Controlling the energy flow in multi-component plasmonic structures for selective catalysis]]></AwardTitle>
<AGENCY>NSF</AGENCY>
<AwardEffectiveDate>09/01/2018</AwardEffectiveDate>
<AwardExpirationDate>08/31/2022</AwardExpirationDate>
<AwardTotalIntnAmount>446773.00</AwardTotalIntnAmount>
<AwardAmount>446773</AwardAmount>
<AwardInstrument>
<Value>Standard Grant</Value>
</AwardInstrument>
<Organization>
<Code>03090000</Code>
<Directorate>
<Abbreviation>MPS</Abbreviation>
<LongName>Direct For Mathematical &amp; Physical Scien</LongName>
</Directorate>
<Division>
<Abbreviation>CHE</Abbreviation>
<LongName>Division Of Chemistry</LongName>
</Division>
</Organization>
<ProgramOfficer>
<SignBlockName>Kenneth Moloy</SignBlockName>
<PO_EMAI>kmoloy@nsf.gov</PO_EMAI>
<PO_PHON>7032928441</PO_PHON>
</ProgramOfficer>
<AbstractNarration><![CDATA[Catalysts are materials that can activate a chemical transformation. The ability of catalysts to select a desired chemical product while avoiding undesired side reactions is a critical, but difficult objective. Making meaningful contributions in this direction would have a large impact on the field of chemical catalysis and across the field of chemistry generally. It was suggested recently that when illuminated with low intensity ultraviolet-visible light (i.e., from the Sun), small particles of silver and gold known as plasmonic metal nanoparticles can efficiently deposit energy into specific chemical transformations. This is in contrast to conventional, thermally-driven chemical reactions on metals where energy is indiscriminately distributed among every available reaction. In this project, Dr. Suljo Linic of the University of Michigan is developing an understanding of which physical properties govern the energy flow in plasmonic catalysts and how to control these properties. Developing these insights is critical for a targeted design of selective catalysts for specific chemical transformations. Dr. Linic is also engaged in a wide range of educational activities that build upon his research to promote engagement of students in science, technology, engineering and mathematics (STEM) disciplines. These activities include reaching out to high school and undergraduate students from underrepresented groups, as well as less conventional strategies aimed at improving the utilization of the World Wide Web in reaching students and the general public.&lt;br/&gt;&lt;br/&gt;With funding from the Chemical Catalysis Program of the Chemistry Division, Dr. Linic is developing a fundamental understanding of how electromagnetic energy flows through multicomponent plasmonic metal nanostructures. He is working on realizing the concept that light energy can be used to selectively activate specific chemical transformations by designing and controlling optical and electronic properties of multimetallic plasmonic nanostructures. He is testing the hypothesis that this objective can be accomplished by multicomponent plasmonic nanostructures with a relatively large plasmonic (Ag or Au) core (10s of nm), designed to harvest the resonant light energy, surrounded by a thin shell (~1 nm range) of a different material designed to drive specific chemical transformations using the harvested energy. He postulates that these structures would allow for complete control over the resonant energy flow at the nanoscale, funneling it efficiently into desired chemical transformations. He is employing a slate of characterization techniques including atomistic characterization of the geometric structure of the nanostructures, analysis of electronic and optical properties of the multicomponent plasmonic materials as well as vibrational and reaction spectroscopies.&lt;br/&gt;&lt;br/&gt;This award reflects NSF's statutory mission and has been deemed worthy of support through evaluation using the Foundation's intellectual merit and broader impacts review criteria.]]></AbstractNarration>
<MinAmdLetterDate>08/15/2018</MinAmdLetterDate>
<MaxAmdLetterDate>08/15/2018</MaxAmdLetterDate>
<ARRAAmount/>
<TRAN_TYPE>Grant</TRAN_TYPE>
<CFDA_NUM>47.049</CFDA_NUM>
<NSF_PAR_USE_FLAG>1</NSF_PAR_USE_FLAG>
<FUND_AGCY_CODE>4900</FUND_AGCY_CODE>
<AWDG_AGCY_CODE>4900</AWDG_AGCY_CODE>
<AwardID>1800197</AwardID>
<Investigator>
<FirstName>Suljo</FirstName>
<LastName>Linic</LastName>
<PI_MID_INIT/>
<PI_SUFX_NAME/>
<PI_FULL_NAME>Suljo Linic</PI_FULL_NAME>
<EmailAddress><![CDATA[linic@umich.edu]]></EmailAddress>
<NSF_ID>000227308</NSF_ID>
<StartDate>08/15/2018</StartDate>
<EndDate/>
<RoleCode>Principal Investigator</RoleCode>
</Investigator>
<Institution>
<Name><![CDATA[Regents of the University of Michigan - Ann Arbor]]></Name>
<CityName>ANN ARBOR</CityName>
<ZipCode>481091079</ZipCode>
<PhoneNumber>7347636438</PhoneNumber>
<StreetAddress><![CDATA[1109 GEDDES AVE, SUITE 3300]]></StreetAddress>
<StreetAddress2/>
<CountryName>United States</CountryName>
<StateName>Michigan</StateName>
<StateCode>MI</StateCode>
<CONGRESSDISTRICT>06</CONGRESSDISTRICT>
<CONGRESS_DISTRICT_ORG>MI06</CONGRESS_DISTRICT_ORG>
<ORG_UEI_NUM>GNJ7BBP73WE9</ORG_UEI_NUM>
<ORG_LGL_BUS_NAME>REGENTS OF THE UNIVERSITY OF MICHIGAN</ORG_LGL_BUS_NAME>
<ORG_PRNT_UEI_NUM/>
</Institution>
<Performance_Institution>
<Name><![CDATA[University of Michigan Ann Arbor]]></Name>
<CityName>Ann Arbor</CityName>
<StateCode>MI</StateCode>
<ZipCode>481092800</ZipCode>
<StreetAddress><![CDATA[2800 Plymouth Rd, Chemical Engr]]></StreetAddress>
<CountryCode>US</CountryCode>
<CountryName>United States</CountryName>
<StateName>Michigan</StateName>
<CountryFlag>1</CountryFlag>
<CONGRESSDISTRICT>06</CONGRESSDISTRICT>
<CONGRESS_DISTRICT_PERF>MI06</CONGRESS_DISTRICT_PERF>
</Performance_Institution>
<ProgramElement>
<Code>6884</Code>
<Text>Chemical Catalysis</Text>
</ProgramElement>
<ProgramReference>
<Code>7237</Code>
<Text>NANO NON-SOLIC SCI &amp; ENG AWD</Text>
</ProgramReference>
<ProgramReference>
<Code>8037</Code>
<Text>Advanced Manufacturing</Text>
</ProgramReference>
<ProgramReference>
<Code>8396</Code>
<Text>Clean Energy Technology</Text>
</ProgramReference>
<ProgramReference>
<Code>8398</Code>
<Text>Hydrocarbon Conversion</Text>
</ProgramReference>
<Appropriation>
<Code>0118</Code>
<Name>NSF RESEARCH &amp; RELATED ACTIVIT</Name>
<APP_SYMB_ID>040100</APP_SYMB_ID>
</Appropriation>
<Fund>
<Code>01001819DB</Code>
<Name><![CDATA[NSF RESEARCH & RELATED ACTIVIT]]></Name>
<FUND_SYMB_ID>040100</FUND_SYMB_ID>
</Fund>
<FUND_OBLG>2018~446773</FUND_OBLG>
<POR>
<DRECONTENT><![CDATA[<div class="porColContainerWBG"> <div class="porContentCol"><p>When illuminated with low intensity UV-vis light (e.g., solar light), plasmonic metal nanoparticles (mainly Ag and Au) can activate hot electron or hot hole-driven chemical reactions at meaningful rates (Nature Chemistry, 3, 467, 2011: Science, 339, 1590, 2013). These initial reports of LSPR-mediated chemistry and catalysis on plasmonic metal nanoparticles have led to a very vibrant new field of chemistry known as plasmonic catalysis.</p> <p>The extensive interest in the field is also rooted in the fact that in contrast to conventional, thermally-driven chemical reactions on metals where energy is indiscriminately dumped into every available reaction coordinate (and controlling product selectivity is very challenging), the LSPR-driven reactions offer the opportunity to efficiently deposit energy into select reaction coordinates. We hypothesize that this objective can be accomplished by developing bimetallic (hybrid) plasmonic nanoparticles with a relatively large plasmonic (Ag) core (10s of nm), designed to harvest the resonant light energy, surrounded by a thin shell (~ 1 nm range) of a different, more active metal to drive specific, desired chemical transformations using the harvested energy. We postulated that these structures would allow us to control the resonant energy flow at the nanoscale, funneling it efficiently into the energy of the desired chemical transformation. The central objective of this project was to study this plasmon-mediated energy transfer process, playing role in hybrid plasmonic materials where nanoscopic interfaces between different materials play critical role. We aimed to develop physical models that can capture the flow of optical energy in these hybrid plasmonic nanostructures.</p> <p>Our accomplishments included:</p> <ol> <li>Synthesis and characterization of multicomponent hybrid materials that contained plasmonic nanoparticles with structures engineered to allow us to study the plasmon mediated energy transfer at nanoscales. </li> <li>We developed insights into the critical factors that govern the flow of energy in these systems at nanoscales, which culminated in the development of simple mathematical models that can capture the physical behavior. </li> <li>We expanded the model employed to describe the flow of energy in hybrid plasmonic materials to optical cavities, where strong and weak light-matter interactions were analyzed. We studied the similarities and differences between the cavities and plasmonic structures. </li> <li>We established an outreach program where we go to underrepresented communities to discuss science and technology with high school students. This was mainly done through either formal or unformal events that include visits to local high schools. </li> <li>We engaged in less conventional strategies aimed at improving the utilization of the World Wide Web in reaching students and the general public.</li> </ol> <p>&nbsp;</p><br> <p>            Last Modified: 01/01/2023<br>      Modified by: Suljo&nbsp;Linic</p> </div> <div class="porSideCol"></div> </div>]]></DRECONTENT>
<POR_COPY_TXT><![CDATA[ When illuminated with low intensity UV-vis light (e.g., solar light), plasmonic metal nanoparticles (mainly Ag and Au) can activate hot electron or hot hole-driven chemical reactions at meaningful rates (Nature Chemistry, 3, 467, 2011: Science, 339, 1590, 2013). These initial reports of LSPR-mediated chemistry and catalysis on plasmonic metal nanoparticles have led to a very vibrant new field of chemistry known as plasmonic catalysis.  The extensive interest in the field is also rooted in the fact that in contrast to conventional, thermally-driven chemical reactions on metals where energy is indiscriminately dumped into every available reaction coordinate (and controlling product selectivity is very challenging), the LSPR-driven reactions offer the opportunity to efficiently deposit energy into select reaction coordinates. We hypothesize that this objective can be accomplished by developing bimetallic (hybrid) plasmonic nanoparticles with a relatively large plasmonic (Ag) core (10s of nm), designed to harvest the resonant light energy, surrounded by a thin shell (~ 1 nm range) of a different, more active metal to drive specific, desired chemical transformations using the harvested energy. We postulated that these structures would allow us to control the resonant energy flow at the nanoscale, funneling it efficiently into the energy of the desired chemical transformation. The central objective of this project was to study this plasmon-mediated energy transfer process, playing role in hybrid plasmonic materials where nanoscopic interfaces between different materials play critical role. We aimed to develop physical models that can capture the flow of optical energy in these hybrid plasmonic nanostructures.  Our accomplishments included:  Synthesis and characterization of multicomponent hybrid materials that contained plasmonic nanoparticles with structures engineered to allow us to study the plasmon mediated energy transfer at nanoscales.  We developed insights into the critical factors that govern the flow of energy in these systems at nanoscales, which culminated in the development of simple mathematical models that can capture the physical behavior.  We expanded the model employed to describe the flow of energy in hybrid plasmonic materials to optical cavities, where strong and weak light-matter interactions were analyzed. We studied the similarities and differences between the cavities and plasmonic structures.  We established an outreach program where we go to underrepresented communities to discuss science and technology with high school students. This was mainly done through either formal or unformal events that include visits to local high schools.  We engaged in less conventional strategies aimed at improving the utilization of the World Wide Web in reaching students and the general public.           Last Modified: 01/01/2023       Submitted by: Suljo Linic]]></POR_COPY_TXT>
</POR>
</Award>
</rootTag>
