<?xml version="1.0" encoding="UTF-8"?>
<rootTag>
<Award>
<AwardTitle><![CDATA[Molecular Dynamics of Chemical Reactions and Interactions at Liquid/Liquid Interfaces]]></AwardTitle>
<AGENCY>NSF</AGENCY>
<AwardEffectiveDate>08/01/2018</AwardEffectiveDate>
<AwardExpirationDate>07/31/2023</AwardExpirationDate>
<AwardTotalIntnAmount>390082.00</AwardTotalIntnAmount>
<AwardAmount>390082</AwardAmount>
<AwardInstrument>
<Value>Standard Grant</Value>
</AwardInstrument>
<Organization>
<Code>03090000</Code>
<Directorate>
<Abbreviation>MPS</Abbreviation>
<LongName>Direct For Mathematical &amp; Physical Scien</LongName>
</Directorate>
<Division>
<Abbreviation>CHE</Abbreviation>
<LongName>Division Of Chemistry</LongName>
</Division>
</Organization>
<ProgramOfficer>
<SignBlockName>Colby Foss</SignBlockName>
<PO_EMAI>cfoss@nsf.gov</PO_EMAI>
<PO_PHON>7032925327</PO_PHON>
</ProgramOfficer>
<AbstractNarration><![CDATA[Many important chemical reactions occur at the interface between water and organic liquids, such as oil. This interfacial environment is particularly challenging for computational simulations of chemical reactions because of the complexity of molecular interactions. With support from the Chemical Structure Dynamics and Mechanism A (CSDM-A) program in the Division of Chemistry, Professor Ilan Benjamin of the University of California at Santa Cruz is using sophisticated simulation tools to understand how a proton travels across the water-oil interface. The gained knowledge could impact research in the areas of chemical catalysis, clean energy production and storage.  It could also provide insight into understanding respiration and photosynthesis. The project provides students opportunities working at the interface of computational and experimental chemical research.  Professor Benjamin also works closely with students from underrepresented minority groups.  &lt;br/&gt;&lt;br/&gt;The project focuses on several elementary processes that are crucial for understanding recent experiments on proton transfer reactions at liquid interfaces. These elementary processes include 1) weak and strong acid ionization at the interface between water and several organic liquids; 2) proton transfer across the interface to a surface-active proton acceptor; and 3) proton transfer facilitated by a phase transfer catalyst. These processes are studied mainly using the empirical valence-bond methodology, which enables efficient examination of the complex interfacial system with sufficient statistical accuracy. Fundamental questions addressed include the molecular mechanism of the proton transfer, influence of surface fluctuations on transfer dynamics, and influence of external potential on the rate and thermodynamics of the proton transfer.&lt;br/&gt;&lt;br/&gt;This award reflects NSF's statutory mission and has been deemed worthy of support through evaluation using the Foundation's intellectual merit and broader impacts review criteria.]]></AbstractNarration>
<MinAmdLetterDate>07/29/2018</MinAmdLetterDate>
<MaxAmdLetterDate>07/29/2018</MaxAmdLetterDate>
<ARRAAmount/>
<TRAN_TYPE>Grant</TRAN_TYPE>
<CFDA_NUM>47.049</CFDA_NUM>
<NSF_PAR_USE_FLAG>1</NSF_PAR_USE_FLAG>
<FUND_AGCY_CODE>4900</FUND_AGCY_CODE>
<AWDG_AGCY_CODE>4900</AWDG_AGCY_CODE>
<AwardID>1800158</AwardID>
<Investigator>
<FirstName>Ilan</FirstName>
<LastName>Benjamin</LastName>
<PI_MID_INIT/>
<PI_SUFX_NAME/>
<PI_FULL_NAME>Ilan Benjamin</PI_FULL_NAME>
<EmailAddress><![CDATA[benjamin@chemistry.ucsc.edu]]></EmailAddress>
<NSF_ID>000204625</NSF_ID>
<StartDate>07/29/2018</StartDate>
<EndDate/>
<RoleCode>Principal Investigator</RoleCode>
</Investigator>
<Institution>
<Name><![CDATA[University of California-Santa Cruz]]></Name>
<CityName>SANTA CRUZ</CityName>
<ZipCode>950641077</ZipCode>
<PhoneNumber>8314595278</PhoneNumber>
<StreetAddress><![CDATA[1156 HIGH ST]]></StreetAddress>
<StreetAddress2/>
<CountryName>United States</CountryName>
<StateName>California</StateName>
<StateCode>CA</StateCode>
<CONGRESSDISTRICT>19</CONGRESSDISTRICT>
<CONGRESS_DISTRICT_ORG>CA19</CONGRESS_DISTRICT_ORG>
<ORG_UEI_NUM>VXUFPE4MCZH5</ORG_UEI_NUM>
<ORG_LGL_BUS_NAME>UNIVERSITY OF CALIFORNIA SANTA CRUZ</ORG_LGL_BUS_NAME>
<ORG_PRNT_UEI_NUM/>
</Institution>
<Performance_Institution>
<Name><![CDATA[University of California-Santa Cruz]]></Name>
<CityName>Santa Cruz</CityName>
<StateCode>CA</StateCode>
<ZipCode>950641077</ZipCode>
<StreetAddress><![CDATA[1156 High Street]]></StreetAddress>
<CountryCode>US</CountryCode>
<CountryName>United States</CountryName>
<StateName>California</StateName>
<CountryFlag>1</CountryFlag>
<CONGRESSDISTRICT>19</CONGRESSDISTRICT>
<CONGRESS_DISTRICT_PERF>CA19</CONGRESS_DISTRICT_PERF>
</Performance_Institution>
<ProgramElement>
<Code>9101</Code>
<Text>Chem Struct,Dynmcs&amp;Mechansms A</Text>
</ProgramElement>
<ProgramReference>
<Code>8084</Code>
<Text>CDS&amp;E</Text>
</ProgramReference>
<ProgramReference>
<Code>9263</Code>
<Text>COMPUTATIONAL SCIENCE &amp; ENGING</Text>
</ProgramReference>
<Appropriation>
<Code>0118</Code>
<Name>NSF RESEARCH &amp; RELATED ACTIVIT</Name>
<APP_SYMB_ID>040100</APP_SYMB_ID>
</Appropriation>
<Fund>
<Code>01001819DB</Code>
<Name><![CDATA[NSF RESEARCH & RELATED ACTIVIT]]></Name>
<FUND_SYMB_ID>040100</FUND_SYMB_ID>
</Fund>
<FUND_OBLG>2018~390082</FUND_OBLG>
<POR>
<DRECONTENT><![CDATA[<div class="porColContainerWBG"> <div class="porContentCol"><p>Many chemical reactions of importance to environmental sciences, energy storage, and catalysis occur at the interface between liquid water and organic solvents. Our work has provided a molecular-level detailed understanding of molecular interactions and reactivity at the interface.&nbsp; Advances in surface-specific experimental techniques have provided numerous new results on the spectroscopy and reactivity of chemical species at liquid interfaces. By direct comparison with experimental data, our project has provided a complementary understanding of these systems. Specifically, our work has provided new insight into the important problem of the mechanism of proton transfer across the water/oil interface. Understanding the mechanism of proton transport is crucial for several important technological goals such as clean energy production and storage, liquid/liquid extraction and for organic synthesis. Due to the proton&rsquo;s high affinity to water the transfer is typically facilitated electrochemically by an applied voltage or by the association of the proton with surface active or water-insoluble species with high affinity for protons or with the help of a Phase Transfer Catalyst. Our extensive molecular dynamics simulations have provided for the first time molecular level insight into the above mechanisms. We have shown that surface water structure plays an important role in facilitating the proton transfer and that taking this into account is important factor for the design of new catalysts and for the general understanding of chemical reactivity at the interface between water and oil. In addition to the broad impact on developing new technologies in area such as environmental chemistry, energy storage, and catalysis the graduate students working on this project receive training in theoretical and computational chemistry. The close collaboration with experimentalists provided additional benefits to the students working on this project.</p><br> <p>  Last Modified: 11/27/2023<br> Modified by: Ilan&nbsp;Benjamin</p></div> <div class="porSideCol" ></div> </div>]]></DRECONTENT>
<POR_COPY_TXT><![CDATA[  Many chemical reactions of importance to environmental sciences, energy storage, and catalysis occur at the interface between liquid water and organic solvents. Our work has provided a molecular-level detailed understanding of molecular interactions and reactivity at the interface. Advances in surface-specific experimental techniques have provided numerous new results on the spectroscopy and reactivity of chemical species at liquid interfaces. By direct comparison with experimental data, our project has provided a complementary understanding of these systems. Specifically, our work has provided new insight into the important problem of the mechanism of proton transfer across the water/oil interface. Understanding the mechanism of proton transport is crucial for several important technological goals such as clean energy production and storage, liquid/liquid extraction and for organic synthesis. Due to the protons high affinity to water the transfer is typically facilitated electrochemically by an applied voltage or by the association of the proton with surface active or water-insoluble species with high affinity for protons or with the help of a Phase Transfer Catalyst. Our extensive molecular dynamics simulations have provided for the first time molecular level insight into the above mechanisms. We have shown that surface water structure plays an important role in facilitating the proton transfer and that taking this into account is important factor for the design of new catalysts and for the general understanding of chemical reactivity at the interface between water and oil. In addition to the broad impact on developing new technologies in area such as environmental chemistry, energy storage, and catalysis the graduate students working on this project receive training in theoretical and computational chemistry. The close collaboration with experimentalists provided additional benefits to the students working on this project.     Last Modified: 11/27/2023       Submitted by: IlanBenjamin]]></POR_COPY_TXT>
</POR>
</Award>
</rootTag>
