<?xml version="1.0" encoding="UTF-8"?>
<rootTag>
<Award>
<AwardTitle><![CDATA[Semi-annual Workshop in Dynamical Systems and Related Topics at Penn State]]></AwardTitle>
<AGENCY>NSF</AGENCY>
<AwardEffectiveDate>10/01/2018</AwardEffectiveDate>
<AwardExpirationDate>09/30/2022</AwardExpirationDate>
<AwardTotalIntnAmount>39999.00</AwardTotalIntnAmount>
<AwardAmount>39999</AwardAmount>
<AwardInstrument>
<Value>Standard Grant</Value>
</AwardInstrument>
<Organization>
<Code>03040000</Code>
<Directorate>
<Abbreviation>MPS</Abbreviation>
<LongName>Direct For Mathematical &amp; Physical Scien</LongName>
</Directorate>
<Division>
<Abbreviation>DMS</Abbreviation>
<LongName>Division Of Mathematical Sciences</LongName>
</Division>
</Organization>
<ProgramOfficer>
<SignBlockName>Marian Bocea</SignBlockName>
<PO_EMAI>mbocea@nsf.gov</PO_EMAI>
<PO_PHON>7032922595</PO_PHON>
</ProgramOfficer>
<AbstractNarration><![CDATA[Katok DMS-1800679 &lt;br/&gt;&lt;br/&gt;This award provides funding for participants in ``Semi-annual Workshop in Dynamical Systems and Related Topics at Penn State'' for the three years 2018, 2019, and 2020. The workshop is devoted to recent developments in dynamical systems and many applications to other disciplines. The workshop has been funded by NSF for the past ten years. The workshop always attracts a considerable number of participants from other regions of the United States and other countries. Approximately 20 junior participants will be supported each year.&lt;br/&gt;&lt;br/&gt;More information will be made available at: https://math.psu.edu/dynsys/workshop&lt;br/&gt;&lt;br/&gt;This award reflects NSF's statutory mission and has been deemed worthy of support through evaluation using the Foundation's intellectual merit and broader impacts review criteria.]]></AbstractNarration>
<MinAmdLetterDate>11/30/2017</MinAmdLetterDate>
<MaxAmdLetterDate>05/24/2018</MaxAmdLetterDate>
<ARRAAmount/>
<TRAN_TYPE>Grant</TRAN_TYPE>
<CFDA_NUM>47.049</CFDA_NUM>
<NSF_PAR_USE_FLAG>1</NSF_PAR_USE_FLAG>
<FUND_AGCY_CODE>4900</FUND_AGCY_CODE>
<AWDG_AGCY_CODE>4900</AWDG_AGCY_CODE>
<AwardID>1800679</AwardID>
<Investigator>
<FirstName>Svetlana</FirstName>
<LastName>Katok</LastName>
<PI_MID_INIT/>
<PI_SUFX_NAME/>
<PI_FULL_NAME>Svetlana Katok</PI_FULL_NAME>
<EmailAddress><![CDATA[sxk37@psu.edu]]></EmailAddress>
<NSF_ID>000228322</NSF_ID>
<StartDate>05/24/2018</StartDate>
<EndDate/>
<RoleCode>Principal Investigator</RoleCode>
</Investigator>
<Investigator>
<FirstName>Svetlana</FirstName>
<LastName>Katok</LastName>
<PI_MID_INIT/>
<PI_SUFX_NAME/>
<PI_FULL_NAME>Svetlana Katok</PI_FULL_NAME>
<EmailAddress><![CDATA[sxk37@psu.edu]]></EmailAddress>
<NSF_ID>000228322</NSF_ID>
<StartDate>11/30/2017</StartDate>
<EndDate>05/24/2018</EndDate>
<RoleCode>Former Co-Principal Investigator</RoleCode>
</Investigator>
<Investigator>
<FirstName>Anatole</FirstName>
<LastName>Katok</LastName>
<PI_MID_INIT/>
<PI_SUFX_NAME/>
<PI_FULL_NAME>Anatole Katok</PI_FULL_NAME>
<EmailAddress><![CDATA[katok_a@math.psu.edu]]></EmailAddress>
<NSF_ID>000237237</NSF_ID>
<StartDate>11/30/2017</StartDate>
<EndDate>05/24/2018</EndDate>
<RoleCode>Former Principal Investigator</RoleCode>
</Investigator>
<Investigator>
<FirstName>Federico</FirstName>
<LastName>Rodriguez Hertz</LastName>
<PI_MID_INIT>J</PI_MID_INIT>
<PI_SUFX_NAME/>
<PI_FULL_NAME>Federico J Rodriguez Hertz</PI_FULL_NAME>
<EmailAddress><![CDATA[hertz@math.psu.edu]]></EmailAddress>
<NSF_ID>000600742</NSF_ID>
<StartDate>11/30/2017</StartDate>
<EndDate/>
<RoleCode>Co-Principal Investigator</RoleCode>
</Investigator>
<Investigator>
<FirstName>Yakov</FirstName>
<LastName>Pesin</LastName>
<PI_MID_INIT>B</PI_MID_INIT>
<PI_SUFX_NAME/>
<PI_FULL_NAME>Yakov B Pesin</PI_FULL_NAME>
<EmailAddress><![CDATA[pesin@math.psu.edu]]></EmailAddress>
<NSF_ID>000295371</NSF_ID>
<StartDate>11/30/2017</StartDate>
<EndDate/>
<RoleCode>Co-Principal Investigator</RoleCode>
</Investigator>
<Institution>
<Name><![CDATA[Pennsylvania State Univ University Park]]></Name>
<CityName>UNIVERSITY PARK</CityName>
<ZipCode>168021503</ZipCode>
<PhoneNumber>8148651372</PhoneNumber>
<StreetAddress><![CDATA[201 OLD MAIN]]></StreetAddress>
<StreetAddress2/>
<CountryName>United States</CountryName>
<StateName>Pennsylvania</StateName>
<StateCode>PA</StateCode>
<CONGRESSDISTRICT>15</CONGRESSDISTRICT>
<CONGRESS_DISTRICT_ORG>PA15</CONGRESS_DISTRICT_ORG>
<ORG_UEI_NUM>NPM2J7MSCF61</ORG_UEI_NUM>
<ORG_LGL_BUS_NAME>THE PENNSYLVANIA STATE UNIVERSITY</ORG_LGL_BUS_NAME>
<ORG_PRNT_UEI_NUM/>
</Institution>
<Performance_Institution>
<Name><![CDATA[Pennsylvania State University]]></Name>
<CityName>University Park</CityName>
<StateCode>PA</StateCode>
<ZipCode>168017000</ZipCode>
<StreetAddress/>
<CountryCode>US</CountryCode>
<CountryName>United States</CountryName>
<StateName>Pennsylvania</StateName>
<CountryFlag>1</CountryFlag>
<CONGRESSDISTRICT>15</CONGRESSDISTRICT>
<CONGRESS_DISTRICT_PERF>PA15</CONGRESS_DISTRICT_PERF>
</Performance_Institution>
<ProgramElement>
<Code>1281</Code>
<Text>ANALYSIS PROGRAM</Text>
</ProgramElement>
<ProgramReference>
<Code>7556</Code>
<Text>CONFERENCE AND WORKSHOPS</Text>
</ProgramReference>
<Appropriation>
<Code>0118</Code>
<Name>NSF RESEARCH &amp; RELATED ACTIVIT</Name>
<APP_SYMB_ID>040100</APP_SYMB_ID>
</Appropriation>
<Fund>
<Code>01001819DB</Code>
<Name><![CDATA[NSF RESEARCH & RELATED ACTIVIT]]></Name>
<FUND_SYMB_ID>040100</FUND_SYMB_ID>
</Fund>
<FUND_OBLG>2018~39999</FUND_OBLG>
<POR>
<DRECONTENT><![CDATA[<div class="porColContainerWBG"> <div class="porContentCol"><p><span><strong>Intellectual Merit. </strong>The Fall Workshop in Dynamical Systems and Related Topics represents Penn State's half of the Semiannual Workshop in Dynamical Systems and Related Topics, co-sponsored by the dynamics groups of Penn State and University of Maryland, College Park. The Penn State meeting takes place each fall since its inception in 1990, and the Maryland meeting is held each spring since 1992. These days they are major conferences in dynamical systems in the United States that attract many outstanding researchers as well as many young scientists, postdocs and graduate students. The talks given at these workshops cover essentially all areas of dynamics and represent the front line of research.</span></p> <p>Among the past speakers at the fall conference were prominent mathematicians such as A. Brown, V. Bergelson, D. Damjanovic, M. Denker, S. Dyatlov, M. Einsiedler, A. Eskin, B. Fayad, S. Filip, H. Furstenberg, M. Gerber, A. Gorodetski, S. Gouezel, S. B. Hasselblatt, H. Hofer, S. Jitomirskaya, R. Krikorian, E. Lindenstrauss, H. Oh, M. Pollicott, P. Sarnak, R. Spatzier, T. Tao, J.-P. Thouvenot, B. Weiss, A. Wilkinson, in addition to members of the Penn State and Maryland groups.</p> <p><span>In all our meetings we have &nbsp;included talks from widely varying areas of dynamical systems and related areas in geometry, analysis, topology, etc. </span>The highlights of 2019 and 2021 meetings were presentations of the 8th and the 10th Michael Brin Prize in Dynamical Systems to Sebastien Gouezel and Tim Austin, respectively. Saturday afternoon session of these meetings featured the award ceremony and two talks dedicated to the award winning work and other achievements of the winners given by prominent experts in the&#8192;field. The 2018 meeting was dedicated to the memory of Anatole Katok who was an initiator of the Penn State meetings as well as joint activity and collaboration between Penn State and Maryland dynamical groups. This meeting featured a Special Session: Inauguration of Anatole Katok Center for Dynamical Systems and Geometry. Additional funding for this meeting was provided by the Anatole Katok Center for Dynamical Systems and Geometry at Penn State, Eberly College of Science and Department of Mathematics at Penn State. The 2018 and 2020 meetings featured presentations of the 2nd and the 3rd Michael Brin Dynamical Systems Prize for Young Mathematicians to Alex Wright and Brandon Seward, and to Joel Moreira and talks by the winners. 2019 meeting featured Special Session on Katok-Spatzier Global Rigidity Conjecture, 2020 meeting featured Special Session "New trends in thermodynamic formalism", 2021 meeting held a Special session in memory of Viorel Nitica and a Special Session dedicated to the 15th anniversary of Journal of Modern Dynamics.</p> <p><span><strong>Broader Impact.</strong> A primary goal of our conference is to contribute to the training of graduate students and recent Ph.D.s and to their integration into the dynamics community.&nbsp;</span>Typically 15 to 20 graduate students attend the conference and 4 to 8 of them give short talks on the recommendation of their advisors. There are always solid groups of students from Penn State University and the University of Maryland, and recently also from Ohio State University, University of Houston, University of Michigan, Ann Arbor, and University of Chicago. Special efforts were made to attract female participants as well as members of underrepresented groups. Some of our meetings featured poster sessions where young participants presented their recent results. We generally schedule talks by students and recent Ph.D. recipients &nbsp;in parallel sessions, but never more than two speakers at a time. In organizing the conference a special attention is given to reimbursing expenses of graduate students and postdocs. In addition to the usual lodging coverage we provide the cost of transportation for junior participants driving in carpools.</p> <p>&nbsp;</p> <p>&nbsp;</p><br> <p>            Last Modified: 12/27/2022<br>      Modified by: Svetlana&nbsp;Katok</p> </div> <div class="porSideCol"></div> </div>]]></DRECONTENT>
<POR_COPY_TXT><![CDATA[ Intellectual Merit. The Fall Workshop in Dynamical Systems and Related Topics represents Penn State's half of the Semiannual Workshop in Dynamical Systems and Related Topics, co-sponsored by the dynamics groups of Penn State and University of Maryland, College Park. The Penn State meeting takes place each fall since its inception in 1990, and the Maryland meeting is held each spring since 1992. These days they are major conferences in dynamical systems in the United States that attract many outstanding researchers as well as many young scientists, postdocs and graduate students. The talks given at these workshops cover essentially all areas of dynamics and represent the front line of research.  Among the past speakers at the fall conference were prominent mathematicians such as A. Brown, V. Bergelson, D. Damjanovic, M. Denker, S. Dyatlov, M. Einsiedler, A. Eskin, B. Fayad, S. Filip, H. Furstenberg, M. Gerber, A. Gorodetski, S. Gouezel, S. B. Hasselblatt, H. Hofer, S. Jitomirskaya, R. Krikorian, E. Lindenstrauss, H. Oh, M. Pollicott, P. Sarnak, R. Spatzier, T. Tao, J.-P. Thouvenot, B. Weiss, A. Wilkinson, in addition to members of the Penn State and Maryland groups.  In all our meetings we have  included talks from widely varying areas of dynamical systems and related areas in geometry, analysis, topology, etc. The highlights of 2019 and 2021 meetings were presentations of the 8th and the 10th Michael Brin Prize in Dynamical Systems to Sebastien Gouezel and Tim Austin, respectively. Saturday afternoon session of these meetings featured the award ceremony and two talks dedicated to the award winning work and other achievements of the winners given by prominent experts in the&#8192;field. The 2018 meeting was dedicated to the memory of Anatole Katok who was an initiator of the Penn State meetings as well as joint activity and collaboration between Penn State and Maryland dynamical groups. This meeting featured a Special Session: Inauguration of Anatole Katok Center for Dynamical Systems and Geometry. Additional funding for this meeting was provided by the Anatole Katok Center for Dynamical Systems and Geometry at Penn State, Eberly College of Science and Department of Mathematics at Penn State. The 2018 and 2020 meetings featured presentations of the 2nd and the 3rd Michael Brin Dynamical Systems Prize for Young Mathematicians to Alex Wright and Brandon Seward, and to Joel Moreira and talks by the winners. 2019 meeting featured Special Session on Katok-Spatzier Global Rigidity Conjecture, 2020 meeting featured Special Session "New trends in thermodynamic formalism", 2021 meeting held a Special session in memory of Viorel Nitica and a Special Session dedicated to the 15th anniversary of Journal of Modern Dynamics.  Broader Impact. A primary goal of our conference is to contribute to the training of graduate students and recent Ph.D.s and to their integration into the dynamics community. Typically 15 to 20 graduate students attend the conference and 4 to 8 of them give short talks on the recommendation of their advisors. There are always solid groups of students from Penn State University and the University of Maryland, and recently also from Ohio State University, University of Houston, University of Michigan, Ann Arbor, and University of Chicago. Special efforts were made to attract female participants as well as members of underrepresented groups. Some of our meetings featured poster sessions where young participants presented their recent results. We generally schedule talks by students and recent Ph.D. recipients  in parallel sessions, but never more than two speakers at a time. In organizing the conference a special attention is given to reimbursing expenses of graduate students and postdocs. In addition to the usual lodging coverage we provide the cost of transportation for junior participants driving in carpools.             Last Modified: 12/27/2022       Submitted by: Svetlana Katok]]></POR_COPY_TXT>
</POR>
</Award>
</rootTag>
