<?xml version="1.0" encoding="UTF-8"?>
<rootTag>
<Award>
<AwardTitle><![CDATA[Molecular Rydberg Spectra Encode Intramolecular Dynamics]]></AwardTitle>
<AGENCY>NSF</AGENCY>
<AwardEffectiveDate>08/15/2018</AwardEffectiveDate>
<AwardExpirationDate>07/31/2022</AwardExpirationDate>
<AwardTotalIntnAmount>600000.00</AwardTotalIntnAmount>
<AwardAmount>600000</AwardAmount>
<AwardInstrument>
<Value>Standard Grant</Value>
</AwardInstrument>
<Organization>
<Code>03090000</Code>
<Directorate>
<Abbreviation>MPS</Abbreviation>
<LongName>Direct For Mathematical &amp; Physical Scien</LongName>
</Directorate>
<Division>
<Abbreviation>CHE</Abbreviation>
<LongName>Division Of Chemistry</LongName>
</Division>
</Organization>
<ProgramOfficer>
<SignBlockName>Colby Foss</SignBlockName>
<PO_EMAI>cfoss@nsf.gov</PO_EMAI>
<PO_PHON>7032925327</PO_PHON>
</ProgramOfficer>
<AbstractNarration><![CDATA[Molecules typically contain many electrons, and, being negatively charged, these electrons repel each other as they move in space. Electron-electron repulsion makes it difficult to calculate precisely the properties and behaviors of molecules, and remains one of the greatest challenges for the science of chemistry. With the support of the Chemical Structure, Dynamics and Mechanisms-A Program of the Division of Chemistry, Professor Robert Field and his research team at the Massachusetts Institute of Technology are using advanced laser and microwave spectroscopy techniques to prepare and interrogate what are called Rydberg molecules. A Rydberg molecule is a normal molecule in which one electron has been excited (by laser light) to such a high orbit that the system resembles a simple hydrogen atom (one negatively charged electron plus one positively charged proton). Because of their simplicity, Rydberg molecules can be modeled more accurately with theory, and it becomes possible to answer other questions with more accuracy, for example, how do electrons interact with light? Or how do electrons exchange energy with each other and with the positive-charged "ion core" of the molecule? This research project challenges conventional thinking about the structure of molecules and how they interact with light. The discoveries from this project may also have implications for the new field of quantum computing. The post-doctoral scientists and undergraduate researchers engaged in this project are gaining experience in both cutting-edge laser/microwave technology and computational chemistry. &lt;br/&gt;&lt;br/&gt;This project is focused on three experimental goals and targeted at answers to three fundamental questions. The feasibilities of the principal experimental components have been independently demonstrated. The experimental goals are: (i) to record Rydberg-Rydberg spectra at a spectral velocity of 100,000 resolution elements per second, organized and assigned by a suite of on-the-fly diagnostics; (ii) to exploit systematic spectroscopic access to core-nonpenetrating Rydberg states, bypassing a region of fast nonradiative decay previously deemed to be impassible (called the "zone of death"); (iii) to exploit superradiance on Rydberg-Rydberg transitions to obtain information about quantum many-body interactions.  If these experiments are successful, our methods and results will challenge spectroscopists to imagine and target new frontiers for the spectroscopy of gas phase molecules.   This project is leading to new methods for  the determination of multipole moments an polarizabilities of molecular-ions, which are essential to model dense plasmas, which are relevant to astrophysics and new technologies.  The refinement of Multi-channel Quantum Defect Theory promises a priori calibrated methods for production of state-selected molecular ions devise new classes of schemes for external control of molecular dynamics.&lt;br/&gt;&lt;br/&gt;This award reflects NSF's statutory mission and has been deemed worthy of support through evaluation using the Foundation's intellectual merit and broader impacts review criteria.]]></AbstractNarration>
<MinAmdLetterDate>07/27/2018</MinAmdLetterDate>
<MaxAmdLetterDate>07/27/2018</MaxAmdLetterDate>
<ARRAAmount/>
<TRAN_TYPE>Grant</TRAN_TYPE>
<CFDA_NUM>47.049</CFDA_NUM>
<NSF_PAR_USE_FLAG>1</NSF_PAR_USE_FLAG>
<FUND_AGCY_CODE>4900</FUND_AGCY_CODE>
<AWDG_AGCY_CODE>4900</AWDG_AGCY_CODE>
<AwardID>1800410</AwardID>
<Investigator>
<FirstName>Robert</FirstName>
<LastName>Field</LastName>
<PI_MID_INIT>W</PI_MID_INIT>
<PI_SUFX_NAME/>
<PI_FULL_NAME>Robert W Field</PI_FULL_NAME>
<EmailAddress><![CDATA[rwfield@mit.edu]]></EmailAddress>
<NSF_ID>000311245</NSF_ID>
<StartDate>07/27/2018</StartDate>
<EndDate/>
<RoleCode>Principal Investigator</RoleCode>
</Investigator>
<Institution>
<Name><![CDATA[Massachusetts Institute of Technology]]></Name>
<CityName>CAMBRIDGE</CityName>
<ZipCode>021394301</ZipCode>
<PhoneNumber>6172531000</PhoneNumber>
<StreetAddress><![CDATA[77 MASSACHUSETTS AVE]]></StreetAddress>
<StreetAddress2/>
<CountryName>United States</CountryName>
<StateName>Massachusetts</StateName>
<StateCode>MA</StateCode>
<CONGRESSDISTRICT>07</CONGRESSDISTRICT>
<CONGRESS_DISTRICT_ORG>MA07</CONGRESS_DISTRICT_ORG>
<ORG_UEI_NUM>E2NYLCDML6V1</ORG_UEI_NUM>
<ORG_LGL_BUS_NAME>MASSACHUSETTS INSTITUTE OF TECHNOLOGY</ORG_LGL_BUS_NAME>
<ORG_PRNT_UEI_NUM>E2NYLCDML6V1</ORG_PRNT_UEI_NUM>
</Institution>
<Performance_Institution>
<Name><![CDATA[MIT Department of Chemistry]]></Name>
<CityName>Cambridge</CityName>
<StateCode>MA</StateCode>
<ZipCode>021394307</ZipCode>
<StreetAddress><![CDATA[77 Mass. Ave., Room 6-219]]></StreetAddress>
<CountryCode>US</CountryCode>
<CountryName>United States</CountryName>
<StateName>Massachusetts</StateName>
<CountryFlag>1</CountryFlag>
<CONGRESSDISTRICT>07</CONGRESSDISTRICT>
<CONGRESS_DISTRICT_PERF>MA07</CONGRESS_DISTRICT_PERF>
</Performance_Institution>
<ProgramElement>
<Code>9101</Code>
<Text>Chem Struct,Dynmcs&amp;Mechansms A</Text>
</ProgramElement>
<ProgramReference>
<Code>057Z</Code>
<Text>(QL) Quantum Leap</Text>
</ProgramReference>
<ProgramReference>
<Code>9263</Code>
<Text>COMPUTATIONAL SCIENCE &amp; ENGING</Text>
</ProgramReference>
<Appropriation>
<Code>0118</Code>
<Name>NSF RESEARCH &amp; RELATED ACTIVIT</Name>
<APP_SYMB_ID>040100</APP_SYMB_ID>
</Appropriation>
<Fund>
<Code>01001819DB</Code>
<Name><![CDATA[NSF RESEARCH & RELATED ACTIVIT]]></Name>
<FUND_SYMB_ID>040100</FUND_SYMB_ID>
</Fund>
<FUND_OBLG>2018~600000</FUND_OBLG>
<POR>
<DRECONTENT><![CDATA[<div class="porColContainerWBG"> <div class="porContentCol"><p>My group&prime;s research is curiosity-based. We look for patterns. Why? Some patterns extend over an infinity of members. The goal is to go from a few pattern-defining observations to extrapolations to many members of the pattern.&nbsp; Sometimes a pattern breaks, either subtly or catastrophically. This pattern-breakage provides a glimpse of or a complete characterization of a previously neglected effect. The broken pattern can guide experiments to exploit previously unexpected or unimagined phenomena. <strong>The Spectra and Dynamics of Diatomic Molecules (Elsevier 2004).</strong></p> <p>&nbsp;</p> <p>Why is the head (coma) of a comet green and the tail white? &nbsp;<strong>Fluorescence and predissociation of C<sub>2 </sub>excited by solar radiation.</strong></p> <p>&nbsp;</p> <p>Why is there a change in the sulfur isotope ratios of minerals deposited before vs. after the Great Oxygenation Event when significant quantities of O<sub>2</sub> appeared in the Earth&prime;s atmosphere 2.5 billion years ago? Population is collisionally transferred from short-lived to longer-lived states. Long-lived states of S<sub>2</sub> are preferentially oxidized before being rained out of the O<sub>2</sub>-containing atmosphere. Why is collisional transfer into long-lived state isotopologue-speciific? <strong>Master Equation model, based on spectroscopic arcanae: perturbations and nuclear permutation symmetry of <sup>32</sup>S<sub>2</sub></strong>.</p> <p>&nbsp;</p> <p>When a molecule, NO for example, becomes highly energized, does it decay by fluorescence, by dissociation into&nbsp; N plus O, or by ionization into NO<sup>+</sup> plus an electron? How fast? What are the branching ratios among the products? What are the pre<em>dissociation</em> and auto<em>ionization</em> mechanisms of Rydberg states? Can these post-excitation processes be externally controlled and exploited, for example to prepare NO<sup>+</sup> in a single vibration-rotation state? <strong>Core-nonpenetrating Rydberg states of NO.</strong></p> <p>&nbsp;</p> <p>Small molecules are special because it has recently become possible to subject them to &ldquo;perfect&rdquo; experiments or calculations. <strong>Three-step excitation of g (</strong><strong>l=4) Rydberg states of NO.</strong></p> <p><strong>&nbsp;</strong></p> <p>Lambda doubling is an old but imperfectly understood phenomenon. Its origin is the interaction of &Lambda;&gt;0 states with energetically remote &Sigma;<sup>+</sup> and &Sigma;<sup>-</sup> states. <strong>The effects of</strong><strong> &Sigma;<sup>+</sup> and </strong><strong>&Sigma;<sup>- </sup>states are not equal and opposite.</strong></p> <p>&nbsp;</p><br> <p>            Last Modified: 09/09/2022<br>      Modified by: Robert&nbsp;W&nbsp;Field</p> </div> <div class="porSideCol"></div> </div>]]></DRECONTENT>
<POR_COPY_TXT><![CDATA[ My group&prime;s research is curiosity-based. We look for patterns. Why? Some patterns extend over an infinity of members. The goal is to go from a few pattern-defining observations to extrapolations to many members of the pattern.  Sometimes a pattern breaks, either subtly or catastrophically. This pattern-breakage provides a glimpse of or a complete characterization of a previously neglected effect. The broken pattern can guide experiments to exploit previously unexpected or unimagined phenomena. The Spectra and Dynamics of Diatomic Molecules (Elsevier 2004).     Why is the head (coma) of a comet green and the tail white?  Fluorescence and predissociation of C2 excited by solar radiation.     Why is there a change in the sulfur isotope ratios of minerals deposited before vs. after the Great Oxygenation Event when significant quantities of O2 appeared in the Earth&prime;s atmosphere 2.5 billion years ago? Population is collisionally transferred from short-lived to longer-lived states. Long-lived states of S2 are preferentially oxidized before being rained out of the O2-containing atmosphere. Why is collisional transfer into long-lived state isotopologue-speciific? Master Equation model, based on spectroscopic arcanae: perturbations and nuclear permutation symmetry of 32S2.     When a molecule, NO for example, becomes highly energized, does it decay by fluorescence, by dissociation into  N plus O, or by ionization into NO+ plus an electron? How fast? What are the branching ratios among the products? What are the predissociation and autoionization mechanisms of Rydberg states? Can these post-excitation processes be externally controlled and exploited, for example to prepare NO+ in a single vibration-rotation state? Core-nonpenetrating Rydberg states of NO.     Small molecules are special because it has recently become possible to subject them to "perfect" experiments or calculations. Three-step excitation of g (l=4) Rydberg states of NO.     Lambda doubling is an old but imperfectly understood phenomenon. Its origin is the interaction of &Lambda;&gt;0 states with energetically remote &Sigma;+ and &Sigma;- states. The effects of &Sigma;+ and &Sigma;- states are not equal and opposite.          Last Modified: 09/09/2022       Submitted by: Robert W Field]]></POR_COPY_TXT>
</POR>
</Award>
</rootTag>
