<?xml version="1.0" encoding="UTF-8"?>
<rootTag>
<Award>
<AwardTitle><![CDATA[Northeast Washington Geospatial Technician Education Project]]></AwardTitle>
<AGENCY>NSF</AGENCY>
<AwardEffectiveDate>09/01/2018</AwardEffectiveDate>
<AwardExpirationDate>08/31/2021</AwardExpirationDate>
<AwardTotalIntnAmount>224873.00</AwardTotalIntnAmount>
<AwardAmount>224873</AwardAmount>
<AwardInstrument>
<Value>Standard Grant</Value>
</AwardInstrument>
<Organization>
<Code>11040100</Code>
<Directorate>
<Abbreviation>EDU</Abbreviation>
<LongName>Directorate for STEM Education</LongName>
</Directorate>
<Division>
<Abbreviation>DUE</Abbreviation>
<LongName>Division Of Undergraduate Education</LongName>
</Division>
</Organization>
<ProgramOfficer>
<SignBlockName>Virginia Carter</SignBlockName>
<PO_EMAI>vccarter@nsf.gov</PO_EMAI>
<PO_PHON>7032924651</PO_PHON>
</ProgramOfficer>
<AbstractNarration><![CDATA[Rural Washington has a strong demand for environmental and natural resource technicians with knowledge and skills in geospatial tools, data, and analysis.  However, rural schools have challenges in meeting performance benchmarks in STEM disciplines needed for geospatial careers, including technical careers in environmental and natural resources. The reasons for lower rural school STEM outcomes are complex. Cited factors for lower rural school performance in preparing students for STEM career pathways include a fewer number of experienced STEM teachers, fewer resources, and geographic isolation. This project explores the opportunity to better leverage community college resources to overcome barriers of geographic isolation.  Specifically, the project aims to expand the number of rural high school teachers with training in geospatial applications that are relevant to the region.  In addition, it aims to increase dual-credit (high-school and college) geospatial courses offered in rural communities. &lt;br/&gt;&lt;br/&gt;This project will deliver geospatial professional development training to twelve high school teachers from four isolated rural school districts, with the potential to involve two additional districts. Three instructors from Spokane Community College who teach college-level courses in rural northeast Washington communities will join high school teachers as learners receiving professional development training, with the intent to expand the college's capacity to teach dual-credit courses on geospatial topics directly in rural communities. Over the course of the project, the PI and Co-PIs will deliver two 3-day workshops at one of five Spokane Community College rural (satellite) campus facilities. The participating high school teachers and rural college instructors will also receive additional resources to support independent exploration of geospatial tools, data, and applications for integration into their classroom teaching. These additional resources include the creation of locally relevant standards-mapped GIS learning activities for high school classrooms. Rural communities and industries can benefit from an expanded number of students who pursue STEM career pathways that prepare them for meaningful local job opportunities and support local workforce needs.&lt;br/&gt;&lt;br/&gt;This award reflects NSF's statutory mission and has been deemed worthy of support through evaluation using the Foundation's intellectual merit and broader impacts review criteria.]]></AbstractNarration>
<MinAmdLetterDate>06/12/2018</MinAmdLetterDate>
<MaxAmdLetterDate>06/12/2018</MaxAmdLetterDate>
<ARRAAmount/>
<TRAN_TYPE>Grant</TRAN_TYPE>
<CFDA_NUM>47.076</CFDA_NUM>
<NSF_PAR_USE_FLAG>1</NSF_PAR_USE_FLAG>
<FUND_AGCY_CODE>4900</FUND_AGCY_CODE>
<AWDG_AGCY_CODE>4900</AWDG_AGCY_CODE>
<AwardID>1800981</AwardID>
<Investigator>
<FirstName>Erin</FirstName>
<LastName>Rudders</LastName>
<PI_MID_INIT/>
<PI_SUFX_NAME/>
<PI_FULL_NAME>Erin Rudders</PI_FULL_NAME>
<EmailAddress><![CDATA[Erin.Rudders@scc.spokane.edu]]></EmailAddress>
<NSF_ID>000758203</NSF_ID>
<StartDate>06/12/2018</StartDate>
<EndDate/>
<RoleCode>Co-Principal Investigator</RoleCode>
</Investigator>
<Investigator>
<FirstName>David</FirstName>
<LastName>Stasney</LastName>
<PI_MID_INIT/>
<PI_SUFX_NAME/>
<PI_FULL_NAME>David Stasney</PI_FULL_NAME>
<EmailAddress><![CDATA[David.Stasney@scc.spokane.edu]]></EmailAddress>
<NSF_ID>000758202</NSF_ID>
<StartDate>06/12/2018</StartDate>
<EndDate/>
<RoleCode>Co-Principal Investigator</RoleCode>
</Investigator>
<Investigator>
<FirstName>Marilyn</FirstName>
<LastName>Nielson</LastName>
<PI_MID_INIT/>
<PI_SUFX_NAME/>
<PI_FULL_NAME>Marilyn Nielson</PI_FULL_NAME>
<EmailAddress><![CDATA[Marilyn.Nielson@scc.spokane.edu]]></EmailAddress>
<NSF_ID>000758201</NSF_ID>
<StartDate>06/12/2018</StartDate>
<EndDate/>
<RoleCode>Principal Investigator</RoleCode>
</Investigator>
<Institution>
<Name><![CDATA[Spokane Community College]]></Name>
<CityName>SPOKANE</CityName>
<ZipCode>992175320</ZipCode>
<PhoneNumber>5095367042</PhoneNumber>
<StreetAddress><![CDATA[1810 N GREENE ST]]></StreetAddress>
<StreetAddress2/>
<CountryName>United States</CountryName>
<StateName>Washington</StateName>
<StateCode>WA</StateCode>
<CONGRESSDISTRICT>05</CONGRESSDISTRICT>
<CONGRESS_DISTRICT_ORG>WA05</CONGRESS_DISTRICT_ORG>
<ORG_UEI_NUM>KX6BZ18NTL94</ORG_UEI_NUM>
<ORG_LGL_BUS_NAME>WASHINGTON STATE COMMUNITY COLLEGE DISTRICT 17</ORG_LGL_BUS_NAME>
<ORG_PRNT_UEI_NUM>KX6BZ18NTL94</ORG_PRNT_UEI_NUM>
</Institution>
<Performance_Institution>
<Name><![CDATA[Community College of Spokane]]></Name>
<CityName>Spokane</CityName>
<StateCode>WA</StateCode>
<ZipCode>992075520</ZipCode>
<StreetAddress><![CDATA[N 1810 Greene Ave]]></StreetAddress>
<CountryCode>US</CountryCode>
<CountryName>United States</CountryName>
<StateName>Washington</StateName>
<CountryFlag>1</CountryFlag>
<CONGRESSDISTRICT>05</CONGRESSDISTRICT>
<CONGRESS_DISTRICT_PERF>WA05</CONGRESS_DISTRICT_PERF>
</Performance_Institution>
<ProgramElement>
<Code>7412</Code>
<Text>Advanced Tech Education Prog</Text>
</ProgramElement>
<ProgramReference>
<Code>1032</Code>
<Text>ADVANCED TECHNOLOGY EDUCATION</Text>
</ProgramReference>
<ProgramReference>
<Code>9178</Code>
<Text>UNDERGRADUATE EDUCATION</Text>
</ProgramReference>
<ProgramReference>
<Code>SMET</Code>
<Text>SCIENCE, MATH, ENG &amp; TECH EDUCATION</Text>
</ProgramReference>
<Appropriation>
<Code>0418</Code>
<Name>NSF Education &amp; Human Resource</Name>
<APP_SYMB_ID>040106</APP_SYMB_ID>
</Appropriation>
<Fund>
<Code>04001819DB</Code>
<Name><![CDATA[NSF Education & Human Resource]]></Name>
<FUND_SYMB_ID>040106</FUND_SYMB_ID>
</Fund>
<FUND_OBLG>2018~224873</FUND_OBLG>
<POR>
<DRECONTENT><![CDATA[<div class="porColContainerWBG"> <div class="porContentCol"><p><strong>NWGETEP: Bringing geospatial learning to rural schools</strong></p> <p>The Northeast Washington Geospatial Environmental Technician Education Project (NWGETEP) brings geospatial learning from Spokane Community College to rural high schools in our service district. We provide training to high school teachers, develop regionally-relevant geospatial activities for classrooms, support career awareness, and advance career pathways from rural high schools into degree programs at SCC.</p> <p>During three years of funding, we trained 14 teachers from nine schools in our geospatial workshops and hosted 611 students at our annual career awareness event. We provided one-on-one mentoring to these teachers and developed 10 locally-tailored geospatial classroom activities. During 2020 alone, 262 rural high school students from mentored classrooms participated in geospatial learning activities. Based on self-assessment, high school teachers who participated in our workshops and students who engaged in geospatial learning reported increased skill and familiarity with geospatial concepts and their application.</p> <p>We began establishing pathways from rural high schools into our Environmental Sciences programs through dual credit coursework. SCC's Introduction to Geographic Information Systems (GIS) course was offered through Washington State's Running Start program as embedded dual credit in a pilot run at one small district. We moved forward with a special online section of Introduction to GIS for rural high school students through Running Start and further established dual-credit opportunities within high school classrooms through Washington State's CTE Dual Credit program.</p> <p>Although our project is not designed to examine avenues to teacher engagement, several of our experiences may help formulate testable hypotheses related to teacher participation learning novel technology. Within our cohort, schools with smaller class sizes, and newer teachers were more apt to use geospatial tools. This may rise from a teacher's openness to assimilate new technologies while building curriculum from the ground up. It may also reflect new teachers' relative comfort with app-based spatial tools like Google Maps. Small class sizes and the flexible teaching they allow for may be the reason that smaller schools more often used geospatial technologies.</p> <p>More teachers incorporated geospatial activities into classroom learning during 2020/2021 than 2019/2020. When learning moved online due to the pandemic, teachers adapted existing curriculum and adopted new activities. This opened a window for geospatial activities that enhanced and supported each teacher's content area. Mentoring and tailored activities provided by NWGETEP were essential for making this step into new technology.</p> <p>Teachers need the opportunity to explore their content area through geospatial technologies and these technologies should be presented as such a tool from their first introduction. When geospatial learning is seen as a technology used for the sake of learning about technology -&nbsp; we miss an opportunity. Just as "keyboarding" classes from the 1980's became irrelevant in a world saturated with computers, stand-alone geospatial lessons don't make sense where spatial data and its uses surround us daily. During 2020, as teachers searched for new ways to explore and deliver content online, maps and geospatial exploration became relevant and convenient.</p> <p>&nbsp;While NWGETEP continues to function beyond the NSF-funded period, our experiences with the project have shaped interest in increasing the accessibility of applied post-secondary environmental science education in rural areas. Moving forward, our intent is to develop additional pathways from rural high schools into SCC programs, to optimize learning modalities for delivery of hands-on skills to rural students, and to negotiate efficient transfer agreements from our technical programs into regional universities.</p><br> <p>            Last Modified: 11/22/2021<br>      Modified by: Marilyn&nbsp;Nielson</p> </div> <div class="porSideCol"> <div class="each-gallery"> <div class="galContent" id="gallery0"> <div class="photoCount" id="photoCount0">          Image         </div> <div class="galControls onePhoto" id="controls0"></div> <div class="galSlideshow" id="slideshow0"></div> <div class="galEmbox" id="embox"> <div class="image-title"></div> </div> </div> <div class="galNavigation onePhoto" id="navigation0"> <ul class="thumbs" id="thumbs0"> <li> <a href="/por/images/Reports/POR/2021/1800981/1800981_10549565_1637610650873_HSCareerDay--rgov-214x142.jpg" original="/por/images/Reports/POR/2021/1800981/1800981_10549565_1637610650873_HSCareerDay--rgov-800width.jpg" title="Geospatial Environmental Sciences Career Day"><img src="/por/images/Reports/POR/2021/1800981/1800981_10549565_1637610650873_HSCareerDay--rgov-66x44.jpg" alt="Geospatial Environmental Sciences Career Day"></a> <div class="imageCaptionContainer"> <div class="imageCaption">Students participate in a geographic information systems (GIS) activity during our 2019 event.</div> <div class="imageCredit">Janelle Earle</div> <div class="imagePermisssions">Copyrighted</div> <div class="imageSubmitted">Marilyn&nbsp;Nielson</div> <div class="imageTitle">Geospatial Environmental Sciences Career Day</div> </div> </li> </ul> </div> </div> </div> </div>]]></DRECONTENT>
<POR_COPY_TXT><![CDATA[ NWGETEP: Bringing geospatial learning to rural schools  The Northeast Washington Geospatial Environmental Technician Education Project (NWGETEP) brings geospatial learning from Spokane Community College to rural high schools in our service district. We provide training to high school teachers, develop regionally-relevant geospatial activities for classrooms, support career awareness, and advance career pathways from rural high schools into degree programs at SCC.  During three years of funding, we trained 14 teachers from nine schools in our geospatial workshops and hosted 611 students at our annual career awareness event. We provided one-on-one mentoring to these teachers and developed 10 locally-tailored geospatial classroom activities. During 2020 alone, 262 rural high school students from mentored classrooms participated in geospatial learning activities. Based on self-assessment, high school teachers who participated in our workshops and students who engaged in geospatial learning reported increased skill and familiarity with geospatial concepts and their application.  We began establishing pathways from rural high schools into our Environmental Sciences programs through dual credit coursework. SCC's Introduction to Geographic Information Systems (GIS) course was offered through Washington State's Running Start program as embedded dual credit in a pilot run at one small district. We moved forward with a special online section of Introduction to GIS for rural high school students through Running Start and further established dual-credit opportunities within high school classrooms through Washington State's CTE Dual Credit program.  Although our project is not designed to examine avenues to teacher engagement, several of our experiences may help formulate testable hypotheses related to teacher participation learning novel technology. Within our cohort, schools with smaller class sizes, and newer teachers were more apt to use geospatial tools. This may rise from a teacher's openness to assimilate new technologies while building curriculum from the ground up. It may also reflect new teachers' relative comfort with app-based spatial tools like Google Maps. Small class sizes and the flexible teaching they allow for may be the reason that smaller schools more often used geospatial technologies.  More teachers incorporated geospatial activities into classroom learning during 2020/2021 than 2019/2020. When learning moved online due to the pandemic, teachers adapted existing curriculum and adopted new activities. This opened a window for geospatial activities that enhanced and supported each teacher's content area. Mentoring and tailored activities provided by NWGETEP were essential for making this step into new technology.  Teachers need the opportunity to explore their content area through geospatial technologies and these technologies should be presented as such a tool from their first introduction. When geospatial learning is seen as a technology used for the sake of learning about technology -  we miss an opportunity. Just as "keyboarding" classes from the 1980's became irrelevant in a world saturated with computers, stand-alone geospatial lessons don't make sense where spatial data and its uses surround us daily. During 2020, as teachers searched for new ways to explore and deliver content online, maps and geospatial exploration became relevant and convenient.   While NWGETEP continues to function beyond the NSF-funded period, our experiences with the project have shaped interest in increasing the accessibility of applied post-secondary environmental science education in rural areas. Moving forward, our intent is to develop additional pathways from rural high schools into SCC programs, to optimize learning modalities for delivery of hands-on skills to rural students, and to negotiate efficient transfer agreements from our technical programs into regional universities.       Last Modified: 11/22/2021       Submitted by: Marilyn Nielson]]></POR_COPY_TXT>
</POR>
</Award>
</rootTag>
