<?xml version="1.0" encoding="UTF-8"?>
<rootTag>
<Award>
<AwardTitle><![CDATA[Measure Rigidity and Smooth Dynamics]]></AwardTitle>
<AGENCY>NSF</AGENCY>
<AwardEffectiveDate>08/01/2018</AwardEffectiveDate>
<AwardExpirationDate>07/31/2022</AwardExpirationDate>
<AwardTotalIntnAmount>270000.00</AwardTotalIntnAmount>
<AwardAmount>270000</AwardAmount>
<AwardInstrument>
<Value>Continuing Grant</Value>
</AwardInstrument>
<Organization>
<Code>03040000</Code>
<Directorate>
<Abbreviation>MPS</Abbreviation>
<LongName>Direct For Mathematical &amp; Physical Scien</LongName>
</Directorate>
<Division>
<Abbreviation>DMS</Abbreviation>
<LongName>Division Of Mathematical Sciences</LongName>
</Division>
</Organization>
<ProgramOfficer>
<SignBlockName>Marian Bocea</SignBlockName>
<PO_EMAI>mbocea@nsf.gov</PO_EMAI>
<PO_PHON>7032922595</PO_PHON>
</ProgramOfficer>
<AbstractNarration><![CDATA[This project deals with a long-standing problem related to randomness. Consider a ball on a frictionless table. If the ball is set in motion, it will travel forever, making perfectly elastic collisions with the walls. If the table is a square or an equilateral triangle, there are only two possible behaviors: either the ball repeats the same periodic path forever, or it travels completely randomly in the entire polygon, eventually visiting every part of the table. This project is directed toward the basic mathematical problem of understanding the behavior of a ball when the table is a more general polygon. This is a basic problem arising in physics and statistical mechanics. The PI and his collaborators will also study other systems with similar behaviour. &lt;br/&gt;&lt;br/&gt;The project concerns the study of measure rigidity for actions of non-abelian groups, in the general context of smooth ergodic theory. Measure rigidity is traditionally studied in the context of homogeneous dynamics. Some spectacular results, such as Ratner's theorem and other advances in this direction are at the heart of the subject and its many applications. In recent work with M. Mirzakhani and in part with A. Mohammadi, the PI was able to prove dynamical rigidity results similar to Ratner's theorem in the context of Teichmueller dynamics, which is a non-homogeneous setting (and is not conjecturally conjugate to a homogenous action). In joint work with E. Lindenstrauss, these ideas were used in the homogeneous dynamics setting to prove an improved version of the celebrated Benoist-Quint theorem. In this project, the PI intends to go beyond Teichmueller and homogeneous dynamics and prove similar rigidity theorems in the much more general setting of smooth dynamics. It is expected that the results will be applied to some explicit examples, without the need for perturbation. This should have some applications outside the field, for examples, to geometry and number theory.&lt;br/&gt;&lt;br/&gt;This award reflects NSF's statutory mission and has been deemed worthy of support through evaluation using the Foundation's intellectual merit and broader impacts review criteria.]]></AbstractNarration>
<MinAmdLetterDate>03/30/2018</MinAmdLetterDate>
<MaxAmdLetterDate>10/15/2020</MaxAmdLetterDate>
<ARRAAmount/>
<TRAN_TYPE>Grant</TRAN_TYPE>
<CFDA_NUM>47.049</CFDA_NUM>
<NSF_PAR_USE_FLAG>1</NSF_PAR_USE_FLAG>
<FUND_AGCY_CODE>4900</FUND_AGCY_CODE>
<AWDG_AGCY_CODE>4900</AWDG_AGCY_CODE>
<AwardID>1800646</AwardID>
<Investigator>
<FirstName>Alex</FirstName>
<LastName>Eskin</LastName>
<PI_MID_INIT/>
<PI_SUFX_NAME/>
<PI_FULL_NAME>Alex Eskin</PI_FULL_NAME>
<EmailAddress><![CDATA[eskin@math.uchicago.edu]]></EmailAddress>
<NSF_ID>000464991</NSF_ID>
<StartDate>03/30/2018</StartDate>
<EndDate/>
<RoleCode>Principal Investigator</RoleCode>
</Investigator>
<Institution>
<Name><![CDATA[University of Chicago]]></Name>
<CityName>CHICAGO</CityName>
<ZipCode>606375418</ZipCode>
<PhoneNumber>7737028669</PhoneNumber>
<StreetAddress><![CDATA[5801 S ELLIS AVE]]></StreetAddress>
<StreetAddress2/>
<CountryName>United States</CountryName>
<StateName>Illinois</StateName>
<StateCode>IL</StateCode>
<CONGRESSDISTRICT>01</CONGRESSDISTRICT>
<CONGRESS_DISTRICT_ORG>IL01</CONGRESS_DISTRICT_ORG>
<ORG_UEI_NUM>ZUE9HKT2CLC9</ORG_UEI_NUM>
<ORG_LGL_BUS_NAME>UNIVERSITY OF CHICAGO</ORG_LGL_BUS_NAME>
<ORG_PRNT_UEI_NUM>ZUE9HKT2CLC9</ORG_PRNT_UEI_NUM>
</Institution>
<Performance_Institution>
<Name><![CDATA[University of Chicago]]></Name>
<CityName>Chicago</CityName>
<StateCode>IL</StateCode>
<ZipCode>606375418</ZipCode>
<StreetAddress><![CDATA[5734 S. University Avenue]]></StreetAddress>
<CountryCode>US</CountryCode>
<CountryName>United States</CountryName>
<StateName>Illinois</StateName>
<CountryFlag>1</CountryFlag>
<CONGRESSDISTRICT>01</CONGRESSDISTRICT>
<CONGRESS_DISTRICT_PERF>IL01</CONGRESS_DISTRICT_PERF>
</Performance_Institution>
<ProgramElement>
<Code>1281</Code>
<Text>ANALYSIS PROGRAM</Text>
</ProgramElement>
<Appropriation>
<Code>0118</Code>
<Name>NSF RESEARCH &amp; RELATED ACTIVIT</Name>
<APP_SYMB_ID>040100</APP_SYMB_ID>
</Appropriation>
<Appropriation>
<Code>0120</Code>
<Name>NSF RESEARCH &amp; RELATED ACTIVIT</Name>
<APP_SYMB_ID>040100</APP_SYMB_ID>
</Appropriation>
<Fund>
<Code>01001819DB</Code>
<Name><![CDATA[NSF RESEARCH & RELATED ACTIVIT]]></Name>
<FUND_SYMB_ID>040100</FUND_SYMB_ID>
</Fund>
<Fund>
<Code>01002021DB</Code>
<Name><![CDATA[NSF RESEARCH & RELATED ACTIVIT]]></Name>
<FUND_SYMB_ID>040100</FUND_SYMB_ID>
</Fund>
<FUND_OBLG>2018~180000</FUND_OBLG>
<FUND_OBLG>2020~90000</FUND_OBLG>
<POR>
<DRECONTENT><![CDATA[<div class="porColContainerWBG"> <div class="porContentCol"><p>In mathematics, a dynamical system is a system in which a function describes the time dependence of a point in an ambient space. Some dynamical systems describe highly regular behavior. Others are completely chaotic. This project deals with a phenomenon called "measure rigidity" which may occur in some seemingly chaotic systems. If a dynamical system exhibits measure rigidity, then the system exhibits some hidden regularity, and if one looks properly, or asks the correct questions, interesting patterns can be observed.&nbsp;<br />In previous research, we dealt with a long-standing problem related to ergodicity or randomness. Consider a billiard ball on a frictionless polygonal table. If the ball is set in motion, it will travel forever, making perfectly elastic collisions with the walls. If the table is a square or an equilateral triangle, one can easily show that there are only two possible behaviors: either the ball repeats the same path forever,or it travels completely randomly in the entire polygon, eventually visiting the neighborhood of any point. In the past, we have studied the basic mathematical problem of understanding&nbsp; the behavior of a billiard ball in more general polygons. This becomes much more difficult because most polygons do not tile the plane.&nbsp;<br /><br />In the case where the&nbsp; angles of the polygon are rational,&nbsp; there are connections between this problem and other fields of mathematics, namely Lie groups and Teichmuller theory. A Lie group is a smooth manifold which admits a group operation, e.g.multiplication. The canonical example is the group SL(n,R}) of $n-by-n real matrices of determinant one. Lie groups arise in many different contexts, e.g. the study of symmetries, gauge theory etc.&nbsp; These groups also have interesting discrete subgroups. For example the group SL(n,Z) of n-by-n integer matrices is a discrete subgroup of SL(n,R). There are deep connections between the properties of these discrete groups and classical questions in number theory.</p> <p><br />Lie groups and their discrete subgroups give rise to dynamical systems which one may study from an ergodic point of view. The original "measure rigidity" phenomenon has been studied for these dynamical systems.&nbsp; For example, Raghunathan's conjectures, proved by Ratner ca. 1990, state that the orbit closures and the ergodic invariant measures are `` algebraic''. Even before Ratner's theorem was proved, Margulis used this circle of ideas to prove a long standing open problem in number theory: the Oppenheim conjecture on values of quadratic polynomials.</p> <p><br />In previous work, the PI (together with co-authors) was able to prove an analogue of Ratner's theorem for a dynamical system (called the SL(2,R) action on moduli space) which governs the dynamics of billiards in polygons. This shows that the SL(2,R) orbit closures are smooth (and not fractal) objects. Their classification is the subject of ongoing research, and is far from complete. During this project, some surprising new examples were found (jointly with co-authors). One of them has the following elementary (but hard to prove) consequence: Suppose one considers any quadrilateral with angles $(\pi/5,\pi/5,\pi/5,7\pi/5)$. Then, the periodic billiard trajectories in this polygon come in pairs, with the ratio of the length of the first to the length of the second equal to the golden mean.</p> <p><br />In the current project, we have discovered that the measure rigidity phenomenon is much more common than previously thought, and the ideas used to prove the above results can be applied to a wide variety of dynamical systems. This work is still in progress. One encouraging development is that this work brings together areas of the general field of dynamical systems that has previously been thought&nbsp; of as completely separate, and leads to a fruitful exchange of ideas between experts in different subfields.&nbsp;</p> <p>&nbsp;</p> <p>&nbsp;</p><br> <p>            Last Modified: 04/15/2023<br>      Modified by: Alex&nbsp;Eskin</p> </div> <div class="porSideCol"></div> </div>]]></DRECONTENT>
<POR_COPY_TXT><![CDATA[ In mathematics, a dynamical system is a system in which a function describes the time dependence of a point in an ambient space. Some dynamical systems describe highly regular behavior. Others are completely chaotic. This project deals with a phenomenon called "measure rigidity" which may occur in some seemingly chaotic systems. If a dynamical system exhibits measure rigidity, then the system exhibits some hidden regularity, and if one looks properly, or asks the correct questions, interesting patterns can be observed.  In previous research, we dealt with a long-standing problem related to ergodicity or randomness. Consider a billiard ball on a frictionless polygonal table. If the ball is set in motion, it will travel forever, making perfectly elastic collisions with the walls. If the table is a square or an equilateral triangle, one can easily show that there are only two possible behaviors: either the ball repeats the same path forever,or it travels completely randomly in the entire polygon, eventually visiting the neighborhood of any point. In the past, we have studied the basic mathematical problem of understanding  the behavior of a billiard ball in more general polygons. This becomes much more difficult because most polygons do not tile the plane.   In the case where the  angles of the polygon are rational,  there are connections between this problem and other fields of mathematics, namely Lie groups and Teichmuller theory. A Lie group is a smooth manifold which admits a group operation, e.g.multiplication. The canonical example is the group SL(n,R}) of $n-by-n real matrices of determinant one. Lie groups arise in many different contexts, e.g. the study of symmetries, gauge theory etc.  These groups also have interesting discrete subgroups. For example the group SL(n,Z) of n-by-n integer matrices is a discrete subgroup of SL(n,R). There are deep connections between the properties of these discrete groups and classical questions in number theory.   Lie groups and their discrete subgroups give rise to dynamical systems which one may study from an ergodic point of view. The original "measure rigidity" phenomenon has been studied for these dynamical systems.  For example, Raghunathan's conjectures, proved by Ratner ca. 1990, state that the orbit closures and the ergodic invariant measures are `` algebraic''. Even before Ratner's theorem was proved, Margulis used this circle of ideas to prove a long standing open problem in number theory: the Oppenheim conjecture on values of quadratic polynomials.   In previous work, the PI (together with co-authors) was able to prove an analogue of Ratner's theorem for a dynamical system (called the SL(2,R) action on moduli space) which governs the dynamics of billiards in polygons. This shows that the SL(2,R) orbit closures are smooth (and not fractal) objects. Their classification is the subject of ongoing research, and is far from complete. During this project, some surprising new examples were found (jointly with co-authors). One of them has the following elementary (but hard to prove) consequence: Suppose one considers any quadrilateral with angles $(\pi/5,\pi/5,\pi/5,7\pi/5)$. Then, the periodic billiard trajectories in this polygon come in pairs, with the ratio of the length of the first to the length of the second equal to the golden mean.   In the current project, we have discovered that the measure rigidity phenomenon is much more common than previously thought, and the ideas used to prove the above results can be applied to a wide variety of dynamical systems. This work is still in progress. One encouraging development is that this work brings together areas of the general field of dynamical systems that has previously been thought  of as completely separate, and leads to a fruitful exchange of ideas between experts in different subfields.              Last Modified: 04/15/2023       Submitted by: Alex Eskin]]></POR_COPY_TXT>
</POR>
</Award>
</rootTag>
