<?xml version="1.0" encoding="UTF-8"?>
<rootTag>
<Award>
<AwardTitle><![CDATA[Collaborative Research: Design and Study of Chalcogen-Containing Cationic Dyes for Photocatalysis]]></AwardTitle>
<AGENCY>NSF</AGENCY>
<AwardEffectiveDate>07/01/2018</AwardEffectiveDate>
<AwardExpirationDate>06/30/2022</AwardExpirationDate>
<AwardTotalIntnAmount>300000.00</AwardTotalIntnAmount>
<AwardAmount>300000</AwardAmount>
<AwardInstrument>
<Value>Standard Grant</Value>
</AwardInstrument>
<Organization>
<Code>03090000</Code>
<Directorate>
<Abbreviation>MPS</Abbreviation>
<LongName>Direct For Mathematical &amp; Physical Scien</LongName>
</Directorate>
<Division>
<Abbreviation>CHE</Abbreviation>
<LongName>Division Of Chemistry</LongName>
</Division>
</Organization>
<ProgramOfficer>
<SignBlockName>Kenneth Moloy</SignBlockName>
<PO_EMAI>kmoloy@nsf.gov</PO_EMAI>
<PO_PHON>7032928441</PO_PHON>
</ProgramOfficer>
<AbstractNarration><![CDATA[The development of methods to transform molecules into useful materials and products is a key challenge facing chemists. One common transformation is an oxidation reaction, where oxygen is added to or electrons are removed from a molecule. Oxidation reactions often rely on toxic reagents that produce a large amount of waste.  The use of molecular oxygen could reduce both the cost of these reactions and the amount of waste produced. Molecular oxygen is also abundant in air.  Scientists generally do not know how to use atmospheric oxygen to transform molecules into desired products. In this project, Dr. McCormick of Portland State University and Drs. Detty and Cook of the University at Buffalo are investigating dyes that can use energy from light to make desirable molecular transformations with atmospheric oxygen. By understanding how changing the structure of a dye influences its reactivity, it may be possible to control and target these oxidation reactions. Drs. McCormick, Detty, and Cook are dedicated to increasing education in areas of sustainability via the implementation of new courses. They provide research internships to students to increase their awareness of the impact of development on the environment and their role as scientists in creating sustainable solutions.  The curriculum revisions may increase student engagement in issues of sustainability and photochemistry. The modules are disseminated to allow schools across the country to adopt the curriculum, which focuses on on principles of green chemistry, environmental protection, and renewable energy. A more engaged and informed science workforce may be better able to solve current and future problems of sustainability.&lt;br/&gt;&lt;br/&gt;Drs. McCormick, Detty, and Cook are supported by the Chemical Catalysis Program of the Chemistry Division to investigate chalcogen-containing dyes as photosensitizers for photocatalytic redox reactions. The use of photo-induced redox catalysis for synthetic transformations is of interest due to its potential for the green production of small molecules at both laboratory and industrial scale. The interchange of the chalcogen atoms (O, S, or Se to Te) in the xanthylium or pyrylium core of the dyes allows control of redox behavior in the dyes, as well as wavelengths of absorption, fluorescence yields and lifetimes, and triplet yields and lifetimes. The chalcogen-containing dyes function as photo-oxidants in that the excited state can accept an electron to give a one-electron oxidation of a substrate. The excited state can also intersystem-cross from singlet to triplet and then interact with ground-state oxygen to generate singlet-oxygen, which can function as a potent oxidant.  This research may result in a decreased reliance on fossil fuels by providing a route to hydrogen peroxide production, decreasing carbon emissions.&lt;br/&gt;&lt;br/&gt;This award reflects NSF's statutory mission and has been deemed worthy of support through evaluation using the Foundation's intellectual merit and broader impacts review criteria.]]></AbstractNarration>
<MinAmdLetterDate>07/03/2018</MinAmdLetterDate>
<MaxAmdLetterDate>08/08/2019</MaxAmdLetterDate>
<ARRAAmount/>
<TRAN_TYPE>Grant</TRAN_TYPE>
<CFDA_NUM>47.049</CFDA_NUM>
<NSF_PAR_USE_FLAG>1</NSF_PAR_USE_FLAG>
<FUND_AGCY_CODE>4900</FUND_AGCY_CODE>
<AWDG_AGCY_CODE>4900</AWDG_AGCY_CODE>
<AwardID>1800288</AwardID>
<Investigator>
<FirstName>Timothy</FirstName>
<LastName>Cook</LastName>
<PI_MID_INIT/>
<PI_SUFX_NAME/>
<PI_FULL_NAME>Timothy Cook</PI_FULL_NAME>
<EmailAddress><![CDATA[trcook@buffalo.edu]]></EmailAddress>
<NSF_ID>000727237</NSF_ID>
<StartDate>08/08/2019</StartDate>
<EndDate/>
<RoleCode>Principal Investigator</RoleCode>
</Investigator>
<Investigator>
<FirstName>Timothy</FirstName>
<LastName>Cook</LastName>
<PI_MID_INIT/>
<PI_SUFX_NAME/>
<PI_FULL_NAME>Timothy Cook</PI_FULL_NAME>
<EmailAddress><![CDATA[trcook@buffalo.edu]]></EmailAddress>
<NSF_ID>000727237</NSF_ID>
<StartDate>07/03/2018</StartDate>
<EndDate>08/08/2019</EndDate>
<RoleCode>Former Co-Principal Investigator</RoleCode>
</Investigator>
<Investigator>
<FirstName>Michael</FirstName>
<LastName>Detty</LastName>
<PI_MID_INIT>R</PI_MID_INIT>
<PI_SUFX_NAME/>
<PI_FULL_NAME>Michael R Detty</PI_FULL_NAME>
<EmailAddress><![CDATA[MDETTY@BUFFALO.EDU]]></EmailAddress>
<NSF_ID>000277766</NSF_ID>
<StartDate>07/03/2018</StartDate>
<EndDate>08/08/2019</EndDate>
<RoleCode>Former Principal Investigator</RoleCode>
</Investigator>
<Institution>
<Name><![CDATA[SUNY at Buffalo]]></Name>
<CityName>AMHERST</CityName>
<ZipCode>142282577</ZipCode>
<PhoneNumber>7166452634</PhoneNumber>
<StreetAddress><![CDATA[520 LEE ENTRANCE STE 211]]></StreetAddress>
<StreetAddress2/>
<CountryName>United States</CountryName>
<StateName>New York</StateName>
<StateCode>NY</StateCode>
<CONGRESSDISTRICT>26</CONGRESSDISTRICT>
<CONGRESS_DISTRICT_ORG>NY26</CONGRESS_DISTRICT_ORG>
<ORG_UEI_NUM>LMCJKRFW5R81</ORG_UEI_NUM>
<ORG_LGL_BUS_NAME>RESEARCH FOUNDATION FOR THE STATE UNIVERSITY OF NEW YORK, THE</ORG_LGL_BUS_NAME>
<ORG_PRNT_UEI_NUM>GMZUKXFDJMA9</ORG_PRNT_UEI_NUM>
</Institution>
<Performance_Institution>
<Name><![CDATA[University at Buffalo]]></Name>
<CityName>Buffalo</CityName>
<StateCode>NY</StateCode>
<ZipCode>142603000</ZipCode>
<StreetAddress><![CDATA[Department of Chemistry]]></StreetAddress>
<CountryCode>US</CountryCode>
<CountryName>United States</CountryName>
<StateName>New York</StateName>
<CountryFlag>1</CountryFlag>
<CONGRESSDISTRICT>26</CONGRESSDISTRICT>
<CONGRESS_DISTRICT_PERF>NY26</CONGRESS_DISTRICT_PERF>
</Performance_Institution>
<ProgramElement>
<Code>6884</Code>
<Text>Chemical Catalysis</Text>
</ProgramElement>
<ProgramReference>
<Code>8396</Code>
<Text>Clean Energy Technology</Text>
</ProgramReference>
<ProgramReference>
<Code>8604</Code>
<Text>Fuel Cells</Text>
</ProgramReference>
<ProgramReference>
<Code>8607</Code>
<Text>Solar Energy Capture&amp;Conver</Text>
</ProgramReference>
<ProgramReference>
<Code>9263</Code>
<Text>COMPUTATIONAL SCIENCE &amp; ENGING</Text>
</ProgramReference>
<Appropriation>
<Code>0118</Code>
<Name>NSF RESEARCH &amp; RELATED ACTIVIT</Name>
<APP_SYMB_ID>040100</APP_SYMB_ID>
</Appropriation>
<Fund>
<Code>01001819DB</Code>
<Name><![CDATA[NSF RESEARCH & RELATED ACTIVIT]]></Name>
<FUND_SYMB_ID>040100</FUND_SYMB_ID>
</Fund>
<FUND_OBLG>2018~300000</FUND_OBLG>
<POR>
<DRECONTENT><![CDATA[<div class="porColContainerWBG"> <div class="porContentCol"><p>Photocatalytic redox reactions use small molecules that absorb light to drive chemical reactions. When these molecules absorb light, the energy they gain can be used to move electrons to or from other molecules, which can ultimately result in useful transformations. For instance, water, hydrogen peroxide, and oxygen are all related molecules that differ only by their numbers of electrons and protons. Although transformations between these molecules appear simple, in practice it can be challenging to manage the electrons and protons in an efficient way. Catalysts are needed to control how these reactions occur. Other organic molecules can also serve as substrates for these catalysts, where the transfer of electrons can prompt the formation of more complex and valuable products.</p> <p>Support from this NSF project enabled us to study a family of dye molecules, compounds that strongly absorb light, to better understand how they can act as catalysts for these important transformations. When these dyes absorb light and then collide with the oxygen in air, they activate that oxygen so that it can be used for chemical transformations. We demonstrated how this oxygen activation could be used to &nbsp;carry out the so-called ?Aza-Henry Reaction? which is important in the synthesis of medicinal compounds and other organic molecules. We also learned about the fundamental photophysics of these dyes, specifically what happens when they absorb light, how it changes the distribution of electrons, and how the vibrations of the dyes influence the way they dissipate the absorbed energy. This understanding will enable us to modify the compounds so that they can work as better catalysts, for instance by altering the color of light, and thus the energy, that they absorb, and by reducing the extent to which they lose their energy before being able to react with substrate. The transformation of water and oxygen into hydrogen peroxide is a reaction that these dyes can catalyze, but the way this chemistry occurs was not well understood and therefore was challenging to improve. We studied how these dyes activate oxygen and gained information about how and when they incorporate water during the formation of hydrogen peroxide. By understanding the mechanistic details of this reaction, we can make molecular modifications and also adapt the catalysts to use other energy inputs, for example using electrochemistry instead of photochemistry, or even a combination of both.</p> <p>Since hydrogen peroxide is an industrially valuable compound, forming it from water, oxygen, and an organic dye that doesn?t contain a precious metal is important from an environmental and economic standpoint. This collaborative project was achieved by the work of over a dozen graduate students, four undergraduates, and two postdoctoral scholars, all who received training on synthesis, characterization, and reactivity studies. In addition, the photochemistry and photophysics was introduced to undergraduate students in the general chemistry classroom where these reactions provided the basis for discussions of kinetics, thermodynamics, and mechanisms.</p><br> <p>            Last Modified: 10/30/2022<br>      Modified by: Timothy&nbsp;Cook</p> </div> <div class="porSideCol"></div> </div>]]></DRECONTENT>
<POR_COPY_TXT><![CDATA[ Photocatalytic redox reactions use small molecules that absorb light to drive chemical reactions. When these molecules absorb light, the energy they gain can be used to move electrons to or from other molecules, which can ultimately result in useful transformations. For instance, water, hydrogen peroxide, and oxygen are all related molecules that differ only by their numbers of electrons and protons. Although transformations between these molecules appear simple, in practice it can be challenging to manage the electrons and protons in an efficient way. Catalysts are needed to control how these reactions occur. Other organic molecules can also serve as substrates for these catalysts, where the transfer of electrons can prompt the formation of more complex and valuable products.  Support from this NSF project enabled us to study a family of dye molecules, compounds that strongly absorb light, to better understand how they can act as catalysts for these important transformations. When these dyes absorb light and then collide with the oxygen in air, they activate that oxygen so that it can be used for chemical transformations. We demonstrated how this oxygen activation could be used to  carry out the so-called ?Aza-Henry Reaction? which is important in the synthesis of medicinal compounds and other organic molecules. We also learned about the fundamental photophysics of these dyes, specifically what happens when they absorb light, how it changes the distribution of electrons, and how the vibrations of the dyes influence the way they dissipate the absorbed energy. This understanding will enable us to modify the compounds so that they can work as better catalysts, for instance by altering the color of light, and thus the energy, that they absorb, and by reducing the extent to which they lose their energy before being able to react with substrate. The transformation of water and oxygen into hydrogen peroxide is a reaction that these dyes can catalyze, but the way this chemistry occurs was not well understood and therefore was challenging to improve. We studied how these dyes activate oxygen and gained information about how and when they incorporate water during the formation of hydrogen peroxide. By understanding the mechanistic details of this reaction, we can make molecular modifications and also adapt the catalysts to use other energy inputs, for example using electrochemistry instead of photochemistry, or even a combination of both.  Since hydrogen peroxide is an industrially valuable compound, forming it from water, oxygen, and an organic dye that doesn?t contain a precious metal is important from an environmental and economic standpoint. This collaborative project was achieved by the work of over a dozen graduate students, four undergraduates, and two postdoctoral scholars, all who received training on synthesis, characterization, and reactivity studies. In addition, the photochemistry and photophysics was introduced to undergraduate students in the general chemistry classroom where these reactions provided the basis for discussions of kinetics, thermodynamics, and mechanisms.       Last Modified: 10/30/2022       Submitted by: Timothy Cook]]></POR_COPY_TXT>
</POR>
</Award>
</rootTag>
