<?xml version="1.0" encoding="UTF-8"?>
<rootTag>
<Award>
<AwardTitle><![CDATA[Water/Wastewater Certified Operator Education Project]]></AwardTitle>
<AGENCY>NSF</AGENCY>
<AwardEffectiveDate>08/01/2018</AwardEffectiveDate>
<AwardExpirationDate>07/31/2022</AwardExpirationDate>
<AwardTotalIntnAmount>463348.00</AwardTotalIntnAmount>
<AwardAmount>463348</AwardAmount>
<AwardInstrument>
<Value>Standard Grant</Value>
</AwardInstrument>
<Organization>
<Code>11040100</Code>
<Directorate>
<Abbreviation>EDU</Abbreviation>
<LongName>Directorate for STEM Education</LongName>
</Directorate>
<Division>
<Abbreviation>DUE</Abbreviation>
<LongName>Division Of Undergraduate Education</LongName>
</Division>
</Organization>
<ProgramOfficer>
<SignBlockName>Virginia Carter</SignBlockName>
<PO_EMAI>vccarter@nsf.gov</PO_EMAI>
<PO_PHON>7032924651</PO_PHON>
</ProgramOfficer>
<AbstractNarration><![CDATA[According to a Georgetown University study, by 2020, 68% of jobs will require some post-secondary education or training. Community colleges are positioned to educate highly skilled workers for these jobs. According to utility industry trade associations, a crisis is remerging from the unprecedented number of water/wastewater facility operators who will be retiring in ten years or less. The water/wastewater utility industry is asking community colleges to establish a pipeline of new workers capable of passing state certification examinations and taking over the management of the facilities that supply clean water. Pellissippi State Community College proposes to establish a new Environmental Science Technology Associate of Applied Science Degree. Graduates will be eligible for employment in regional water quality and wastewater treatment laboratories and plant facilities. In addition, they will be able to take state certification exams more quickly than workers who have been trained on the job. A successful program could be replicated by the other 12 Tennessee community colleges, as well as community colleges across the nation.&lt;br/&gt;&lt;br/&gt;This project will: 1) Develop and incorporate the necessary courses into a program of study leading to the Environmental Science Technology (EST) Associate of Applied Science degree and recruit students into that degree program; 2) Build a partnership network with area utility districts to support: student participation in field and internship experiences; faculty collaborations with current technicians to develop and adapt the core STEM course curriculum; and identification of specific industry standards; 3) Graduate a total of 36 EST majors for immediate entry into the workforce at water/wastewater treatment facilities or other related jobs in the East Tennessee region and beyond. Pellissippi State Community College will recruit a diverse group of students for the project via a vigorous media and outreach campaign. Retention, degree completion, and transition to employment will be supported by advising, academic and career counseling, supplemental instruction, student success coordinators, and tutoring. Senior industry management will serve on the advisory board, assist with curriculum design, provide internships and field experiences, and hire graduates as appropriate.&lt;br/&gt;&lt;br/&gt;This award reflects NSF's statutory mission and has been deemed worthy of support through evaluation using the Foundation's intellectual merit and broader impacts review criteria.]]></AbstractNarration>
<MinAmdLetterDate>05/22/2018</MinAmdLetterDate>
<MaxAmdLetterDate>05/22/2018</MaxAmdLetterDate>
<ARRAAmount/>
<TRAN_TYPE>Grant</TRAN_TYPE>
<CFDA_NUM>47.076</CFDA_NUM>
<NSF_PAR_USE_FLAG>1</NSF_PAR_USE_FLAG>
<FUND_AGCY_CODE>4900</FUND_AGCY_CODE>
<AWDG_AGCY_CODE>4900</AWDG_AGCY_CODE>
<AwardID>1800789</AwardID>
<Investigator>
<FirstName>Kane</FirstName>
<LastName>Barker</LastName>
<PI_MID_INIT/>
<PI_SUFX_NAME/>
<PI_FULL_NAME>Kane Barker</PI_FULL_NAME>
<EmailAddress><![CDATA[kmbarker1@pstcc.edu]]></EmailAddress>
<NSF_ID>000687151</NSF_ID>
<StartDate>05/22/2018</StartDate>
<EndDate/>
<RoleCode>Principal Investigator</RoleCode>
</Investigator>
<Investigator>
<FirstName>Garry</FirstName>
<LastName>Pennycuff</LastName>
<PI_MID_INIT/>
<PI_SUFX_NAME/>
<PI_FULL_NAME>Garry Pennycuff</PI_FULL_NAME>
<EmailAddress><![CDATA[gdpennycuff@pstcc.edu]]></EmailAddress>
<NSF_ID>000758220</NSF_ID>
<StartDate>05/22/2018</StartDate>
<EndDate/>
<RoleCode>Co-Principal Investigator</RoleCode>
</Investigator>
<Investigator>
<FirstName>Margaret</FirstName>
<LastName>Jeffries</LastName>
<PI_MID_INIT/>
<PI_SUFX_NAME>Dr.</PI_SUFX_NAME>
<PI_FULL_NAME>Margaret Jeffries</PI_FULL_NAME>
<EmailAddress><![CDATA[mjeffries@pstcc.edu]]></EmailAddress>
<NSF_ID>000758223</NSF_ID>
<StartDate>05/22/2018</StartDate>
<EndDate/>
<RoleCode>Co-Principal Investigator</RoleCode>
</Investigator>
<Institution>
<Name><![CDATA[Pellissippi State Community College]]></Name>
<CityName>KNOXVILLE</CityName>
<ZipCode>379321412</ZipCode>
<PhoneNumber>8656946616</PhoneNumber>
<StreetAddress><![CDATA[10915 HARDIN VALLEY RD]]></StreetAddress>
<StreetAddress2/>
<CountryName>United States</CountryName>
<StateName>Tennessee</StateName>
<StateCode>TN</StateCode>
<CONGRESSDISTRICT>02</CONGRESSDISTRICT>
<CONGRESS_DISTRICT_ORG>TN02</CONGRESS_DISTRICT_ORG>
<ORG_UEI_NUM>JL9YTWNLDM14</ORG_UEI_NUM>
<ORG_LGL_BUS_NAME>PELLISSIPPI STATE COMMUNITY COLLEGE</ORG_LGL_BUS_NAME>
<ORG_PRNT_UEI_NUM>JBG7T7RXQ2B7</ORG_PRNT_UEI_NUM>
</Institution>
<Performance_Institution>
<Name><![CDATA[Pellissippi State Community College]]></Name>
<CityName>Knoxville</CityName>
<StateCode>TN</StateCode>
<ZipCode>379330990</ZipCode>
<StreetAddress><![CDATA[10915 Hardin Valley Road]]></StreetAddress>
<CountryCode>US</CountryCode>
<CountryName>United States</CountryName>
<StateName>Tennessee</StateName>
<CountryFlag>1</CountryFlag>
<CONGRESSDISTRICT>02</CONGRESSDISTRICT>
<CONGRESS_DISTRICT_PERF>TN02</CONGRESS_DISTRICT_PERF>
</Performance_Institution>
<ProgramElement>
<Code>7412</Code>
<Text>Advanced Tech Education Prog</Text>
</ProgramElement>
<ProgramReference>
<Code>1032</Code>
<Text>ADVANCED TECHNOLOGY EDUCATION</Text>
</ProgramReference>
<ProgramReference>
<Code>9178</Code>
<Text>UNDERGRADUATE EDUCATION</Text>
</ProgramReference>
<ProgramReference>
<Code>SMET</Code>
<Text>SCIENCE, MATH, ENG &amp; TECH EDUCATION</Text>
</ProgramReference>
<Appropriation>
<Code>0418</Code>
<Name>NSF Education &amp; Human Resource</Name>
<APP_SYMB_ID>040106</APP_SYMB_ID>
</Appropriation>
<Fund>
<Code>04001819DB</Code>
<Name><![CDATA[NSF Education & Human Resource]]></Name>
<FUND_SYMB_ID>040106</FUND_SYMB_ID>
</Fund>
<FUND_OBLG>2018~463348</FUND_OBLG>
<POR>
<DRECONTENT><![CDATA[<div class="porColContainerWBG"> <div class="porContentCol"><p>The Water/Wastewater Certified Operator project allowed Pellissippi State Community College to create and launch the Water Quality Technology Associate of Applied Science degree.&nbsp;The Water Quality Technology program is designed to train individuals for careers in water and wastewater treatment operations. It is the first program of its kind in the state and has been designed with a robust team of industry representatives to ensure that the curriculum prepares graduates for the workforce and state-level certifications.</p> <p>The Water Quality Technology program provides both operational theory and a strong practical background in chemistry, microbiology, mechanical engineering, teamwork, leadership, professionalism, and water/wastewater operations through coursework, site visits and a capstone project conducted at a local water or wastewater treatment facility. Students graduate prepared for entry-level positions at public or private water and wastewater treatment plants, while general science classes completed during the program provide a foundation for positions in environmental conservation or natural resources.</p> <p>The Water Quality Technology program follows a cohort structure, in that students move through their classes as a group. A cohort offers students support and collaboration as they embark on their education journey. The program also incorporates extensive site visits and internship opportunities at a variety of water and wastewater treatment facilities. This allows students to apply the theory and skills theory and skills learned in class to actual scenarios as they occur at treatment facilities. The capstone project has students use computer programs to design the treatment facility where they are interning. The students then have to work through different scenarios that require them to adjust operational parameters so drinking water and wastewater effluent remain safe, just like they would have to do as treatment facility operators.&nbsp;</p> <p>Initially designed as an on-campus, hands-on program, the pandemic caused the PIs and program coordinator to rapidly adapt to online teaching. Industry partners remained committed to the program, allowing hands-on learning during site visits throughout the pandemic and beyond. The program has kept the online learning opportunities in conjunction with evening classes, allowing the college to recruit students well outside of its service area, increasing the impact of the program and the graduates.&nbsp;</p> <p>The program success is demonstrated through its students and graduates. 100% of Water Quality Technology students have been employed by the time of graduation. Additionally, students have a 91% first-time pass rate on Grade III and IV state certification exams. The state average is less than 40% annually. The Water Quality Technology program that was created with support from NSF is successfully preparing students for the workforce, enabling them to maintain health and safe water in East Tennessee.&nbsp;</p><br> <p>            Last Modified: 06/23/2023<br>      Modified by: Kane&nbsp;Barker</p> </div> <div class="porSideCol"> <div class="each-gallery"> <div class="galContent" id="gallery0"> <div class="photoCount" id="photoCount0">          Images (<span id="selectedPhoto0">1</span> of <span class="totalNumber"></span>)           </div> <div class="galControls" id="controls0"></div> <div class="galSlideshow" id="slideshow0"></div> <div class="galEmbox" id="embox"> <div class="image-title"></div> </div> </div> <div class="galNavigation" id="navigation0"> <ul class="thumbs" id="thumbs0"> <li> <a href="/por/images/Reports/POR/2023/1800789/1800789_10545476_1687547679155_PSCCWQTBanner--rgov-214x142.jpg" original="/por/images/Reports/POR/2023/1800789/1800789_10545476_1687547679155_PSCCWQTBanner--rgov-800width.jpg" title="Banner"><img src="/por/images/Reports/POR/2023/1800789/1800789_10545476_1687547679155_PSCCWQTBanner--rgov-66x44.jpg" alt="Banner"></a> <div class="imageCaptionContainer"> <div class="imageCaption">Banner image of Water Quality Technology program at Pellissippi State Community College.</div> <div class="imageCredit">Pellissippi State Community College</div> <div class="imagePermisssions">Copyright owner is an institution with an existing agreement allowing use by NSF</div> <div class="imageSubmitted">Kane&nbsp;Barker</div> <div class="imageTitle">Banner</div> </div> </li> <li> <a href="/por/images/Reports/POR/2023/1800789/1800789_10545476_1687547772859_0I2A0649_1(1)--rgov-214x142.jpg" original="/por/images/Reports/POR/2023/1800789/1800789_10545476_1687547772859_0I2A0649_1(1)--rgov-800width.jpg" title="Water Quality Analysis"><img src="/por/images/Reports/POR/2023/1800789/1800789_10545476_1687547772859_0I2A0649_1(1)--rgov-66x44.jpg" alt="Water Quality Analysis"></a> <div class="imageCaptionContainer"> <div class="imageCaption">Water Quality Technology student holding water sample prior to analysis</div> <div class="imageCredit">Pellissippi State Community College</div> <div class="imagePermisssions">Copyright owner is an institution with an existing agreement allowing use by NSF</div> <div class="imageSubmitted">Kane&nbsp;Barker</div> <div class="imageTitle">Water Quality Analysis</div> </div> </li> <li> <a href="/por/images/Reports/POR/2023/1800789/1800789_10545476_1687547865227_0I2A0491_1--rgov-214x142.jpg" original="/por/images/Reports/POR/2023/1800789/1800789_10545476_1687547865227_0I2A0491_1--rgov-800width.jpg" title="Internship"><img src="/por/images/Reports/POR/2023/1800789/1800789_10545476_1687547865227_0I2A0491_1--rgov-66x44.jpg" alt="Internship"></a> <div class="imageCaptionContainer"> <div class="imageCaption">Water Quality Technology student onsite at treatment facility. Internships were hosted by industry partners that helped create the program.</div> <div class="imageCredit">Pellissippi State Community College</div> <div class="imagePermisssions">Copyright owner is an institution with an existing agreement allowing use by NSF</div> <div class="imageSubmitted">Kane&nbsp;Barker</div> <div class="imageTitle">Internship</div> </div> </li> <li> <a href="/por/images/Reports/POR/2023/1800789/1800789_10545476_1687547977334_0I2A5260_1--rgov-214x142.jpg" original="/por/images/Reports/POR/2023/1800789/1800789_10545476_1687547977334_0I2A5260_1--rgov-800width.jpg" title="Water Quality Graduate"><img src="/por/images/Reports/POR/2023/1800789/1800789_10545476_1687547977334_0I2A5260_1--rgov-66x44.jpg" alt="Water Quality Graduate"></a> <div class="imageCaptionContainer"> <div class="imageCaption">Water Quality Graduate during commencement. This student's story was featured by ATE Impact.</div> <div class="imageCredit">Pellissippi State Community College</div> <div class="imagePermisssions">Copyright owner is an institution with an existing agreement allowing use by NSF</div> <div class="imageSubmitted">Kane&nbsp;Barker</div> <div class="imageTitle">Water Quality Graduate</div> </div> </li> </ul> </div> </div> </div> </div>]]></DRECONTENT>
<POR_COPY_TXT><![CDATA[ The Water/Wastewater Certified Operator project allowed Pellissippi State Community College to create and launch the Water Quality Technology Associate of Applied Science degree. The Water Quality Technology program is designed to train individuals for careers in water and wastewater treatment operations. It is the first program of its kind in the state and has been designed with a robust team of industry representatives to ensure that the curriculum prepares graduates for the workforce and state-level certifications.  The Water Quality Technology program provides both operational theory and a strong practical background in chemistry, microbiology, mechanical engineering, teamwork, leadership, professionalism, and water/wastewater operations through coursework, site visits and a capstone project conducted at a local water or wastewater treatment facility. Students graduate prepared for entry-level positions at public or private water and wastewater treatment plants, while general science classes completed during the program provide a foundation for positions in environmental conservation or natural resources.  The Water Quality Technology program follows a cohort structure, in that students move through their classes as a group. A cohort offers students support and collaboration as they embark on their education journey. The program also incorporates extensive site visits and internship opportunities at a variety of water and wastewater treatment facilities. This allows students to apply the theory and skills theory and skills learned in class to actual scenarios as they occur at treatment facilities. The capstone project has students use computer programs to design the treatment facility where they are interning. The students then have to work through different scenarios that require them to adjust operational parameters so drinking water and wastewater effluent remain safe, just like they would have to do as treatment facility operators.   Initially designed as an on-campus, hands-on program, the pandemic caused the PIs and program coordinator to rapidly adapt to online teaching. Industry partners remained committed to the program, allowing hands-on learning during site visits throughout the pandemic and beyond. The program has kept the online learning opportunities in conjunction with evening classes, allowing the college to recruit students well outside of its service area, increasing the impact of the program and the graduates.   The program success is demonstrated through its students and graduates. 100% of Water Quality Technology students have been employed by the time of graduation. Additionally, students have a 91% first-time pass rate on Grade III and IV state certification exams. The state average is less than 40% annually. The Water Quality Technology program that was created with support from NSF is successfully preparing students for the workforce, enabling them to maintain health and safe water in East Tennessee.        Last Modified: 06/23/2023       Submitted by: Kane Barker]]></POR_COPY_TXT>
</POR>
</Award>
</rootTag>
