<?xml version="1.0" encoding="UTF-8"?>
<rootTag>
<Award>
<AwardTitle><![CDATA[Cluster Algebras, Quiver Representations, and Rigid Curves]]></AwardTitle>
<AGENCY>NSF</AGENCY>
<AwardEffectiveDate>06/15/2018</AwardEffectiveDate>
<AwardExpirationDate>09/30/2020</AwardExpirationDate>
<AwardTotalIntnAmount>150000.00</AwardTotalIntnAmount>
<AwardAmount>150000</AwardAmount>
<AwardInstrument>
<Value>Standard Grant</Value>
</AwardInstrument>
<Organization>
<Code>03040000</Code>
<Directorate>
<Abbreviation>MPS</Abbreviation>
<LongName>Direct For Mathematical &amp; Physical Scien</LongName>
</Directorate>
<Division>
<Abbreviation>DMS</Abbreviation>
<LongName>Division Of Mathematical Sciences</LongName>
</Division>
</Organization>
<ProgramOfficer>
<SignBlockName>Stefaan De Winter</SignBlockName>
<PO_EMAI>sgdewint@nsf.gov</PO_EMAI>
<PO_PHON>7032922599</PO_PHON>
</ProgramOfficer>
<AbstractNarration><![CDATA[This project aims to investigate a central object in modern algebraic combinatorics: a class of cluster algebras. These cluster algebras are related to a wide variety of other mathematical objects arising in algebraic geometry, representation theory, and other areas, but are also important in particle physics, where they are related to scattering amplitudes in certain quantum field theories. Hence a better understanding of cluster algebras is not only interesting in its own right, but also has significant potential application in other areas of mathematics and beyond. The project will provide training for students through involvement in the research.  &lt;br/&gt;&lt;br/&gt;Rigid modules, invariant curves, and knots are fundamental objects in many branches of mathematics. This project takes a cluster-algebraic approach to studying these objects. The research goal, largely motivated by homological mirror symmetry, is to study invariants for indecomposable modules over hereditary algebras, for quiver Grassmannians, and for alternating knots. The project aims to develop new combinatorial and geometric objects to reveal more concrete relationships between cluster algebras and other areas of mathematics. The educational goal of this project is to train undergraduate and graduate students in topics at the intersection of algebra, combinatorics, geometry, topology, and representation theory.&lt;br/&gt;&lt;br/&gt;This award reflects NSF's statutory mission and has been deemed worthy of support through evaluation using the Foundation's intellectual merit and broader impacts review criteria.]]></AbstractNarration>
<MinAmdLetterDate>06/14/2018</MinAmdLetterDate>
<MaxAmdLetterDate>06/14/2018</MaxAmdLetterDate>
<ARRAAmount/>
<TRAN_TYPE>Grant</TRAN_TYPE>
<CFDA_NUM>47.049</CFDA_NUM>
<NSF_PAR_USE_FLAG>1</NSF_PAR_USE_FLAG>
<FUND_AGCY_CODE>4900</FUND_AGCY_CODE>
<AWDG_AGCY_CODE>4900</AWDG_AGCY_CODE>
<AwardID>1800207</AwardID>
<Investigator>
<FirstName>Kyungyong</FirstName>
<LastName>Lee</LastName>
<PI_MID_INIT/>
<PI_SUFX_NAME/>
<PI_FULL_NAME>Kyungyong Lee</PI_FULL_NAME>
<EmailAddress><![CDATA[klee94@ua.edu]]></EmailAddress>
<NSF_ID>000512016</NSF_ID>
<StartDate>06/14/2018</StartDate>
<EndDate/>
<RoleCode>Principal Investigator</RoleCode>
</Investigator>
<Institution>
<Name><![CDATA[University of Nebraska-Lincoln]]></Name>
<CityName>LINCOLN</CityName>
<ZipCode>685032427</ZipCode>
<PhoneNumber>4024723171</PhoneNumber>
<StreetAddress><![CDATA[2200 VINE ST]]></StreetAddress>
<StreetAddress2/>
<CountryName>United States</CountryName>
<StateName>Nebraska</StateName>
<StateCode>NE</StateCode>
<CONGRESSDISTRICT>01</CONGRESSDISTRICT>
<CONGRESS_DISTRICT_ORG>NE01</CONGRESS_DISTRICT_ORG>
<ORG_UEI_NUM>HTQ6K6NJFHA6</ORG_UEI_NUM>
<ORG_LGL_BUS_NAME>BOARD OF REGENTS OF THE UNIVERSITY OF NEBRASKA</ORG_LGL_BUS_NAME>
<ORG_PRNT_UEI_NUM/>
</Institution>
<Performance_Institution>
<Name><![CDATA[University of Nebraska-Lincoln]]></Name>
<CityName/>
<StateCode>NE</StateCode>
<ZipCode>685880130</ZipCode>
<StreetAddress/>
<CountryCode>US</CountryCode>
<CountryName>United States</CountryName>
<StateName>Nebraska</StateName>
<CountryFlag>1</CountryFlag>
<CONGRESSDISTRICT>01</CONGRESSDISTRICT>
<CONGRESS_DISTRICT_PERF>NE01</CONGRESS_DISTRICT_PERF>
</Performance_Institution>
<ProgramElement>
<Code>1264</Code>
<Text>ALGEBRA,NUMBER THEORY,AND COM</Text>
</ProgramElement>
<ProgramElement>
<Code>7970</Code>
<Text>Combinatorics</Text>
</ProgramElement>
<ProgramElement>
<Code>9150</Code>
<Text>EPSCoR Co-Funding</Text>
</ProgramElement>
<ProgramReference>
<Code>9150</Code>
<Text>EXP PROG TO STIM COMP RES</Text>
</ProgramReference>
<Appropriation>
<Code>0118</Code>
<Name>NSF RESEARCH &amp; RELATED ACTIVIT</Name>
<APP_SYMB_ID>040100</APP_SYMB_ID>
</Appropriation>
<Fund>
<Code>01001819DB</Code>
<Name><![CDATA[NSF RESEARCH & RELATED ACTIVIT]]></Name>
<FUND_SYMB_ID>040100</FUND_SYMB_ID>
</Fund>
<FUND_OBLG>2018~77862</FUND_OBLG>
</Award>
</rootTag>
