<?xml version="1.0" encoding="UTF-8"?>
<rootTag>
<Award>
<AwardTitle><![CDATA[Induced Subgraphs and Coloring]]></AwardTitle>
<AGENCY>NSF</AGENCY>
<AwardEffectiveDate>07/01/2018</AwardEffectiveDate>
<AwardExpirationDate>06/30/2021</AwardExpirationDate>
<AwardTotalIntnAmount>210000.00</AwardTotalIntnAmount>
<AwardAmount>210000</AwardAmount>
<AwardInstrument>
<Value>Continuing Grant</Value>
</AwardInstrument>
<Organization>
<Code>03040000</Code>
<Directorate>
<Abbreviation>MPS</Abbreviation>
<LongName>Direct For Mathematical &amp; Physical Scien</LongName>
</Directorate>
<Division>
<Abbreviation>DMS</Abbreviation>
<LongName>Division Of Mathematical Sciences</LongName>
</Division>
</Organization>
<ProgramOfficer>
<SignBlockName>Stefaan De Winter</SignBlockName>
<PO_EMAI>sgdewint@nsf.gov</PO_EMAI>
<PO_PHON>7032922599</PO_PHON>
</ProgramOfficer>
<AbstractNarration><![CDATA[This mathematics research project will investigate several connections between the local and global structure of a graph.  The connections under study have the form "if a graph does not contain this (small, local) object then the graph has a global structural property that most graphs do not possess." Such results, relating the non-existence of a local object and the presence of a global structure, can be of immense importance. Prior work established exactly this for a different kind of graph containment, namely graph minors, and this result has been of great interest and has had very many applications. This project seeks analogous results for induced subgraphs. &lt;br/&gt;&lt;br/&gt;The project investigates two such connections: the Gyarfas-Sumner conjecture, that for any tree and any complete graph, all graphs that contain neither of them can be vertex-partitioned into a small number of parts each containing no edge; and the Liebenau-Pilipczuk conjecture, that for any tree, all graphs not containing it or its complement admit two disjoint linear sets of vertices, either completely joined or with no edges between them. In both cases, "tree" cannot be replaced by any more general kind of graph. The first conjecture is one of several problems about so-called "chi-boundedness;" the Gyarfas-Sumner conjecture is the main chi-boundedness conjecture that is not yet resolved. The second conjecture grew from attempts to resolve the Erdos-Hajnal conjecture. The latter asserts that for any graph, all graphs not containing it have a clique or stable set of polynomial size, unlike general graphs, in which the largest clique or stable set might only have logarithmic size.  It is planned to investigate several conjectures of the form that for any graph, all graphs not containing this fixed graph or its complement have two large sets of vertices, either completely joined or joined by no edges (not sets of linear size, just of polynomial size).&lt;br/&gt;&lt;br/&gt;This award reflects NSF's statutory mission and has been deemed worthy of support through evaluation using the Foundation's intellectual merit and broader impacts review criteria.]]></AbstractNarration>
<MinAmdLetterDate>06/28/2018</MinAmdLetterDate>
<MaxAmdLetterDate>06/04/2020</MaxAmdLetterDate>
<ARRAAmount/>
<TRAN_TYPE>Grant</TRAN_TYPE>
<CFDA_NUM>47.049</CFDA_NUM>
<NSF_PAR_USE_FLAG>1</NSF_PAR_USE_FLAG>
<FUND_AGCY_CODE>4900</FUND_AGCY_CODE>
<AWDG_AGCY_CODE>4900</AWDG_AGCY_CODE>
<AwardID>1800053</AwardID>
<Investigator>
<FirstName>Paul</FirstName>
<LastName>Seymour</LastName>
<PI_MID_INIT>D</PI_MID_INIT>
<PI_SUFX_NAME/>
<PI_FULL_NAME>Paul D Seymour</PI_FULL_NAME>
<EmailAddress><![CDATA[pds@math.princeton.edu]]></EmailAddress>
<NSF_ID>000277476</NSF_ID>
<StartDate>06/28/2018</StartDate>
<EndDate/>
<RoleCode>Principal Investigator</RoleCode>
</Investigator>
<Institution>
<Name><![CDATA[Princeton University]]></Name>
<CityName>PRINCETON</CityName>
<ZipCode>085442001</ZipCode>
<PhoneNumber>6092583090</PhoneNumber>
<StreetAddress><![CDATA[1 NASSAU HALL]]></StreetAddress>
<StreetAddress2/>
<CountryName>United States</CountryName>
<StateName>New Jersey</StateName>
<StateCode>NJ</StateCode>
<CONGRESSDISTRICT>12</CONGRESSDISTRICT>
<CONGRESS_DISTRICT_ORG>NJ12</CONGRESS_DISTRICT_ORG>
<ORG_UEI_NUM>NJ1YPQXQG7U5</ORG_UEI_NUM>
<ORG_LGL_BUS_NAME>THE TRUSTEES OF PRINCETON UNIVERSITY</ORG_LGL_BUS_NAME>
<ORG_PRNT_UEI_NUM/>
</Institution>
<Performance_Institution>
<Name><![CDATA[Princeton University]]></Name>
<CityName/>
<StateCode>NJ</StateCode>
<ZipCode>085442020</ZipCode>
<StreetAddress/>
<CountryCode>US</CountryCode>
<CountryName>United States</CountryName>
<StateName>New Jersey</StateName>
<CountryFlag>1</CountryFlag>
<CONGRESSDISTRICT>12</CONGRESSDISTRICT>
<CONGRESS_DISTRICT_PERF>NJ12</CONGRESS_DISTRICT_PERF>
</Performance_Institution>
<ProgramElement>
<Code>7970</Code>
<Text>Combinatorics</Text>
</ProgramElement>
<Appropriation>
<Code>0118</Code>
<Name>NSF RESEARCH &amp; RELATED ACTIVIT</Name>
<APP_SYMB_ID>040100</APP_SYMB_ID>
</Appropriation>
<Appropriation>
<Code>0119</Code>
<Name>NSF RESEARCH &amp; RELATED ACTIVIT</Name>
<APP_SYMB_ID>040100</APP_SYMB_ID>
</Appropriation>
<Appropriation>
<Code>0120</Code>
<Name>NSF RESEARCH &amp; RELATED ACTIVIT</Name>
<APP_SYMB_ID>040100</APP_SYMB_ID>
</Appropriation>
<Fund>
<Code>01001819DB</Code>
<Name><![CDATA[NSF RESEARCH & RELATED ACTIVIT]]></Name>
<FUND_SYMB_ID>040100</FUND_SYMB_ID>
</Fund>
<Fund>
<Code>01001920DB</Code>
<Name><![CDATA[NSF RESEARCH & RELATED ACTIVIT]]></Name>
<FUND_SYMB_ID>040100</FUND_SYMB_ID>
</Fund>
<Fund>
<Code>01002021DB</Code>
<Name><![CDATA[NSF RESEARCH & RELATED ACTIVIT]]></Name>
<FUND_SYMB_ID>040100</FUND_SYMB_ID>
</Fund>
<FUND_OBLG>2018~70000</FUND_OBLG>
<FUND_OBLG>2019~70000</FUND_OBLG>
<FUND_OBLG>2020~70000</FUND_OBLG>
<POR>
<DRECONTENT><![CDATA[<div class="porColContainerWBG"> <div class="porContentCol"><p>The goal of the grant was to pursue the structure and coloring properties of <em>H</em>-free graphs, where <em>H</em> is some fixed graph (a graph is <em>H</em>-free if no induced subgraph is isomorphic to <em>H</em>); and in&nbsp; particular,&nbsp; to&nbsp; work&nbsp; on&nbsp; the&nbsp; Erdos-Hajnal&nbsp; conjecture,&nbsp; and&nbsp; the&nbsp; Gyarfas-Sumner&nbsp; conjecture. The PI has made significant progress on both conjectures.</p> <p>A graph is a set (of "vertices"), together with a set of some pairs of vertices (called "edges"). A graph <em>G</em> contains another graph <em>H</em> as an "induced subgraph" if there is an injective map from the vertex set of <em>H</em> into the vertex set of <em>G</em> carrying edges to edges and nonedges to nonedges. There are many results and conjectures that say that for any fixed graph <em>H</em>, the graphs <em>G</em> that do not contain H as an induced subgraph behave very differently from general graphs <em>G</em>.&nbsp; One of the most well-known of these is the Erdos-Hajnal conjecture. This conjecture says that for every graph H, there exists c &gt; 0 such that every <em>H</em>-free graph has a clique or stable set of cardinality at least |<em>G</em>|<sup>c</sup>, where |<em>G</em>| means the number of vertices of <em>G</em>. (A "clique" is a set of vertices all pairwise joined by edges, and a "stable set" is the opposite, a set of vertices where no pair are joined by an edge.) This conjecture was known to be true for all graphs <em>H</em> with at most four vertices, but is still open for some graphs <em>H</em> with five vertices; and the situation has been unchanged for many years. One major result of this project is that the PI (in joint work with Maria Chudnovsky, Alex Scott and Sophei Spirkl) settled the most prominent of the open five-vertex cases, namely when <em>H</em> is the five-vertex cycle.&nbsp; The PI also proved several other results related to the Gyarfas-Sumner conjecture that are not detailed here.</p> <p>A second famous open question about induced subgraphs is the Gyarfas-Sumner conjecture, dating from the 1980's. This conjecture says that for every forest <em>H,</em> there is a function f such that every <em>H</em>-free graph with largest clique of size k has chromatic number at most <em>f (k)</em>, that is, its vertex set can be partitioned into <em>f (k)</em> stable sets. There is a stronger conjecture, due to Louis Esperet, that says that there is always such a function <em>f </em>which is a polynomial. The PI has been working on Esperet's conjecture, and has extended the (previously, very small) class of forests <em>H</em> for which it is known to be true, adding three new families of forests. A critical case is when <em>H</em> is the five-vertex path; this is the smallest graph not known to satisfy&nbsp; Esperet's&nbsp; conjecture,&nbsp; and&nbsp; the&nbsp; smallest&nbsp; graph&nbsp; not&nbsp; known&nbsp; to&nbsp; satisfy&nbsp; the&nbsp; Erdos-Hajnal conjecture. The PI (with co-authors) proved that the five-vertex path "very nearly" does indeed satisfy both conjectures.</p> <p>Third, in joint work with his student Linda Cook, the PI found an exact description of all the graphs in which all induced cycles have the same length (when this length is at least seven). A group of researchers in Europe independently found the same result, and a joint paper is to be published.</p> <p>Fourth, the PI proved two algorithmic results in 2020-21; how to test in polynomial time if a graph has an even induced cycle of length at least any fixed constant (joint with Linda Cook), and how to test in polynomial time whether every induced path between two given vertices in a graph has the same length (with Eli Berger and Sophie Spirkl).</p><br> <p>            Last Modified: 12/02/2021<br>      Modified by: Paul&nbsp;D&nbsp;Seymour</p> </div> <div class="porSideCol"></div> </div>]]></DRECONTENT>
<POR_COPY_TXT><![CDATA[ The goal of the grant was to pursue the structure and coloring properties of H-free graphs, where H is some fixed graph (a graph is H-free if no induced subgraph is isomorphic to H); and in  particular,  to  work  on  the  Erdos-Hajnal  conjecture,  and  the  Gyarfas-Sumner  conjecture. The PI has made significant progress on both conjectures.  A graph is a set (of "vertices"), together with a set of some pairs of vertices (called "edges"). A graph G contains another graph H as an "induced subgraph" if there is an injective map from the vertex set of H into the vertex set of G carrying edges to edges and nonedges to nonedges. There are many results and conjectures that say that for any fixed graph H, the graphs G that do not contain H as an induced subgraph behave very differently from general graphs G.  One of the most well-known of these is the Erdos-Hajnal conjecture. This conjecture says that for every graph H, there exists c &gt; 0 such that every H-free graph has a clique or stable set of cardinality at least |G|c, where |G| means the number of vertices of G. (A "clique" is a set of vertices all pairwise joined by edges, and a "stable set" is the opposite, a set of vertices where no pair are joined by an edge.) This conjecture was known to be true for all graphs H with at most four vertices, but is still open for some graphs H with five vertices; and the situation has been unchanged for many years. One major result of this project is that the PI (in joint work with Maria Chudnovsky, Alex Scott and Sophei Spirkl) settled the most prominent of the open five-vertex cases, namely when H is the five-vertex cycle.  The PI also proved several other results related to the Gyarfas-Sumner conjecture that are not detailed here.  A second famous open question about induced subgraphs is the Gyarfas-Sumner conjecture, dating from the 1980's. This conjecture says that for every forest H, there is a function f such that every H-free graph with largest clique of size k has chromatic number at most f (k), that is, its vertex set can be partitioned into f (k) stable sets. There is a stronger conjecture, due to Louis Esperet, that says that there is always such a function f which is a polynomial. The PI has been working on Esperet's conjecture, and has extended the (previously, very small) class of forests H for which it is known to be true, adding three new families of forests. A critical case is when H is the five-vertex path; this is the smallest graph not known to satisfy  Esperet's  conjecture,  and  the  smallest  graph  not  known  to  satisfy  the  Erdos-Hajnal conjecture. The PI (with co-authors) proved that the five-vertex path "very nearly" does indeed satisfy both conjectures.  Third, in joint work with his student Linda Cook, the PI found an exact description of all the graphs in which all induced cycles have the same length (when this length is at least seven). A group of researchers in Europe independently found the same result, and a joint paper is to be published.  Fourth, the PI proved two algorithmic results in 2020-21; how to test in polynomial time if a graph has an even induced cycle of length at least any fixed constant (joint with Linda Cook), and how to test in polynomial time whether every induced path between two given vertices in a graph has the same length (with Eli Berger and Sophie Spirkl).       Last Modified: 12/02/2021       Submitted by: Paul D Seymour]]></POR_COPY_TXT>
</POR>
</Award>
</rootTag>
