<?xml version="1.0" encoding="UTF-8"?>
<rootTag>
<Award>
<AwardTitle><![CDATA[On the Mathematical Theory of Black Holes]]></AwardTitle>
<AGENCY>NSF</AGENCY>
<AwardEffectiveDate>09/01/2018</AwardEffectiveDate>
<AwardExpirationDate>08/31/2021</AwardExpirationDate>
<AwardTotalIntnAmount>270000.00</AwardTotalIntnAmount>
<AwardAmount>270000</AwardAmount>
<AwardInstrument>
<Value>Continuing Grant</Value>
</AwardInstrument>
<Organization>
<Code>03040000</Code>
<Directorate>
<Abbreviation>MPS</Abbreviation>
<LongName>Direct For Mathematical &amp; Physical Scien</LongName>
</Directorate>
<Division>
<Abbreviation>DMS</Abbreviation>
<LongName>Division Of Mathematical Sciences</LongName>
</Division>
</Organization>
<ProgramOfficer>
<SignBlockName>Marian Bocea</SignBlockName>
<PO_EMAI>mbocea@nsf.gov</PO_EMAI>
<PO_PHON>7032922595</PO_PHON>
</ProgramOfficer>
<AbstractNarration><![CDATA[At the most basic level Black Holes are  nothing  but  special, explicit,  solutions  of the  Einstein equations of General Relativity.  To have  physical reality  they have to possess  properties  which  make them detectable to observations. Chief among them is stability to perturbations. This translates to a very difficult, deep and beautiful mathematical conjecture which is the main  focus of the proposed   research.  The goal is to show that any  small perturbation, at a given time, of a given black hole solution remains small for all later  times. Thus all the important features of a unperturbed black hole are preserved by the perturbations.&lt;br/&gt;&lt;br/&gt;To solve the problem of stability of black holes one has to overcome a large range of difficult issues. The high non-linearity of the Einstein  equations makes it hard to separate them; they are all interconnected.  At the heart of all these difficulties is the issue of gauge. That means, roughly,  that one cannot solve the stability problem without finding a specific coordinate system  in which  one can  establish decay of the perturbations, i.e. to show that the perturbations converge to zero for large times. In collaboration with J. Szeftel in France the PI had proposed a new method to construct these coordinates  based on the full covariance properties of the  Einstein equations. The main methodology of the PI is to combine this new method, called Generally Covariant Modulation theory, with the the so called vector-field method.&lt;br/&gt;&lt;br/&gt;This award reflects NSF's statutory mission and has been deemed worthy of support through evaluation using the Foundation's intellectual merit and broader impacts review criteria.]]></AbstractNarration>
<MinAmdLetterDate>04/25/2018</MinAmdLetterDate>
<MaxAmdLetterDate>08/12/2020</MaxAmdLetterDate>
<ARRAAmount/>
<TRAN_TYPE>Grant</TRAN_TYPE>
<CFDA_NUM>47.049</CFDA_NUM>
<NSF_PAR_USE_FLAG>1</NSF_PAR_USE_FLAG>
<FUND_AGCY_CODE>4900</FUND_AGCY_CODE>
<AWDG_AGCY_CODE>4900</AWDG_AGCY_CODE>
<AwardID>1800841</AwardID>
<Investigator>
<FirstName>Sergiu</FirstName>
<LastName>Klainerman</LastName>
<PI_MID_INIT/>
<PI_SUFX_NAME/>
<PI_FULL_NAME>Sergiu Klainerman</PI_FULL_NAME>
<EmailAddress><![CDATA[seri@math.princeton.edu]]></EmailAddress>
<NSF_ID>000161442</NSF_ID>
<StartDate>04/25/2018</StartDate>
<EndDate/>
<RoleCode>Principal Investigator</RoleCode>
</Investigator>
<Institution>
<Name><![CDATA[Princeton University]]></Name>
<CityName>PRINCETON</CityName>
<ZipCode>085442001</ZipCode>
<PhoneNumber>6092583090</PhoneNumber>
<StreetAddress><![CDATA[1 NASSAU HALL]]></StreetAddress>
<StreetAddress2/>
<CountryName>United States</CountryName>
<StateName>New Jersey</StateName>
<StateCode>NJ</StateCode>
<CONGRESSDISTRICT>12</CONGRESSDISTRICT>
<CONGRESS_DISTRICT_ORG>NJ12</CONGRESS_DISTRICT_ORG>
<ORG_UEI_NUM>NJ1YPQXQG7U5</ORG_UEI_NUM>
<ORG_LGL_BUS_NAME>THE TRUSTEES OF PRINCETON UNIVERSITY</ORG_LGL_BUS_NAME>
<ORG_PRNT_UEI_NUM/>
</Institution>
<Performance_Institution>
<Name><![CDATA[Princeton University]]></Name>
<CityName>Princeton</CityName>
<StateCode>NJ</StateCode>
<ZipCode>085442020</ZipCode>
<StreetAddress><![CDATA[Fine Hall, Washington Road]]></StreetAddress>
<CountryCode>US</CountryCode>
<CountryName>United States</CountryName>
<StateName>New Jersey</StateName>
<CountryFlag>1</CountryFlag>
<CONGRESSDISTRICT>12</CONGRESSDISTRICT>
<CONGRESS_DISTRICT_PERF>NJ12</CONGRESS_DISTRICT_PERF>
</Performance_Institution>
<ProgramElement>
<Code>1281</Code>
<Text>ANALYSIS PROGRAM</Text>
</ProgramElement>
<Appropriation>
<Code>0118</Code>
<Name>NSF RESEARCH &amp; RELATED ACTIVIT</Name>
<APP_SYMB_ID>040100</APP_SYMB_ID>
</Appropriation>
<Appropriation>
<Code>0119</Code>
<Name>NSF RESEARCH &amp; RELATED ACTIVIT</Name>
<APP_SYMB_ID>040100</APP_SYMB_ID>
</Appropriation>
<Appropriation>
<Code>0120</Code>
<Name>NSF RESEARCH &amp; RELATED ACTIVIT</Name>
<APP_SYMB_ID>040100</APP_SYMB_ID>
</Appropriation>
<Fund>
<Code>01001819DB</Code>
<Name><![CDATA[NSF RESEARCH & RELATED ACTIVIT]]></Name>
<FUND_SYMB_ID>040100</FUND_SYMB_ID>
</Fund>
<Fund>
<Code>01001920DB</Code>
<Name><![CDATA[NSF RESEARCH & RELATED ACTIVIT]]></Name>
<FUND_SYMB_ID>040100</FUND_SYMB_ID>
</Fund>
<Fund>
<Code>01002021DB</Code>
<Name><![CDATA[NSF RESEARCH & RELATED ACTIVIT]]></Name>
<FUND_SYMB_ID>040100</FUND_SYMB_ID>
</Fund>
<FUND_OBLG>2018~90000</FUND_OBLG>
<FUND_OBLG>2019~90000</FUND_OBLG>
<FUND_OBLG>2020~90000</FUND_OBLG>
<POR>
<DRECONTENT><![CDATA[<div class="porColContainerWBG"> <div class="porContentCol"><p>The&nbsp;&nbsp; main outcome of the&nbsp; NSF grant&nbsp;  is a complete &nbsp; proof of the nonlinear stability&nbsp; of Black Holes&nbsp; with small angular momentum.&nbsp; This&nbsp;&nbsp; resolves&nbsp; a long standing&nbsp; problem in&nbsp; General Relativity&nbsp; which goes back to the revolutionary discovery&nbsp; of&nbsp; black holes, first by Schwarzschild&nbsp; in 1916- a few month after Einstein's formulation of General Relativity in November 1915,&nbsp; and then by Kerr in 1963. Kerr discovered a two parameter family of stationary&nbsp; solutions&nbsp; to&nbsp; the Einstein field equations which&nbsp; forms&nbsp; the theoretical&nbsp; basis of our understanding&nbsp; of&nbsp; black holes-&nbsp; considered&nbsp; to be&nbsp; &nbsp; the most&nbsp; fascinating &nbsp; and mysterious physical objects in the&nbsp; universe.&nbsp;&nbsp; The discovery of these solutions&nbsp; led to an enormous&nbsp; interest in the question of their stability, that is the question of their&nbsp; stability relative to arbitrary small perturbations.&nbsp; It goes&nbsp; without saying that this is a fundamental problem for, if black holes&nbsp; where unstable, they would be merely mathematical artifacts&nbsp; devoid of phsyical meaning. The problem, which&nbsp; has&nbsp; drawn&nbsp; the attention of both&nbsp; theoretical physicists&nbsp; and mathematicians,&nbsp; has&nbsp; required&nbsp; the development of new mathematical&nbsp; ideas&nbsp; and techniques which are expected to be important in other problems of mathematical physics.</p> <p>&nbsp;</p> <p>A first important&nbsp;&nbsp; step was the proof of the nonlinear stability of the Minkowsky space established&nbsp; by Christodoulou and Klainerman&nbsp; more that 30 years ago.&nbsp; That work is considered foundational&nbsp; for&nbsp; the&nbsp; field which is known as mathematical&nbsp; relativity. The next big step&nbsp;&nbsp; was the&nbsp; proof of the nonlinear stability of the Schwarzschild&nbsp; space&nbsp; under polarized perturbations&nbsp; established by the principal investigator PI&nbsp; in collaboration with Jeremie Szeftel from France. This work has&nbsp; appeared as a book published&nbsp; by&nbsp; Princeton University Press&nbsp; in 2020.&nbsp; In April this year the PI and Szeftel have&nbsp; submitted &nbsp; on arXiv the main part of a&nbsp; full proof&nbsp; of the nonlinear stability of&nbsp; the Kerr fanily of&nbsp; black holes with small angular rotation. Thety expect to publish&nbsp;&nbsp; the&nbsp; remaining part&nbsp; at the beginning of 2022.&nbsp; The&nbsp; proof of the stability of the&nbsp; full family of acceptable Kerr black holes&nbsp; remains open but&nbsp; the PI expects&nbsp; that&nbsp; most ideas are already in place&nbsp;&nbsp; and expect that the full result&nbsp; will be available&nbsp; during the&nbsp; decade.</p> <p>&nbsp;</p><br> <p>            Last Modified: 12/20/2021<br>      Modified by: Sergiu&nbsp;Klainerman</p> </div> <div class="porSideCol"></div> </div>]]></DRECONTENT>
<POR_COPY_TXT><![CDATA[ The   main outcome of the  NSF grant   is a complete   proof of the nonlinear stability  of Black Holes  with small angular momentum.  This   resolves  a long standing  problem in  General Relativity  which goes back to the revolutionary discovery  of  black holes, first by Schwarzschild  in 1916- a few month after Einstein's formulation of General Relativity in November 1915,  and then by Kerr in 1963. Kerr discovered a two parameter family of stationary  solutions  to  the Einstein field equations which  forms  the theoretical  basis of our understanding  of  black holes-  considered  to be    the most  fascinating   and mysterious physical objects in the  universe.   The discovery of these solutions  led to an enormous  interest in the question of their stability, that is the question of their  stability relative to arbitrary small perturbations.  It goes  without saying that this is a fundamental problem for, if black holes  where unstable, they would be merely mathematical artifacts  devoid of phsyical meaning. The problem, which  has  drawn  the attention of both  theoretical physicists  and mathematicians,  has  required  the development of new mathematical  ideas  and techniques which are expected to be important in other problems of mathematical physics.     A first important   step was the proof of the nonlinear stability of the Minkowsky space established  by Christodoulou and Klainerman  more that 30 years ago.  That work is considered foundational  for  the  field which is known as mathematical  relativity. The next big step   was the  proof of the nonlinear stability of the Schwarzschild  space  under polarized perturbations  established by the principal investigator PI  in collaboration with Jeremie Szeftel from France. This work has  appeared as a book published  by  Princeton University Press  in 2020.  In April this year the PI and Szeftel have  submitted   on arXiv the main part of a  full proof  of the nonlinear stability of  the Kerr fanily of  black holes with small angular rotation. Thety expect to publish   the  remaining part  at the beginning of 2022.  The  proof of the stability of the  full family of acceptable Kerr black holes  remains open but  the PI expects  that  most ideas are already in place   and expect that the full result  will be available  during the  decade.          Last Modified: 12/20/2021       Submitted by: Sergiu Klainerman]]></POR_COPY_TXT>
</POR>
</Award>
</rootTag>
