<?xml version="1.0" encoding="UTF-8"?>
<rootTag>
<Award>
<AwardTitle><![CDATA[RUI: Geometric Intersection Graphs]]></AwardTitle>
<AGENCY>NSF</AGENCY>
<AwardEffectiveDate>07/15/2018</AwardEffectiveDate>
<AwardExpirationDate>06/30/2023</AwardExpirationDate>
<AwardTotalIntnAmount>99966.00</AwardTotalIntnAmount>
<AwardAmount>99966</AwardAmount>
<AwardInstrument>
<Value>Standard Grant</Value>
</AwardInstrument>
<Organization>
<Code>03040000</Code>
<Directorate>
<Abbreviation>MPS</Abbreviation>
<LongName>Direct For Mathematical &amp; Physical Scien</LongName>
</Directorate>
<Division>
<Abbreviation>DMS</Abbreviation>
<LongName>Division Of Mathematical Sciences</LongName>
</Division>
</Organization>
<ProgramOfficer>
<SignBlockName>Stefaan De Winter</SignBlockName>
<PO_EMAI>sgdewint@nsf.gov</PO_EMAI>
<PO_PHON>7032922599</PO_PHON>
</ProgramOfficer>
<AbstractNarration><![CDATA[This project envisions two main objectives: First, it studies the theory of geometric representations of graphs, building on a broad array of mathematical methods, and integrating the results into new technology. Second, it trains the next generation of students for careers in mathematics, sciences, and engineering, focusing on solid foundations in discrete mathematics, and developing mathematical skills for handling geometric objects efficiently. Visualizing complex systems and large data sets has become routine, including user-friendly handling of virtual objects in low dimensions. Designing efficient computer tools in this context is a challenging task, it calls for a thorough understanding of how geometric objects and relations between them are represented, as well as highly qualified developers and scientists who are familiar with the capabilities and limitations of these mathematical tools.&lt;br/&gt;&lt;br/&gt;Representing graphs in space is constrained by topological, metric, and algebraic properties. Topological constraints are typically captured by unavoidable patterns in the intersection graph of curves or surfaces, and is closely related to Ramsey-type results in combinatorial geometry. Metric constraints correspond to patterns in distances, slopes, angles, and areas that can be realized simultaneously. Algebraic constraints play an important role when edges are represented by algebraic curves (including straight lines). This project will study the intersection patterns of geometric objects, where the intersection relation is represented by an undirected graph, and it will also examine the intersections created by embeddings of geometric graphs, topological graphs, hypergraphs, or simplicial complexes into Euclidean spaces of low dimensions. Related enumerative problems will be considered, as well, where metric and topological constraints combined with classical combinatorial problems yield new challenges. Quantitative bounds for the realization spaces of basic geometric objects (such as points, line segments, lines, and quadrics) have applications in cartography, computer science, optimization, and solid modelling.&lt;br/&gt;&lt;br/&gt;This award reflects NSF's statutory mission and has been deemed worthy of support through evaluation using the Foundation's intellectual merit and broader impacts review criteria.]]></AbstractNarration>
<MinAmdLetterDate>07/06/2018</MinAmdLetterDate>
<MaxAmdLetterDate>07/06/2018</MaxAmdLetterDate>
<ARRAAmount/>
<TRAN_TYPE>Grant</TRAN_TYPE>
<CFDA_NUM>47.049</CFDA_NUM>
<NSF_PAR_USE_FLAG>1</NSF_PAR_USE_FLAG>
<FUND_AGCY_CODE>4900</FUND_AGCY_CODE>
<AWDG_AGCY_CODE>4900</AWDG_AGCY_CODE>
<AwardID>1800734</AwardID>
<Investigator>
<FirstName>Csaba</FirstName>
<LastName>Toth</LastName>
<PI_MID_INIT>D</PI_MID_INIT>
<PI_SUFX_NAME/>
<PI_FULL_NAME>Csaba D Toth</PI_FULL_NAME>
<EmailAddress><![CDATA[csaba.toth@csun.edu]]></EmailAddress>
<NSF_ID>000622125</NSF_ID>
<StartDate>07/06/2018</StartDate>
<EndDate/>
<RoleCode>Principal Investigator</RoleCode>
</Investigator>
<Institution>
<Name><![CDATA[The University Corporation, Northridge]]></Name>
<CityName>NORTHRIDGE</CityName>
<ZipCode>913300001</ZipCode>
<PhoneNumber>8186771403</PhoneNumber>
<StreetAddress><![CDATA[18111 NORDHOFF ST]]></StreetAddress>
<StreetAddress2/>
<CountryName>United States</CountryName>
<StateName>California</StateName>
<StateCode>CA</StateCode>
<CONGRESSDISTRICT>32</CONGRESSDISTRICT>
<CONGRESS_DISTRICT_ORG>CA32</CONGRESS_DISTRICT_ORG>
<ORG_UEI_NUM>LAGNHMC58DF3</ORG_UEI_NUM>
<ORG_LGL_BUS_NAME>THE UNIVERSITY CORPORATION</ORG_LGL_BUS_NAME>
<ORG_PRNT_UEI_NUM/>
</Institution>
<Performance_Institution>
<Name><![CDATA[California State University, Northridge]]></Name>
<CityName>Los Angeles</CityName>
<StateCode>CA</StateCode>
<ZipCode>913308313</ZipCode>
<StreetAddress><![CDATA[18111 Nordhoff St]]></StreetAddress>
<CountryCode>US</CountryCode>
<CountryName>United States</CountryName>
<StateName>California</StateName>
<CountryFlag>1</CountryFlag>
<CONGRESSDISTRICT>32</CONGRESSDISTRICT>
<CONGRESS_DISTRICT_PERF>CA32</CONGRESS_DISTRICT_PERF>
</Performance_Institution>
<ProgramElement>
<Code>7970</Code>
<Text>Combinatorics</Text>
</ProgramElement>
<ProgramReference>
<Code>9229</Code>
<Text>RES IN UNDERGRAD INST-RESEARCH</Text>
</ProgramReference>
<Appropriation>
<Code>0118</Code>
<Name>NSF RESEARCH &amp; RELATED ACTIVIT</Name>
<APP_SYMB_ID>040100</APP_SYMB_ID>
</Appropriation>
<Fund>
<Code>01001819DB</Code>
<Name><![CDATA[NSF RESEARCH & RELATED ACTIVIT]]></Name>
<FUND_SYMB_ID>040100</FUND_SYMB_ID>
</Fund>
<FUND_OBLG>2018~99966</FUND_OBLG>
<POR>
<DRECONTENT><![CDATA[<div class="porColContainerWBG"> <div class="porContentCol"><p>This project studied a broad range of problems in combinatorial geometry and geometric graph theory. This report highlights four notable results.&nbsp;The celebrated Erd&#337;s-Szekeres theorem (1935) gives an asymptotically tight bound on the minimum number of points in convex position in any finite set in the plane. However, generalization to higher dimensions remained elusive. The project obtained a tight bound on the minimum number of points in convex position in a d-dimensional Cartesian product of&nbsp; finite points, in every dimension d.Answering a question by Conway (1969), the project constructed a convex polytopes in 3-space that can approximate the unit ball arbitrarily closely, and has only one stable face, in the sense that if the polytope is placed on a horizontal surface standing on a face, other than the stable face, it would roll over. Furthermore, it constructed such polytopes with unit diameter that can roll to any distance from an initial position, following the laws of physics; thereby laying the foundation of geometric design of autonomous robots.&nbsp;Chung and Graham (1983) constructed, for every positive integer n, a universal graph that contains every tree on n vertices, and has asymptotically the minimum number of edges. Using asymptotically the same number of edges, this project extended the result to geometric graphs, where the rotation order of all edges incident to each vertex must be respected.&nbsp;The project obtained new results on the intersection pattern of convex bodies, as well. Motivated by wireless communication networks, researcher studied the intersection graph of unit disks in the plane, and asked for a subgraphs that approximate shortest distances in the graph up to a factor t distortion---such a subgraph is called a t-spanner. The project showed that the intersection graph of unit disks in the plane admit a 2-spanner with linearly many edges, which is the best possible. The problem has been generalized to other classes of geometric objects. The design of optimal t-spanners has lead to the discovery of new structural results of geometric intersections graphs.</p> <p><br />The project trained undergraduate and graduate students for careers in mathematics and computer science, provided solid foundations in discrete mathematics and geometry, and developed mathematical skills for manipulating and visualizing geometric objects.</p><br> <p>  Last Modified: 11/06/2023<br> Modified by: Csaba&nbsp;D&nbsp;Toth</p></div> <div class="porSideCol" ></div> </div>]]></DRECONTENT>
<POR_COPY_TXT><![CDATA[  This project studied a broad range of problems in combinatorial geometry and geometric graph theory. This report highlights four notable results.The celebrated Erd&#337;s-Szekeres theorem (1935) gives an asymptotically tight bound on the minimum number of points in convex position in any finite set in the plane. However, generalization to higher dimensions remained elusive. The project obtained a tight bound on the minimum number of points in convex position in a d-dimensional Cartesian product of finite points, in every dimension d.Answering a question by Conway (1969), the project constructed a convex polytopes in 3-space that can approximate the unit ball arbitrarily closely, and has only one stable face, in the sense that if the polytope is placed on a horizontal surface standing on a face, other than the stable face, it would roll over. Furthermore, it constructed such polytopes with unit diameter that can roll to any distance from an initial position, following the laws of physics; thereby laying the foundation of geometric design of autonomous robots.Chung and Graham (1983) constructed, for every positive integer n, a universal graph that contains every tree on n vertices, and has asymptotically the minimum number of edges. Using asymptotically the same number of edges, this project extended the result to geometric graphs, where the rotation order of all edges incident to each vertex must be respected.The project obtained new results on the intersection pattern of convex bodies, as well. Motivated by wireless communication networks, researcher studied the intersection graph of unit disks in the plane, and asked for a subgraphs that approximate shortest distances in the graph up to a factor t distortion---such a subgraph is called a t-spanner. The project showed that the intersection graph of unit disks in the plane admit a 2-spanner with linearly many edges, which is the best possible. The problem has been generalized to other classes of geometric objects. The design of optimal t-spanners has lead to the discovery of new structural results of geometric intersections graphs.    The project trained undergraduate and graduate students for careers in mathematics and computer science, provided solid foundations in discrete mathematics and geometry, and developed mathematical skills for manipulating and visualizing geometric objects.     Last Modified: 11/06/2023       Submitted by: CsabaDToth]]></POR_COPY_TXT>
</POR>
</Award>
</rootTag>
