<?xml version="1.0" encoding="UTF-8"?>
<rootTag>
<Award>
<AwardTitle><![CDATA[D3SC: Integrated Studies on Designing Organometallic Complexes with Nonlinear Absorption and Near-Infrared Emission]]></AwardTitle>
<AGENCY>NSF</AGENCY>
<AwardEffectiveDate>08/01/2018</AwardEffectiveDate>
<AwardExpirationDate>07/31/2022</AwardExpirationDate>
<AwardTotalIntnAmount>468030.00</AwardTotalIntnAmount>
<AwardAmount>468030</AwardAmount>
<AwardInstrument>
<Value>Standard Grant</Value>
</AwardInstrument>
<Organization>
<Code>03090000</Code>
<Directorate>
<Abbreviation>MPS</Abbreviation>
<LongName>Direct For Mathematical &amp; Physical Scien</LongName>
</Directorate>
<Division>
<Abbreviation>CHE</Abbreviation>
<LongName>Division Of Chemistry</LongName>
</Division>
</Organization>
<ProgramOfficer>
<SignBlockName>Tingyu Li</SignBlockName>
<PO_EMAI>tli@nsf.gov</PO_EMAI>
<PO_PHON>7032924949</PO_PHON>
</ProgramOfficer>
<AbstractNarration><![CDATA[In this project, funded by the Chemical Structure, Dynamic &amp; Mechanism B Program of the Chemistry Division, Professors Bakhtiyor Rasulev, Dmitri S Kilin, Svetlana V Kilina, and Wenfang Sun at North Dakota State University are developing new organometallic complexes with nonlinear optical absorption (NLO) and near IR (NIR) emission properties.  The approach involves the application of combined computational and data-driven methods.  The new methodology could offer an efficient and cost-effective development of optical materials for various applications.  These applications include optical communication, data storage, dynamic holography, optical switching, optical limiting, photodynamic therapy, and/or photocatalysis.  The project lies at the interface of organic, inorganic, materials chemistry, theoretical quantum chemistry, cheminformatics and data mining approaches, and is therefore well suited to the education of scientists at all levels. This group is also well positioned to provide the highest level of education and training for students underrepresented in science. Outreach activities involving tribal college students and K-12 students will also be part of the funded project.  &lt;br/&gt;&lt;br/&gt;Transition metal complexes display a rich array of photophysical properties where substituted ligands can be used both for the tuning of excited states and as conduits for electron- and energy-transfer.   In this project, the combination of experimental, computational, cheminformatics and data mining methods are being used to reveal the factors responsible for NLO properties and near IR emission properties.  A broad library of organometallic complexes that possess specific optical properties, by in-house data, as well as a large set of data collected from various public sources using computer science methods, will be studied.   A virtual library of thousands of promising organometallic complexes will be generated and the most promising ones will be synthesized and tested, to confirm the data-driven findings.  It is hoped that new complexes will be achieved with the following desirable properties: (1) weak and broad absorption at visible to NIR region, (2) intense excited state absorption to guaranty a large ratio of the excited-state absorption cross section relative to that of the ground-state absorption, (3) long-lived triplet excited states, and (4) relatively high triplet quantum yield.&lt;br/&gt;&lt;br/&gt;This award reflects NSF's statutory mission and has been deemed worthy of support through evaluation using the Foundation's intellectual merit and broader impacts review criteria.]]></AbstractNarration>
<MinAmdLetterDate>07/12/2018</MinAmdLetterDate>
<MaxAmdLetterDate>07/12/2018</MaxAmdLetterDate>
<ARRAAmount/>
<TRAN_TYPE>Grant</TRAN_TYPE>
<CFDA_NUM>47.049</CFDA_NUM>
<NSF_PAR_USE_FLAG>1</NSF_PAR_USE_FLAG>
<FUND_AGCY_CODE>4900</FUND_AGCY_CODE>
<AWDG_AGCY_CODE>4900</AWDG_AGCY_CODE>
<AwardID>1800476</AwardID>
<Investigator>
<FirstName>WENFANG</FirstName>
<LastName>SUN</LastName>
<PI_MID_INIT/>
<PI_SUFX_NAME/>
<PI_FULL_NAME>WENFANG SUN</PI_FULL_NAME>
<EmailAddress><![CDATA[wsun15@ua.edu]]></EmailAddress>
<NSF_ID>000351271</NSF_ID>
<StartDate>07/12/2018</StartDate>
<EndDate/>
<RoleCode>Co-Principal Investigator</RoleCode>
</Investigator>
<Investigator>
<FirstName>Dmitri</FirstName>
<LastName>Kilin</LastName>
<PI_MID_INIT>S</PI_MID_INIT>
<PI_SUFX_NAME/>
<PI_FULL_NAME>Dmitri S Kilin</PI_FULL_NAME>
<EmailAddress><![CDATA[dmitri.kilin@ndsu.edu]]></EmailAddress>
<NSF_ID>000581797</NSF_ID>
<StartDate>07/12/2018</StartDate>
<EndDate/>
<RoleCode>Co-Principal Investigator</RoleCode>
</Investigator>
<Investigator>
<FirstName>Svetlana</FirstName>
<LastName>Kilina</LastName>
<PI_MID_INIT>V</PI_MID_INIT>
<PI_SUFX_NAME/>
<PI_FULL_NAME>Svetlana V Kilina</PI_FULL_NAME>
<EmailAddress><![CDATA[svetlana.kilina@ndsu.edu]]></EmailAddress>
<NSF_ID>000581917</NSF_ID>
<StartDate>07/12/2018</StartDate>
<EndDate/>
<RoleCode>Co-Principal Investigator</RoleCode>
</Investigator>
<Investigator>
<FirstName>Bakhtiyor</FirstName>
<LastName>Rasulev</LastName>
<PI_MID_INIT/>
<PI_SUFX_NAME/>
<PI_FULL_NAME>Bakhtiyor Rasulev</PI_FULL_NAME>
<EmailAddress><![CDATA[bakhtiyor.rasulev@ndsu.edu]]></EmailAddress>
<NSF_ID>000743618</NSF_ID>
<StartDate>07/12/2018</StartDate>
<EndDate/>
<RoleCode>Principal Investigator</RoleCode>
</Investigator>
<Institution>
<Name><![CDATA[North Dakota State University Fargo]]></Name>
<CityName>FARGO</CityName>
<ZipCode>581055750</ZipCode>
<PhoneNumber>7012318045</PhoneNumber>
<StreetAddress><![CDATA[1310 BOLLEY DR]]></StreetAddress>
<StreetAddress2/>
<CountryName>United States</CountryName>
<StateName>North Dakota</StateName>
<StateCode>ND</StateCode>
<CONGRESSDISTRICT>00</CONGRESSDISTRICT>
<CONGRESS_DISTRICT_ORG>ND00</CONGRESS_DISTRICT_ORG>
<ORG_UEI_NUM>EZ4WPGRE1RD5</ORG_UEI_NUM>
<ORG_LGL_BUS_NAME>NORTH DAKOTA STATE UNIVERSITY</ORG_LGL_BUS_NAME>
<ORG_PRNT_UEI_NUM>EZ4WPGRE1RD5</ORG_PRNT_UEI_NUM>
</Institution>
<Performance_Institution>
<Name><![CDATA[North Dakota State University Fargo]]></Name>
<CityName>Fargo</CityName>
<StateCode>ND</StateCode>
<ZipCode>581086050</ZipCode>
<StreetAddress><![CDATA[NDSU Dept 2760]]></StreetAddress>
<CountryCode>US</CountryCode>
<CountryName>United States</CountryName>
<StateName>North Dakota</StateName>
<CountryFlag>1</CountryFlag>
<CONGRESSDISTRICT>00</CONGRESSDISTRICT>
<CONGRESS_DISTRICT_PERF>ND00</CONGRESS_DISTRICT_PERF>
</Performance_Institution>
<ProgramElement>
<Code>9102</Code>
<Text>Chem Struct,Dynmcs&amp;Mechansms B</Text>
</ProgramElement>
<ProgramReference>
<Code>062Z</Code>
<Text>Harnessing the Data Revolution</Text>
</ProgramReference>
<ProgramReference>
<Code>9150</Code>
<Text>EXP PROG TO STIM COMP RES</Text>
</ProgramReference>
<Appropriation>
<Code>0118</Code>
<Name>NSF RESEARCH &amp; RELATED ACTIVIT</Name>
<APP_SYMB_ID>040100</APP_SYMB_ID>
</Appropriation>
<Fund>
<Code>01001819DB</Code>
<Name><![CDATA[NSF RESEARCH & RELATED ACTIVIT]]></Name>
<FUND_SYMB_ID>040100</FUND_SYMB_ID>
</Fund>
<FUND_OBLG>2018~468030</FUND_OBLG>
<POR>
<DRECONTENT><![CDATA[<div class="porColContainerWBG"> <div class="porContentCol"><p>A new methodology for rational design of organometallic materials in the field of dye-sensitized solar cells, catalysis, sensing, displays, optical limiting, and bio-imaging is in high demand.&nbsp;Discovery of new near-IR absorbing and emissive materials is critical for applications in fluorescent biomarkers, photodynamic therapy, fluorescent sensors, photovoltaics, and light emitting diodes (LEDs).&nbsp;</p> <p><strong>Research Outcome: </strong>This project is investigated nonlinear optical absorption (NLA) and near-IR (NIR) emission properties of transition-metal complexes (TMCs) and established a quantitative structure-property relationship that allowing a chemical control and tuning of NIR and NLA properties in these materials. For this, a procedure for&nbsp;property characterizations and design cycle for these complex molecular systems was developed by application of combined approach of computational and data-driven methods and experimental investigations.&nbsp;</p> <p>The project's findings provide important insights into the effect of chemical structure of ligands and metal centers in complexes on its optical response and complement worldwide efforts in improving optical performance of the metal-organic complexes at the NIR range via rational chemical design. In particular, our joined experimental and computational research directly assists in novel design strategies for creating new materials with improved NIR emission and reverse saturable absorption (RSA). Additionally, the developed computational and data driven methods provide a guidance for synthesis and inspire new experimental probes focused on NLA and NIR materials. The new methodology can be applied for other organometallic materials as well, to improve their properties of interest.</p> <p>Performed study lies at the forefront of research including soft, electronically functional matter, luminescent organics, photochemistry, quantum technology, sensors, energy storage and conversion, which are currently of great interest for NSF-related missions.</p> <p>In addition, the developed new interdisciplinary machine learning-based cheminformatics methodology to design organometallic materials can boost the development of artificial intelligence (AI) techniques for development of other various hybrid materials and nanomaterials.</p> <p><strong>Broader Impact: </strong>The project<span>&nbsp;resulted in the training of 10 students 7 PhD&nbsp; and 3 undergraduates, one postdoctoral researcher, the publication of 20 scientific articles in high-impact journals, as well as a number of presentations to scientific conferences and symposiums.&nbsp;</span>This project provided interdisciplinary training opportunity to both undergraduate and graduate students on quantum chemistry, machine learning, and cheminformatics techniques, as well as on simulations of materials&rsquo; properties and method development. Student also trained to have better skills in scientific writing and presentations. All these activities prepared future working forces for research in materials science. Thus, our research helped to attract new students to the STEM programs at NDSU and inspired the innovative capacity of a new generation of American scientists. All PIs are actively participated in several outreach activities organized for high school students interested in STEM disciplines. This helped to build human related infrastructure on institutional level, since these activities are attracting a lot of potential new students to NDSU, which brings additional funding from ND State. The project facilitated various other outreach activities, such as the Welcome Days and other workshops mentioned above, public presentations, editing books, organizing conferences, participation at the conferences and participation in the NATURE Program, PICNICS program, all of which are intended to advance STEM fields literacy of the general public and young students.</p> <p>The PI and co-PIs are actively used the available computational resources at NDSU and moreover, contributed with a new NSF MRI grant funding to acquire a new supercomputer for $1.2M from NSF (received in 2020 the NSF Major Infrastructure Instrument award, NSF MRI-2019077).</p><br> <p>            Last Modified: 11/30/2022<br>      Modified by: Bakhtiyor&nbsp;Rasulev</p> </div> <div class="porSideCol"></div> </div>]]></DRECONTENT>
<POR_COPY_TXT><![CDATA[ A new methodology for rational design of organometallic materials in the field of dye-sensitized solar cells, catalysis, sensing, displays, optical limiting, and bio-imaging is in high demand. Discovery of new near-IR absorbing and emissive materials is critical for applications in fluorescent biomarkers, photodynamic therapy, fluorescent sensors, photovoltaics, and light emitting diodes (LEDs).   Research Outcome: This project is investigated nonlinear optical absorption (NLA) and near-IR (NIR) emission properties of transition-metal complexes (TMCs) and established a quantitative structure-property relationship that allowing a chemical control and tuning of NIR and NLA properties in these materials. For this, a procedure for property characterizations and design cycle for these complex molecular systems was developed by application of combined approach of computational and data-driven methods and experimental investigations.   The project's findings provide important insights into the effect of chemical structure of ligands and metal centers in complexes on its optical response and complement worldwide efforts in improving optical performance of the metal-organic complexes at the NIR range via rational chemical design. In particular, our joined experimental and computational research directly assists in novel design strategies for creating new materials with improved NIR emission and reverse saturable absorption (RSA). Additionally, the developed computational and data driven methods provide a guidance for synthesis and inspire new experimental probes focused on NLA and NIR materials. The new methodology can be applied for other organometallic materials as well, to improve their properties of interest.  Performed study lies at the forefront of research including soft, electronically functional matter, luminescent organics, photochemistry, quantum technology, sensors, energy storage and conversion, which are currently of great interest for NSF-related missions.  In addition, the developed new interdisciplinary machine learning-based cheminformatics methodology to design organometallic materials can boost the development of artificial intelligence (AI) techniques for development of other various hybrid materials and nanomaterials.  Broader Impact: The project resulted in the training of 10 students 7 PhD  and 3 undergraduates, one postdoctoral researcher, the publication of 20 scientific articles in high-impact journals, as well as a number of presentations to scientific conferences and symposiums. This project provided interdisciplinary training opportunity to both undergraduate and graduate students on quantum chemistry, machine learning, and cheminformatics techniques, as well as on simulations of materials’ properties and method development. Student also trained to have better skills in scientific writing and presentations. All these activities prepared future working forces for research in materials science. Thus, our research helped to attract new students to the STEM programs at NDSU and inspired the innovative capacity of a new generation of American scientists. All PIs are actively participated in several outreach activities organized for high school students interested in STEM disciplines. This helped to build human related infrastructure on institutional level, since these activities are attracting a lot of potential new students to NDSU, which brings additional funding from ND State. The project facilitated various other outreach activities, such as the Welcome Days and other workshops mentioned above, public presentations, editing books, organizing conferences, participation at the conferences and participation in the NATURE Program, PICNICS program, all of which are intended to advance STEM fields literacy of the general public and young students.  The PI and co-PIs are actively used the available computational resources at NDSU and moreover, contributed with a new NSF MRI grant funding to acquire a new supercomputer for $1.2M from NSF (received in 2020 the NSF Major Infrastructure Instrument award, NSF MRI-2019077).       Last Modified: 11/30/2022       Submitted by: Bakhtiyor Rasulev]]></POR_COPY_TXT>
</POR>
</Award>
</rootTag>
