<?xml version="1.0" encoding="UTF-8"?>
<rootTag>
<Award>
<AwardTitle><![CDATA[Real-Time Feedback-Enabled Simulation Modeling of Dynamic Construction Processes]]></AwardTitle>
<AGENCY>NSF</AGENCY>
<AwardEffectiveDate>09/01/2017</AwardEffectiveDate>
<AwardExpirationDate>12/31/2019</AwardExpirationDate>
<AwardTotalIntnAmount>133726.00</AwardTotalIntnAmount>
<AwardAmount>133726</AwardAmount>
<AwardInstrument>
<Value>Standard Grant</Value>
</AwardInstrument>
<Organization>
<Code>07030000</Code>
<Directorate>
<Abbreviation>ENG</Abbreviation>
<LongName>Directorate For Engineering</LongName>
</Directorate>
<Division>
<Abbreviation>CMMI</Abbreviation>
<LongName>Div Of Civil, Mechanical, &amp; Manufact Inn</LongName>
</Division>
</Organization>
<ProgramOfficer>
<SignBlockName>Yueyue Fan</SignBlockName>
<PO_EMAI>yfan@nsf.gov</PO_EMAI>
<PO_PHON>7032924453</PO_PHON>
</ProgramOfficer>
<AbstractNarration><![CDATA[According to the U.S. Census Bureau, in 2015, the U.S. construction industry will surpass $1 Trillion Dollars in spending. Construction and infrastructure projects consist of interconnected networks of people, equipment, and materials. Most often, finding optimal work strategies, and making timely operational decisions that lead to maximum productivity while minimizing project completion cost and time is not trivial. Unlike manufacturing and industrial systems, construction projects involve dynamic (constantly evolving) layouts, complex resource interactions, uncertainties in workflows and processes, and unforeseen conditions that can result in deviations from plans and unwanted delays. Figures show that only 30 percent of construction projects finish on time and within budget. Therefore, the accuracy and timeliness of operational-level decision-making in construction projects is of utmost importance. This award supports fundamental research to enhance construction decision-making accuracy by reducing uncertainties through the seamless integration of process-level data into decision-making. This will be achieved by building the theoretical foundation and significantly advancing the current state of construction simulation modeling through enabling real-time interaction with a simulation model as the real project evolves, and communicating the simulation output through a feedback loop to steer the events in the real project. Therefore, results from this research will benefit the U.S. economy and the society since it leads to better decision-making which results in reducing waste, rework, cost, time, and ensures safety. The multi-disciplinary nature of this project will help broaden participation of underrepresented and diverse student groups in integrated research and pedagogical activities, and positively impact engineering education.&lt;br/&gt;&lt;br/&gt;The knowledge-based simulation modeling framework in this project enables process-level models to autonomously learn from and adapt to ever-changing and evolving construction systems. Process-level knowledge that serves as the input of such simulation models is obtained from ubiquitous sensory data that describe relationships, interactions, and uncertainty attributes of field processes, and enable the generation and maintenance of more accurate simulation models. In doing so, some scientific barriers are yet to be overcome to realize the full accreditation and application of this framework. The research team will design and test methods that draw from data mining, machine learning, forecasting, and control to fill the existing knowledge gaps in capturing and mining complex data and meta-data from equipment and human crew interactions. The resulting process-level knowledge will be rich enough to describe, model, analyze, and project the uncertainties of construction systems at any point in time and consequently help adjust resource allocations and operational scenarios on the job site.]]></AbstractNarration>
<MinAmdLetterDate>02/05/2018</MinAmdLetterDate>
<MaxAmdLetterDate>02/05/2018</MaxAmdLetterDate>
<ARRAAmount/>
<TRAN_TYPE>Grant</TRAN_TYPE>
<CFDA_NUM>47.041</CFDA_NUM>
<NSF_PAR_USE_FLAG>0</NSF_PAR_USE_FLAG>
<FUND_AGCY_CODE>4900</FUND_AGCY_CODE>
<AWDG_AGCY_CODE>4900</AWDG_AGCY_CODE>
<AwardID>1800957</AwardID>
<Investigator>
<FirstName>Amir</FirstName>
<LastName>Behzadan</LastName>
<PI_MID_INIT>H</PI_MID_INIT>
<PI_SUFX_NAME/>
<PI_FULL_NAME>Amir H Behzadan</PI_FULL_NAME>
<EmailAddress><![CDATA[amir.behzadan@colorado.edu]]></EmailAddress>
<NSF_ID>000544302</NSF_ID>
<StartDate>02/05/2018</StartDate>
<EndDate/>
<RoleCode>Principal Investigator</RoleCode>
</Investigator>
<Institution>
<Name><![CDATA[Texas A&amp;M University]]></Name>
<CityName>COLLEGE STATION</CityName>
<ZipCode>778454375</ZipCode>
<PhoneNumber>9798626777</PhoneNumber>
<StreetAddress><![CDATA[400 HARVEY MITCHELL PKY S STE 30]]></StreetAddress>
<StreetAddress2/>
<CountryName>United States</CountryName>
<StateName>Texas</StateName>
<StateCode>TX</StateCode>
<CONGRESSDISTRICT>10</CONGRESSDISTRICT>
<CONGRESS_DISTRICT_ORG>TX10</CONGRESS_DISTRICT_ORG>
<ORG_UEI_NUM>JF6XLNB4CDJ5</ORG_UEI_NUM>
<ORG_LGL_BUS_NAME>TEXAS A &amp; M UNIVERSITY</ORG_LGL_BUS_NAME>
<ORG_PRNT_UEI_NUM>HH6VX5XDL284</ORG_PRNT_UEI_NUM>
</Institution>
<Performance_Institution>
<Name><![CDATA[Texas A&M University Main Campus]]></Name>
<CityName>College Station</CityName>
<StateCode>TX</StateCode>
<ZipCode>778433137</ZipCode>
<StreetAddress/>
<CountryCode>US</CountryCode>
<CountryName>United States</CountryName>
<StateName>Texas</StateName>
<CountryFlag>1</CountryFlag>
<CONGRESSDISTRICT>10</CONGRESSDISTRICT>
<CONGRESS_DISTRICT_PERF>TX10</CONGRESS_DISTRICT_PERF>
</Performance_Institution>
<ProgramElement>
<Code>1631</Code>
<Text>CIS-Civil Infrastructure Syst</Text>
</ProgramElement>
<ProgramReference>
<Code>029E</Code>
<Text>INFRASTRUCTURE SYSTEMS MGT</Text>
</ProgramReference>
<ProgramReference>
<Code>036E</Code>
<Text>CIVIL INFRASTRUCTURE</Text>
</ProgramReference>
<ProgramReference>
<Code>039E</Code>
<Text>STRUCTURAL SYSTEMS</Text>
</ProgramReference>
<ProgramReference>
<Code>1057</Code>
<Text>CIS BASE RESEARCH</Text>
</ProgramReference>
<ProgramReference>
<Code>CVIS</Code>
<Text>CIVIL INFRASTRUCTURE</Text>
</ProgramReference>
<Appropriation>
<Code>0115</Code>
<Name>NSF RESEARCH &amp; RELATED ACTIVIT</Name>
<APP_SYMB_ID>040100</APP_SYMB_ID>
</Appropriation>
<Fund>
<Code>01001516DB</Code>
<Name><![CDATA[NSF RESEARCH & RELATED ACTIVIT]]></Name>
<FUND_SYMB_ID>040100</FUND_SYMB_ID>
</Fund>
<FUND_OBLG>2015~133726</FUND_OBLG>
<POR>
<DRECONTENT><![CDATA[<div class="porColContainerWBG"> <div class="porContentCol"><p>Construction is one of the largest global industries, employing 7% of the world&rsquo;s workforce and contributing more than $10T annually to the world economy. What makes this industry quite different when it comes to planning and execution is that unlike other industries such as manufacturing, automotive, aerospace, and mechanical design, where products move along a production line, in construction, products (e.g., houses, roads, schools, office buildings) are fixed and resources (i.e., workers, equipment, machinery, materials) move in and about the product to carry out their tasks and deliver the final product to the client. This makes decision-making in construction a complex task since it requires full knowledge of the state and interactions of resources on the jobsite. The ability to make informed decisions is therefore directly proportional to the decision-maker&rsquo;s situational awareness and understanding of the surroundings. Existing literature in construction decision-making is rich with respect to theories, and computer tools and models proposed for a variety of projects and jobsite conditions. Previous work in this domain, however, lacks a systematic study of methods for incorporating real-world data into decision-making models. More often, simulation analysts use rigid parameters or assumptions (based on personal judgment, intuition, or at best, data from previous projects) when creating models describing an ongoing construction project. However, every project is unique, and the dynamic nature of field operations and constantly evolving jobsite may sooner or later render such simulation models obsolete and unfit for proper decision-making. For example, it was found in a previous study that more than 30% of all assumptions made in the planning phase can turn out to be invalid during project execution. Motivated by this gap in knowledge, the overarching goal of this project was to conduct fundamental research at the intersection of construction, soft computing, and data analytics to design and validate methods for integrating operations-level data into the decision-making process. To this end, the PI deployed a host of artificial intelligence (AI) models ranging from machine learning (ML) algorithms (to calculate the sequence, duration, and frequency of human activities in the jobsite from body-mounted sensor data) to computer vision (CV) and deep convolutional neural networks (CNNs) (to understand the spatiotemporal relations between workers, equipment, tools, and structures in the jobsite using visual data). Together, these approaches enable a more precise and robust understanding of the operations that take place in a construction project and can inform decisions and plan of action with respect to creating ergonomic jobsites (designing the workplace to fit workers&rsquo; physical capabilities), safety monitoring (detection of personal protective equipment or PPE on workers), and accident prevention (predicting impending collisions between worker and equipment through position and depth analysis). Moreover, when incorporated into simulation models describing real-world operations, these methods can assist in making more realistic projections about productivity, resource consumption, and space allocation, ultimately leading to better project planning, forecasting, and decision-making. Resulting project outcomes have been widely disseminated in peer-reviewed journals and conference proceedings, and presented in multiple domestic and international events. Several undergraduate and graduate students were recruited and involved in experiment design, data collection and analysis, and dissemination of findings. All data, models, and methods developed as part of this project are publicly available on PI&rsquo;s GitHub page (<a href="https://github.com/ciber-lab">https://github.com/ciber-lab</a>). In addition, videos of some of the experiments conducted as part of this project can be found on PI&rsquo;s YouTube channel (<a href="https://www.youtube.com/channel/UC6LVIF0_OPavJ15iSAa5kvw">https://www.youtube.com/channel/UC6LVIF0_OPavJ15iSAa5kvw</a>).</p><br> <p>            Last Modified: 03/30/2020<br>      Modified by: Amir&nbsp;H&nbsp;Behzadan</p> </div> <div class="porSideCol"></div> </div>]]></DRECONTENT>
<POR_COPY_TXT><![CDATA[ Construction is one of the largest global industries, employing 7% of the world’s workforce and contributing more than $10T annually to the world economy. What makes this industry quite different when it comes to planning and execution is that unlike other industries such as manufacturing, automotive, aerospace, and mechanical design, where products move along a production line, in construction, products (e.g., houses, roads, schools, office buildings) are fixed and resources (i.e., workers, equipment, machinery, materials) move in and about the product to carry out their tasks and deliver the final product to the client. This makes decision-making in construction a complex task since it requires full knowledge of the state and interactions of resources on the jobsite. The ability to make informed decisions is therefore directly proportional to the decision-maker’s situational awareness and understanding of the surroundings. Existing literature in construction decision-making is rich with respect to theories, and computer tools and models proposed for a variety of projects and jobsite conditions. Previous work in this domain, however, lacks a systematic study of methods for incorporating real-world data into decision-making models. More often, simulation analysts use rigid parameters or assumptions (based on personal judgment, intuition, or at best, data from previous projects) when creating models describing an ongoing construction project. However, every project is unique, and the dynamic nature of field operations and constantly evolving jobsite may sooner or later render such simulation models obsolete and unfit for proper decision-making. For example, it was found in a previous study that more than 30% of all assumptions made in the planning phase can turn out to be invalid during project execution. Motivated by this gap in knowledge, the overarching goal of this project was to conduct fundamental research at the intersection of construction, soft computing, and data analytics to design and validate methods for integrating operations-level data into the decision-making process. To this end, the PI deployed a host of artificial intelligence (AI) models ranging from machine learning (ML) algorithms (to calculate the sequence, duration, and frequency of human activities in the jobsite from body-mounted sensor data) to computer vision (CV) and deep convolutional neural networks (CNNs) (to understand the spatiotemporal relations between workers, equipment, tools, and structures in the jobsite using visual data). Together, these approaches enable a more precise and robust understanding of the operations that take place in a construction project and can inform decisions and plan of action with respect to creating ergonomic jobsites (designing the workplace to fit workers’ physical capabilities), safety monitoring (detection of personal protective equipment or PPE on workers), and accident prevention (predicting impending collisions between worker and equipment through position and depth analysis). Moreover, when incorporated into simulation models describing real-world operations, these methods can assist in making more realistic projections about productivity, resource consumption, and space allocation, ultimately leading to better project planning, forecasting, and decision-making. Resulting project outcomes have been widely disseminated in peer-reviewed journals and conference proceedings, and presented in multiple domestic and international events. Several undergraduate and graduate students were recruited and involved in experiment design, data collection and analysis, and dissemination of findings. All data, models, and methods developed as part of this project are publicly available on PI’s GitHub page (https://github.com/ciber-lab). In addition, videos of some of the experiments conducted as part of this project can be found on PI’s YouTube channel (https://www.youtube.com/channel/UC6LVIF0_OPavJ15iSAa5kvw).       Last Modified: 03/30/2020       Submitted by: Amir H Behzadan]]></POR_COPY_TXT>
</POR>
</Award>
</rootTag>
