<?xml version="1.0" encoding="UTF-8"?>
<rootTag>
<Award>
<AwardTitle><![CDATA[Decoupling Theory, Time-Frequency Analysis and Related Oscillatory Integrals]]></AwardTitle>
<AGENCY>NSF</AGENCY>
<AwardEffectiveDate>07/01/2018</AwardEffectiveDate>
<AwardExpirationDate>09/30/2019</AwardExpirationDate>
<AwardTotalIntnAmount>109039.00</AwardTotalIntnAmount>
<AwardAmount>109039</AwardAmount>
<AwardInstrument>
<Value>Standard Grant</Value>
</AwardInstrument>
<Organization>
<Code>03040000</Code>
<Directorate>
<Abbreviation>MPS</Abbreviation>
<LongName>Direct For Mathematical &amp; Physical Scien</LongName>
</Directorate>
<Division>
<Abbreviation>DMS</Abbreviation>
<LongName>Division Of Mathematical Sciences</LongName>
</Division>
</Organization>
<ProgramOfficer>
<SignBlockName>Tomek Bartoszynski</SignBlockName>
<PO_EMAI>tbartosz@nsf.gov</PO_EMAI>
<PO_PHON>7032924885</PO_PHON>
</ProgramOfficer>
<AbstractNarration><![CDATA[This project involves work in the fields of harmonic analysis and analytic number theory. Analytic number theory is a branch of number theory which uses tools from mathematical analysis to solve problems about the integers. Harmonic analysis has its roots in the work of Fourier, who studied the way general functions may be represented by sums of simpler trigonometric functions. It has applications in various areas including mathematical physics, signal processing, and digital image processing. The project involves a series of problems in harmonic analysis related to Radon transforms and X-ray transforms. A deeper understanding of these transforms will produce a number of applications in areas such as computed tomography (CT) scan, sonar techniques, and radar techniques. On the other hand, the proposed project will stimulate interactions between harmonic analysis and analytic number theory. The principal investigator proposes to study a few famous open problems in analytic number theory, via tools recently developed in harmonic analysis. &lt;br/&gt;&lt;br/&gt;The project involves work in three directions, focusing separately on decoupling theory, time-frequency analysis, and certain oscillatory integrals that connect the previous two topics. One problem that is proposed in decoupling theory concerns Parsell-Vinogradov systems in all dimensions. The goal is to establish certain sharp decoupling inequalities that would imply sharp upper bounds on the number of integer solutions of these systems. Progress on this problem will allow a representation of every polynomial of a given degree by fewer linear forms. In the direction of time-frequency analysis, the principal investigator proposes to study an important special case of the famous Zygmund conjecture. This conjecture states that the maximal operator associated with a planar Lipschitz vector field is weakly bounded on the space of square-integrable functions. The principal investigator proposes to study the conjecture by further assuming the vector field to be constant along each vertical line on the plane. One problem that is proposed in the area of oscillatory integrals aims at proving sharp Sobolev regularity estimates for an averaging operator along the moment curve in every dimension. Sharp decoupling inequalities established by the principal investigator and collaborator will provide necessary tools from decoupling theory.&lt;br/&gt;&lt;br/&gt;This award reflects NSF's statutory mission and has been deemed worthy of support through evaluation using the Foundation's intellectual merit and broader impacts review criteria.]]></AbstractNarration>
<MinAmdLetterDate>03/29/2018</MinAmdLetterDate>
<MaxAmdLetterDate>03/29/2019</MaxAmdLetterDate>
<ARRAAmount/>
<TRAN_TYPE>Grant</TRAN_TYPE>
<CFDA_NUM>47.049</CFDA_NUM>
<NSF_PAR_USE_FLAG>1</NSF_PAR_USE_FLAG>
<FUND_AGCY_CODE>4900</FUND_AGCY_CODE>
<AWDG_AGCY_CODE>4900</AWDG_AGCY_CODE>
<AwardID>1800274</AwardID>
<Investigator>
<FirstName>Ciprian</FirstName>
<LastName>Demeter</LastName>
<PI_MID_INIT/>
<PI_SUFX_NAME/>
<PI_FULL_NAME>Ciprian Demeter</PI_FULL_NAME>
<EmailAddress><![CDATA[demeterc@indiana.edu]]></EmailAddress>
<NSF_ID>000302240</NSF_ID>
<StartDate>10/23/2018</StartDate>
<EndDate>03/29/2019</EndDate>
<RoleCode>Former Principal Investigator</RoleCode>
</Investigator>
<Investigator>
<FirstName>Shaoming</FirstName>
<LastName>Guo</LastName>
<PI_MID_INIT/>
<PI_SUFX_NAME/>
<PI_FULL_NAME>Shaoming Guo</PI_FULL_NAME>
<EmailAddress><![CDATA[sguo223@wisc.edu]]></EmailAddress>
<NSF_ID>000704050</NSF_ID>
<StartDate>03/29/2019</StartDate>
<EndDate/>
<RoleCode>Principal Investigator</RoleCode>
</Investigator>
<Investigator>
<FirstName>Shaoming</FirstName>
<LastName>Guo</LastName>
<PI_MID_INIT/>
<PI_SUFX_NAME/>
<PI_FULL_NAME>Shaoming Guo</PI_FULL_NAME>
<EmailAddress><![CDATA[sguo223@wisc.edu]]></EmailAddress>
<NSF_ID>000704050</NSF_ID>
<StartDate>03/29/2018</StartDate>
<EndDate>10/23/2018</EndDate>
<RoleCode>Former Principal Investigator</RoleCode>
</Investigator>
<Institution>
<Name><![CDATA[Indiana University]]></Name>
<CityName>BLOOMINGTON</CityName>
<ZipCode>474057000</ZipCode>
<PhoneNumber>3172783473</PhoneNumber>
<StreetAddress><![CDATA[107 S INDIANA AVE]]></StreetAddress>
<StreetAddress2/>
<CountryName>United States</CountryName>
<StateName>Indiana</StateName>
<StateCode>IN</StateCode>
<CONGRESSDISTRICT>09</CONGRESSDISTRICT>
<CONGRESS_DISTRICT_ORG>IN09</CONGRESS_DISTRICT_ORG>
<ORG_UEI_NUM>YH86RTW2YVJ4</ORG_UEI_NUM>
<ORG_LGL_BUS_NAME>TRUSTEES OF INDIANA UNIVERSITY</ORG_LGL_BUS_NAME>
<ORG_PRNT_UEI_NUM/>
</Institution>
<Performance_Institution>
<Name><![CDATA[Indiana University]]></Name>
<CityName>Bloomington</CityName>
<StateCode>IN</StateCode>
<ZipCode>474057106</ZipCode>
<StreetAddress><![CDATA[831 E Third St]]></StreetAddress>
<CountryCode>US</CountryCode>
<CountryName>United States</CountryName>
<StateName>Indiana</StateName>
<CountryFlag>1</CountryFlag>
<CONGRESSDISTRICT>09</CONGRESSDISTRICT>
<CONGRESS_DISTRICT_PERF>IN09</CONGRESS_DISTRICT_PERF>
</Performance_Institution>
<ProgramElement>
<Code>1281</Code>
<Text>ANALYSIS PROGRAM</Text>
</ProgramElement>
<Appropriation>
<Code>0118</Code>
<Name>NSF RESEARCH &amp; RELATED ACTIVIT</Name>
<APP_SYMB_ID>040100</APP_SYMB_ID>
</Appropriation>
<Fund>
<Code>01001819DB</Code>
<Name><![CDATA[NSF RESEARCH & RELATED ACTIVIT]]></Name>
<FUND_SYMB_ID>040100</FUND_SYMB_ID>
</Fund>
<FUND_OBLG>2018~0</FUND_OBLG>
</Award>
</rootTag>
