<?xml version="1.0" encoding="UTF-8"?>
<rootTag>
<Award>
<AwardTitle><![CDATA[Collaboration Of Midwest Professionals for Logistics Engineering Technology Education Project]]></AwardTitle>
<AGENCY>NSF</AGENCY>
<AwardEffectiveDate>10/01/2018</AwardEffectiveDate>
<AwardExpirationDate>09/30/2022</AwardExpirationDate>
<AwardTotalIntnAmount>268000.00</AwardTotalIntnAmount>
<AwardAmount>268000</AwardAmount>
<AwardInstrument>
<Value>Standard Grant</Value>
</AwardInstrument>
<Organization>
<Code>11040100</Code>
<Directorate>
<Abbreviation>EDU</Abbreviation>
<LongName>Directorate for STEM Education</LongName>
</Directorate>
<Division>
<Abbreviation>DUE</Abbreviation>
<LongName>Division Of Undergraduate Education</LongName>
</Division>
</Organization>
<ProgramOfficer>
<SignBlockName>John Jackman</SignBlockName>
<PO_EMAI>jjackman@nsf.gov</PO_EMAI>
<PO_PHON>7032924816</PO_PHON>
</ProgramOfficer>
<AbstractNarration><![CDATA[The supply chain, or logistics, industry continues to grow in the Midwest region of the United States. Jobs in this industry are also becoming more dependent on technologies such as predictive analytics, artificial intelligence, and robotics. Nearly 15,000 transportation and warehousing businesses are located across the cities of Columbus, Ohio; Dayton, Ohio; and Chicago, Illinois. The ongoing growth helps support and strengthen the logistics industry in this regional economy. As a result, there is an increasing need for logistics engineering technicians in the region. In this project, a grouping of community colleges who are leaders in the logistics field in this Midwest region will be formed. The project will be led by Columbus State Community College, Oakton Community College, and Sinclair Community College. It will seek to build career pathways in logistics engineering technology for students, encourage more students to complete degrees in this field, develop faculty experience on the latest technologies, and improve the technical skills of graduates. The goal will be to provide highly-skilled logistics engineering technicians to support the regional and national needs of the supply chain sector. &lt;br/&gt;&lt;br/&gt;The project will aim to improve technician education to support the increasingly complex technology needs of the supply chain sector while connecting graduates to employment opportunities in a variety of logistics industries. This project will work with employers, industry experts, and colleges to establish an innovation network. The network of partners will identify and create educational resources for emerging skills and technologies within the sector. The existing logistics curriculum at Columbus State Community College combines technology applications with engineering systems and integrates them with supply chain operations. This curriculum will be enhanced to integrate new topics in data-driven analytics and networking systems. The adapted curriculum will also be implemented and tested at the partnering institutions. The network infrastructure will inform and regularly evaluate efforts in curriculum and career pathway development; in providing professional development material and trainings for high school and college faculty; and on the use of prior learning assessments for adult and returning learners, particularly veterans and recent graduates in need of new skills for the ever-changing logistics job market. Results will be widely disseminated through an interactive project website, through publications, and at regional and national conferences.&lt;br/&gt;&lt;br/&gt;This award reflects NSF's statutory mission and has been deemed worthy of support through evaluation using the Foundation's intellectual merit and broader impacts review criteria.]]></AbstractNarration>
<MinAmdLetterDate>08/14/2018</MinAmdLetterDate>
<MaxAmdLetterDate>08/14/2018</MaxAmdLetterDate>
<ARRAAmount/>
<TRAN_TYPE>Grant</TRAN_TYPE>
<CFDA_NUM>47.076</CFDA_NUM>
<NSF_PAR_USE_FLAG>1</NSF_PAR_USE_FLAG>
<FUND_AGCY_CODE>4900</FUND_AGCY_CODE>
<AWDG_AGCY_CODE>4900</AWDG_AGCY_CODE>
<AwardID>1800188</AwardID>
<Investigator>
<FirstName>Jeremy</FirstName>
<LastName>Banta</LastName>
<PI_MID_INIT/>
<PI_SUFX_NAME/>
<PI_FULL_NAME>Jeremy Banta</PI_FULL_NAME>
<EmailAddress><![CDATA[jbanta1@cscc.edu]]></EmailAddress>
<NSF_ID>000732993</NSF_ID>
<StartDate>08/14/2018</StartDate>
<EndDate/>
<RoleCode>Principal Investigator</RoleCode>
</Investigator>
<Institution>
<Name>Columbus State Community College</Name>
<CityName>COLUMBUS</CityName>
<ZipCode>432151722</ZipCode>
<PhoneNumber>6142872639</PhoneNumber>
<StreetAddress>550 E SPRING ST</StreetAddress>
<StreetAddress2/>
<CountryName>United States</CountryName>
<StateName>Ohio</StateName>
<StateCode>OH</StateCode>
<CONGRESSDISTRICT>03</CONGRESSDISTRICT>
<CONGRESS_DISTRICT_ORG>OH03</CONGRESS_DISTRICT_ORG>
<ORG_UEI_NUM>H7GFSFHXELW4</ORG_UEI_NUM>
<ORG_LGL_BUS_NAME>COLUMBUS STATE COMMUNITY COLLEGE</ORG_LGL_BUS_NAME>
<ORG_PRNT_UEI_NUM>H7GFSFHXELW4</ORG_PRNT_UEI_NUM>
</Institution>
<Performance_Institution>
<Name><![CDATA[Columbus State Community College]]></Name>
<CityName>Columbus</CityName>
<StateCode>OH</StateCode>
<ZipCode>432151722</ZipCode>
<StreetAddress><![CDATA[550 E. Spring Street]]></StreetAddress>
<CountryCode>US</CountryCode>
<CountryName>United States</CountryName>
<StateName>Ohio</StateName>
<CountryFlag>1</CountryFlag>
<CONGRESSDISTRICT>03</CONGRESSDISTRICT>
<CONGRESS_DISTRICT_PERF>OH03</CONGRESS_DISTRICT_PERF>
</Performance_Institution>
<ProgramElement>
<Code>7412</Code>
<Text>Advanced Tech Education Prog</Text>
</ProgramElement>
<ProgramReference>
<Code>1032</Code>
<Text>ADVANCED TECHNOLOGY EDUCATION</Text>
</ProgramReference>
<ProgramReference>
<Code>9178</Code>
<Text>UNDERGRADUATE EDUCATION</Text>
</ProgramReference>
<ProgramReference>
<Code>SMET</Code>
<Text>SCIENCE, MATH, ENG &amp; TECH EDUCATION</Text>
</ProgramReference>
<Appropriation>
<Code>0418</Code>
<Name>NSF Education &amp; Human Resource</Name>
<APP_SYMB_ID>040106</APP_SYMB_ID>
</Appropriation>
<Fund>
<Code>04001819DB</Code>
<Name><![CDATA[NSF Education & Human Resource]]></Name>
<FUND_SYMB_ID>040106</FUND_SYMB_ID>
</Fund>
<FUND_OBLG>2018~268000</FUND_OBLG>
<POR>
<DRECONTENT><![CDATA[<div class="porColContainerWBG"> <div class="porContentCol"><p>The Collaboration Of Midwest Professionals for Logistics Engineering Technology Education (COMPLETE) Project brings together 3 community colleges in the Midwest that are leaders in logistics technician education: Columbus State Community College (Columbus, Ohio), Oakton Community College (Des Plaines, Illinois), and Sinclair Community College (Dayton, Ohio). Teams at these colleges collaborated with universities, high schools and industry partners to expand pathways for next-generation logistics engineering technicians in the region. The following project objectives were developed to meet this goal.: 1. To expand current logistics engineering technology curriculum and establish replication framework. 2. To develop an innovation network that focuses on LET emerging technologies in logistics. 3. To lead a professional development initiative for high school and college faculty about LET programming and careers. 4. To create a best practices protocol for returning learner outreach and use of prior learning assessment. Accomplishments: Each of the 3 key partner community colleges primarily focused on a particular aspect of the work while supporting the efforts of the others. Columbus State Community College focused on building an O-SCAN network to bring together industry, academia, and government agencies to inform this work. Oakton Community college focused on developing and offering professional development related to emerging logistics technologies. Sinclair Community College worked on developing prior learning assessment processes to help military veterans earn MTAG credits towards earning a degree or certificate in logistics. All three colleges educational content whether modules, courses, or degree programs to further opportunities for learning relted to emerging technologies in the field. Columbus State Community College &ndash; The team at Columbus State established the Ohio Supply Chain network (O-SCAN) as a means to connect the supply chain industry with higher education. A website was developed for the network to serve as a hub for content and resources. Resources developed by the team at Columbus State include virtual field trips (video) to the DSW Fulfillment Center, and the Rickenbacker International Airport/Norfolk Southern Rickenbacker Intermodal Terminal, to highlight the processes, departments, and technologies involved in getting products to the consumer. Lesson plans and other content will be developed to support these virtual field trips. The existing LET curriculum at the college was updated using new modules to build industry relevant competencies in students. Five new Excel based data analytics modules were developed in collaboration with faculty from the IT department funded through a different NSF grant. These modules were incorporated into a capstone course for college students but were also used by themselves to upskill incumbent workers. An ERP module was also added to the redesigned curriculum for another logistics course. Impacts: COMPLETE is bringing together the best practices related to logistic technician education developed by some of the lead community colleges in the Midwest. Sinclair has created a network similar to O-SCAN to serve as an industry advisory organization to educational institutions in their region. Faculty from all 3 colleges ae working together on setting up a National Center for Next Generation Manufacturing. Columbus State is working with Sinclair to develop strategies for veteran involvement. Additionally, Amazon has selected Oakton Community College as an education partner to their Career Choice program that provides employees with tuition free access to some of Oakton&rsquo;s programs including the Supply Chain Automation program. This grant has thus served to strengthen the industry pipeline for careers in logistics.</p><br> <p>            Last Modified: 11/22/2022<br>      Modified by: Jeremy&nbsp;Banta</p> </div> <div class="porSideCol"></div> </div>]]></DRECONTENT>
<POR_COPY_TXT><![CDATA[ The Collaboration Of Midwest Professionals for Logistics Engineering Technology Education (COMPLETE) Project brings together 3 community colleges in the Midwest that are leaders in logistics technician education: Columbus State Community College (Columbus, Ohio), Oakton Community College (Des Plaines, Illinois), and Sinclair Community College (Dayton, Ohio). Teams at these colleges collaborated with universities, high schools and industry partners to expand pathways for next-generation logistics engineering technicians in the region. The following project objectives were developed to meet this goal.: 1. To expand current logistics engineering technology curriculum and establish replication framework. 2. To develop an innovation network that focuses on LET emerging technologies in logistics. 3. To lead a professional development initiative for high school and college faculty about LET programming and careers. 4. To create a best practices protocol for returning learner outreach and use of prior learning assessment. Accomplishments: Each of the 3 key partner community colleges primarily focused on a particular aspect of the work while supporting the efforts of the others. Columbus State Community College focused on building an O-SCAN network to bring together industry, academia, and government agencies to inform this work. Oakton Community college focused on developing and offering professional development related to emerging logistics technologies. Sinclair Community College worked on developing prior learning assessment processes to help military veterans earn MTAG credits towards earning a degree or certificate in logistics. All three colleges educational content whether modules, courses, or degree programs to further opportunities for learning relted to emerging technologies in the field. Columbus State Community College &ndash; The team at Columbus State established the Ohio Supply Chain network (O-SCAN) as a means to connect the supply chain industry with higher education. A website was developed for the network to serve as a hub for content and resources. Resources developed by the team at Columbus State include virtual field trips (video) to the DSW Fulfillment Center, and the Rickenbacker International Airport/Norfolk Southern Rickenbacker Intermodal Terminal, to highlight the processes, departments, and technologies involved in getting products to the consumer. Lesson plans and other content will be developed to support these virtual field trips. The existing LET curriculum at the college was updated using new modules to build industry relevant competencies in students. Five new Excel based data analytics modules were developed in collaboration with faculty from the IT department funded through a different NSF grant. These modules were incorporated into a capstone course for college students but were also used by themselves to upskill incumbent workers. An ERP module was also added to the redesigned curriculum for another logistics course. Impacts: COMPLETE is bringing together the best practices related to logistic technician education developed by some of the lead community colleges in the Midwest. Sinclair has created a network similar to O-SCAN to serve as an industry advisory organization to educational institutions in their region. Faculty from all 3 colleges ae working together on setting up a National Center for Next Generation Manufacturing. Columbus State is working with Sinclair to develop strategies for veteran involvement. Additionally, Amazon has selected Oakton Community College as an education partner to their Career Choice program that provides employees with tuition free access to some of Oakton’s programs including the Supply Chain Automation program. This grant has thus served to strengthen the industry pipeline for careers in logistics.       Last Modified: 11/22/2022       Submitted by: Jeremy Banta]]></POR_COPY_TXT>
</POR>
</Award>
</rootTag>
