<?xml version="1.0" encoding="UTF-8"?>
<rootTag>
<Award>
<AwardTitle><![CDATA[RUI: Asymmetric Membranes for High Capacity Lithium Ion Battery Anodes]]></AwardTitle>
<AGENCY>NSF</AGENCY>
<AwardEffectiveDate>07/15/2018</AwardEffectiveDate>
<AwardExpirationDate>06/30/2022</AwardExpirationDate>
<AwardTotalIntnAmount>126427.00</AwardTotalIntnAmount>
<AwardAmount>126427</AwardAmount>
<AwardInstrument>
<Value>Standard Grant</Value>
</AwardInstrument>
<Organization>
<Code>07020000</Code>
<Directorate>
<Abbreviation>ENG</Abbreviation>
<LongName>Directorate For Engineering</LongName>
</Directorate>
<Division>
<Abbreviation>CBET</Abbreviation>
<LongName>Div Of Chem, Bioeng, Env, &amp; Transp Sys</LongName>
</Division>
</Organization>
<ProgramOfficer>
<SignBlockName>Carole Read</SignBlockName>
<PO_EMAI>cread@nsf.gov</PO_EMAI>
<PO_PHON>7032922418</PO_PHON>
</ProgramOfficer>
<AbstractNarration><![CDATA[The increased use of sustainable but intermittent power sources (solar, wind, tidal, etc.) depends on the availability of robust energy storage capability. The wider adoption of electric vehicles also demands the development of efficient energy storage technology. Presently it is the lithium ion battery (LIB) that best satisfies these needs but with limitations, including energy capacity, performance, safety, and cost. In this regard, high capacity LIB anodes like silicon and tin dioxide can play an important role. However, these high capacity electrodes can undergo dramatic structural changes during battery charging/discharging and thus lose capacity rapidly. This project's goal is to address these limitations by the use of readily available materials (silicon and tin dioxide) in novel structural forms called asymmetric membranes. These membranes are designed to account for the volume changes during cycling while maintaining structural integrity. The asymmetric membranes can be fabricated using a scalable and low-cost method that has been successfully commercialized for water purification. For educational broader impacts, existing successful programs at Georgia Southern University (GSU) will be utilized to broaden the educational impact and provide research experiences for both undergraduate and graduate students. The PI will leverage existing resources at GSU to help broaden participation of underrepresented minorities and women in undergraduate research experiences that benefit the project. The PI will also collaborate with local chapters of The National Organization for the Professional Advancement of Black Chemists and Chemical Engineers (NOBCChE) and McNair Scholars at GSU to encourage participation of student researchers.&lt;br/&gt;&lt;br/&gt;The major goal of this research program is to test the hypothesis that the electrochemical performance of high-capacity lithium ion battery (LIB) alloying anodes such as Si and SnO2 can be significantly enhanced using novel asymmetric membrane structures. Another goal is to investigate the physiochemical evolution of these asymmetric membrane electrodes during repeated charging/discharging processes. Commercial LIBs use relatively low-capacity graphite for anodes. In contrast, the theoretical capacities of alloying anodes such as Si and Sn for LIBs are several to ten folds higher. The drawback to using Si and Sn in anode construction is the roughly 300% volume change during the cycling process, which can lead to pulverization, unstable solid-electrolyte interphase, and rapid capacity loss. The PI will investigate whether using carbonized asymmetric membrane electrodes that contain silicon and tin dioxide can significantly increase LIB anode capacity while maintaining a long cycling life and an excellent rate performance. The material synthesis and membrane fabrication use proven scalable methods of self-assembling phase-inversion method and then roll to roll fabrication. In situ Raman spectroscopy and in situ powder X-ray diffractometry will be used to characterize the anodes during operation. The gained knowledge will enhance the fundamental understanding of the structural and electrochemical evolution of silicon and tin dioxide asymmetric membrane electrodes that experience large volume variation, thus potentially transforming the design of high capacity LIB electrodes.&lt;br/&gt;&lt;br/&gt;This award reflects NSF's statutory mission and has been deemed worthy of support through evaluation using the Foundation's intellectual merit and broader impacts review criteria.]]></AbstractNarration>
<MinAmdLetterDate>07/20/2018</MinAmdLetterDate>
<MaxAmdLetterDate>07/20/2018</MaxAmdLetterDate>
<ARRAAmount/>
<TRAN_TYPE>Grant</TRAN_TYPE>
<CFDA_NUM>47.041</CFDA_NUM>
<NSF_PAR_USE_FLAG>1</NSF_PAR_USE_FLAG>
<FUND_AGCY_CODE>4900</FUND_AGCY_CODE>
<AWDG_AGCY_CODE>4900</AWDG_AGCY_CODE>
<AwardID>1800619</AwardID>
<Investigator>
<FirstName>Ji</FirstName>
<LastName>Wu</LastName>
<PI_MID_INIT/>
<PI_SUFX_NAME/>
<PI_FULL_NAME>Ji Wu</PI_FULL_NAME>
<EmailAddress><![CDATA[jwu@georgiasouthern.edu]]></EmailAddress>
<NSF_ID>000645524</NSF_ID>
<StartDate>07/20/2018</StartDate>
<EndDate/>
<RoleCode>Principal Investigator</RoleCode>
</Investigator>
<Institution>
<Name><![CDATA[Georgia Southern University Research and Service Foundation, Inc]]></Name>
<CityName>STATESBORO</CityName>
<ZipCode>304586724</ZipCode>
<PhoneNumber>9124785465</PhoneNumber>
<StreetAddress><![CDATA[261 FOREST DR]]></StreetAddress>
<StreetAddress2><![CDATA[STE 3000]]></StreetAddress2>
<CountryName>United States</CountryName>
<StateName>Georgia</StateName>
<StateCode>GA</StateCode>
<CONGRESSDISTRICT>12</CONGRESSDISTRICT>
<CONGRESS_DISTRICT_ORG>GA12</CONGRESS_DISTRICT_ORG>
<ORG_UEI_NUM>FL4AUYLFP7E8</ORG_UEI_NUM>
<ORG_LGL_BUS_NAME>GEORGIA SOUTHERN UNIVERSITY RESEARCH &amp; SERVICE FOUNDATION INC</ORG_LGL_BUS_NAME>
<ORG_PRNT_UEI_NUM/>
</Institution>
<Performance_Institution>
<Name><![CDATA[Georgia Southern University]]></Name>
<CityName/>
<StateCode>GA</StateCode>
<ZipCode>304601000</ZipCode>
<StreetAddress/>
<CountryCode>US</CountryCode>
<CountryName>United States</CountryName>
<StateName>Georgia</StateName>
<CountryFlag>1</CountryFlag>
<CONGRESSDISTRICT>12</CONGRESSDISTRICT>
<CONGRESS_DISTRICT_PERF>GA12</CONGRESS_DISTRICT_PERF>
</Performance_Institution>
<ProgramElement>
<Code>7644</Code>
<Text>EchemS-Electrochemical Systems</Text>
</ProgramElement>
<ProgramReference>
<Code>9229</Code>
<Text>RES IN UNDERGRAD INST-RESEARCH</Text>
</ProgramReference>
<Appropriation>
<Code>0118</Code>
<Name>NSF RESEARCH &amp; RELATED ACTIVIT</Name>
<APP_SYMB_ID>040100</APP_SYMB_ID>
</Appropriation>
<Fund>
<Code>01001819DB</Code>
<Name><![CDATA[NSF RESEARCH & RELATED ACTIVIT]]></Name>
<FUND_SYMB_ID>040100</FUND_SYMB_ID>
</Fund>
<FUND_OBLG>2018~126427</FUND_OBLG>
<POR>
<DRECONTENT><![CDATA[<div class="porColContainerWBG"> <div class="porContentCol"><p>PI, Dr. Wu received a research grant from the National Science Foundation (award #1800619), titled 'Asymmetric Membranes for High Capacity Lithium Ion Battery Anodes', starting from 07/15/2018 and ending on 06/30/2022. The project outcomes are described below:</p> <p>Intellectual Merit:&nbsp; For the first time, inorganic nanoporous asymmetric membranes were fabricated using a phase inversion method combined with sol-gel chemistry and employed as lithium/sodium ion battery anodes. The structural and electrochemical evolution of inorganic asymmetric membrane electrodes were investigated using electron microscopes, photo-spectrometry and electrochemical analyzers. The results clearly indicate the electrochemical performance of Si, Sn, SnO<sub>2</sub>, Ge, MoO<sub>2</sub>, Sb&nbsp;composite asymmetric membranes as lithium/sodium ion battery anodes can be significantly affected by membrane structure, phase inversion and post-treatment conditions.&nbsp;</p> <p>Broader Impacts: Undergraduate and graduate students who participated in this highly interdisciplinary research project have been motivated to pursue research in chemistry, material science, and chemical engineering. For instance, <span>one student</span> is going to study PhD program at NCSU-Chemical Engineering in 2022 fall, and a dual enrollment high school student was accepted by Harvard University in 2021 to study biomedical engineering.&nbsp;The project also helped nurture minority scientists since there are many underrepresented minority students (33%) in Georgia Southern University. For example, an underrepresented minority graduate student from Ghana has been well trained in electrochemistry and materials science and published one peer-reviewed article as co-author. The completed work results in five peer-reviewed publications, seven conference presentations and one masters' thesis&nbsp; &nbsp;(students are underlined; corresponding authors are marked with asterisks):</p> <p><strong>Publicaions:</strong>&nbsp;</p> <ol> <li><span style="text-decoration: underline;">Emilee Larson</span>, <span style="text-decoration: underline;">Logan Williams</span>, Congrui Jin, Xiaobo Chen, <span style="text-decoration: underline;">Jake DiCesare</span>, <span style="text-decoration: underline;">Olivia Sheppard</span>, Shaowen Xu and Ji Wu,*, <em>Journal of Materials Research</em>, 2021, DOI: 10.1557/s43578-021-00347-7.</li> <li>Ji Wu*, Congrui Jin, <span style="text-decoration: underline;">Emilee Larson</span>, <span style="text-decoration: underline;">Logan Williams</span>, <em>Physica Status Solidi (a)</em>, 2020, 217, 1900963 (front cover).</li> <li>Mengya Li, <span style="text-decoration: underline;">Christopher Anderson</span>, <span style="text-decoration: underline;">Parker Beaupre</span>, Congrui Jin, Jianlin Li* and Ji Wu*, <em>Materials Today Communications</em>, 2020, 24, 100998.</li> <li>Ji Wu*, <span style="text-decoration: underline;">Christopher Anderson</span>, <span style="text-decoration: underline;">Parker Beaupre</span>, Shaowen Xu, Congrui Jin, Anju Sharma, <em>Journal of Applied Electrochemistry</em>, 2019, 49(10), 1013-1025.</li> <li>Ji Wu&#917907;*, Congrui Jin, <span style="text-decoration: underline;">Nathan Johnson</span>, <span style="text-decoration: underline;">Moses Kusi</span>, and Jianlin Li, <em>ChemistrySelect</em>, 2018, 3, 8662-8668.</li> <li>Wu, Ji.; Chen, Hao.; <span style="text-decoration: underline;">Byrd, Ian</span>. 'Asymmetric Membranes', Patent No.: US 10,427,106 B2 (approved on 10/01/2019)</li> </ol> <p><strong>Presentations</strong>:&nbsp;</p> <ol> <li><span style="text-decoration: underline;">Jake Dicesare, Olivia Sheppard, Logan Williams</span>, Ji Wu*, 'Antimony Nanobelt Asymmetric Membranes for High Capacity Lithium and Sodium Ion Battery Anodes', ORAU-Southeast Undergraduate Scholar Assembly, Augusta, GA, 04/01/2022.</li> <li><span style="text-decoration: underline;">Emilee Larson, Logan Williams, Olivia Sheppard, Jake Dicesare, Helen Piltner,</span> Ji Wu*, 'Transition Metal Oxide Asymmetric Membranes for High Capacity Lithium Ion Battery Anodes', 2021 Spring ACS virtual meeting.</li> <li><span style="text-decoration: underline;">Emilee Larson, Logan Williams,</span> Ji Wu*, 'Etching Asymmetric Germanium Membranes with Hydrogen Peroxide for High Capacity Lithium Ion Battery Anode', 2020 Spring ACS meeting at Philadelphia (meeting was cancelled, but ACS invited us to upload the presentation that is viewable to the public).&nbsp;</li> <li>Ji Wu* and Jianlin Li, 'Tin Asymmetric Membranes for High Performance Lithium and Sodium Ion Batteries', 2021 Spring ACS virtual meeting.</li> <li>Ji Wu*, 'Asymmetric membrane structure: General solution for stabilizing high capacity lithium ion battery anodes', 2020 Spring ACS meeting at Philadelphia.&nbsp;</li> <li>Ji Wu*, 'Asymmetric Membranes: A General Solution for Stabilizing High Capacity Lithium Ion Battery Anodes', 236th ECS meeting, Atlanta, GA, October 14, 2019.</li> <li>Ji Wu*, 'Advanced Nanomaterials for High Performance Lithium Ion Batteries', Department of Chemistry and Biochemistry at UNCW, Wilmington, NC, November 15, 2019 (Invited Talk).</li> </ol> <p><strong>Maters' thesis:&nbsp;</strong></p> <ol> <li><span style="text-decoration: underline;">Williams, Logan</span>, "Molybdenum Oxide/Antimony Nanobelts Embedded in Asymmetric Membranes for Use as High-Capacity Lithium/Sodium-Ion Battery Anodes" (2022). Electronic Theses and Dissertations. 2393.https://digitalcommons.georgiasouthern.edu/etd/2393</li> </ol> <p>The list of papers&nbsp;before being funded by NSF but related to this topic are also provided (students are underlined; corresponding authors are marked with asterisks):</p> <ol> <li>Ji Wu,*<span style="text-decoration: underline;"> Ian Byrd</span>, Congrui Jin, Jianlin Li, Hao Chen, Anju Sharma, <span style="text-decoration: underline;">Tyler Camp, and Ryan Bujol</span>, <em>ChemElectroChem</em> 2017, 4, 1181-1189.&nbsp;</li> <li>Ian Byrd and Ji Wu*, <em>Electrochimica Acta</em>, 2016, 213, 46-54.</li> <li>Ji Wu,* Hao Chen, I<span style="text-decoration-line: underline;">an Byrd, Shavonne Lovelace</span>, Congrui Jin, <em>ACS Appl. Mater. Interfaces</em> 2016, 8, 13946&minus;13956.&nbsp;</li> <li>Ji Wu,* Hao Chen, Clifford Padgett, <em>Energy Technology</em>, 2016, 4, 502-509.</li> <li><span style="text-decoration: underline;">Ian Byrd</span>, Hao Chen, <span style="text-decoration: underline;">Theron Webber</span>, Jianlin Li* and Ji Wu*, RSC Adv., 2015, 5, 92878.</li> </ol><br> <p>            Last Modified: 07/19/2022<br>      Modified by: Ji&nbsp;Wu</p> </div> <div class="porSideCol"> <div class="each-gallery"> <div class="galContent" id="gallery0"> <div class="photoCount" id="photoCount0">          Images (<span id="selectedPhoto0">1</span> of <span class="totalNumber"></span>)           </div> <div class="galControls" id="controls0"></div> <div class="galSlideshow" id="slideshow0"></div> <div class="galEmbox" id="embox"> <div class="image-title"></div> </div> </div> <div class="galNavigation" id="navigation0"> <ul class="thumbs" id="thumbs0"> <li> <a href="/por/images/Reports/POR/2022/1800619/1800619_10559597_1656709231343_FrontcoverimageofGeasymmetricmembrane--rgov-214x142.jpg" original="/por/images/Reports/POR/2022/1800619/1800619_10559597_1656709231343_FrontcoverimageofGeasymmetricmembrane--rgov-800width.jpg" title="Ge asymmetric membrane"><img src="/por/images/Reports/POR/2022/1800619/1800619_10559597_1656709231343_FrontcoverimageofGeasymmetricmembrane--rgov-66x44.jpg" alt="Ge asymmetric membrane"></a> <div class="imageCaptionContainer"> <div class="imageCaption">The schematic illustrates that Ge asymmetric membranes with excellent cycling stability and capacity can be prepared using a highly scalable phase inversion method based on a roll-to-roll processing technique.</div> <div class="imageCredit">Wiley</div> <div class="imagePermisssions">Copyrighted</div> <div class="imageSubmitted">Ji&nbsp;Wu</div> <div class="imageTitle">Ge asymmetric membrane</div> </div> </li> <li> <a href="/por/images/Reports/POR/2022/1800619/1800619_10559597_1656708487027_X400cross3--rgov-214x142.jpg" original="/por/images/Reports/POR/2022/1800619/1800619_10559597_1656708487027_X400cross3--rgov-800width.jpg" title="SiOx asymmetric membrane"><img src="/por/images/Reports/POR/2022/1800619/1800619_10559597_1656708487027_X400cross3--rgov-66x44.jpg" alt="SiOx asymmetric membrane"></a> <div class="imageCaptionContainer"> <div class="imageCaption">The cross-sectional scanning electron microscope image of SiOx asymmetric membrane reveals that the membrane is characterized by nanoporous top layer and macroporous bottom.</div> <div class="imageCredit">Wiley</div> <div class="imagePermisssions">Copyrighted</div> <div class="imageSubmitted">Ji&nbsp;Wu</div> <div class="imageTitle">SiOx asymmetric membrane</div> </div> </li> <li> <a href="/por/images/Reports/POR/2022/1800619/1800619_10559597_1656709880202_cs10micrometerbar--rgov-214x142.jpg" original="/por/images/Reports/POR/2022/1800619/1800619_10559597_1656709880202_cs10micrometerbar--rgov-800width.jpg" title="Sb asymmetric membrane"><img src="/por/images/Reports/POR/2022/1800619/1800619_10559597_1656709880202_cs10micrometerbar--rgov-66x44.jpg" alt="Sb asymmetric membrane"></a> <div class="imageCaptionContainer"> <div class="imageCaption">The synergetic effect of asymmetric porous structure and nanobelts can lead to enhanced electrochemical performance for sodium ion battery alloy anodes.</div> <div class="imageCredit">JI WU</div> <div class="imagePermisssions">Copyrighted</div> <div class="imageSubmitted">Ji&nbsp;Wu</div> <div class="imageTitle">Sb asymmetric membrane</div> </div> </li> <li> <a href="/por/images/Reports/POR/2022/1800619/1800619_10559597_1656712145245_Snasymmetricmembraneforhighperformancesodiumionbattery--rgov-214x142.jpg" original="/por/images/Reports/POR/2022/1800619/1800619_10559597_1656712145245_Snasymmetricmembraneforhighperformancesodiumionbattery--rgov-800width.jpg" title="Sn asymmetric membrane"><img src="/por/images/Reports/POR/2022/1800619/1800619_10559597_1656712145245_Snasymmetricmembraneforhighperformancesodiumionbattery--rgov-66x44.jpg" alt="Sn asymmetric membrane"></a> <div class="imageCaptionContainer"> <div class="imageCaption">a) Cycling performance of Sn asymmetric membrane at 50, 100, and 200 mA gSn-1 rates; b) Schematic illustration of the charging process for Sn asymmetric membrane.</div> <div class="imageCredit">Elesevier</div> <div class="imagePermisssions">Copyrighted</div> <div class="imageSubmitted">Ji&nbsp;Wu</div> <div class="imageTitle">Sn asymmetric membrane</div> </div> </li> <li> <a href="/por/images/Reports/POR/2022/1800619/1800619_10559597_1656712870099_Sifibrousasymmetricmembrane-anotherflavor--rgov-214x142.jpg" original="/por/images/Reports/POR/2022/1800619/1800619_10559597_1656712870099_Sifibrousasymmetricmembrane-anotherflavor--rgov-800width.jpg" title="Si fibrous asymmetric membrane"><img src="/por/images/Reports/POR/2022/1800619/1800619_10559597_1656712870099_Sifibrousasymmetricmembrane-anotherflavor--rgov-66x44.jpg" alt="Si fibrous asymmetric membrane"></a> <div class="imageCaptionContainer"> <div class="imageCaption">Scanning electron microscope images of another flavor of asymmetric membranes - Si fibrous asymmetric membrane at different magnifications.</div> <div class="imageCredit">Springer</div> <div class="imagePermisssions">Copyrighted</div> <div class="imageSubmitted">Ji&nbsp;Wu</div> <div class="imageTitle">Si fibrous asymmetric membrane</div> </div> </li> <li> <a href="/por/images/Reports/POR/2022/1800619/1800619_10559597_1658276232145_Dip-coatedSbasymmetricmembraneforhighperformancesodiumionbattery--rgov-214x142.jpg" original="/por/images/Reports/POR/2022/1800619/1800619_10559597_1658276232145_Dip-coatedSbasymmetricmembraneforhighperformancesodiumionbattery--rgov-800width.jpg" title="Dip coated Sb asymmetric membrane for high performance sodium ion battery"><img src="/por/images/Reports/POR/2022/1800619/1800619_10559597_1658276232145_Dip-coatedSbasymmetricmembraneforhighperformancesodiumionbattery--rgov-66x44.jpg" alt="Dip coated Sb asymmetric membrane for high performance sodium ion battery"></a> <div class="imageCaptionContainer"> <div class="imageCaption">a) and b) are cross-sectional images of dip-coated Sb asymmetric membranes at different magnifications; c) and d) are elemental mappings of Sb and C in the membranes.</div> <div class="imageCredit">JI WU</div> <div class="imagePermisssions">Copyrighted</div> <div class="imageSubmitted">Ji&nbsp;Wu</div> <div class="imageTitle">Dip coated Sb asymmetric membrane for high performance sodium ion battery</div> </div> </li> </ul> </div> </div> </div> </div>]]></DRECONTENT>
<POR_COPY_TXT><![CDATA[ PI, Dr. Wu received a research grant from the National Science Foundation (award #1800619), titled 'Asymmetric Membranes for High Capacity Lithium Ion Battery Anodes', starting from 07/15/2018 and ending on 06/30/2022. The project outcomes are described below:  Intellectual Merit:  For the first time, inorganic nanoporous asymmetric membranes were fabricated using a phase inversion method combined with sol-gel chemistry and employed as lithium/sodium ion battery anodes. The structural and electrochemical evolution of inorganic asymmetric membrane electrodes were investigated using electron microscopes, photo-spectrometry and electrochemical analyzers. The results clearly indicate the electrochemical performance of Si, Sn, SnO2, Ge, MoO2, Sb composite asymmetric membranes as lithium/sodium ion battery anodes can be significantly affected by membrane structure, phase inversion and post-treatment conditions.   Broader Impacts: Undergraduate and graduate students who participated in this highly interdisciplinary research project have been motivated to pursue research in chemistry, material science, and chemical engineering. For instance, one student is going to study PhD program at NCSU-Chemical Engineering in 2022 fall, and a dual enrollment high school student was accepted by Harvard University in 2021 to study biomedical engineering. The project also helped nurture minority scientists since there are many underrepresented minority students (33%) in Georgia Southern University. For example, an underrepresented minority graduate student from Ghana has been well trained in electrochemistry and materials science and published one peer-reviewed article as co-author. The completed work results in five peer-reviewed publications, seven conference presentations and one masters' thesis   (students are underlined; corresponding authors are marked with asterisks):  Publicaions:   Emilee Larson, Logan Williams, Congrui Jin, Xiaobo Chen, Jake DiCesare, Olivia Sheppard, Shaowen Xu and Ji Wu,*, Journal of Materials Research, 2021, DOI: 10.1557/s43578-021-00347-7. Ji Wu*, Congrui Jin, Emilee Larson, Logan Williams, Physica Status Solidi (a), 2020, 217, 1900963 (front cover). Mengya Li, Christopher Anderson, Parker Beaupre, Congrui Jin, Jianlin Li* and Ji Wu*, Materials Today Communications, 2020, 24, 100998. Ji Wu*, Christopher Anderson, Parker Beaupre, Shaowen Xu, Congrui Jin, Anju Sharma, Journal of Applied Electrochemistry, 2019, 49(10), 1013-1025. Ji Wu&#917907;*, Congrui Jin, Nathan Johnson, Moses Kusi, and Jianlin Li, ChemistrySelect, 2018, 3, 8662-8668. Wu, Ji.; Chen, Hao.; Byrd, Ian. 'Asymmetric Membranes', Patent No.: US 10,427,106 B2 (approved on 10/01/2019)   Presentations:   Jake Dicesare, Olivia Sheppard, Logan Williams, Ji Wu*, 'Antimony Nanobelt Asymmetric Membranes for High Capacity Lithium and Sodium Ion Battery Anodes', ORAU-Southeast Undergraduate Scholar Assembly, Augusta, GA, 04/01/2022. Emilee Larson, Logan Williams, Olivia Sheppard, Jake Dicesare, Helen Piltner, Ji Wu*, 'Transition Metal Oxide Asymmetric Membranes for High Capacity Lithium Ion Battery Anodes', 2021 Spring ACS virtual meeting. Emilee Larson, Logan Williams, Ji Wu*, 'Etching Asymmetric Germanium Membranes with Hydrogen Peroxide for High Capacity Lithium Ion Battery Anode', 2020 Spring ACS meeting at Philadelphia (meeting was cancelled, but ACS invited us to upload the presentation that is viewable to the public).  Ji Wu* and Jianlin Li, 'Tin Asymmetric Membranes for High Performance Lithium and Sodium Ion Batteries', 2021 Spring ACS virtual meeting. Ji Wu*, 'Asymmetric membrane structure: General solution for stabilizing high capacity lithium ion battery anodes', 2020 Spring ACS meeting at Philadelphia.  Ji Wu*, 'Asymmetric Membranes: A General Solution for Stabilizing High Capacity Lithium Ion Battery Anodes', 236th ECS meeting, Atlanta, GA, October 14, 2019. Ji Wu*, 'Advanced Nanomaterials for High Performance Lithium Ion Batteries', Department of Chemistry and Biochemistry at UNCW, Wilmington, NC, November 15, 2019 (Invited Talk).   Maters' thesis:   Williams, Logan, "Molybdenum Oxide/Antimony Nanobelts Embedded in Asymmetric Membranes for Use as High-Capacity Lithium/Sodium-Ion Battery Anodes" (2022). Electronic Theses and Dissertations. 2393.https://digitalcommons.georgiasouthern.edu/etd/2393   The list of papers before being funded by NSF but related to this topic are also provided (students are underlined; corresponding authors are marked with asterisks):  Ji Wu,* Ian Byrd, Congrui Jin, Jianlin Li, Hao Chen, Anju Sharma, Tyler Camp, and Ryan Bujol, ChemElectroChem 2017, 4, 1181-1189.  Ian Byrd and Ji Wu*, Electrochimica Acta, 2016, 213, 46-54. Ji Wu,* Hao Chen, Ian Byrd, Shavonne Lovelace, Congrui Jin, ACS Appl. Mater. Interfaces 2016, 8, 13946&minus;13956.  Ji Wu,* Hao Chen, Clifford Padgett, Energy Technology, 2016, 4, 502-509. Ian Byrd, Hao Chen, Theron Webber, Jianlin Li* and Ji Wu*, RSC Adv., 2015, 5, 92878.        Last Modified: 07/19/2022       Submitted by: Ji Wu]]></POR_COPY_TXT>
</POR>
</Award>
</rootTag>
