<?xml version="1.0" encoding="UTF-8"?>
<rootTag>
<Award>
<AwardTitle><![CDATA[Developing homogeneous catalytic systems for aerobic oxidative methylation with methane]]></AwardTitle>
<AGENCY>NSF</AGENCY>
<AwardEffectiveDate>08/01/2018</AwardEffectiveDate>
<AwardExpirationDate>07/31/2023</AwardExpirationDate>
<AwardTotalIntnAmount>470000.00</AwardTotalIntnAmount>
<AwardAmount>470000</AwardAmount>
<AwardInstrument>
<Value>Standard Grant</Value>
</AwardInstrument>
<Organization>
<Code>03090000</Code>
<Directorate>
<Abbreviation>MPS</Abbreviation>
<LongName>Direct For Mathematical &amp; Physical Scien</LongName>
</Directorate>
<Division>
<Abbreviation>CHE</Abbreviation>
<LongName>Division Of Chemistry</LongName>
</Division>
</Organization>
<ProgramOfficer>
<SignBlockName>George Richter-Addo</SignBlockName>
<PO_EMAI>grichter@nsf.gov</PO_EMAI>
<PO_PHON>7032927528</PO_PHON>
</ProgramOfficer>
<AbstractNarration><![CDATA[With funding from the Chemical Catalysis Program of the Division of Chemistry, Dr. Andrei Vedernikov of the University of Maryland College Park is developing novel platinum catalysts that convert methane from natural gas to high value-added chemicals. Oxygen from the air is used as a reactant and so these reactions avoid expensive and potentially toxic reagents  Water is the major reaction by-product, so there is little waste produced. Methane is known for its chemical inertness and the development of greener processes for its economically-viable conversion to high-value added products is a fundamental chemical challenge. To tackle this problem, Dr. Vedernikov is studying novel platinum catalysts and designing new catalysts. He is taking advantage of theoretical and computational chemistry to explore plausible reaction pathways and guide his catalyst designs and experimental work. Dr. Vedernikov is working with high school students from low-income families.  These students are interested in chemistry and have been selected by the local Washington D.C. section of the American Chemical Society (ACS Project SEED). The students intern in his lab, contributing to the experimental work in this project. &lt;br/&gt;&lt;br/&gt;Dr. Vedernikov is studying Shilov-type systems wherein electrophilic Pt(IV)Me intermediates are generated using O2 as the oxidant. Two complementary experimental approaches are used in this work. One relies on the use of redox mediators, e.g., Cu(II), while another utilizes a ligand-enabled O2 activation by Pt(II)R intermediates. The electrophilic Pt(IV)R intermediates are then intercepted by various nucleophiles (carboxylic acids, amines, etc.) to form hydrocarbon derivatives, such as quaternary ammonium salts or esters, that are protected from further oxidation. Dr Vedernikov is developing a fundamental mechanistic understanding of how the ligand environment at the Pt(II) center enables and tunes its reactivity toward both the hydrocarbon C-H bonds, and O2 to generate the Pt(IV)R intermediates. The viability of both approaches has been recently demonstrated in Dr. Vedernikov's group. Density functional theory is being used to guide the design of these novel systems and to carry out mechanistic analyses. The development of more efficient and environmentally benign protocols for methane functionalization is transformative.  As a part of the broader impacts, Dr. Vedernikov is working with and training local high school, undergraduate and graduate students in this project.&lt;br/&gt;&lt;br/&gt;This award reflects NSF's statutory mission and has been deemed worthy of support through evaluation using the Foundation's intellectual merit and broader impacts review criteria.]]></AbstractNarration>
<MinAmdLetterDate>07/24/2018</MinAmdLetterDate>
<MaxAmdLetterDate>07/24/2018</MaxAmdLetterDate>
<ARRAAmount/>
<TRAN_TYPE>Grant</TRAN_TYPE>
<CFDA_NUM>47.049</CFDA_NUM>
<NSF_PAR_USE_FLAG>1</NSF_PAR_USE_FLAG>
<FUND_AGCY_CODE>4900</FUND_AGCY_CODE>
<AWDG_AGCY_CODE>4900</AWDG_AGCY_CODE>
<AwardID>1800089</AwardID>
<Investigator>
<FirstName>Andrei</FirstName>
<LastName>Vedernikov</LastName>
<PI_MID_INIT>N</PI_MID_INIT>
<PI_SUFX_NAME/>
<PI_FULL_NAME>Andrei N Vedernikov</PI_FULL_NAME>
<EmailAddress><![CDATA[avederni@umd.edu]]></EmailAddress>
<NSF_ID>000291445</NSF_ID>
<StartDate>07/24/2018</StartDate>
<EndDate/>
<RoleCode>Principal Investigator</RoleCode>
</Investigator>
<Institution>
<Name>University of Maryland, College Park</Name>
<CityName>COLLEGE PARK</CityName>
<ZipCode>207425100</ZipCode>
<PhoneNumber>3014056269</PhoneNumber>
<StreetAddress>3112 LEE BUILDING</StreetAddress>
<StreetAddress2/>
<CountryName>United States</CountryName>
<StateName>Maryland</StateName>
<StateCode>MD</StateCode>
<CONGRESSDISTRICT>04</CONGRESSDISTRICT>
<CONGRESS_DISTRICT_ORG>MD04</CONGRESS_DISTRICT_ORG>
<ORG_UEI_NUM>NPU8ULVAAS23</ORG_UEI_NUM>
<ORG_LGL_BUS_NAME>UNIVERSITY OF MARYLAND, COLLEGE PARK</ORG_LGL_BUS_NAME>
<ORG_PRNT_UEI_NUM>NPU8ULVAAS23</ORG_PRNT_UEI_NUM>
</Institution>
<Performance_Institution>
<Name><![CDATA[University of Maryland]]></Name>
<CityName>College Park</CityName>
<StateCode>MD</StateCode>
<ZipCode>207422021</ZipCode>
<StreetAddress><![CDATA[Department of Chemistry&Biochem.]]></StreetAddress>
<CountryCode>US</CountryCode>
<CountryName>United States</CountryName>
<StateName>Maryland</StateName>
<CountryFlag>1</CountryFlag>
<CONGRESSDISTRICT/>
<CONGRESS_DISTRICT_PERF>MD"</CONGRESS_DISTRICT_PERF>
</Performance_Institution>
<ProgramElement>
<Code>6884</Code>
<Text>Chemical Catalysis</Text>
</ProgramElement>
<ProgramReference>
<Code>8037</Code>
<Text>Advanced Manufacturing</Text>
</ProgramReference>
<ProgramReference>
<Code>8396</Code>
<Text>Clean Energy Technology</Text>
</ProgramReference>
<ProgramReference>
<Code>8398</Code>
<Text>Hydrocarbon Conversion</Text>
</ProgramReference>
<ProgramReference>
<Code>8650</Code>
<Text>Sustainable Chemistry</Text>
</ProgramReference>
<Appropriation>
<Code>0118</Code>
<Name>NSF RESEARCH &amp; RELATED ACTIVIT</Name>
<APP_SYMB_ID>040100</APP_SYMB_ID>
</Appropriation>
<Fund>
<Code>01001819DB</Code>
<Name><![CDATA[NSF RESEARCH & RELATED ACTIVIT]]></Name>
<FUND_SYMB_ID>040100</FUND_SYMB_ID>
</Fund>
<FUND_OBLG>2018~470000</FUND_OBLG>
<POR>
<DRECONTENT><![CDATA[<div class="porColContainerWBG"> <div class="porContentCol"><p>In this project funded by the Chemical Catalysis program of the NSF Chemistry Division, the research team led by Professor Andrei Vedernikov of the University of Maryland discovered and explored some new fundamental reactions that allow to selectively convert various organic compounds, ranging from simple hydrocarbons found in oil and natural gas, to very complex, such as drugs and agrochemicals, into value-added products. Most of these reactions involve transformation of C-H bonds present in these organic compounds and allow to replace their hydrogen atoms with some functional groups. The reactions in Scheme 1, <em>a</em> represent a unique three-component oxidative CH imidation of alkylarenes and alkanes using our new reagents <strong>1<sup>Ar</sup></strong>. All three components can be varied. N-alkylimides occur as natural products, are used as bioactive substances, specialty plastics and find some unique applications in fine organic synthesis. The reactions in Scheme 1, <em>b</em> produce various benzylic trifluoroacetates, often in quantitative yields, using our new reagent <strong>1<sup>CF3</sup></strong>. Benzylic trifluoroacetates are unique electrophiles that find synthetic applications in fine organic synthesis. Reactions in Scheme 2 allow to selectively replace H atoms with deuterium atoms in some pharmaceuticals (<em>deuterium labeling</em>) using our novel soluble highly active catalyst <strong>2<sup>tBu</sup></strong>. <em>Deuterium labeling</em> of drugs is gaining an increasing attention by pharmaceutical industry. Thanks to the deuterium kinetic isotope effect, the metabolic stability of <em>deuterated</em> drugs is enhanced, and much lower doses of such drugs can be used to attain the same pharmacological effect, hence, leading to drugs&rsquo; lower side-effects. The reactions in Schemes 1 and 2 are catalytic, so that a small amount of catalyst allows to carry out the whole transformation.</p> <p>Some other reactions discovered by the Vedernikov&rsquo;s team are not catalytic yet but, hopefully, may serve as individual key steps of catalytic transformations of methane, the main component of natural gas, to produce value-added CH<sub>3</sub>-X &ndash; type compounds in the presence of specifically designed Pt catalysts. In particular, the individual reaction steps that were studied in this project involved Na<sub>2</sub>[Pt<sup>IV</sup>CH<sub>3</sub>Cl<sub>5</sub>] salt that is known to result from reaction of Pt(II) compounds with methane and suitable oxidants. In Scheme 3, Na<sub>2</sub>[Pt<sup>IV</sup>CH<sub>3</sub>Cl<sub>5</sub>] (<strong>3</strong>) solutions react with various amines to form derived methylammonium ions (X = ArN<sup>+</sup>Me<sub>2</sub>, pyridine<sup>+</sup>). Other reactions that were developed included newly designed Pt<sup>II</sup>CH<sub>3</sub> complexes such as <strong>4</strong> that are able to react with O<sub>2</sub> to form Pt<sup>IV</sup>CH<sub>3</sub> derivatives; the latter then react with water (X = OH) in aqueous CF<sub>3</sub>COOH solutions to afford CH<sub>3</sub>-X &ndash; type products (Scheme 4; X = OH, O<sub>2</sub>CCF<sub>3</sub>). The reactions in Scheme 4 can be viewed as &ldquo;green&rdquo; since they utilize O<sub>2</sub> as the only oxidant so allowing to achieve an overall methane &ndash; to &ndash; CH<sub>3</sub>-X transformation according to a net reaction equation: CH<sub>4</sub>&nbsp; +&nbsp; HX&nbsp; +&nbsp; 0.5O<sub>2</sub>&nbsp; --&gt;&nbsp; CH<sub>3</sub>-X&nbsp; +&nbsp; H<sub>2</sub>O.</p> <p>The key approach used in the Professor Vedernikov group when developing novel catalytic reactions is to perform a detailed mechanistic analysis of each of their steps and use this mechanistic understanding to attain desirable reactivity. In particular, the use of novel sulfonated CNN-pincer ligands in Scheme 4 allowed to control the reactivity of a Pt center in both a Pt<sup>II</sup>&#8209;CH<sub>3</sub> &ndash; to &ndash; Pt<sup>IV</sup>CH<sub>3</sub> oxidation with O<sub>2</sub> and subsequent formation of CH<sub>3</sub>-X products in the reaction of Pt<sup>IV</sup>CH<sub>3</sub> species with suitable donors of X. The use of theoretical (DFT) calculations helps drive the reaction discovery and achieve a detailed mechanistic characterization of the reactions.</p> <p>&nbsp;</p> <p>The research results originating from this NSF-funded project have been presented at several National and international venues: National ACS Meetings (2018, 2021, 2022), Tel Aviv University, Israel (2022).</p> <p>Since 2010, Professor Andrei Vedernikov and his graduate students have been the active supporters of the Project SEED administered by the American Chemical Society for economically disadvantaged high school students. Ten talented high school students, some &ndash; for two years in a row, took part in research in the Professor Vedernikov group. The students worked with Professor Vedernikov have then pursued undergraduate study at various colleges.</p> <p>Every year since 2019 Professor Vedernikov served as an instructor for the Summer Study Camp of the USA National Chemistry Olympiad (USNCO; <a href="https://www.acs.org/content/acs/en/education/students/highschool/olympiad.html">https://www.acs.org/content/acs/en/education/students/highschool/olympiad.html</a> ) sponsored by the American Chemical Society and hosted by the Department of Chemistry and Biochemistry of the UMD. Every year the Camp involved 20 brightest high school students selected from the whole nation. The Professor Vedernikov&rsquo;s responsibility was to provide training in various areas of inorganic, coordination, organometallic chemistry and catalysis. The latter included results of his own research.</p> <p>&nbsp;</p><br> <p>            Last Modified: 08/03/2023<br>      Modified by: Andrei&nbsp;N&nbsp;Vedernikov</p> </div> <div class="porSideCol"> <div class="each-gallery"> <div class="galContent" id="gallery0"> <div class="photoCount" id="photoCount0">          Images (<span id="selectedPhoto0">1</span> of <span class="totalNumber"></span>)           </div> <div class="galControls" id="controls0"></div> <div class="galSlideshow" id="slideshow0"></div> <div class="galEmbox" id="embox"> <div class="image-title"></div> </div> </div> <div class="galNavigation" id="navigation0"> <ul class="thumbs" id="thumbs0"> <li> <a href="/por/images/Reports/POR/2023/1800089/1800089_10560675_1691010038646_Scheme1--rgov-214x142.jpg" original="/por/images/Reports/POR/2023/1800089/1800089_10560675_1691010038646_Scheme1--rgov-800width.jpg" title="Scheme 1."><img src="/por/images/Reports/POR/2023/1800089/1800089_10560675_1691010038646_Scheme1--rgov-66x44.jpg" alt="Scheme 1."></a> <div class="imageCaptionContainer"> <div class="imageCaption">Preparation of novel N-acyloxyquinuclidinium salts 1Ar and 1CF3 and their utilization in new reaction protocols for catalytic oxidative C(sp3) H imidation of alkylarenes and alkanes (a) and oxidative trifluoroacetoxylation of alkylarenes (b).</div> <div class="imageCredit">Andrei Vedernikov</div> <div class="imagePermisssions">Copyrighted</div> <div class="imageSubmitted">Andrei&nbsp;N&nbsp;Vedernikov</div> <div class="imageTitle">Scheme 1.</div> </div> </li> <li> <a href="/por/images/Reports/POR/2023/1800089/1800089_10560675_1691010200497_Scheme2--rgov-214x142.jpg" original="/por/images/Reports/POR/2023/1800089/1800089_10560675_1691010200497_Scheme2--rgov-800width.jpg" title="Scheme 2."><img src="/por/images/Reports/POR/2023/1800089/1800089_10560675_1691010200497_Scheme2--rgov-66x44.jpg" alt="Scheme 2."></a> <div class="imageCaptionContainer"> <div class="imageCaption">Selective catalytic deuteration of some pharmaceuticals using catalyst 2tBu developed in this project.</div> <div class="imageCredit">Andrei Vedernikov</div> <div class="imagePermisssions">Copyrighted</div> <div class="imageSubmitted">Andrei&nbsp;N&nbsp;Vedernikov</div> <div class="imageTitle">Scheme 2.</div> </div> </li> <li> <a href="/por/images/Reports/POR/2023/1800089/1800089_10560675_1691010250542_Scheme3--rgov-214x142.jpg" original="/por/images/Reports/POR/2023/1800089/1800089_10560675_1691010250542_Scheme3--rgov-800width.jpg" title="Scheme 3."><img src="/por/images/Reports/POR/2023/1800089/1800089_10560675_1691010250542_Scheme3--rgov-66x44.jpg" alt="Scheme 3."></a> <div class="imageCaptionContainer"> <div class="imageCaption">Methyl group transfer from Na2[PtIVCH3Cl5] (3) to various N-nucleophiles.</div> <div class="imageCredit">Andrei Vedernikov</div> <div class="imagePermisssions">Copyrighted</div> <div class="imageSubmitted">Andrei&nbsp;N&nbsp;Vedernikov</div> <div class="imageTitle">Scheme 3.</div> </div> </li> <li> <a href="/por/images/Reports/POR/2023/1800089/1800089_10560675_1691010287186_Scheme4--rgov-214x142.jpg" original="/por/images/Reports/POR/2023/1800089/1800089_10560675_1691010287186_Scheme4--rgov-800width.jpg" title="Scheme 4."><img src="/por/images/Reports/POR/2023/1800089/1800089_10560675_1691010287186_Scheme4--rgov-66x44.jpg" alt="Scheme 4."></a> <div class="imageCaptionContainer"> <div class="imageCaption">Aerobic oxidation of K[(L2)PtIICH3] complex 4 and subsequent formation of mixtures of CH3-X products (X = OH, CF3COO) in aqueous DMSO / CF3COOH solutions.</div> <div class="imageCredit">Andrei Vedernikov</div> <div class="imagePermisssions">Copyrighted</div> <div class="imageSubmitted">Andrei&nbsp;N&nbsp;Vedernikov</div> <div class="imageTitle">Scheme 4.</div> </div> </li> </ul> </div> </div> </div> </div>]]></DRECONTENT>
<POR_COPY_TXT><![CDATA[ In this project funded by the Chemical Catalysis program of the NSF Chemistry Division, the research team led by Professor Andrei Vedernikov of the University of Maryland discovered and explored some new fundamental reactions that allow to selectively convert various organic compounds, ranging from simple hydrocarbons found in oil and natural gas, to very complex, such as drugs and agrochemicals, into value-added products. Most of these reactions involve transformation of C-H bonds present in these organic compounds and allow to replace their hydrogen atoms with some functional groups. The reactions in Scheme 1, a represent a unique three-component oxidative CH imidation of alkylarenes and alkanes using our new reagents 1Ar. All three components can be varied. N-alkylimides occur as natural products, are used as bioactive substances, specialty plastics and find some unique applications in fine organic synthesis. The reactions in Scheme 1, b produce various benzylic trifluoroacetates, often in quantitative yields, using our new reagent 1CF3. Benzylic trifluoroacetates are unique electrophiles that find synthetic applications in fine organic synthesis. Reactions in Scheme 2 allow to selectively replace H atoms with deuterium atoms in some pharmaceuticals (deuterium labeling) using our novel soluble highly active catalyst 2tBu. Deuterium labeling of drugs is gaining an increasing attention by pharmaceutical industry. Thanks to the deuterium kinetic isotope effect, the metabolic stability of deuterated drugs is enhanced, and much lower doses of such drugs can be used to attain the same pharmacological effect, hence, leading to drugs’ lower side-effects. The reactions in Schemes 1 and 2 are catalytic, so that a small amount of catalyst allows to carry out the whole transformation.  Some other reactions discovered by the Vedernikov’s team are not catalytic yet but, hopefully, may serve as individual key steps of catalytic transformations of methane, the main component of natural gas, to produce value-added CH3-X &ndash; type compounds in the presence of specifically designed Pt catalysts. In particular, the individual reaction steps that were studied in this project involved Na2[PtIVCH3Cl5] salt that is known to result from reaction of Pt(II) compounds with methane and suitable oxidants. In Scheme 3, Na2[PtIVCH3Cl5] (3) solutions react with various amines to form derived methylammonium ions (X = ArN+Me2, pyridine+). Other reactions that were developed included newly designed PtIICH3 complexes such as 4 that are able to react with O2 to form PtIVCH3 derivatives; the latter then react with water (X = OH) in aqueous CF3COOH solutions to afford CH3-X &ndash; type products (Scheme 4; X = OH, O2CCF3). The reactions in Scheme 4 can be viewed as "green" since they utilize O2 as the only oxidant so allowing to achieve an overall methane &ndash; to &ndash; CH3-X transformation according to a net reaction equation: CH4  +  HX  +  0.5O2  --&gt;  CH3-X  +  H2O.  The key approach used in the Professor Vedernikov group when developing novel catalytic reactions is to perform a detailed mechanistic analysis of each of their steps and use this mechanistic understanding to attain desirable reactivity. In particular, the use of novel sulfonated CNN-pincer ligands in Scheme 4 allowed to control the reactivity of a Pt center in both a PtII&#8209;CH3 &ndash; to &ndash; PtIVCH3 oxidation with O2 and subsequent formation of CH3-X products in the reaction of PtIVCH3 species with suitable donors of X. The use of theoretical (DFT) calculations helps drive the reaction discovery and achieve a detailed mechanistic characterization of the reactions.     The research results originating from this NSF-funded project have been presented at several National and international venues: National ACS Meetings (2018, 2021, 2022), Tel Aviv University, Israel (2022).  Since 2010, Professor Andrei Vedernikov and his graduate students have been the active supporters of the Project SEED administered by the American Chemical Society for economically disadvantaged high school students. Ten talented high school students, some &ndash; for two years in a row, took part in research in the Professor Vedernikov group. The students worked with Professor Vedernikov have then pursued undergraduate study at various colleges.  Every year since 2019 Professor Vedernikov served as an instructor for the Summer Study Camp of the USA National Chemistry Olympiad (USNCO; https://www.acs.org/content/acs/en/education/students/highschool/olympiad.html ) sponsored by the American Chemical Society and hosted by the Department of Chemistry and Biochemistry of the UMD. Every year the Camp involved 20 brightest high school students selected from the whole nation. The Professor Vedernikov’s responsibility was to provide training in various areas of inorganic, coordination, organometallic chemistry and catalysis. The latter included results of his own research.          Last Modified: 08/03/2023       Submitted by: Andrei N Vedernikov]]></POR_COPY_TXT>
</POR>
</Award>
</rootTag>
