<?xml version="1.0" encoding="UTF-8"?>
<rootTag>
<Award>
<AwardTitle><![CDATA[Noncommutative Geometry and Analytic Grothendieck Riemann Roch Theorem]]></AwardTitle>
<AGENCY>NSF</AGENCY>
<AwardEffectiveDate>07/01/2018</AwardEffectiveDate>
<AwardExpirationDate>06/30/2023</AwardExpirationDate>
<AwardTotalIntnAmount>200000.00</AwardTotalIntnAmount>
<AwardAmount>200000</AwardAmount>
<AwardInstrument>
<Value>Standard Grant</Value>
</AwardInstrument>
<Organization>
<Code>03040000</Code>
<Directorate>
<Abbreviation>MPS</Abbreviation>
<LongName>Direct For Mathematical &amp; Physical Scien</LongName>
</Directorate>
<Division>
<Abbreviation>DMS</Abbreviation>
<LongName>Division Of Mathematical Sciences</LongName>
</Division>
</Organization>
<ProgramOfficer>
<SignBlockName>Marian Bocea</SignBlockName>
<PO_EMAI>mbocea@nsf.gov</PO_EMAI>
<PO_PHON>7032922595</PO_PHON>
</ProgramOfficer>
<AbstractNarration><![CDATA[In classical geometry, functions on a geometric space, like the Cartesian coordinates on a plane, commute with each other. More precisely, the multiplication of coordinate functions does not depend on the order. However, the Heisenberg uncertainty principle in quantum mechanics indicates that the position and momentum, the two important observables of a quantum system, do not commute. Such noncommutative phenomena turn out to appear naturally not only in mathematics and physics but also everywhere in life. For example, clicking button A before B in a game may produce a completely different outcome from clicking B before A. Noncommutative geometry is an emerging branch of mathematics to study the geometry of "noncommutative spaces", where the functions, like the position and momentum, do not commute with each other. This project will explore various interesting noncommutative spaces motivated by problems in operator theory, singular spaces, and mathematical physics. &lt;br/&gt;&lt;br/&gt;The principal investigator proposes to investigate several projects in noncommutative geometry. In the first project, the principal  investigator will take ideas from different branches of mathematics including algebraic geometry, differential geometry, and differential topology to investigate the Arveson-Douglas conjecture. An analytic generalization of the Grothendieck Riemann Roch theorem for (singular) analytic varieties will be developed to identify the K-homology class associated to the essentially normal Hilbert module in the Arveson-Douglas conjecture. A secondary invariant theory in noncommutative geometry will be introduced to understand the Hilbert modules associated to Brieskorn varieties. The aim of the second project is to develop a longitudinal index theory for open foliated manifolds. In particular, cyclic homology of a proper Lie groupoid will be applied as a key tool to study such an index theory. The third project is devoted to the study of the quantum geometry of étale gerbes on orbifolds. Inspired by results in physics, the principal investigator intends to establish a duality theory for the quantum geometry of étale gerbes.&lt;br/&gt;&lt;br/&gt;This award reflects NSF's statutory mission and has been deemed worthy of support through evaluation using the Foundation's intellectual merit and broader impacts review criteria.]]></AbstractNarration>
<MinAmdLetterDate>05/02/2018</MinAmdLetterDate>
<MaxAmdLetterDate>05/02/2018</MaxAmdLetterDate>
<ARRAAmount/>
<TRAN_TYPE>Grant</TRAN_TYPE>
<CFDA_NUM>47.049</CFDA_NUM>
<NSF_PAR_USE_FLAG>1</NSF_PAR_USE_FLAG>
<FUND_AGCY_CODE>4900</FUND_AGCY_CODE>
<AWDG_AGCY_CODE>4900</AWDG_AGCY_CODE>
<AwardID>1800666</AwardID>
<Investigator>
<FirstName>Xiang</FirstName>
<LastName>Tang</LastName>
<PI_MID_INIT/>
<PI_SUFX_NAME/>
<PI_FULL_NAME>Xiang Tang</PI_FULL_NAME>
<EmailAddress><![CDATA[xtang@math.wustl.edu]]></EmailAddress>
<NSF_ID>000486710</NSF_ID>
<StartDate>05/02/2018</StartDate>
<EndDate/>
<RoleCode>Principal Investigator</RoleCode>
</Investigator>
<Institution>
<Name><![CDATA[Washington University]]></Name>
<CityName>SAINT LOUIS</CityName>
<ZipCode>63110</ZipCode>
<PhoneNumber>3147474134</PhoneNumber>
<StreetAddress><![CDATA[ONE BROOKINGS DR]]></StreetAddress>
<StreetAddress2/>
<CountryName>United States</CountryName>
<StateName>Missouri</StateName>
<StateCode>MO</StateCode>
<CONGRESSDISTRICT>01</CONGRESSDISTRICT>
<CONGRESS_DISTRICT_ORG>MO01</CONGRESS_DISTRICT_ORG>
<ORG_UEI_NUM>L6NFUM28LQM5</ORG_UEI_NUM>
<ORG_LGL_BUS_NAME>WASHINGTON UNIVERSITY, THE</ORG_LGL_BUS_NAME>
<ORG_PRNT_UEI_NUM/>
</Institution>
<Performance_Institution>
<Name><![CDATA[Washington University]]></Name>
<CityName>St. Louis</CityName>
<StateCode>MO</StateCode>
<ZipCode>631304899</ZipCode>
<StreetAddress><![CDATA[Campus Box 1054]]></StreetAddress>
<CountryCode>US</CountryCode>
<CountryName>United States</CountryName>
<StateName>Missouri</StateName>
<CountryFlag>1</CountryFlag>
<CONGRESSDISTRICT>01</CONGRESSDISTRICT>
<CONGRESS_DISTRICT_PERF>MO01</CONGRESS_DISTRICT_PERF>
</Performance_Institution>
<ProgramElement>
<Code>1281</Code>
<Text>ANALYSIS PROGRAM</Text>
</ProgramElement>
<Appropriation>
<Code>0118</Code>
<Name>NSF RESEARCH &amp; RELATED ACTIVIT</Name>
<APP_SYMB_ID>040100</APP_SYMB_ID>
</Appropriation>
<Fund>
<Code>01001819DB</Code>
<Name><![CDATA[NSF RESEARCH & RELATED ACTIVIT]]></Name>
<FUND_SYMB_ID>040100</FUND_SYMB_ID>
</Fund>
<FUND_OBLG>2018~200000</FUND_OBLG>
<POR>
<DRECONTENT><![CDATA[<div class="porColContainerWBG"> <div class="porContentCol"><p>During the grant period, the PI obtained significant progress in several proposed projects in noncommutative geometry.&nbsp;</p> <p>Noncommutative geometry is an emerging branch of mathematics to study the geometry of ``noncommutative spaces&rdquo;, where the functions, like the position&nbsp;and&nbsp;momentum in quantum mechanics, do not commutate with each other. In PI&rsquo;s research, ideas and methods from noncommutative geometry offer powerful new approaches to some classically unapproachable problems.&nbsp;</p> <p>The PI applied noncommutative geometry tools to investigate symmetries of a space. In particular, the PI constructed an unexpected simple and important cyclic cocycle for a large class of Lie groups. PI&rsquo;s successful study of the cyclic cohomology for proper Lie group actions not only led to the discovery of new index theorems and invariants for group actions but also had applications in understanding the structures of C*-algebras and representation theory associated to Lie groups.&nbsp;</p> <p>Inspired by noncommutative geometry intuition, PI developed a new method to study traces of Toeplitz operators. The PI proved several new formulas for Toeplitz operators, which uncovered hidden geometric information in the classical object in analysis.&nbsp;</p> <p>By synthesizing innovative ideas from symplectic geometry and noncommutative geometry, the PI explored a duality phenomenon on gerby orbifolds in a wide variety of contexts, including K-theory, derived categories, Chen-Ruan orbifold cohomology, and Gromov-Witten theory.</p> <p>During the grant period, the PI worked hard on the broad impact of his research. The PI mentored 5 Ph. D. students, 5 undergraduate students, and 4 postdocs.&nbsp;&nbsp;The PI co-organized 13 conferences and 4 virtual seminars and conferences with participants from all over the world. The PI was also active in participating outreach activities on K-12 educations.&nbsp;</p> <p>&nbsp;</p><br> <p>            Last Modified: 08/21/2023<br>      Modified by: Xiang&nbsp;Tang</p> </div> <div class="porSideCol"></div> </div>]]></DRECONTENT>
<POR_COPY_TXT><![CDATA[ During the grant period, the PI obtained significant progress in several proposed projects in noncommutative geometry.   Noncommutative geometry is an emerging branch of mathematics to study the geometry of ``noncommutative spaces", where the functions, like the position and momentum in quantum mechanics, do not commutate with each other. In PI’s research, ideas and methods from noncommutative geometry offer powerful new approaches to some classically unapproachable problems.   The PI applied noncommutative geometry tools to investigate symmetries of a space. In particular, the PI constructed an unexpected simple and important cyclic cocycle for a large class of Lie groups. PI’s successful study of the cyclic cohomology for proper Lie group actions not only led to the discovery of new index theorems and invariants for group actions but also had applications in understanding the structures of C*-algebras and representation theory associated to Lie groups.   Inspired by noncommutative geometry intuition, PI developed a new method to study traces of Toeplitz operators. The PI proved several new formulas for Toeplitz operators, which uncovered hidden geometric information in the classical object in analysis.   By synthesizing innovative ideas from symplectic geometry and noncommutative geometry, the PI explored a duality phenomenon on gerby orbifolds in a wide variety of contexts, including K-theory, derived categories, Chen-Ruan orbifold cohomology, and Gromov-Witten theory.  During the grant period, the PI worked hard on the broad impact of his research. The PI mentored 5 Ph. D. students, 5 undergraduate students, and 4 postdocs.  The PI co-organized 13 conferences and 4 virtual seminars and conferences with participants from all over the world. The PI was also active in participating outreach activities on K-12 educations.           Last Modified: 08/21/2023       Submitted by: Xiang Tang]]></POR_COPY_TXT>
</POR>
</Award>
</rootTag>
