<?xml version="1.0" encoding="UTF-8"?>
<rootTag>
<Award>
<AwardTitle><![CDATA[Development of Efficient Homogeneous Gold Catalysis]]></AwardTitle>
<AGENCY>NSF</AGENCY>
<AwardEffectiveDate>08/15/2018</AwardEffectiveDate>
<AwardExpirationDate>07/31/2023</AwardExpirationDate>
<AwardTotalIntnAmount>450000.00</AwardTotalIntnAmount>
<AwardAmount>450000</AwardAmount>
<AwardInstrument>
<Value>Standard Grant</Value>
</AwardInstrument>
<Organization>
<Code>03090000</Code>
<Directorate>
<Abbreviation>MPS</Abbreviation>
<LongName>Direct For Mathematical &amp; Physical Scien</LongName>
</Directorate>
<Division>
<Abbreviation>CHE</Abbreviation>
<LongName>Division Of Chemistry</LongName>
</Division>
</Organization>
<ProgramOfficer>
<SignBlockName>George Richter-Addo</SignBlockName>
<PO_EMAI>grichter@nsf.gov</PO_EMAI>
<PO_PHON>7032927528</PO_PHON>
</ProgramOfficer>
<AbstractNarration><![CDATA[With support from the Chemical Catalysis Program of the Division of Chemistry, Dr. Liming Zhang of the University of California at Santa Barbara is developing new catalysts derived from gold. These catalysts are used to speed up chemical reactions on organic molecules with very precise control of the products formed. These catalysis reactions convert simple molecules to those of greater complexity that can then be used as building blocks in drug discovery, biomedical research, and materials science. The building these target molecules is often the most difficult part of the entire synthetic process. The research described is conducted by undergraduate and graduate students and prepares them as the next generation of the STEM workforce. Dr. Zhang is also involved in outreach efforts targeting underrepresented minorities and high school students. In addition, Dr. Zhang is incorporating gold catalysis into undergraduate laboratory courses, so that his students know of the industrial benefits of their research. This work advances the prosperity of the US by promoting innovation in industry and training of a highly technical workforce. &lt;br/&gt;&lt;br/&gt;The functionalization of C(sp3)-H bonds, especially those that are unactivated, is of great synthetic utility as it enables the streamlined synthesis of molecules of medicinal- or materials-relevance without substrate pre-functionalization. This strategy, however, is challenging to implement due to issues of reactivity and selectivity, and remains underdeveloped. Dr. Zhang is studying the chemistry of gold vinylidenes generated from the reaction of terminal ynones with gold catalysts in the presence of an electrophilic bromination reagent. These vinylidene complexes then insert into a C-H bond to form a 5- or 6-membered bromocyclopentenone or bromocyclohexenone. The use of other electrophilic reagents, the tuning of the vinylidene reactivity, and the insertion into more remote C-H bonds are also studied as these alterations provide synthetic flexibility and access to a range of valuable structures. Dr. Zhang is also studying the activation of alkynes or allenes towards electrophilic attack by gold catalysts. These are either intermolecular reactions with challenging nucleophiles, or in intramolecular reactions with heteroatom nucleophiles that produce valuable heterocycles. Enantioselective catalysis with catalysts that bear chiral phosphine or N-heterocyclic carbene ligands specifically tailored to the linear structures of gold(I) complexes are also of interest.&lt;br/&gt;&lt;br/&gt;This award reflects NSF's statutory mission and has been deemed worthy of support through evaluation using the Foundation's intellectual merit and broader impacts review criteria.]]></AbstractNarration>
<MinAmdLetterDate>07/12/2018</MinAmdLetterDate>
<MaxAmdLetterDate>07/12/2018</MaxAmdLetterDate>
<ARRAAmount/>
<TRAN_TYPE>Grant</TRAN_TYPE>
<CFDA_NUM>47.049</CFDA_NUM>
<NSF_PAR_USE_FLAG>1</NSF_PAR_USE_FLAG>
<FUND_AGCY_CODE>4900</FUND_AGCY_CODE>
<AWDG_AGCY_CODE>4900</AWDG_AGCY_CODE>
<AwardID>1800525</AwardID>
<Investigator>
<FirstName>Liming</FirstName>
<LastName>Zhang</LastName>
<PI_MID_INIT/>
<PI_SUFX_NAME/>
<PI_FULL_NAME>Liming Zhang</PI_FULL_NAME>
<EmailAddress><![CDATA[zhang@chem.ucsb.edu]]></EmailAddress>
<NSF_ID>000352164</NSF_ID>
<StartDate>07/12/2018</StartDate>
<EndDate/>
<RoleCode>Principal Investigator</RoleCode>
</Investigator>
<Institution>
<Name><![CDATA[University of California-Santa Barbara]]></Name>
<CityName>SANTA BARBARA</CityName>
<ZipCode>931060001</ZipCode>
<PhoneNumber>8058934188</PhoneNumber>
<StreetAddress><![CDATA[3227 CHEADLE HALL]]></StreetAddress>
<StreetAddress2/>
<CountryName>United States</CountryName>
<StateName>California</StateName>
<StateCode>CA</StateCode>
<CONGRESSDISTRICT>24</CONGRESSDISTRICT>
<CONGRESS_DISTRICT_ORG>CA24</CONGRESS_DISTRICT_ORG>
<ORG_UEI_NUM>G9QBQDH39DF4</ORG_UEI_NUM>
<ORG_LGL_BUS_NAME>UNIVERSITY OF CALIFORNIA, SANTA BARBARA</ORG_LGL_BUS_NAME>
<ORG_PRNT_UEI_NUM/>
</Institution>
<Performance_Institution>
<Name><![CDATA[University of California Santa Barbara]]></Name>
<CityName>SANTA BARBARA</CityName>
<StateCode>CA</StateCode>
<ZipCode>931069510</ZipCode>
<StreetAddress><![CDATA[DEPARTMENT OF CHEMISTRY]]></StreetAddress>
<CountryCode>US</CountryCode>
<CountryName>United States</CountryName>
<StateName>California</StateName>
<CountryFlag>1</CountryFlag>
<CONGRESSDISTRICT>24</CONGRESSDISTRICT>
<CONGRESS_DISTRICT_PERF>CA24</CONGRESS_DISTRICT_PERF>
</Performance_Institution>
<ProgramElement>
<Code>6884</Code>
<Text>Chemical Catalysis</Text>
</ProgramElement>
<ProgramReference>
<Code>8037</Code>
<Text>Advanced Manufacturing</Text>
</ProgramReference>
<Appropriation>
<Code>0118</Code>
<Name>NSF RESEARCH &amp; RELATED ACTIVIT</Name>
<APP_SYMB_ID>040100</APP_SYMB_ID>
</Appropriation>
<Fund>
<Code>01001819DB</Code>
<Name><![CDATA[NSF RESEARCH & RELATED ACTIVIT]]></Name>
<FUND_SYMB_ID>040100</FUND_SYMB_ID>
</Fund>
<FUND_OBLG>2018~450000</FUND_OBLG>
<POR>
<DRECONTENT><![CDATA[<div class="porColContainerWBG"> <div class="porContentCol"><p>Intellectual Merit:</p> <p>With the support of the grant CHE 1800525, the principal investigator, Liming Zhang, has advanced the research field of gold catalysis in the direction of cooperative gold catalysis. This type of catalysis is enabled by bifunctional phosphine ligands that possess a remote basic functional group. During gold catalysis, the ligand remote basic group actively participates in one/multiple bond-forming/breaking events, thereby facilitating/accelerating reactions of significant synthetic values. During the funding period, fifteen sponsored manuscripts have been published, and one is currently under revision. These works collectively represents significant progress both in unprecedented reactivities and in new means of achieving versatile chirality induction in gold catalysis. The synthetic methods developed enable expedient and efficient access to a range of structural motifs and/or functional moieties found in bioactive compounds and hence are of significant value to pharmaceutical R&amp;D. &nbsp;</p> <p>Broader Impacts</p> <p>The research progresses funded by this grant help stimulate research interest in the field of gold catalysis via publications in peer-reviewed journals and presentations at Universities and national/international meetings and inspire research in related topics. The education of next-gen researchers including undergraduate students, graduate students and visiting scholars has profound impacts on their career and help the preparation of the work force in chemical science.</p> <p>Award outcomes:</p> <p>A total of 16 publications (including one under revision) have been financially supported by this grant. The outcomes are summarized by the Scheme below. As shown in the Scheme, a diverse range of functional structures including chiral spirocyclohexedienones, chiral cyclopentanones featuring a quaternary chiral center, chiral dihydrofurans, chiral cyclopentadienyl esters, chiral dihydropyrrolines, and chiral ring-fused homopropargylic alcohols, are efficiently accessed.</p> <p>&nbsp;</p><br> <p>  Last Modified: 11/06/2023<br> Modified by: Liming&nbsp;Zhang</p></div> <div class="porSideCol" ><div class="each-gallery"> <div class="galContent" id="gallery0"> <div class="photoCount" id="photoCount0">          Image         </div> <div class="galControls onePhoto" id="controls0"></div> <div class="galSlideshow" id="slideshow0"></div> <div class="galEmbox" id="embox"> <div class="image-title"></div> </div> </div> <div class="galNavigation onePhoto" id="navigation0"> <ul class="thumbs" id="thumbs0"> <li> <a href="/por/images/Reports/POR/2023/1800525/1800525_10557385_1699304097222_Zhang_outcome_graph--rgov-214x142.PNG" original="/por/images/Reports/POR/2023/1800525/1800525_10557385_1699304097222_Zhang_outcome_graph--rgov-800width.PNG" title="project outcome graph"><img src="/por/images/Reports/POR/2023/1800525/1800525_10557385_1699304097222_Zhang_outcome_graph--rgov-66x44.PNG" alt="project outcome graph"></a> <div class="imageCaptionContainer"> <div class="imageCaption">Research Outcomes of CHE 1800525</div> <div class="imageCredit">Liming Zhang</div> <div class="imagePermisssions">Public Domain</div> <div class="imageSubmitted">Liming&nbsp;Zhang <div class="imageTitle">project outcome graph</div> </div> </li></ul> </div> </div></div> </div>]]></DRECONTENT>
<POR_COPY_TXT><![CDATA[  Intellectual Merit:   With the support of the grant CHE 1800525, the principal investigator, Liming Zhang, has advanced the research field of gold catalysis in the direction of cooperative gold catalysis. This type of catalysis is enabled by bifunctional phosphine ligands that possess a remote basic functional group. During gold catalysis, the ligand remote basic group actively participates in one/multiple bond-forming/breaking events, thereby facilitating/accelerating reactions of significant synthetic values. During the funding period, fifteen sponsored manuscripts have been published, and one is currently under revision. These works collectively represents significant progress both in unprecedented reactivities and in new means of achieving versatile chirality induction in gold catalysis. The synthetic methods developed enable expedient and efficient access to a range of structural motifs and/or functional moieties found in bioactive compounds and hence are of significant value to pharmaceutical R&D.    Broader Impacts   The research progresses funded by this grant help stimulate research interest in the field of gold catalysis via publications in peer-reviewed journals and presentations at Universities and national/international meetings and inspire research in related topics. The education of next-gen researchers including undergraduate students, graduate students and visiting scholars has profound impacts on their career and help the preparation of the work force in chemical science.   Award outcomes:   A total of 16 publications (including one under revision) have been financially supported by this grant. The outcomes are summarized by the Scheme below. As shown in the Scheme, a diverse range of functional structures including chiral spirocyclohexedienones, chiral cyclopentanones featuring a quaternary chiral center, chiral dihydrofurans, chiral cyclopentadienyl esters, chiral dihydropyrrolines, and chiral ring-fused homopropargylic alcohols, are efficiently accessed.        Last Modified: 11/06/2023       Submitted by: LimingZhang]]></POR_COPY_TXT>
</POR>
</Award>
</rootTag>
