<?xml version="1.0" encoding="UTF-8"?>
<rootTag>
<Award>
<AwardTitle><![CDATA[STEM Core in Central Maryland for Cybersecurity Education]]></AwardTitle>
<AGENCY>NSF</AGENCY>
<AwardEffectiveDate>08/01/2018</AwardEffectiveDate>
<AwardExpirationDate>07/31/2022</AwardExpirationDate>
<AwardTotalIntnAmount>599505.00</AwardTotalIntnAmount>
<AwardAmount>599505</AwardAmount>
<AwardInstrument>
<Value>Standard Grant</Value>
</AwardInstrument>
<Organization>
<Code>11040100</Code>
<Directorate>
<Abbreviation>EDU</Abbreviation>
<LongName>Directorate for STEM Education</LongName>
</Directorate>
<Division>
<Abbreviation>DUE</Abbreviation>
<LongName>Division Of Undergraduate Education</LongName>
</Division>
</Organization>
<ProgramOfficer>
<SignBlockName>R. Corby Hovis</SignBlockName>
<PO_EMAI>chovis@nsf.gov</PO_EMAI>
<PO_PHON>7032924625</PO_PHON>
</ProgramOfficer>
<AbstractNarration><![CDATA[Community college students, especially those from underrepresented groups, face many barriers in their efforts to earn degrees in STEM fields. To reduce these barriers, institutions can implement creative innovations, moving away from isolated programs and toward cooperative action involving employers, high schools, non-profits, and others in the regional community. This project will implement such a strategy that was developed by Growth Sector, a non-profit devoted to opening STEM careers to students from low-income backgrounds and from groups that are currently underrepresented in STEM fields. Growth Sector's STEM Core curriculum includes accelerated mathematics and immediate immersion in technical subjects for first-year students. Student Support Specialists provide comprehensive assistance to enhance student achievement.  During the summer after their STEM Core Year, students are placed into paid internships with organizations planning to hire employees who have the skills the students are developing. &lt;br/&gt;&lt;br/&gt;The Community College of Baltimore County and Anne Arundel Community College will adapt and implement the STEM Core Year for cybersecurity students at both campuses. Both institutions will provide wraparound support through Student Support Specialists.  In addition, the Fort Meade Alliance, a consortium of 200 members (including companies and individuals), will support the summer internships for cybersecurity students who successfully complete the STEM Core Year of course work. Both institutions have significant populations of underrepresented students in STEM and recruitment efforts will aim to bring these populations into the cybersecurity programs. Fourteen community colleges in California have achieved promising results after adopting Growth Sector's STEM Core Year model. For example, a majority of STEM Core students who began in algebra, had completed calculus by the end of one academic year.  This project will provide additional insight into the possibility that the STEM Core model may be a transferable approach for increasing student success and diversity in the skilled technical workforce.&lt;br/&gt;&lt;br/&gt;This award reflects NSF's statutory mission and has been deemed worthy of support through evaluation using the Foundation's intellectual merit and broader impacts review criteria.]]></AbstractNarration>
<MinAmdLetterDate>05/25/2018</MinAmdLetterDate>
<MaxAmdLetterDate>05/25/2018</MaxAmdLetterDate>
<ARRAAmount/>
<TRAN_TYPE>Grant</TRAN_TYPE>
<CFDA_NUM>47.076</CFDA_NUM>
<NSF_PAR_USE_FLAG>1</NSF_PAR_USE_FLAG>
<FUND_AGCY_CODE>4900</FUND_AGCY_CODE>
<AWDG_AGCY_CODE>4900</AWDG_AGCY_CODE>
<AwardID>1800926</AwardID>
<Investigator>
<FirstName>Jeffrey</FirstName>
<LastName>Feuer</LastName>
<PI_MID_INIT/>
<PI_SUFX_NAME/>
<PI_FULL_NAME>Jeffrey Feuer</PI_FULL_NAME>
<EmailAddress><![CDATA[jfeuer@aacc.edu]]></EmailAddress>
<NSF_ID>000758880</NSF_ID>
<StartDate>05/25/2018</StartDate>
<EndDate/>
<RoleCode>Co-Principal Investigator</RoleCode>
</Investigator>
<Investigator>
<FirstName>Michael</FirstName>
<LastName>Venn</LastName>
<PI_MID_INIT/>
<PI_SUFX_NAME/>
<PI_FULL_NAME>Michael Venn</PI_FULL_NAME>
<EmailAddress><![CDATA[mvenn@ccbcmd.edu]]></EmailAddress>
<NSF_ID>000721235</NSF_ID>
<StartDate>05/25/2018</StartDate>
<EndDate/>
<RoleCode>Co-Principal Investigator</RoleCode>
</Investigator>
<Investigator>
<FirstName>Amanda</FirstName>
<LastName>Gassman</LastName>
<PI_MID_INIT/>
<PI_SUFX_NAME/>
<PI_FULL_NAME>Amanda Gassman</PI_FULL_NAME>
<EmailAddress><![CDATA[agassman@ccbcmd.edu]]></EmailAddress>
<NSF_ID>000747851</NSF_ID>
<StartDate>05/25/2018</StartDate>
<EndDate/>
<RoleCode>Principal Investigator</RoleCode>
</Investigator>
<Investigator>
<FirstName>Jack</FirstName>
<LastName>McLaughlin</LastName>
<PI_MID_INIT/>
<PI_SUFX_NAME/>
<PI_FULL_NAME>Jack McLaughlin</PI_FULL_NAME>
<EmailAddress><![CDATA[jmclaughlin@ccbcmd.edu]]></EmailAddress>
<NSF_ID>000629896</NSF_ID>
<StartDate>05/25/2018</StartDate>
<EndDate/>
<RoleCode>Co-Principal Investigator</RoleCode>
</Investigator>
<Institution>
<Name><![CDATA[Community College of Baltimore County, Essex]]></Name>
<CityName>DUNDALK</CityName>
<ZipCode>212224692</ZipCode>
<PhoneNumber>4438401015</PhoneNumber>
<StreetAddress><![CDATA[7200 SOLLERS POINT RD]]></StreetAddress>
<StreetAddress2/>
<CountryName>United States</CountryName>
<StateName>Maryland</StateName>
<StateCode>MD</StateCode>
<CONGRESSDISTRICT>07</CONGRESSDISTRICT>
<CONGRESS_DISTRICT_ORG>MD07</CONGRESS_DISTRICT_ORG>
<ORG_UEI_NUM>JFBHNXAAYRR5</ORG_UEI_NUM>
<ORG_LGL_BUS_NAME>COMMUNITY COLLEGE OF BALTIMORE COUNTY</ORG_LGL_BUS_NAME>
<ORG_PRNT_UEI_NUM>JFBHNXAAYRR5</ORG_PRNT_UEI_NUM>
</Institution>
<Performance_Institution>
<Name><![CDATA[Community College of Baltimore County, Essex]]></Name>
<CityName>Essex</CityName>
<StateCode>MD</StateCode>
<ZipCode>212373855</ZipCode>
<StreetAddress><![CDATA[7201 Rossville Boulevard]]></StreetAddress>
<CountryCode>US</CountryCode>
<CountryName>United States</CountryName>
<StateName>Maryland</StateName>
<CountryFlag>1</CountryFlag>
<CONGRESSDISTRICT>02</CONGRESSDISTRICT>
<CONGRESS_DISTRICT_PERF>MD02</CONGRESS_DISTRICT_PERF>
</Performance_Institution>
<ProgramElement>
<Code>7412</Code>
<Text>Advanced Tech Education Prog</Text>
</ProgramElement>
<ProgramReference>
<Code>1032</Code>
<Text>ADVANCED TECHNOLOGY EDUCATION</Text>
</ProgramReference>
<ProgramReference>
<Code>9178</Code>
<Text>UNDERGRADUATE EDUCATION</Text>
</ProgramReference>
<ProgramReference>
<Code>SMET</Code>
<Text>SCIENCE, MATH, ENG &amp; TECH EDUCATION</Text>
</ProgramReference>
<Appropriation>
<Code>0418</Code>
<Name>NSF Education &amp; Human Resource</Name>
<APP_SYMB_ID>040106</APP_SYMB_ID>
</Appropriation>
<Fund>
<Code>04001819DB</Code>
<Name><![CDATA[NSF Education & Human Resource]]></Name>
<FUND_SYMB_ID>040106</FUND_SYMB_ID>
</Fund>
<FUND_OBLG>2018~599505</FUND_OBLG>
<POR>
<DRECONTENT><![CDATA[<div class="porColContainerWBG"> <div class="porContentCol"><p>The goal<strong> </strong>of this project was to provide cybersecurity students the opportunity to proceed rapidly through required mathematics and computer-related courses and thus be prepared to complete their programs and be ready for employment opportunities in the shortest possible time. The focus was on enabling students ?especially those needing remedial work?to overcome barriers to success in STEM programs represented by college mathematics courses. Over the course of the grant, the focus expanded to include computer science majors. Accelerated math courses, student support specialists and internship opportunities were the means used to enable students to overcome barriers to success in STEM programs.</p> <p>&nbsp;</p> <p>Two Maryland community colleges, The Community College of Baltimore County (CCBC) and Anne Arundel Community College (AACC) participated in STEM Core in Central Maryland over the course of 4 years (the 3-year grant received a 1 year no-cost extension). A total of 130 students participated in the program during years 2 through 4, the period during which both colleges had STEM Core cohorts. Throughout that period, the number of students from underrepresented minorities increased, as a percentage, from 53% in year 2 to 72% in year 4. The percentage of women participating ranged from 43% in years 2 and 4, to 52% in year 3.</p> <p>a) Students registered for accelerated math courses provided at the community colleges. There were two accelerated courses offered. The first accelerated course combined Algebra II (a developmental course) and Pre-Calculus I. The second accelerated course combined Pre-Calculus II and Calculus I.</p> <p>b) Student support specialists were hired (3 at CCBC, 1 at AACC) to provide wrap around support to the students. The student support specialists worked with students in workshops and met with the students one on one as well to assist in various non-academic issues that arose. At both colleges, workshops were offered each semester, covering topics focused on increasing student success in course work, obtaining internships and exploring career possibilities. Resume writing, study skills, career options, and networking opportunities are examples of some of topics.</p> <p>c) Both colleges worked with students to identify and obtain internships. COVID restrictions severely hampered this process, especially in 2020. At CCBC an inhouse research experience/internship was offered during the summers of years 3 and 4.</p> <p>d) AACC provided a Summer Bridge program in years 2 and 4 to give rising high school seniors from underrepresented populations, who may not have previously seen themselves in a STEM career field, an opportunity to build their mathematical foundation and explore STEM careers.</p> <p>&nbsp;</p> <p>The program had 4 main objectives as outlined below with their respective expected and achieved outcomes:</p> <p>Objective 1: Provide 3 annual cohorts of 45 cybersecurity students (30 at CCBC and 15 at AACC each year), one year of accelerated coursework in mathematics and immersion in technical subjects required for their degrees;</p> <p>Outcome 1:&nbsp; From years 2 to 4, a total of 130 students participated in the programs at the two community colleges, meeting 86% of this objective.</p> <p>&nbsp;</p> <p>Objective 2: 50% of students will pass accelerated math classes and be prepared to take Pre-calculus in their second semester;</p> <p>Outcome 2:&nbsp; The average pass rate for the 3-year period (years 2 through 4) was 62% for CCBC and 69% for AACC.</p> <p>&nbsp;</p> <p>Objective 3: Have 40% of participating students complete their STEM Core Year in good academic standing (i.e. with a GPA of at least 2.0), prepared for a ten-week summer internship and ready to continue their studies toward an A.A.S. degree</p> <p>Outcome 3: The average (years 2 through 4) percentage of students who completed the academic year in good standing was 86% for CCBC students and 95% for AACC students.</p> <p>The&nbsp; number of internships for CCBC students over the 3 years (year 2 through year 4) was 20. 15 of those internships were part of the&nbsp; research experience/internship, Hacked and Loaded. Hacked and Loaded was a cybersecurity research experience presided over by CCBC faculty. AACC worked closely with Fort Meade Alliance to identify a total of 6 internships over the 3 years. COVID restrictions severely hampered internship placement, especially in summer 2020.</p> <p>Objective 4:&nbsp; By the conclusion of the funded period, enable 40 participants to earn an associates degree in a cybersecurity field <em>or</em> be hired into career related jobs without having yet completed their degrees.<a href="file:///C:/Users/cmcroberts/AppData/Local/Microsoft/Windows/INetCache/Content.Outlook/2MI465TT/NSF%20Project%20Outcomes%20Report%20-%20for%20ATE.docx#_ftn1"><sup><sup>[1]</sup></sup></a></p> <p>Outcome 4: Only CCBC had any students the first year. Of the 33 students who participated the first year, 24 successfully completed Pre-Calculus II/Calculus I and, of those 24, 10 eventually received associates degrees.&nbsp;</p> <div><br />  <hr size="1" /> <div> <p class="footnotedescription"><a href="file:///C:/Users/cmcroberts/AppData/Local/Microsoft/Windows/INetCache/Content.Outlook/2MI465TT/NSF%20Project%20Outcomes%20Report%20-%20for%20ATE.docx#_ftnref1">[1]</a> This objective applies primarily to students who participate in year 1 of the project period. Some students who participate in year 2 may also complete their degrees, but year 3 participants will not have enough time to complete their community college education during the grant-funded period.</p> </div> </div> <p>&nbsp;</p><br> <p>            Last Modified: 11/29/2022<br>      Modified by: Michael&nbsp;Venn</p> </div> <div class="porSideCol"></div> </div>]]></DRECONTENT>
<POR_COPY_TXT><![CDATA[ The goal of this project was to provide cybersecurity students the opportunity to proceed rapidly through required mathematics and computer-related courses and thus be prepared to complete their programs and be ready for employment opportunities in the shortest possible time. The focus was on enabling students ?especially those needing remedial work?to overcome barriers to success in STEM programs represented by college mathematics courses. Over the course of the grant, the focus expanded to include computer science majors. Accelerated math courses, student support specialists and internship opportunities were the means used to enable students to overcome barriers to success in STEM programs.     Two Maryland community colleges, The Community College of Baltimore County (CCBC) and Anne Arundel Community College (AACC) participated in STEM Core in Central Maryland over the course of 4 years (the 3-year grant received a 1 year no-cost extension). A total of 130 students participated in the program during years 2 through 4, the period during which both colleges had STEM Core cohorts. Throughout that period, the number of students from underrepresented minorities increased, as a percentage, from 53% in year 2 to 72% in year 4. The percentage of women participating ranged from 43% in years 2 and 4, to 52% in year 3.  a) Students registered for accelerated math courses provided at the community colleges. There were two accelerated courses offered. The first accelerated course combined Algebra II (a developmental course) and Pre-Calculus I. The second accelerated course combined Pre-Calculus II and Calculus I.  b) Student support specialists were hired (3 at CCBC, 1 at AACC) to provide wrap around support to the students. The student support specialists worked with students in workshops and met with the students one on one as well to assist in various non-academic issues that arose. At both colleges, workshops were offered each semester, covering topics focused on increasing student success in course work, obtaining internships and exploring career possibilities. Resume writing, study skills, career options, and networking opportunities are examples of some of topics.  c) Both colleges worked with students to identify and obtain internships. COVID restrictions severely hampered this process, especially in 2020. At CCBC an inhouse research experience/internship was offered during the summers of years 3 and 4.  d) AACC provided a Summer Bridge program in years 2 and 4 to give rising high school seniors from underrepresented populations, who may not have previously seen themselves in a STEM career field, an opportunity to build their mathematical foundation and explore STEM careers.     The program had 4 main objectives as outlined below with their respective expected and achieved outcomes:  Objective 1: Provide 3 annual cohorts of 45 cybersecurity students (30 at CCBC and 15 at AACC each year), one year of accelerated coursework in mathematics and immersion in technical subjects required for their degrees;  Outcome 1:  From years 2 to 4, a total of 130 students participated in the programs at the two community colleges, meeting 86% of this objective.     Objective 2: 50% of students will pass accelerated math classes and be prepared to take Pre-calculus in their second semester;  Outcome 2:  The average pass rate for the 3-year period (years 2 through 4) was 62% for CCBC and 69% for AACC.     Objective 3: Have 40% of participating students complete their STEM Core Year in good academic standing (i.e. with a GPA of at least 2.0), prepared for a ten-week summer internship and ready to continue their studies toward an A.A.S. degree  Outcome 3: The average (years 2 through 4) percentage of students who completed the academic year in good standing was 86% for CCBC students and 95% for AACC students.  The  number of internships for CCBC students over the 3 years (year 2 through year 4) was 20. 15 of those internships were part of the  research experience/internship, Hacked and Loaded. Hacked and Loaded was a cybersecurity research experience presided over by CCBC faculty. AACC worked closely with Fort Meade Alliance to identify a total of 6 internships over the 3 years. COVID restrictions severely hampered internship placement, especially in summer 2020.  Objective 4:  By the conclusion of the funded period, enable 40 participants to earn an associates degree in a cybersecurity field or be hired into career related jobs without having yet completed their degrees.[1]  Outcome 4: Only CCBC had any students the first year. Of the 33 students who participated the first year, 24 successfully completed Pre-Calculus II/Calculus I and, of those 24, 10 eventually received associates degrees.       [1] This objective applies primarily to students who participate in year 1 of the project period. Some students who participate in year 2 may also complete their degrees, but year 3 participants will not have enough time to complete their community college education during the grant-funded period.            Last Modified: 11/29/2022       Submitted by: Michael Venn]]></POR_COPY_TXT>
</POR>
</Award>
</rootTag>
