<?xml version="1.0" encoding="UTF-8"?>
<rootTag>
<Award>
<AwardTitle><![CDATA[Fluctuation-Based Electronic Structure Methods]]></AwardTitle>
<AGENCY>NSF</AGENCY>
<AwardEffectiveDate>04/15/2018</AwardEffectiveDate>
<AwardExpirationDate>03/31/2021</AwardExpirationDate>
<AwardTotalIntnAmount>489999.00</AwardTotalIntnAmount>
<AwardAmount>489999</AwardAmount>
<AwardInstrument>
<Value>Standard Grant</Value>
</AwardInstrument>
<Organization>
<Code>03090000</Code>
<Directorate>
<Abbreviation>MPS</Abbreviation>
<LongName>Direct For Mathematical &amp; Physical Scien</LongName>
</Directorate>
<Division>
<Abbreviation>CHE</Abbreviation>
<LongName>Division Of Chemistry</LongName>
</Division>
</Organization>
<ProgramOfficer>
<SignBlockName>Michel Dupuis</SignBlockName>
<PO_EMAI>mdupuis@nsf.gov</PO_EMAI>
<PO_PHON>7032922919</PO_PHON>
</ProgramOfficer>
<AbstractNarration><![CDATA[Filipp Furche of the University of California, Irvine is supported by an award from the Chemical Theory, Models and Computational Methods Program in the Division of Chemistry to develop, implement, test, and apply novel computational chemistry methods.  The Condensed Matter and Materials Theory program in the Division of Materials Research also contributes to this award. The new methods enable simulations of molecules and condensed matter systems that are very difficult to treat with conventional approaches, for example rare-earth compounds or transition metal compounds used in catalysis.  Such systems are critically importance for science and emerging technologies.  A fundamentally different approach to electronic structure theory based on quantum fluctuations, proposed by Furche promises to overcome many of these limitations. The methods developed in this project are made available to the public through the Turbomole quantum chemistry software. The project enhances undergraduate education and workforce readiness through a new concentration in Theoretical and Computational Chemistry at UCI and a high school outreach program aimed at students from disadvantaged backgrounds.&lt;br/&gt;&lt;br/&gt;Furche and his group are developing new methodology to enable predictive simulations of molecules and condensed matter systems such as small-bandgap or correlated materials and clusters, noncovalently bound nanostructures, or optical properties of transition-metal and rare earth compounds. Despite their critical importance for science and emerging technologies, these systems remain nearly intractable with conventional electronic structure methods, due to insufficient accuracy, computational efficiency, or both. Random phase approximation (RPA) methods developed during previous funding periods are the prototype fluctuation-based electronic structure theory. Guided by the successes and failures of RPA, Furche and his group are laying the groundwork for a systematically improvable hierarchy of electronic structure methods based on fluctuations. As opposed to the conventional approach to electron correlation in chemistry, which is based on interacting electron pairs, triples, etc., the methods proposed here describe correlation in many-electron systems by vacuum fluctuations generated by virtual pairs of electrons and holes traveling forward and backward in time (and multiples thereof).  Furche and his group also explore a Brueckner functional framework as alternative to Kohn-Sham reference states, and aim to extend the scope of RPA methods to ionization, time-dependent properties, and excited states. Applications include low-valent rare-earth and actinide compounds, and halogen-pi interaction mediated drug design.&lt;br/&gt;&lt;br/&gt;This award reflects NSF's statutory mission and has been deemed worthy of support through evaluation using the Foundation's intellectual merit and broader impacts review criteria.]]></AbstractNarration>
<MinAmdLetterDate>04/11/2018</MinAmdLetterDate>
<MaxAmdLetterDate>04/11/2018</MaxAmdLetterDate>
<ARRAAmount/>
<TRAN_TYPE>Grant</TRAN_TYPE>
<CFDA_NUM>47.049</CFDA_NUM>
<NSF_PAR_USE_FLAG>1</NSF_PAR_USE_FLAG>
<FUND_AGCY_CODE>4900</FUND_AGCY_CODE>
<AWDG_AGCY_CODE>4900</AWDG_AGCY_CODE>
<AwardID>1800431</AwardID>
<Investigator>
<FirstName>Filipp</FirstName>
<LastName>Furche</LastName>
<PI_MID_INIT>U</PI_MID_INIT>
<PI_SUFX_NAME/>
<PI_FULL_NAME>Filipp U Furche</PI_FULL_NAME>
<EmailAddress><![CDATA[filipp.furche@uci.edu]]></EmailAddress>
<NSF_ID>000500390</NSF_ID>
<StartDate>04/11/2018</StartDate>
<EndDate/>
<RoleCode>Principal Investigator</RoleCode>
</Investigator>
<Institution>
<Name><![CDATA[University of California-Irvine]]></Name>
<CityName>IRVINE</CityName>
<ZipCode>926970001</ZipCode>
<PhoneNumber>9498247295</PhoneNumber>
<StreetAddress><![CDATA[160 ALDRICH HALL]]></StreetAddress>
<StreetAddress2/>
<CountryName>United States</CountryName>
<StateName>California</StateName>
<StateCode>CA</StateCode>
<CONGRESSDISTRICT>47</CONGRESSDISTRICT>
<CONGRESS_DISTRICT_ORG>CA47</CONGRESS_DISTRICT_ORG>
<ORG_UEI_NUM>MJC5FCYQTPE6</ORG_UEI_NUM>
<ORG_LGL_BUS_NAME>UNIVERSITY OF CALIFORNIA IRVINE</ORG_LGL_BUS_NAME>
<ORG_PRNT_UEI_NUM/>
</Institution>
<Performance_Institution>
<Name><![CDATA[University of California-Irvine]]></Name>
<CityName>Irvine</CityName>
<StateCode>CA</StateCode>
<ZipCode>926972025</ZipCode>
<StreetAddress><![CDATA[2210 Natural Sciences II]]></StreetAddress>
<CountryCode>US</CountryCode>
<CountryName>United States</CountryName>
<StateName>California</StateName>
<CountryFlag>1</CountryFlag>
<CONGRESSDISTRICT>47</CONGRESSDISTRICT>
<CONGRESS_DISTRICT_PERF>CA47</CONGRESS_DISTRICT_PERF>
</Performance_Institution>
<ProgramElement>
<Code>1765</Code>
<Text>CONDENSED MATTER &amp; MAT THEORY</Text>
</ProgramElement>
<ProgramElement>
<Code>6881</Code>
<Text>Chem Thry, Mdls &amp; Cmptnl Mthds</Text>
</ProgramElement>
<ProgramReference>
<Code>7433</Code>
<Text>CyberInfra Frmwrk 21st (CIF21)</Text>
</ProgramReference>
<ProgramReference>
<Code>8084</Code>
<Text>CDS&amp;E</Text>
</ProgramReference>
<ProgramReference>
<Code>9216</Code>
<Text>ADVANCED SOFTWARE TECH &amp; ALGOR</Text>
</ProgramReference>
<ProgramReference>
<Code>9263</Code>
<Text>COMPUTATIONAL SCIENCE &amp; ENGING</Text>
</ProgramReference>
<Appropriation>
<Code>0118</Code>
<Name>NSF RESEARCH &amp; RELATED ACTIVIT</Name>
<APP_SYMB_ID>040100</APP_SYMB_ID>
</Appropriation>
<Fund>
<Code>01001819DB</Code>
<Name><![CDATA[NSF RESEARCH & RELATED ACTIVIT]]></Name>
<FUND_SYMB_ID>040100</FUND_SYMB_ID>
</Fund>
<FUND_OBLG>2018~489999</FUND_OBLG>
<POR>
<DRECONTENT><![CDATA[<div class="porColContainerWBG"> <div class="porContentCol"><p>Intellectual merit:</p> <p>This project led to the development and implementation of new electronic structure methods based on quantum fluctuations of electrons. The prototype random phase approximation (RPA) was extended to a selfconsistent method which combines favorable aspects of density functional theory, such as a stable energy functional, and Green's functions methods, such as access to ionization potentials and spectral functions. The accuracy and efficiency of these methods for molecular valence and core ionization energies was demonstrated by comparison to highly correlated wavefunction methods and experiment. Further, an efficient implementation of perturbative corrections to RPA was developed, along with a diagonstic "effective coupling strength" characterizing the strength of beyond-RPA correlation. An adiabatic connection version of symmetry-adapted perturbation theory for intermolecular interactions which allows for a rigorous separation of induction and dispersion effects was developed. Using the fluctuation-based electronic structure methods developed under this project, it was demonstrated that, contrary to conventional wisdom, many-body perturbation theory divergest for dispersion interactions of even moderately large molecules.</p> <p>Broader Impacts:</p> <p>In collaboration with the Long and Evans groups, we performed the first computational characterization of substituted bis-cyclopentadienyl compexes of divalent lanthanides. Furthermore, we predicted the existence of analogous actinide compounds, which were subsequently synthesized. These compounds have been elusive for decades and exhibit unique magnetic properties. In collaboration with the Evans and Hill groups, a Lu(II) with record hyperfine interaction was characterized. The hyperfine splitting is so large that it gives rise to a "clock transition" that could be used to construct molecular qbits. Our work on dispersion interactions has toppled the conventional notion of dispersion forces being "weak" and hence amenable to perturbation theory. Our methods were used to characerize a new drug binding mode in lissoclimide derivatives featuring noncovalent halogen-&pi; interactions.&nbsp;&nbsp;Methods developed under this project are being used for teaching and education of undergraduate and graduate students at UCI with&nbsp; little prior exposure to quantum electronic structure methods. Outreach activities included recruitment events at local high schools with large underrepresented minority population, and ayear-round high school outreach program offering participation in research projects and mentoring, including remote participation. 12 high school interns, 3 undergraduate student, 5 graduate students, and 2 postdoctoral scholars received trainingand partial support. The computational methods developed in this project were made available to the publicthrough the Turbomole program suite.</p><br> <p>            Last Modified: 07/23/2021<br>      Modified by: Filipp&nbsp;U&nbsp;Furche</p> </div> <div class="porSideCol"></div> </div>]]></DRECONTENT>
<POR_COPY_TXT><![CDATA[ Intellectual merit:  This project led to the development and implementation of new electronic structure methods based on quantum fluctuations of electrons. The prototype random phase approximation (RPA) was extended to a selfconsistent method which combines favorable aspects of density functional theory, such as a stable energy functional, and Green's functions methods, such as access to ionization potentials and spectral functions. The accuracy and efficiency of these methods for molecular valence and core ionization energies was demonstrated by comparison to highly correlated wavefunction methods and experiment. Further, an efficient implementation of perturbative corrections to RPA was developed, along with a diagonstic "effective coupling strength" characterizing the strength of beyond-RPA correlation. An adiabatic connection version of symmetry-adapted perturbation theory for intermolecular interactions which allows for a rigorous separation of induction and dispersion effects was developed. Using the fluctuation-based electronic structure methods developed under this project, it was demonstrated that, contrary to conventional wisdom, many-body perturbation theory divergest for dispersion interactions of even moderately large molecules.  Broader Impacts:  In collaboration with the Long and Evans groups, we performed the first computational characterization of substituted bis-cyclopentadienyl compexes of divalent lanthanides. Furthermore, we predicted the existence of analogous actinide compounds, which were subsequently synthesized. These compounds have been elusive for decades and exhibit unique magnetic properties. In collaboration with the Evans and Hill groups, a Lu(II) with record hyperfine interaction was characterized. The hyperfine splitting is so large that it gives rise to a "clock transition" that could be used to construct molecular qbits. Our work on dispersion interactions has toppled the conventional notion of dispersion forces being "weak" and hence amenable to perturbation theory. Our methods were used to characerize a new drug binding mode in lissoclimide derivatives featuring noncovalent halogen-&pi; interactions.  Methods developed under this project are being used for teaching and education of undergraduate and graduate students at UCI with  little prior exposure to quantum electronic structure methods. Outreach activities included recruitment events at local high schools with large underrepresented minority population, and ayear-round high school outreach program offering participation in research projects and mentoring, including remote participation. 12 high school interns, 3 undergraduate student, 5 graduate students, and 2 postdoctoral scholars received trainingand partial support. The computational methods developed in this project were made available to the publicthrough the Turbomole program suite.       Last Modified: 07/23/2021       Submitted by: Filipp U Furche]]></POR_COPY_TXT>
</POR>
</Award>
</rootTag>
