<?xml version="1.0" encoding="UTF-8"?>
<rootTag>
<Award>
<AwardTitle><![CDATA[Discrete Schrodinger Operators and Related Models]]></AwardTitle>
<AGENCY>NSF</AGENCY>
<AwardEffectiveDate>08/15/2018</AwardEffectiveDate>
<AwardExpirationDate>10/31/2020</AwardExpirationDate>
<AwardTotalIntnAmount>124302.00</AwardTotalIntnAmount>
<AwardAmount>124302</AwardAmount>
<AwardInstrument>
<Value>Standard Grant</Value>
</AwardInstrument>
<Organization>
<Code>03040000</Code>
<Directorate>
<Abbreviation>MPS</Abbreviation>
<LongName>Direct For Mathematical &amp; Physical Scien</LongName>
</Directorate>
<Division>
<Abbreviation>DMS</Abbreviation>
<LongName>Division Of Mathematical Sciences</LongName>
</Division>
</Organization>
<ProgramOfficer>
<SignBlockName>Marian Bocea</SignBlockName>
<PO_EMAI>mbocea@nsf.gov</PO_EMAI>
<PO_PHON>7032922595</PO_PHON>
</ProgramOfficer>
<AbstractNarration><![CDATA[This  project concerns the spectral theory of Schrodinger operators, a central topic in quantum mechanics. Schrodinger operators describe the movement of an electron in a medium subject to a disordered system. The development of the theory of Schrodinger operators is expected to enhance the understanding of many types of physical phenomena, including conductance, quantum Hall effect, quasicrystals, and graphene. The PI intends to develop new tools to provide rigorous mathematical explanations for these phenomena. The tools that will be  developed will also find applications in other branches of mathematics, including harmonic analysis, probability and number theory.&lt;br/&gt;&lt;br/&gt;This project consists of several parts. One is to study quantum graphs in magnetic fields. The PI intends to understand the topological structure of the spectrum and spectral decompositions. The second part involves studying Laplacians on discrete periodic graphs with a goal of finding the connection between the presence of spectral gaps and the geometric structure of the underlying lattice. The third goal concerns discrete quasi-periodic Schrodinger operators, focusing on several well-known problems including measure of the spectrum, continuity of the spectrum, structure of eigenfunctions in the localization regime and quantum dynamics in the singular continuous regime for quasi-periodic operators. Another goal is to understand Schrodinger operators with potentials generated by skew-shift. These operators, although being completely deterministic, are expected to resemble random features.&lt;br/&gt;&lt;br/&gt;This award reflects NSF's statutory mission and has been deemed worthy of support through evaluation using the Foundation's intellectual merit and broader impacts review criteria.]]></AbstractNarration>
<MinAmdLetterDate>03/29/2018</MinAmdLetterDate>
<MaxAmdLetterDate>03/29/2018</MaxAmdLetterDate>
<ARRAAmount/>
<TRAN_TYPE>Grant</TRAN_TYPE>
<CFDA_NUM>47.049</CFDA_NUM>
<NSF_PAR_USE_FLAG>1</NSF_PAR_USE_FLAG>
<FUND_AGCY_CODE>4900</FUND_AGCY_CODE>
<AWDG_AGCY_CODE>4900</AWDG_AGCY_CODE>
<AwardID>1800689</AwardID>
<Investigator>
<FirstName>Rui</FirstName>
<LastName>Han</LastName>
<PI_MID_INIT/>
<PI_SUFX_NAME/>
<PI_FULL_NAME>Rui Han</PI_FULL_NAME>
<EmailAddress><![CDATA[rhan@lsu.edu]]></EmailAddress>
<NSF_ID>000758939</NSF_ID>
<StartDate>03/29/2018</StartDate>
<EndDate/>
<RoleCode>Principal Investigator</RoleCode>
</Investigator>
<Institution>
<Name><![CDATA[Georgia Tech Research Corporation]]></Name>
<CityName>ATLANTA</CityName>
<ZipCode>30332</ZipCode>
<PhoneNumber>4048944819</PhoneNumber>
<StreetAddress><![CDATA[926 DALNEY ST NW]]></StreetAddress>
<StreetAddress2/>
<CountryName>United States</CountryName>
<StateName>Georgia</StateName>
<StateCode>GA</StateCode>
<CONGRESSDISTRICT>05</CONGRESSDISTRICT>
<CONGRESS_DISTRICT_ORG>GA05</CONGRESS_DISTRICT_ORG>
<ORG_UEI_NUM>EMW9FC8J3HN4</ORG_UEI_NUM>
<ORG_LGL_BUS_NAME>GEORGIA TECH RESEARCH CORPORATION</ORG_LGL_BUS_NAME>
<ORG_PRNT_UEI_NUM>EMW9FC8J3HN4</ORG_PRNT_UEI_NUM>
</Institution>
<Performance_Institution>
<Name><![CDATA[Georgia Institute of Technology]]></Name>
<CityName>Atlanta</CityName>
<StateCode>GA</StateCode>
<ZipCode>303320002</ZipCode>
<StreetAddress><![CDATA[225 North Avenue]]></StreetAddress>
<CountryCode>US</CountryCode>
<CountryName>United States</CountryName>
<StateName>Georgia</StateName>
<CountryFlag>1</CountryFlag>
<CONGRESSDISTRICT>05</CONGRESSDISTRICT>
<CONGRESS_DISTRICT_PERF>GA05</CONGRESS_DISTRICT_PERF>
</Performance_Institution>
<ProgramElement>
<Code>1281</Code>
<Text>ANALYSIS PROGRAM</Text>
</ProgramElement>
<Appropriation>
<Code>0118</Code>
<Name>NSF RESEARCH &amp; RELATED ACTIVIT</Name>
<APP_SYMB_ID>040100</APP_SYMB_ID>
</Appropriation>
<Fund>
<Code>01001819DB</Code>
<Name><![CDATA[NSF RESEARCH & RELATED ACTIVIT]]></Name>
<FUND_SYMB_ID>040100</FUND_SYMB_ID>
</Fund>
<FUND_OBLG>2018~72589</FUND_OBLG>
</Award>
</rootTag>
