<?xml version="1.0" encoding="UTF-8"?>
<rootTag>
<Award>
<AwardTitle><![CDATA[Cooperative Local Internships as a Novel Innovation in Cybersecurity]]></AwardTitle>
<AGENCY>NSF</AGENCY>
<AwardEffectiveDate>03/15/2018</AwardEffectiveDate>
<AwardExpirationDate>02/28/2022</AwardExpirationDate>
<AwardTotalIntnAmount>224983.00</AwardTotalIntnAmount>
<AwardAmount>224983</AwardAmount>
<AwardInstrument>
<Value>Standard Grant</Value>
</AwardInstrument>
<Organization>
<Code>11040100</Code>
<Directorate>
<Abbreviation>EDU</Abbreviation>
<LongName>Directorate for STEM Education</LongName>
</Directorate>
<Division>
<Abbreviation>DUE</Abbreviation>
<LongName>Division Of Undergraduate Education</LongName>
</Division>
</Organization>
<ProgramOfficer>
<SignBlockName>R. Corby Hovis</SignBlockName>
<PO_EMAI>chovis@nsf.gov</PO_EMAI>
<PO_PHON>7032924625</PO_PHON>
</ProgramOfficer>
<AbstractNarration><![CDATA[There are more than 28 million small businesses in the US, and while an individual business may not be concerned with cybersecurity, the data suggests that alarmingly few are adequately protecting data, including customer data like billing addresses and credit card numbers. Improving the cybersecurity environment for small businesses benefits businesses directly through costs savings that result when threats, and corresponding downtime are avoided, and earnings realized with uninterrupted business operations. The public benefits more broadly since it is most often their data, and their bank accounts, that are compromised when a system is hacked or breached. To address these challenges, this project at Mt Hood Community College (MHCC) in Oregon is designed to advance efforts to support the statewide small business cybersecurity environment through Cooperative Local Internships as a Novel Innovation in Cybersecurity (CLINIC). CLINIC will create the infrastructure for ongoing efforts at the college to produce highly qualified technicians in response to local and regional workforce demands, and further support work in the field by creating a cybersecurity toolbox geared towards the needs of small businesses. The CLINIC project aims to begin the process to answer the following long-term research question: How, and in what ways, does providing the small business community with access to a better trained cybersecurity workforce, in conjunction with cybersecurity resources, impact the small business cybersecurity environment? Within the scope of this capacity building project, the Co-PIs will examine two smaller sub-questions: (1) How, and in what ways, does the CLINIC internship model improve alignment between the cybersecurity program and workforce demand? and (2) Does providing support and technical assistance to small businesses increase the efficacy of cybersecurity toolbox resources?&lt;br/&gt;&lt;br/&gt;The CLINIC internship will provide students the opportunity to use the tools and resources, particularly a self-assessment tool, in a guided, real-life environment. The existing cybersecurity program offerings and career pathway will be refined to include a small business cybersecurity option, featuring stackable cybersecurity credentials for small business environments that double as both cybersecurity associate degree program requirements and stand-alone certifications. An expanded survey of Oregon small businesses will result in continued alignment of project and program components and allow feedback to inform project activities continually refined through the external evaluation process. This project will utilize the evidence-based approaches of career pathways and internships to contribute to, and underpin, a broader effort to transform the regional small business cybersecurity environment through a multi-pronged approach that increases technicians in the workforce, and connects the workforce with stackable small business cybersecurity certifications. The project will examine how and in what ways self-assessment tools are utilized by small businesses to prevent and respond to cybersecurity threats, how having access to these tools in combination with a cybersecurity literate workforce impacts the business environment with respect to cybersecurity, and how this project may be best replicated in other settings through an evaluation of the utility of the deliverables.&lt;br/&gt;&lt;br/&gt;This award reflects NSF's statutory mission and has been deemed worthy of support through evaluation using the Foundation's intellectual merit and broader impacts review criteria.]]></AbstractNarration>
<MinAmdLetterDate>03/20/2018</MinAmdLetterDate>
<MaxAmdLetterDate>07/29/2021</MaxAmdLetterDate>
<ARRAAmount/>
<TRAN_TYPE>Grant</TRAN_TYPE>
<CFDA_NUM>47.076</CFDA_NUM>
<NSF_PAR_USE_FLAG>1</NSF_PAR_USE_FLAG>
<FUND_AGCY_CODE>4900</FUND_AGCY_CODE>
<AWDG_AGCY_CODE>4900</AWDG_AGCY_CODE>
<AwardID>1800996</AwardID>
<Investigator>
<FirstName>Kedma</FirstName>
<LastName>Ough</LastName>
<PI_MID_INIT/>
<PI_SUFX_NAME/>
<PI_FULL_NAME>Kedma Ough</PI_FULL_NAME>
<EmailAddress><![CDATA[Kedma.Ough@mhcc.edu]]></EmailAddress>
<NSF_ID>000759278</NSF_ID>
<StartDate>03/20/2018</StartDate>
<EndDate>08/02/2019</EndDate>
<RoleCode>Former Principal Investigator</RoleCode>
</Investigator>
<Investigator>
<FirstName>Ruth</FirstName>
<LastName>Swain</LastName>
<PI_MID_INIT>E</PI_MID_INIT>
<PI_SUFX_NAME/>
<PI_FULL_NAME>Ruth E Swain</PI_FULL_NAME>
<EmailAddress><![CDATA[ruth.swain@mhcc.edu]]></EmailAddress>
<NSF_ID>000803567</NSF_ID>
<StartDate>08/02/2019</StartDate>
<EndDate>07/29/2021</EndDate>
<RoleCode>Former Principal Investigator</RoleCode>
</Investigator>
<Investigator>
<FirstName>Wayne</FirstName>
<LastName>Machuca</LastName>
<PI_MID_INIT>M</PI_MID_INIT>
<PI_SUFX_NAME/>
<PI_FULL_NAME>Wayne M Machuca</PI_FULL_NAME>
<EmailAddress><![CDATA[wayne.machuca@mhcc.edu]]></EmailAddress>
<NSF_ID>000544467</NSF_ID>
<StartDate>03/20/2018</StartDate>
<EndDate/>
<RoleCode>Co-Principal Investigator</RoleCode>
</Investigator>
<Investigator>
<FirstName>Ibrahim</FirstName>
<LastName>Alhussain</LastName>
<PI_MID_INIT/>
<PI_SUFX_NAME/>
<PI_FULL_NAME>Ibrahim Alhussain</PI_FULL_NAME>
<EmailAddress><![CDATA[ibrahim.alhussain@mhcc.edu]]></EmailAddress>
<NSF_ID>000856732</NSF_ID>
<StartDate>07/29/2021</StartDate>
<EndDate/>
<RoleCode>Principal Investigator</RoleCode>
</Investigator>
<Institution>
<Name><![CDATA[Mount Hood Community College]]></Name>
<CityName>GRESHAM</CityName>
<ZipCode>970303300</ZipCode>
<PhoneNumber>5036676422</PhoneNumber>
<StreetAddress><![CDATA[26000 SE STARK ST]]></StreetAddress>
<StreetAddress2/>
<CountryName>United States</CountryName>
<StateName>Oregon</StateName>
<StateCode>OR</StateCode>
<CONGRESSDISTRICT>03</CONGRESSDISTRICT>
<CONGRESS_DISTRICT_ORG>OR03</CONGRESS_DISTRICT_ORG>
<ORG_UEI_NUM>YEE4YCBAHSA7</ORG_UEI_NUM>
<ORG_LGL_BUS_NAME>MT HOOD COMMUNITY COLLEGE</ORG_LGL_BUS_NAME>
<ORG_PRNT_UEI_NUM/>
</Institution>
<Performance_Institution>
<Name><![CDATA[Mount Hood Community College]]></Name>
<CityName>Gresham</CityName>
<StateCode>OR</StateCode>
<ZipCode>970303300</ZipCode>
<StreetAddress/>
<CountryCode>US</CountryCode>
<CountryName>United States</CountryName>
<StateName>Oregon</StateName>
<CountryFlag>1</CountryFlag>
<CONGRESSDISTRICT>03</CONGRESSDISTRICT>
<CONGRESS_DISTRICT_PERF>OR03</CONGRESS_DISTRICT_PERF>
</Performance_Institution>
<ProgramElement>
<Code>7412</Code>
<Text>Advanced Tech Education Prog</Text>
</ProgramElement>
<ProgramReference>
<Code>1032</Code>
<Text>ADVANCED TECHNOLOGY EDUCATION</Text>
</ProgramReference>
<ProgramReference>
<Code>9178</Code>
<Text>UNDERGRADUATE EDUCATION</Text>
</ProgramReference>
<ProgramReference>
<Code>SMET</Code>
<Text>SCIENCE, MATH, ENG &amp; TECH EDUCATION</Text>
</ProgramReference>
<Appropriation>
<Code>0418</Code>
<Name>NSF Education &amp; Human Resource</Name>
<APP_SYMB_ID>040106</APP_SYMB_ID>
</Appropriation>
<Fund>
<Code>04001819DB</Code>
<Name><![CDATA[NSF Education & Human Resource]]></Name>
<FUND_SYMB_ID>040106</FUND_SYMB_ID>
</Fund>
<FUND_OBLG>2018~224983</FUND_OBLG>
<POR>
<DRECONTENT><![CDATA[<div class="porColContainerWBG"> <div class="porContentCol"><p>The Cooperative Local Internships as a Novel Innovation in Cybersecurity (CLINIC) project, was a unique collaborative effort between the Cybersecurity programs and the Small Business Development Center (SBDC) at Mount Hood Community College. The goal of the project was to improve Oregon?s small business cybersecurity environment by improving cybersecurity skills in the workforce, including business owners, entrepreneurs, IT professionals, and program graduates, through the introduction of small business specific stackable cybersecurity credentials, coupled with small business specific resources/toolbox.</p> <p class="Body">Students need and find value in, authentic work experiences. The CLINIC internship gave students that experience in a small business setting. By the end of the project, the internship program had been reconfigured to allow interns greater opportunities to collaborate with advisors and SBDC clients. Interns worked directly with SBDC advisors to create informational materials and how-to guides for small business owners on how to implement cybersecurity best practices into their small businesses. Interns led the design of cybersecurity self-assessments that allowed SBDC clients to better understand the cybersecurity weaknesses in their small businesses and inform the SBDC about specific areas that could improve cybersecurity education. &nbsp;</p> <p class="Body">Over the course of the project 33 students participated as interns. It was discovered that a paid internship model was most effective and the College instituted a work-study mechanism to provide that funding. The Small Business Cybersecurity Toolbox was formalized with focus on the top 10 fundamentals of cybersecurity safety practices.&nbsp; These fundamentals are taught to small business through live virtual classes and one-on-one virtual meetings.&nbsp; Students participate in these classes and advising, and compose/create their own toolbox resources.&nbsp; These activities build student "soft skills" in written and verbal communications, project management, and interpersonal relationships. It was discovered this toolbox needed to be dynamic and adapt to the often quickly changing nature of the cybersecurity risks faced by small businesses.</p> <p class="Body">An unanticipated impact occurred as students? interest in the project developed, not necessarily for the cybersecurity side but often more from the small business entrepreneurial side. Many interns expressed interest in starting their own business and were attracted to the internship position for that reason.</p> <p class="Body">In this program students have benefitted from increased exposure to small business advising clients, and now better understand the application of their cybersecurity studies to solve problems in real businesses. Interns have applied their current technical knowledge and skills, and now also have a better understanding of how cybersecurity professionals can best serve small businesses. &nbsp;The important value and intellectual merit, is students<strong> </strong>obtaining real world skills and experience through the internship.<strong>&nbsp;</strong></p> <p>&nbsp;</p><br> <p>            Last Modified: 04/07/2022<br>      Modified by: Ibrahim&nbsp;Alhussain</p> </div> <div class="porSideCol"></div> </div>]]></DRECONTENT>
<POR_COPY_TXT><![CDATA[ The Cooperative Local Internships as a Novel Innovation in Cybersecurity (CLINIC) project, was a unique collaborative effort between the Cybersecurity programs and the Small Business Development Center (SBDC) at Mount Hood Community College. The goal of the project was to improve Oregon?s small business cybersecurity environment by improving cybersecurity skills in the workforce, including business owners, entrepreneurs, IT professionals, and program graduates, through the introduction of small business specific stackable cybersecurity credentials, coupled with small business specific resources/toolbox. Students need and find value in, authentic work experiences. The CLINIC internship gave students that experience in a small business setting. By the end of the project, the internship program had been reconfigured to allow interns greater opportunities to collaborate with advisors and SBDC clients. Interns worked directly with SBDC advisors to create informational materials and how-to guides for small business owners on how to implement cybersecurity best practices into their small businesses. Interns led the design of cybersecurity self-assessments that allowed SBDC clients to better understand the cybersecurity weaknesses in their small businesses and inform the SBDC about specific areas that could improve cybersecurity education.   Over the course of the project 33 students participated as interns. It was discovered that a paid internship model was most effective and the College instituted a work-study mechanism to provide that funding. The Small Business Cybersecurity Toolbox was formalized with focus on the top 10 fundamentals of cybersecurity safety practices.  These fundamentals are taught to small business through live virtual classes and one-on-one virtual meetings.  Students participate in these classes and advising, and compose/create their own toolbox resources.  These activities build student "soft skills" in written and verbal communications, project management, and interpersonal relationships. It was discovered this toolbox needed to be dynamic and adapt to the often quickly changing nature of the cybersecurity risks faced by small businesses. An unanticipated impact occurred as students? interest in the project developed, not necessarily for the cybersecurity side but often more from the small business entrepreneurial side. Many interns expressed interest in starting their own business and were attracted to the internship position for that reason. In this program students have benefitted from increased exposure to small business advising clients, and now better understand the application of their cybersecurity studies to solve problems in real businesses. Interns have applied their current technical knowledge and skills, and now also have a better understanding of how cybersecurity professionals can best serve small businesses.  The important value and intellectual merit, is students obtaining real world skills and experience through the internship.           Last Modified: 04/07/2022       Submitted by: Ibrahim Alhussain]]></POR_COPY_TXT>
</POR>
</Award>
</rootTag>
