<?xml version="1.0" encoding="UTF-8"?>
<rootTag>
<Award>
<AwardTitle><![CDATA[Enantioselective Formation of All-Carbon Quaternary Centers via Pi-Allylic Rearrangements of N-Alloc Enamines and Ynamides]]></AwardTitle>
<AGENCY>NSF</AGENCY>
<AwardEffectiveDate>08/15/2018</AwardEffectiveDate>
<AwardExpirationDate>07/31/2022</AwardExpirationDate>
<AwardTotalIntnAmount>450000.00</AwardTotalIntnAmount>
<AwardAmount>450000</AwardAmount>
<AwardInstrument>
<Value>Standard Grant</Value>
</AwardInstrument>
<Organization>
<Code>03090000</Code>
<Directorate>
<Abbreviation>MPS</Abbreviation>
<LongName>Direct For Mathematical &amp; Physical Scien</LongName>
</Directorate>
<Division>
<Abbreviation>CHE</Abbreviation>
<LongName>Division Of Chemistry</LongName>
</Division>
</Organization>
<ProgramOfficer>
<SignBlockName>Paul Blakemore</SignBlockName>
<PO_EMAI>pblakemo@nsf.gov</PO_EMAI>
<PO_PHON>7032922726</PO_PHON>
</ProgramOfficer>
<AbstractNarration><![CDATA[With this award, the Chemical Synthesis Program of the Division of Chemistry is supporting the research of Professor Matthew Cook of the Department of Chemistry and Biochemistry at Montana State University. Professor Cook is studying new catalytic reactions that produce molecules containing a carbon atom bound to four other carbon atoms. Such carbons atoms are called "all-carbon quaternary centers".  These carbons can possess a property known as "chirality" or "handedness". Chiral molecules, like human hands, are not superimposable on their mirror images. The two-handed forms of such molecules (like the left hand or the right hand) can be difficult to generate selectively.  This is even more so in the case of compounds that bear all-carbon quaternary centers. Roughly 10% of the 200 top selling pharmaceuticals contain chiral all-carbon quaternary centers; however, none can be synthesized entirely in a laboratory. Instead, they are formed from naturally occurring sources.  Professor Cook addresses this problem by developing new palladium-catalyzed methods that can selectively form chiral, all-carbon quaternary centers with a preference for one handed form over the other. Professor Cook also works closely with Professor Neufeldt, also at Montana State University, to investigate the mechanism of theses reactions so they can be further improved and optimized.  This project provides excellent preparation for graduate and undergraduate students in future careers in STEM fields, in either academia or industry.  Professor Cook also works on an outreach program to introduce K-12 school students living in Montana's rural areas (including a large Native American population) to practical science and modern instrumentation, with the aim of fostering their interests in STEM subjects and improving their enrollment rates at college.&lt;br/&gt;&lt;br/&gt;Professor Cook is exploring the use of new pi-allylic rearrangement chemistry to generate stereogenic all-carbon quaternary centers with high levels of stereoselectivity. He is adopting two approaches, both of which utilize N-alloc carbamates that undergo a decarboxylative rearrangement to generate the requisite stereocenter. These methods overcome the major challenge in pi-allyl chemistry in acyclic systems, efficiently controlling E/Z selectivity in the nucleophile. By utilizing N-alloc enamines, which are much more configurationally stable than their enolate analogs, geometric fidelity can be retained.  This allow catalyst control to dictate the stereochemical outcome. Another strategy being pursued uses N-alloc ynamides, which generate ketenimines following a pi-allylic rearrangement. These ketenimine intermediates then undergo a subsequent sigmatropic rearrangement, nucleophilic addition, or a second pi-allylic rearrangement to generate an all-carbon stereocenter. These ketenimine intermediates are chiral but undergo epimerization, and are being used in dynamic kinetic resolution reactions. Detailed mechanistic studies of both of these reactions are being conducted experimentally and computationally in collaboration with Professor Sharon Neufeldt at Montana State.&lt;br/&gt;&lt;br/&gt;This award reflects NSF's statutory mission and has been deemed worthy of support through evaluation using the Foundation's intellectual merit and broader impacts review criteria.]]></AbstractNarration>
<MinAmdLetterDate>07/27/2018</MinAmdLetterDate>
<MaxAmdLetterDate>07/27/2018</MaxAmdLetterDate>
<ARRAAmount/>
<TRAN_TYPE>Grant</TRAN_TYPE>
<CFDA_NUM>47.049</CFDA_NUM>
<NSF_PAR_USE_FLAG>1</NSF_PAR_USE_FLAG>
<FUND_AGCY_CODE>4900</FUND_AGCY_CODE>
<AWDG_AGCY_CODE>4900</AWDG_AGCY_CODE>
<AwardID>1800487</AwardID>
<Investigator>
<FirstName>Matthew</FirstName>
<LastName>Cook</LastName>
<PI_MID_INIT>J</PI_MID_INIT>
<PI_SUFX_NAME/>
<PI_FULL_NAME>Matthew J Cook</PI_FULL_NAME>
<EmailAddress><![CDATA[matthewcook@montana.edu]]></EmailAddress>
<NSF_ID>000700674</NSF_ID>
<StartDate>07/27/2018</StartDate>
<EndDate/>
<RoleCode>Principal Investigator</RoleCode>
</Investigator>
<Institution>
<Name>Montana State University</Name>
<CityName>BOZEMAN</CityName>
<ZipCode>59717</ZipCode>
<PhoneNumber>4069942381</PhoneNumber>
<StreetAddress>216 MONTANA HALL</StreetAddress>
<StreetAddress2/>
<CountryName>United States</CountryName>
<StateName>Montana</StateName>
<StateCode>MT</StateCode>
<CONGRESSDISTRICT>01</CONGRESSDISTRICT>
<CONGRESS_DISTRICT_ORG>MT01</CONGRESS_DISTRICT_ORG>
<ORG_UEI_NUM>EJ3UF7TK8RT5</ORG_UEI_NUM>
<ORG_LGL_BUS_NAME>MONTANA STATE UNIVERSITY</ORG_LGL_BUS_NAME>
<ORG_PRNT_UEI_NUM>HD5YDTPGA865</ORG_PRNT_UEI_NUM>
</Institution>
<Performance_Institution>
<Name><![CDATA[Montana State University]]></Name>
<CityName>Bozeman</CityName>
<StateCode>MT</StateCode>
<ZipCode>597173400</ZipCode>
<StreetAddress><![CDATA[Department of Chemistry]]></StreetAddress>
<CountryCode>US</CountryCode>
<CountryName>United States</CountryName>
<StateName>Montana</StateName>
<CountryFlag>1</CountryFlag>
<CONGRESSDISTRICT>01</CONGRESSDISTRICT>
<CONGRESS_DISTRICT_PERF>MT01</CONGRESS_DISTRICT_PERF>
</Performance_Institution>
<ProgramElement>
<Code>6878</Code>
<Text>Chemical Synthesis</Text>
</ProgramElement>
<ProgramElement>
<Code>9150</Code>
<Text>EPSCoR Co-Funding</Text>
</ProgramElement>
<ProgramReference>
<Code>8037</Code>
<Text>Advanced Manufacturing</Text>
</ProgramReference>
<ProgramReference>
<Code>9150</Code>
<Text>EXP PROG TO STIM COMP RES</Text>
</ProgramReference>
<Appropriation>
<Code>0118</Code>
<Name>NSF RESEARCH &amp; RELATED ACTIVIT</Name>
<APP_SYMB_ID>040100</APP_SYMB_ID>
</Appropriation>
<Fund>
<Code>01001819DB</Code>
<Name><![CDATA[NSF RESEARCH & RELATED ACTIVIT]]></Name>
<FUND_SYMB_ID>040100</FUND_SYMB_ID>
</Fund>
<FUND_OBLG>2018~450000</FUND_OBLG>
</Award>
</rootTag>
