<?xml version="1.0" encoding="UTF-8"?>
<rootTag>
<Award>
<AwardTitle><![CDATA[Interfacial Water at Electrically Polarized Surfaces]]></AwardTitle>
<AGENCY>NSF</AGENCY>
<AwardEffectiveDate>08/01/2018</AwardEffectiveDate>
<AwardExpirationDate>07/31/2024</AwardExpirationDate>
<AwardTotalIntnAmount>450000.00</AwardTotalIntnAmount>
<AwardAmount>450000</AwardAmount>
<AwardInstrument>
<Value>Standard Grant</Value>
</AwardInstrument>
<Organization>
<Code>03090000</Code>
<Directorate>
<Abbreviation>MPS</Abbreviation>
<LongName>Direct For Mathematical &amp; Physical Scien</LongName>
</Directorate>
<Division>
<Abbreviation>CHE</Abbreviation>
<LongName>Division Of Chemistry</LongName>
</Division>
</Organization>
<ProgramOfficer>
<SignBlockName>Michel Dupuis</SignBlockName>
<PO_EMAI>mdupuis@nsf.gov</PO_EMAI>
<PO_PHON>7032922919</PO_PHON>
</ProgramOfficer>
<AbstractNarration><![CDATA[Alenka Luzar of Virginia Commonwealth University is supported by the Chemical Theory, Models and Computational Methods program in the Division of Chemistry to study the properties of aqueous (water) interfaces at the nanoscale. The work focuses on interfaces when electric fields are present.  Aqueous interfaces pervaded by electric fields are ubiquitous in nature, for example in human cells.  They are also important in many  engineering applications. Modulation of static and dynamic properties of such interfaces underlies the function of biological membranes, heterogeneous catalysis, and development of lab-on-a chip technologies.  Luzar and co-workers address some of the fundamental aspects of these phenomena. The molecular picture this research provides enables the design of new electromechanical devices of nano- or microscale dimensions. New methodologies are being developed to enable more realistic predictions of materials' properties, for example the propensity of metals to bind polar molecules, including biological ones. The research is very inter-disciplinary and very fundamental.  It is highly appropriate for training and motivating students, including undergraduates, to become scientists. &lt;br/&gt;&lt;br/&gt;Professor Luzar and her co-workers develop and apply novel computational approaches to elucidate water responses to heterogeneous environments, both in and out of equilibrium. Three separate, but interconnected areas are being investigated: (1) Characterization of high frequency polarization response of interfacial water, its relation to hydrogen bond dynamics, and the interplay of confinement and external field effects on molecular reorientation; (2) Timely problem of mechanical to electric energy conversion based on the reversal of electroactuation, where an immense improvement upon transition to nano- or mesoscale is envisaged. New nonequilibrium molecular dynamics methodology to capture heat exchange associated with friction and ohmic dissipation under electromechanical perturbation are being introduced within the framework of constant voltage Molecular Dynamics. New algorithms for surface tension, line tension and friction impeding liquid spreading under applied field are being developed; (3) Hydration of, and solvation forces between nanoscale solutes with multi-body interactions associated with materials conductivity, beyond the polarization of individual moieties. A computational approach to large-scale polarization effects characterizing conducting particles subject to the fixed potential requirement is being developed for systems comprising metallic or semiconducting particles.&lt;br/&gt;&lt;br/&gt;This award reflects NSF's statutory mission and has been deemed worthy of support through evaluation using the Foundation's intellectual merit and broader impacts review criteria.]]></AbstractNarration>
<MinAmdLetterDate>07/27/2018</MinAmdLetterDate>
<MaxAmdLetterDate>01/10/2023</MaxAmdLetterDate>
<ARRAAmount/>
<TRAN_TYPE>Grant</TRAN_TYPE>
<CFDA_NUM>47.049</CFDA_NUM>
<NSF_PAR_USE_FLAG>1</NSF_PAR_USE_FLAG>
<FUND_AGCY_CODE>4900</FUND_AGCY_CODE>
<AWDG_AGCY_CODE>4900</AWDG_AGCY_CODE>
<AwardID>1800120</AwardID>
<Investigator>
<FirstName>Dusan</FirstName>
<LastName>Bratko</LastName>
<PI_MID_INIT/>
<PI_SUFX_NAME/>
<PI_FULL_NAME>Dusan Bratko</PI_FULL_NAME>
<EmailAddress><![CDATA[dbratko@vcu.edu]]></EmailAddress>
<NSF_ID>000478808</NSF_ID>
<StartDate>03/18/2019</StartDate>
<EndDate/>
<RoleCode>Principal Investigator</RoleCode>
</Investigator>
<Investigator>
<FirstName>Alenka</FirstName>
<LastName>Luzar</LastName>
<PI_MID_INIT/>
<PI_SUFX_NAME/>
<PI_FULL_NAME>Alenka Luzar</PI_FULL_NAME>
<EmailAddress><![CDATA[aluzar@vcu.edu]]></EmailAddress>
<NSF_ID>000478809</NSF_ID>
<StartDate>07/27/2018</StartDate>
<EndDate>03/18/2019</EndDate>
<RoleCode>Former Principal Investigator</RoleCode>
</Investigator>
<Institution>
<Name><![CDATA[Virginia Commonwealth University]]></Name>
<CityName>RICHMOND</CityName>
<ZipCode>232849005</ZipCode>
<PhoneNumber>8048286772</PhoneNumber>
<StreetAddress><![CDATA[910 WEST FRANKLIN ST]]></StreetAddress>
<StreetAddress2/>
<CountryName>United States</CountryName>
<StateName>Virginia</StateName>
<StateCode>VA</StateCode>
<CONGRESSDISTRICT>04</CONGRESSDISTRICT>
<CONGRESS_DISTRICT_ORG>VA04</CONGRESS_DISTRICT_ORG>
<ORG_UEI_NUM>MLQFL4JSSAA9</ORG_UEI_NUM>
<ORG_LGL_BUS_NAME>VIRGINIA COMMONWEALTH UNIVERSITY</ORG_LGL_BUS_NAME>
<ORG_PRNT_UEI_NUM/>
</Institution>
<Performance_Institution>
<Name><![CDATA[Virginia Commonwealth University]]></Name>
<CityName>Richmond</CityName>
<StateCode>VA</StateCode>
<ZipCode>232842006</ZipCode>
<StreetAddress><![CDATA[1001 West Main Street]]></StreetAddress>
<CountryCode>US</CountryCode>
<CountryName>United States</CountryName>
<StateName>Virginia</StateName>
<CountryFlag>1</CountryFlag>
<CONGRESSDISTRICT>04</CONGRESSDISTRICT>
<CONGRESS_DISTRICT_PERF>VA04</CONGRESS_DISTRICT_PERF>
</Performance_Institution>
<ProgramElement>
<Code>6881</Code>
<Text>Chem Thry, Mdls &amp; Cmptnl Mthds</Text>
</ProgramElement>
<ProgramReference>
<Code>7237</Code>
<Text>NANO NON-SOLIC SCI &amp; ENG AWD</Text>
</ProgramReference>
<ProgramReference>
<Code>9263</Code>
<Text>COMPUTATIONAL SCIENCE &amp; ENGING</Text>
</ProgramReference>
<Appropriation>
<Code>0118</Code>
<Name>NSF RESEARCH &amp; RELATED ACTIVIT</Name>
<APP_SYMB_ID>040100</APP_SYMB_ID>
</Appropriation>
<Fund>
<Code>01001819DB</Code>
<Name><![CDATA[NSF RESEARCH & RELATED ACTIVIT]]></Name>
<FUND_SYMB_ID>040100</FUND_SYMB_ID>
</Fund>
<FUND_OBLG>2018~450000</FUND_OBLG>
</Award>
</rootTag>
