<?xml version="1.0" encoding="UTF-8"?>
<rootTag>
<Award>
<AwardTitle><![CDATA[Bioscience Technician Expansion Project]]></AwardTitle>
<AGENCY>NSF</AGENCY>
<AwardEffectiveDate>09/01/2018</AwardEffectiveDate>
<AwardExpirationDate>08/31/2022</AwardExpirationDate>
<AwardTotalIntnAmount>222833.00</AwardTotalIntnAmount>
<AwardAmount>222833</AwardAmount>
<AwardInstrument>
<Value>Standard Grant</Value>
</AwardInstrument>
<Organization>
<Code>11040100</Code>
<Directorate>
<Abbreviation>EDU</Abbreviation>
<LongName>Directorate for STEM Education</LongName>
</Directorate>
<Division>
<Abbreviation>DUE</Abbreviation>
<LongName>Division Of Undergraduate Education</LongName>
</Division>
</Organization>
<ProgramOfficer>
<SignBlockName>Virginia Carter</SignBlockName>
<PO_EMAI>vccarter@nsf.gov</PO_EMAI>
<PO_PHON>7032924651</PO_PHON>
</ProgramOfficer>
<AbstractNarration><![CDATA[This project meets a growing industry demand for skilled bioscience technicians, specifically at the College's industry partner, Charles River Laboratories. The primary goal of the grant will be to create an evening cohort of students drawn from Charles River Laboratories that work day shift and take evening courses to advance into higher level positions. A secondary benefit of this grant will be the generation and promotion of a pathway for students from a career center (Ashland County West Holmes Career Center) to a two-year institution (North Central State College), or to one of two four-year institutions (Ashland University and the University of Findlay), all of which are within a one-hour driving radius of Charles River Laboratory. Course offerings will be modified to better use distance learning, with the goal of reducing face to face lecture time while maintaining in person lab instruction. The enhancements to the Bioscience Program and pathways are designed to advance the technical education of a diverse group of students ranging from graduating career center students, to future and current students employed as biotechnicians.&lt;br/&gt;&lt;br/&gt;The North Central State College Bioscience Technician Expansion Project aims to support and increase knowledge in the field of biotechnology in north central Ohio by bringing new opportunities for students to advance through a prescribed pathway culminating in a career in biotechnology. The project will design and enable a pathway from high school career centers through a two-year community college and on to four-year universities. The project leaders will investigate and disseminate experiences using a variety of educational tools, pedagogy, and curriculum changes that aim to support students new to the biotechnology field, as well as incumbent workers. These pathways have the potential to demonstrate and/or establish best practices for supporting student progression through a pathway from career center to 4-year institutions that will function as a self-sustaining system. The program will also incorporate assessment methods for the incumbent student population to assess knowledge gained on the job and give them credit for the skills and training they already possess. Evening courses for incumbent workers in local Biotechnology facilities will be offered. To facilitate these changes, the institution will modify course and curriculum delivery to meet the needs of the students. The modifications of delivery have measurable, predetermined expected outcomes. These outcomes will be measured to assess the educational effectiveness of these course alterations, contributing information about student learning within different presentation styles.&lt;br/&gt;&lt;br/&gt;This award reflects NSF's statutory mission and has been deemed worthy of support through evaluation using the Foundation's intellectual merit and broader impacts review criteria.]]></AbstractNarration>
<MinAmdLetterDate>04/05/2018</MinAmdLetterDate>
<MaxAmdLetterDate>04/05/2018</MaxAmdLetterDate>
<ARRAAmount/>
<TRAN_TYPE>Grant</TRAN_TYPE>
<CFDA_NUM>47.076</CFDA_NUM>
<NSF_PAR_USE_FLAG>1</NSF_PAR_USE_FLAG>
<FUND_AGCY_CODE>4900</FUND_AGCY_CODE>
<AWDG_AGCY_CODE>4900</AWDG_AGCY_CODE>
<AwardID>1800850</AwardID>
<Investigator>
<FirstName>Jason</FirstName>
<LastName>Tucker</LastName>
<PI_MID_INIT/>
<PI_SUFX_NAME/>
<PI_FULL_NAME>Jason Tucker</PI_FULL_NAME>
<EmailAddress><![CDATA[jtucker@ncstatecollege.edu]]></EmailAddress>
<NSF_ID>000757374</NSF_ID>
<StartDate>04/05/2018</StartDate>
<EndDate/>
<RoleCode>Co-Principal Investigator</RoleCode>
</Investigator>
<Investigator>
<FirstName>Justin</FirstName>
<LastName>Tickhill</LastName>
<PI_MID_INIT>D</PI_MID_INIT>
<PI_SUFX_NAME/>
<PI_FULL_NAME>Justin D Tickhill</PI_FULL_NAME>
<EmailAddress><![CDATA[jtickhill@ncstatecollege.edu]]></EmailAddress>
<NSF_ID>000745867</NSF_ID>
<StartDate>04/05/2018</StartDate>
<EndDate/>
<RoleCode>Principal Investigator</RoleCode>
</Investigator>
<Institution>
<Name><![CDATA[North Central State College]]></Name>
<CityName>MANSFIELD</CityName>
<ZipCode>449061546</ZipCode>
<PhoneNumber>4197555660</PhoneNumber>
<StreetAddress><![CDATA[2441 KENWOOD CIR]]></StreetAddress>
<StreetAddress2/>
<CountryName>United States</CountryName>
<StateName>Ohio</StateName>
<StateCode>OH</StateCode>
<CONGRESSDISTRICT>04</CONGRESSDISTRICT>
<CONGRESS_DISTRICT_ORG>OH04</CONGRESS_DISTRICT_ORG>
<ORG_UEI_NUM>XHJJA947VMA4</ORG_UEI_NUM>
<ORG_LGL_BUS_NAME>NORTH CENTRAL STATE COLLEGE</ORG_LGL_BUS_NAME>
<ORG_PRNT_UEI_NUM>XHJJA947VMA4</ORG_PRNT_UEI_NUM>
</Institution>
<Performance_Institution>
<Name><![CDATA[North Central State College]]></Name>
<CityName/>
<StateCode>OH</StateCode>
<ZipCode>449061546</ZipCode>
<StreetAddress/>
<CountryCode>US</CountryCode>
<CountryName>United States</CountryName>
<StateName>Ohio</StateName>
<CountryFlag>1</CountryFlag>
<CONGRESSDISTRICT>04</CONGRESSDISTRICT>
<CONGRESS_DISTRICT_PERF>OH04</CONGRESS_DISTRICT_PERF>
</Performance_Institution>
<ProgramElement>
<Code>7412</Code>
<Text>Advanced Tech Education Prog</Text>
</ProgramElement>
<ProgramReference>
<Code>1032</Code>
<Text>ADVANCED TECHNOLOGY EDUCATION</Text>
</ProgramReference>
<ProgramReference>
<Code>9178</Code>
<Text>UNDERGRADUATE EDUCATION</Text>
</ProgramReference>
<ProgramReference>
<Code>SMET</Code>
<Text>SCIENCE, MATH, ENG &amp; TECH EDUCATION</Text>
</ProgramReference>
<Appropriation>
<Code>0418</Code>
<Name>NSF Education &amp; Human Resource</Name>
<APP_SYMB_ID>040106</APP_SYMB_ID>
</Appropriation>
<Fund>
<Code>04001819DB</Code>
<Name><![CDATA[NSF Education & Human Resource]]></Name>
<FUND_SYMB_ID>040106</FUND_SYMB_ID>
</Fund>
<FUND_OBLG>2018~222833</FUND_OBLG>
<POR>
<DRECONTENT><![CDATA[<div class="porColContainerWBG"> <div class="porContentCol"><p>The Bioscience Technician Expansion Project was designed to assist the local workforce in filling a critical technician shortage in the Biotechnology field. The North Central Ohio service area is seeing an increased demand in Associate Degree level jobs. This grant was designed to provide a distance learning option for students, allowing them to complete the degree while beginning employment in the field.</p> <p>The project set out to design distance course materials to facilitate a degree program that is time intensive.&nbsp; The original plan was to have the lecture materials posted and due on a one night per week schedule and have that night coincide with the in-person lab activities, this would allow students to focus on a "One Course, One Night" hybrid model. By providing a new delivery system for the courses, the Principal Investigator (PI) and Co-Principal Investigator (Co-PI) were looking to allow students options in degree completion. This model would allow students to piece out the degree courses if needed, continuing through the degree program at either the traditional two-year pace or spaced out based on their individual needs.</p> <p>The grant provided a focal point for our college during the COVID-19 pandemic by having a distance learning plan in place. The PI and Co-PI had been gaining experience at delivering distance learning via the project. This provided the college with faculty experts that could be leveraged outside of their particular program of study. This expertise supported the conversion of 61 unique courses and 28 faculty members, benefiting more than 2000 students. With these changes, the college has been able to switch to a mostly Hybrid course structure for the majority of these classes going forward.</p> <p>To provide a benefit on a national level, the course outlines are available via the learning management system, Canvas on their course commons pages. These courses include outlines on how to best utilize the course outlines and rational on why these decisions were made. The courses available include Biology I (BIOL 1230), Biology II (BIOL 1231), Introduction to Bioscience Lab Techniques (BIOS 1010), Environmental Science (BIOS 1030), Introduction to Agricultural Science (BIOS 2440) and Histology (BIOS 1210). Due to the disruptive innovation provided by the global pandemic, we were also able to convert and provide shells for the complete Bioscience degree. These additional courses that were not within the original grant outline are Advanced Bioscience Lab Techniques (BIOS 2410), Genetics (BIOS 2530), Pharmacology / Toxicology Bioscience (BIOS 2550) and the Bioscience Practicum course (BIOS 2590).</p> <p>A major benefit of the grant was to place the PI and Co-PI in situations that increased the collaborative footprint of the college. Through these efforts the grant team was able to grow associations with Charles River Laboratories, InnovATE BIO, BioOhio (now rebranded as Ohio Life Sciences), local career centers and many local high schools, ultimately adding to workforce and degree program sustainability. Additionally, connections made during the grant tenure allowed North Central State College to be a leader in the Ohio Association of Community Colleges (OACC) initiative for the Intel Semiconductor grant.</p> <p>In addition, new collaborations were developed with several water and wastewater associations, such as the Ohio EPA, Operator Training Committee of Ohio (OTCO) and American Water Works Association (AWWA) to design and implement a water technology certificate that is housed within the Bioscience program. The knowledge and skills developed through the grant facilitated the design and approval of the certificate curriculum which utilized the same hybrid modality established by the grant. The certificate is working to address the growing workforce needs of the water and wastewater sectors in biotechnology.</p> <p>Additional opportunities for outreach were made possible by the grant funding. With the support of grant dollars, the Science Department was able to promote the Bioscience degree via the Mansfield Family Festival prior to and directly after the COVID-19 pandemic to reach thousands of local children and parents. The grant was also able to support STEAM initiatives in schools, providing funding for STEAM summer camps at a local elementary school, Discovery School in Mansfield, Ohio.</p> <p>The project can be measured as a success due to the support for distance learning, acting as a working model for Biotechnology Associate Degree programs and initiative that build the local biotechnology workforce now and in the future.</p><br> <p>            Last Modified: 12/20/2022<br>      Modified by: Justin&nbsp;D&nbsp;Tickhill</p> </div> <div class="porSideCol"> <div class="each-gallery"> <div class="galContent" id="gallery0"> <div class="photoCount" id="photoCount0">          Images (<span id="selectedPhoto0">1</span> of <span class="totalNumber"></span>)           </div> <div class="galControls" id="controls0"></div> <div class="galSlideshow" id="slideshow0"></div> <div class="galEmbox" id="embox"> <div class="image-title"></div> </div> </div> <div class="galNavigation" id="navigation0"> <ul class="thumbs" id="thumbs0"> <li> <a href="/por/images/Reports/POR/2022/1800850/1800850_10537695_1671544986995_Mansfield_Children's_Festival_2019--rgov-214x142.jpg" original="/por/images/Reports/POR/2022/1800850/1800850_10537695_1671544986995_Mansfield_Children's_Festival_2019--rgov-800width.jpg" title="Mansfield Family Festival 2019"><img src="/por/images/Reports/POR/2022/1800850/1800850_10537695_1671544986995_Mansfield_Children's_Festival_2019--rgov-66x44.jpg" alt="Mansfield Family Festival 2019"></a> <div class="imageCaptionContainer"> <div class="imageCaption">A young scientist examining results.</div> <div class="imageCredit">North Central State College</div> <div class="imagePermisssions">Copyright owner is an institution with an existing agreement allowing use by NSF</div> <div class="imageSubmitted">Justin&nbsp;D&nbsp;Tickhill</div> <div class="imageTitle">Mansfield Family Festival 2019</div> </div> </li> <li> <a href="/por/images/Reports/POR/2022/1800850/1800850_10537695_1671545137490_Benchwork_Masked(2)--rgov-214x142.jpg" original="/por/images/Reports/POR/2022/1800850/1800850_10537695_1671545137490_Benchwork_Masked(2)--rgov-800width.jpg" title="Benchwork_Masked (2)"><img src="/por/images/Reports/POR/2022/1800850/1800850_10537695_1671545137490_Benchwork_Masked(2)--rgov-66x44.jpg" alt="Benchwork_Masked (2)"></a> <div class="imageCaptionContainer"> <div class="imageCaption">A students performing experiments in a distanced lab setting.</div> <div class="imageCredit">North Central State College</div> <div class="imagePermisssions">Copyright owner is an institution with an existing agreement allowing use by NSF</div> <div class="imageSubmitted">Justin&nbsp;D&nbsp;Tickhill</div> <div class="imageTitle">Benchwork_Masked (2)</div> </div> </li> <li> <a href="/por/images/Reports/POR/2022/1800850/1800850_10537695_1671545368623_Lab_work_no_mask(2)--rgov-214x142.jpg" original="/por/images/Reports/POR/2022/1800850/1800850_10537695_1671545368623_Lab_work_no_mask(2)--rgov-800width.jpg" title="Lab work no mask"><img src="/por/images/Reports/POR/2022/1800850/1800850_10537695_1671545368623_Lab_work_no_mask(2)--rgov-66x44.jpg" alt="Lab work no mask"></a> <div class="imageCaptionContainer"> <div class="imageCaption">Students performing experiments in a normal lab setting.</div> <div class="imageCredit">North Central State College</div> <div class="imagePermisssions">Copyright owner is an institution with an existing agreement allowing use by NSF</div> <div class="imageSubmitted">Justin&nbsp;D&nbsp;Tickhill</div> <div class="imageTitle">Lab work no mask</div> </div> </li> <li> <a href="/por/images/Reports/POR/2022/1800850/1800850_10537695_1671545527610_MansfieldFamilyFestivalBooth--rgov-214x142.jpg" original="/por/images/Reports/POR/2022/1800850/1800850_10537695_1671545527610_MansfieldFamilyFestivalBooth--rgov-800width.jpg" title="Mansfield Family Festival Booth"><img src="/por/images/Reports/POR/2022/1800850/1800850_10537695_1671545527610_MansfieldFamilyFestivalBooth--rgov-66x44.jpg" alt="Mansfield Family Festival Booth"></a> <div class="imageCaptionContainer"> <div class="imageCaption">The North Central State College Booth at the Mansfield Family Festival.</div> <div class="imageCredit">North Central State College</div> <div class="imagePermisssions">Copyright owner is an institution with an existing agreement allowing use by NSF</div> <div class="imageSubmitted">Justin&nbsp;D&nbsp;Tickhill</div> <div class="imageTitle">Mansfield Family Festival Booth</div> </div> </li> </ul> </div> </div> </div> </div>]]></DRECONTENT>
<POR_COPY_TXT><![CDATA[ The Bioscience Technician Expansion Project was designed to assist the local workforce in filling a critical technician shortage in the Biotechnology field. The North Central Ohio service area is seeing an increased demand in Associate Degree level jobs. This grant was designed to provide a distance learning option for students, allowing them to complete the degree while beginning employment in the field.  The project set out to design distance course materials to facilitate a degree program that is time intensive.  The original plan was to have the lecture materials posted and due on a one night per week schedule and have that night coincide with the in-person lab activities, this would allow students to focus on a "One Course, One Night" hybrid model. By providing a new delivery system for the courses, the Principal Investigator (PI) and Co-Principal Investigator (Co-PI) were looking to allow students options in degree completion. This model would allow students to piece out the degree courses if needed, continuing through the degree program at either the traditional two-year pace or spaced out based on their individual needs.  The grant provided a focal point for our college during the COVID-19 pandemic by having a distance learning plan in place. The PI and Co-PI had been gaining experience at delivering distance learning via the project. This provided the college with faculty experts that could be leveraged outside of their particular program of study. This expertise supported the conversion of 61 unique courses and 28 faculty members, benefiting more than 2000 students. With these changes, the college has been able to switch to a mostly Hybrid course structure for the majority of these classes going forward.  To provide a benefit on a national level, the course outlines are available via the learning management system, Canvas on their course commons pages. These courses include outlines on how to best utilize the course outlines and rational on why these decisions were made. The courses available include Biology I (BIOL 1230), Biology II (BIOL 1231), Introduction to Bioscience Lab Techniques (BIOS 1010), Environmental Science (BIOS 1030), Introduction to Agricultural Science (BIOS 2440) and Histology (BIOS 1210). Due to the disruptive innovation provided by the global pandemic, we were also able to convert and provide shells for the complete Bioscience degree. These additional courses that were not within the original grant outline are Advanced Bioscience Lab Techniques (BIOS 2410), Genetics (BIOS 2530), Pharmacology / Toxicology Bioscience (BIOS 2550) and the Bioscience Practicum course (BIOS 2590).  A major benefit of the grant was to place the PI and Co-PI in situations that increased the collaborative footprint of the college. Through these efforts the grant team was able to grow associations with Charles River Laboratories, InnovATE BIO, BioOhio (now rebranded as Ohio Life Sciences), local career centers and many local high schools, ultimately adding to workforce and degree program sustainability. Additionally, connections made during the grant tenure allowed North Central State College to be a leader in the Ohio Association of Community Colleges (OACC) initiative for the Intel Semiconductor grant.  In addition, new collaborations were developed with several water and wastewater associations, such as the Ohio EPA, Operator Training Committee of Ohio (OTCO) and American Water Works Association (AWWA) to design and implement a water technology certificate that is housed within the Bioscience program. The knowledge and skills developed through the grant facilitated the design and approval of the certificate curriculum which utilized the same hybrid modality established by the grant. The certificate is working to address the growing workforce needs of the water and wastewater sectors in biotechnology.  Additional opportunities for outreach were made possible by the grant funding. With the support of grant dollars, the Science Department was able to promote the Bioscience degree via the Mansfield Family Festival prior to and directly after the COVID-19 pandemic to reach thousands of local children and parents. The grant was also able to support STEAM initiatives in schools, providing funding for STEAM summer camps at a local elementary school, Discovery School in Mansfield, Ohio.  The project can be measured as a success due to the support for distance learning, acting as a working model for Biotechnology Associate Degree programs and initiative that build the local biotechnology workforce now and in the future.       Last Modified: 12/20/2022       Submitted by: Justin D Tickhill]]></POR_COPY_TXT>
</POR>
</Award>
</rootTag>
