<?xml version="1.0" encoding="UTF-8"?>
<rootTag>
<Award>
<AwardTitle><![CDATA[Statistical Mechanics of Soft Matter]]></AwardTitle>
<AGENCY>NSF</AGENCY>
<AwardEffectiveDate>07/01/2018</AwardEffectiveDate>
<AwardExpirationDate>06/30/2022</AwardExpirationDate>
<AwardTotalIntnAmount>450000.00</AwardTotalIntnAmount>
<AwardAmount>450000</AwardAmount>
<AwardInstrument>
<Value>Continuing Grant</Value>
</AwardInstrument>
<Organization>
<Code>03090000</Code>
<Directorate>
<Abbreviation>MPS</Abbreviation>
<LongName>Direct For Mathematical &amp; Physical Scien</LongName>
</Directorate>
<Division>
<Abbreviation>CHE</Abbreviation>
<LongName>Division Of Chemistry</LongName>
</Division>
</Organization>
<ProgramOfficer>
<SignBlockName>Michel Dupuis</SignBlockName>
<PO_EMAI>mdupuis@nsf.gov</PO_EMAI>
<PO_PHON>7032922919</PO_PHON>
</ProgramOfficer>
<AbstractNarration><![CDATA[Grzegorz Szamel of Colorado State University is supported by an award from the Chemical Theory, Models and Computational Methods program in the Chemistry division to study active matter. Active matter systems consist of objects that take in energy from their environment and use it to execute directed motion. Examples include bacteria and Janus colloidal particles, particles with two distinct sides with different properties. Janus particles can move due to a chemical reaction that is catalyzed on one of these sides.  Because active matter systems are constantly consuming and  dissipating energy, they are never in equilibrium.  They are driven internally, at the level of individual components. Active matter systems exhibit fascinating macroscopic structure and dynamics, for example spontaneous self-assembly or pattern formation.  The fundamental understanding of the relation between the activity and the macroscopic behavior may lead to practical applications, e.g. the design and assembly of new materials. Grzegorz Szamel and his group develop new methods to study how active matter systems flow and the role of fluctuations in these systems.  &lt;br/&gt;&lt;br/&gt;  &lt;br/&gt;The motivation for this research comes from the combination of the absence of a general theoretical framework to describe active matter, the increasing sophistication of experimental results in this area and the practical importance of active matter systems in chemical, biological and materials science settings. Szamel and his research group derive and test new methods to study the viscoelastic properties of athermal active fluids. Building on recent advances in out-of-equilibrium small thermal systems, they  are developing stochastic thermodynamics of small active matter systems.  Finally, they are studying the non-equilibrium features of active glassy fluids.  They are investigating effective temperatures, microscopic currents and entropy production rates in these systems. The long-term goal of this research is to develop a fundamental understanding of the properties of active matter.&lt;br/&gt;&lt;br/&gt;This award reflects NSF's statutory mission and has been deemed worthy of support through evaluation using the Foundation's intellectual merit and broader impacts review criteria.]]></AbstractNarration>
<MinAmdLetterDate>06/25/2018</MinAmdLetterDate>
<MaxAmdLetterDate>07/23/2019</MaxAmdLetterDate>
<ARRAAmount/>
<TRAN_TYPE>Grant</TRAN_TYPE>
<CFDA_NUM>47.049</CFDA_NUM>
<NSF_PAR_USE_FLAG>1</NSF_PAR_USE_FLAG>
<FUND_AGCY_CODE>4900</FUND_AGCY_CODE>
<AWDG_AGCY_CODE>4900</AWDG_AGCY_CODE>
<AwardID>1800282</AwardID>
<Investigator>
<FirstName>Grzegorz</FirstName>
<LastName>Szamel</LastName>
<PI_MID_INIT/>
<PI_SUFX_NAME/>
<PI_FULL_NAME>Grzegorz Szamel</PI_FULL_NAME>
<EmailAddress><![CDATA[grzegorz.szamel@colostate.edu]]></EmailAddress>
<NSF_ID>000297978</NSF_ID>
<StartDate>06/25/2018</StartDate>
<EndDate/>
<RoleCode>Principal Investigator</RoleCode>
</Investigator>
<Institution>
<Name><![CDATA[Colorado State University]]></Name>
<CityName>FORT COLLINS</CityName>
<ZipCode>805212807</ZipCode>
<PhoneNumber>9704916355</PhoneNumber>
<StreetAddress><![CDATA[601 S HOWES ST]]></StreetAddress>
<StreetAddress2/>
<CountryName>United States</CountryName>
<StateName>Colorado</StateName>
<StateCode>CO</StateCode>
<CONGRESSDISTRICT>02</CONGRESSDISTRICT>
<CONGRESS_DISTRICT_ORG>CO02</CONGRESS_DISTRICT_ORG>
<ORG_UEI_NUM>LT9CXX8L19G1</ORG_UEI_NUM>
<ORG_LGL_BUS_NAME>COLORADO STATE UNIVERSITY</ORG_LGL_BUS_NAME>
<ORG_PRNT_UEI_NUM/>
</Institution>
<Performance_Institution>
<Name><![CDATA[Colorado State University]]></Name>
<CityName>Fort Collins</CityName>
<StateCode>CO</StateCode>
<ZipCode>805214593</ZipCode>
<StreetAddress><![CDATA[200 W Lake St.]]></StreetAddress>
<CountryCode>US</CountryCode>
<CountryName>United States</CountryName>
<StateName>Colorado</StateName>
<CountryFlag>1</CountryFlag>
<CONGRESSDISTRICT>02</CONGRESSDISTRICT>
<CONGRESS_DISTRICT_PERF>CO02</CONGRESS_DISTRICT_PERF>
</Performance_Institution>
<ProgramElement>
<Code>6881</Code>
<Text>Chem Thry, Mdls &amp; Cmptnl Mthds</Text>
</ProgramElement>
<ProgramReference>
<Code>7237</Code>
<Text>NANO NON-SOLIC SCI &amp; ENG AWD</Text>
</ProgramReference>
<ProgramReference>
<Code>9263</Code>
<Text>COMPUTATIONAL SCIENCE &amp; ENGING</Text>
</ProgramReference>
<Appropriation>
<Code>0118</Code>
<Name>NSF RESEARCH &amp; RELATED ACTIVIT</Name>
<APP_SYMB_ID>040100</APP_SYMB_ID>
</Appropriation>
<Appropriation>
<Code>0119</Code>
<Name>NSF RESEARCH &amp; RELATED ACTIVIT</Name>
<APP_SYMB_ID>040100</APP_SYMB_ID>
</Appropriation>
<Fund>
<Code>01001819DB</Code>
<Name><![CDATA[NSF RESEARCH & RELATED ACTIVIT]]></Name>
<FUND_SYMB_ID>040100</FUND_SYMB_ID>
</Fund>
<Fund>
<Code>01001920DB</Code>
<Name><![CDATA[NSF RESEARCH & RELATED ACTIVIT]]></Name>
<FUND_SYMB_ID>040100</FUND_SYMB_ID>
</Fund>
<FUND_OBLG>2018~304999</FUND_OBLG>
<FUND_OBLG>2019~145001</FUND_OBLG>
<POR>
<DRECONTENT><![CDATA[<div class="porColContainerWBG"> <div class="porContentCol"><p>The research supported by this award focused on the structure and dynamics of active matter systems and extensions of elements of stochastic thermodynamics to active matter. In addition, previously started projects concerned with glassy dynamics of both equilibrium and active systems were completed. Professor Szamel and Dr. Flenner investigated equal-time correlations between velocities of different, spatially distant, active particles, which exist only due to the non-equilibrium character of active matter. They showed the ubiquity of these correlations and developed an approximate microscopic theory that accounts for their main features. Professor Szamel proposed an extension of stochastic thermodynamics to active matter systems that utilizes an analogy between these systems and systems with non-reciprocal interactions. He then used this analogy to propose and numerically test a simple single active particle engine that can perform useful work while staying at the same temperature. Professor Szamel and Dr. Flenner tested the notion that entropy production can be used to quantify the departure from equilibrium and, quite surprisingly, showed that the entropy production can decrease with increasing departure from equilibrium. Dr. Shakerpoor, Dr. Flenner and Prof. Szamel showed that the effective temperature defined through the Einstein relation, i.e. the ratio of the self-diffusion and tagged particle mobility coefficients, determines the tagged particle density. Dr. Flenner and Prof. Szamel, in a collaboration with Dr. Berthier from Universite de Montpellier, France, completed a review of active glassy dynamics. Finally, Dr. Flenner and Prof. Szamel, partially in collaborations with other researchers, completed projects concerned with the additional low-frequency harmonic modes found in thermal glassy materials, sound attenuation in low-temperature amorphous solids and the theory of the glass transition in large spatial dimensions.&nbsp; &nbsp;</p> <p><br />Students, postdocs and staff scientists participating in this project learned theoretical and computational methods of non-equilibrium statistical mechanics. They became familiar with applications of these methods to systems and phenomena relevant to physical chemistry and materials science.</p><br> <p>            Last Modified: 11/03/2022<br>      Modified by: Grzegorz&nbsp;Szamel</p> </div> <div class="porSideCol"></div> </div>]]></DRECONTENT>
<POR_COPY_TXT><![CDATA[ The research supported by this award focused on the structure and dynamics of active matter systems and extensions of elements of stochastic thermodynamics to active matter. In addition, previously started projects concerned with glassy dynamics of both equilibrium and active systems were completed. Professor Szamel and Dr. Flenner investigated equal-time correlations between velocities of different, spatially distant, active particles, which exist only due to the non-equilibrium character of active matter. They showed the ubiquity of these correlations and developed an approximate microscopic theory that accounts for their main features. Professor Szamel proposed an extension of stochastic thermodynamics to active matter systems that utilizes an analogy between these systems and systems with non-reciprocal interactions. He then used this analogy to propose and numerically test a simple single active particle engine that can perform useful work while staying at the same temperature. Professor Szamel and Dr. Flenner tested the notion that entropy production can be used to quantify the departure from equilibrium and, quite surprisingly, showed that the entropy production can decrease with increasing departure from equilibrium. Dr. Shakerpoor, Dr. Flenner and Prof. Szamel showed that the effective temperature defined through the Einstein relation, i.e. the ratio of the self-diffusion and tagged particle mobility coefficients, determines the tagged particle density. Dr. Flenner and Prof. Szamel, in a collaboration with Dr. Berthier from Universite de Montpellier, France, completed a review of active glassy dynamics. Finally, Dr. Flenner and Prof. Szamel, partially in collaborations with other researchers, completed projects concerned with the additional low-frequency harmonic modes found in thermal glassy materials, sound attenuation in low-temperature amorphous solids and the theory of the glass transition in large spatial dimensions.      Students, postdocs and staff scientists participating in this project learned theoretical and computational methods of non-equilibrium statistical mechanics. They became familiar with applications of these methods to systems and phenomena relevant to physical chemistry and materials science.       Last Modified: 11/03/2022       Submitted by: Grzegorz Szamel]]></POR_COPY_TXT>
</POR>
</Award>
</rootTag>
