<?xml version="1.0" encoding="UTF-8"?>
<rootTag>
<Award>
<AwardTitle><![CDATA[Collaboration Of Midwest Professionals for Logistics Engineering Technology Education Project]]></AwardTitle>
<AGENCY>NSF</AGENCY>
<AwardEffectiveDate>10/01/2018</AwardEffectiveDate>
<AwardExpirationDate>09/30/2022</AwardExpirationDate>
<AwardTotalIntnAmount>152000.00</AwardTotalIntnAmount>
<AwardAmount>152000</AwardAmount>
<AwardInstrument>
<Value>Standard Grant</Value>
</AwardInstrument>
<Organization>
<Code>11040100</Code>
<Directorate>
<Abbreviation>EDU</Abbreviation>
<LongName>Directorate for STEM Education</LongName>
</Directorate>
<Division>
<Abbreviation>DUE</Abbreviation>
<LongName>Division Of Undergraduate Education</LongName>
</Division>
</Organization>
<ProgramOfficer>
<SignBlockName>John Jackman</SignBlockName>
<PO_EMAI/>
<PO_PHON/>
</ProgramOfficer>
<AbstractNarration><![CDATA[The supply chain, or logistics, industry continues to grow in the Midwest region of the United States. Jobs in this industry are also becoming more dependent on technologies such as predictive analytics, artificial intelligence, and robotics. Nearly 15,000 transportation and warehousing businesses are located across the cities of Columbus, Ohio; Dayton, Ohio; and Chicago, Illinois. The ongoing growth helps support and strengthen the logistics industry in this regional economy. As a result, there is an increasing need for logistics engineering technicians in the region. In this project, a grouping of community colleges who are leaders in the logistics field in this Midwest region will be formed. The project will be led by Columbus State Community College, Oakton Community College, and Sinclair Community College. It will seek to build career pathways in logistics engineering technology for students, encourage more students to complete degrees in this field, develop faculty experience on the latest technologies, and improve the technical skills of graduates. The goal will be to provide highly-skilled logistics engineering technicians to support the regional and national needs of the supply chain sector. &lt;br/&gt;&lt;br/&gt;The project will aim to improve technician education to support the increasingly complex technology needs of the supply chain sector while connecting graduates to employment opportunities in a variety of logistics industries. This project will work with employers, industry experts, and colleges to establish an innovation network. The network of partners will identify and create educational resources for emerging skills and technologies within the sector. The existing logistics curriculum at Columbus State Community College combines technology applications with engineering systems and integrates them with supply chain operations. This curriculum will be enhanced to integrate new topics in data-driven analytics and networking systems. The adapted curriculum will also be implemented and tested at the partnering institutions. The network infrastructure will inform and regularly evaluate efforts in curriculum and career pathway development; in providing professional development material and trainings for high school and college faculty; and on the use of prior learning assessments for adult and returning learners, particularly veterans and recent graduates in need of new skills for the ever-changing logistics job market. Results will be widely disseminated through an interactive project website, through publications, and at regional and national conferences.&lt;br/&gt;&lt;br/&gt;This award reflects NSF's statutory mission and has been deemed worthy of support through evaluation using the Foundation's intellectual merit and broader impacts review criteria.]]></AbstractNarration>
<MinAmdLetterDate>08/14/2018</MinAmdLetterDate>
<MaxAmdLetterDate>08/14/2018</MaxAmdLetterDate>
<ARRAAmount/>
<TRAN_TYPE>Grant</TRAN_TYPE>
<CFDA_NUM>47.076</CFDA_NUM>
<NSF_PAR_USE_FLAG>1</NSF_PAR_USE_FLAG>
<FUND_AGCY_CODE>4900</FUND_AGCY_CODE>
<AWDG_AGCY_CODE>4900</AWDG_AGCY_CODE>
<AwardID>1800182</AwardID>
<Investigator>
<FirstName>Ned</FirstName>
<LastName>Young</LastName>
<PI_MID_INIT>D</PI_MID_INIT>
<PI_SUFX_NAME/>
<PI_FULL_NAME>Ned D Young</PI_FULL_NAME>
<EmailAddress><![CDATA[ned.young@sinclair.edu]]></EmailAddress>
<NSF_ID>000892541</NSF_ID>
<StartDate>08/14/2018</StartDate>
<EndDate/>
<RoleCode>Principal Investigator</RoleCode>
</Investigator>
<Institution>
<Name>Sinclair Community College</Name>
<CityName>DAYTON</CityName>
<ZipCode>454021421</ZipCode>
<PhoneNumber>9375124573</PhoneNumber>
<StreetAddress>444 W 3RD ST</StreetAddress>
<StreetAddress2/>
<CountryName>United States</CountryName>
<StateName>Ohio</StateName>
<StateCode>OH</StateCode>
<CONGRESSDISTRICT>10</CONGRESSDISTRICT>
<CONGRESS_DISTRICT_ORG>OH10</CONGRESS_DISTRICT_ORG>
<ORG_UEI_NUM>JKB8Q2AGCDD4</ORG_UEI_NUM>
<ORG_LGL_BUS_NAME>SINCLAIR COMMUNITY COLLEGE</ORG_LGL_BUS_NAME>
<ORG_PRNT_UEI_NUM>JKB8Q2AGCDD4</ORG_PRNT_UEI_NUM>
</Institution>
<Performance_Institution>
<Name><![CDATA[Sinclair Community College]]></Name>
<CityName/>
<StateCode>OH</StateCode>
<ZipCode>454021460</ZipCode>
<StreetAddress/>
<CountryCode>US</CountryCode>
<CountryName>United States</CountryName>
<StateName>Ohio</StateName>
<CountryFlag>1</CountryFlag>
<CONGRESSDISTRICT>10</CONGRESSDISTRICT>
<CONGRESS_DISTRICT_PERF>OH10</CONGRESS_DISTRICT_PERF>
</Performance_Institution>
<ProgramElement>
<Code>7412</Code>
<Text>Advanced Tech Education Prog</Text>
</ProgramElement>
<ProgramReference>
<Code>1032</Code>
<Text>ADVANCED TECHNOLOGY EDUCATION</Text>
</ProgramReference>
<ProgramReference>
<Code>9178</Code>
<Text>UNDERGRADUATE EDUCATION</Text>
</ProgramReference>
<ProgramReference>
<Code>SMET</Code>
<Text>SCIENCE, MATH, ENG &amp; TECH EDUCATION</Text>
</ProgramReference>
<Appropriation>
<Code>0418</Code>
<Name>NSF Education &amp; Human Resource</Name>
<APP_SYMB_ID>040106</APP_SYMB_ID>
</Appropriation>
<Fund>
<Code>04001819DB</Code>
<Name><![CDATA[NSF Education & Human Resource]]></Name>
<FUND_SYMB_ID>040106</FUND_SYMB_ID>
</Fund>
<FUND_OBLG>2018~152000</FUND_OBLG>
<POR>
<DRECONTENT><![CDATA[<div class="porColContainerWBG"> <div class="porContentCol"><p>Columbus State Community College in Columbus, OH was awarded funding from the National Science Foundation in October 2018 to work with Oakton Community College in Des Plaines, IL and Sinclair Community College of Dayton, OH to expand pathways for next-generation logistics engineering technicians with the knowledge and skills to meet the increasingly complex technology needs of the supply chain sector. In addition to this consortium, the Collaboration of Midwest Professionals for Logistics Engineering Technology Education (COMPLETE) Project included input from several industry representatives across the Midwest and outreach to regional high school partners.</p> <p>The COMPLETE project has integrated technology applications with engineering systems and how these technologies are integrated into supply chain operations including warehousing, transportation, and procurement operations. The project sought to achieve its outcome of developing more technicians with the knowledge and skills needed by the supply chain sector through the following four objectives.</p> <p>To expand on current logistics engineering technology curricula and establish a replication framework.</p> <p>To develop an innovation network that focuses on LET emerging technologies in logistics.</p> <p>To lead a professional development initiative for high school and college faculty about LET programming and careers.</p> <p>To create a best practices protocol for returning learner outreach and use of prior learning assessment.</p> <p>The Amatrol Skill Boss Trainer has been incorporated in some way into the curricular changes at each institution.&nbsp; &nbsp;This system was designed to teach and assess 100 hands-on skills that technicians need in supply chain automation, including equipment maintenance and equipment repair to help students earn the Manufacturing Skill Standard Council's Certified Technician - Supply Chain Automation certifications.&nbsp;</p> <p>Columbus State incorporated knowledge and skills related to Enterprise Resource Planning (ERP) into their curriculum. The goal of ERP is the efficient integration and management of core business processes with an integrated system. The project team updated the existing course, Information Technology in Logistics, with a focus on ERP systems and functionality which will provide logistics engineering technology students with knowledge and skills that are more in-line with the work they will be performing in their roles.</p> <p>&nbsp;Oakton purchased Programmable Logic Control trainers for teaching and troubleshooting Allen Bradley microprocessors. The trainers are being used in a new Motors and Control course as well as the existing Programmable Logic Controls course. Oakton also made curricular changes to better ensure that students are gaining the in-demand data analytics knowledge and skills by including a new course in Oakton's Computer Information Systems program on Data Visualization.</p> <p>&nbsp;Sinclair developed a new AAS degree titled Internet of Things Cyber Technician (IoTCT). The degree provides students with a strong background in the basic concepts and in-depth study of advanced topics which will prepare graduates with the skills necessary to enter careers in installation, operation, application, maintenance, and repair of existing computer systems and associated networks. The hands-on learning will provide students with opportunities to put the Internet-of-Things and Industrial Internet-of-Things technologies and programming concepts into practice.&nbsp;&nbsp;</p> <p>&nbsp;Project team members from Columbus State and The Ohio State Community College's Fisher College of Business worked together to create O-SCAN, a professional network that is facilitating the collaboration and sharing of ideas between industry and higher education to promote the value of supply chain education and to advance the field by integrating emerging technologies in the logistics industry into academic curricula. Members agreed upon the establishment of four workgroups (Executive, Curriculum, Partnerships, Workforce), each with its own goals and comprised of members from both education and industry.&nbsp; &nbsp;</p> <p>&nbsp;Over the course of the project, Oakton hosted professional development workshops for high school and college faculty to provide community college and high school educators with industry-endorsed content and resources that they can incorporate into their courses. Workshop topics included an introduction to the Tableau data management software that helps students learn how to visualize and tell a story about the data and the SCM Globe simulator which provides animated map-based simulations to teach principles of supply chain management and distribution. Participants were also provided with the content they could use to teach an introduction to Radio Frequency Identification as well as the Emaint computerized maintenance management software which can centralize maintenance information, facilitate processes, and automate tasks to improve efficiency.&nbsp;</p> <p>Sinclair developed processes for Prior Learning Assessment (PLA) including the Process for Proficiency Exams and the Process for Articulated Credit to help both students and faculty better understand the steps necessary to attain PLA credit. The Military Transfer Assurance Guides (MTAG) have also been updated to show Sinclair course alignments with Current Ohio Statewide Course/Program Equivalency Guarantees which will ensure that students entering Sinclair with military experience/education can participate in statewide course equivalencies. Although specific to the state of Ohio, many other states have a similar program, Sinclair's use of the MTAG can provide a model for those processes.&nbsp;&nbsp;</p><br> <p>            Last Modified: 12/16/2022<br>      Modified by: Ned&nbsp;D&nbsp;Young</p> </div> <div class="porSideCol"></div> </div>]]></DRECONTENT>
<POR_COPY_TXT><![CDATA[ Columbus State Community College in Columbus, OH was awarded funding from the National Science Foundation in October 2018 to work with Oakton Community College in Des Plaines, IL and Sinclair Community College of Dayton, OH to expand pathways for next-generation logistics engineering technicians with the knowledge and skills to meet the increasingly complex technology needs of the supply chain sector. In addition to this consortium, the Collaboration of Midwest Professionals for Logistics Engineering Technology Education (COMPLETE) Project included input from several industry representatives across the Midwest and outreach to regional high school partners.  The COMPLETE project has integrated technology applications with engineering systems and how these technologies are integrated into supply chain operations including warehousing, transportation, and procurement operations. The project sought to achieve its outcome of developing more technicians with the knowledge and skills needed by the supply chain sector through the following four objectives.  To expand on current logistics engineering technology curricula and establish a replication framework.  To develop an innovation network that focuses on LET emerging technologies in logistics.  To lead a professional development initiative for high school and college faculty about LET programming and careers.  To create a best practices protocol for returning learner outreach and use of prior learning assessment.  The Amatrol Skill Boss Trainer has been incorporated in some way into the curricular changes at each institution.   This system was designed to teach and assess 100 hands-on skills that technicians need in supply chain automation, including equipment maintenance and equipment repair to help students earn the Manufacturing Skill Standard Council's Certified Technician - Supply Chain Automation certifications.   Columbus State incorporated knowledge and skills related to Enterprise Resource Planning (ERP) into their curriculum. The goal of ERP is the efficient integration and management of core business processes with an integrated system. The project team updated the existing course, Information Technology in Logistics, with a focus on ERP systems and functionality which will provide logistics engineering technology students with knowledge and skills that are more in-line with the work they will be performing in their roles.   Oakton purchased Programmable Logic Control trainers for teaching and troubleshooting Allen Bradley microprocessors. The trainers are being used in a new Motors and Control course as well as the existing Programmable Logic Controls course. Oakton also made curricular changes to better ensure that students are gaining the in-demand data analytics knowledge and skills by including a new course in Oakton's Computer Information Systems program on Data Visualization.   Sinclair developed a new AAS degree titled Internet of Things Cyber Technician (IoTCT). The degree provides students with a strong background in the basic concepts and in-depth study of advanced topics which will prepare graduates with the skills necessary to enter careers in installation, operation, application, maintenance, and repair of existing computer systems and associated networks. The hands-on learning will provide students with opportunities to put the Internet-of-Things and Industrial Internet-of-Things technologies and programming concepts into practice.     Project team members from Columbus State and The Ohio State Community College's Fisher College of Business worked together to create O-SCAN, a professional network that is facilitating the collaboration and sharing of ideas between industry and higher education to promote the value of supply chain education and to advance the field by integrating emerging technologies in the logistics industry into academic curricula. Members agreed upon the establishment of four workgroups (Executive, Curriculum, Partnerships, Workforce), each with its own goals and comprised of members from both education and industry.      Over the course of the project, Oakton hosted professional development workshops for high school and college faculty to provide community college and high school educators with industry-endorsed content and resources that they can incorporate into their courses. Workshop topics included an introduction to the Tableau data management software that helps students learn how to visualize and tell a story about the data and the SCM Globe simulator which provides animated map-based simulations to teach principles of supply chain management and distribution. Participants were also provided with the content they could use to teach an introduction to Radio Frequency Identification as well as the Emaint computerized maintenance management software which can centralize maintenance information, facilitate processes, and automate tasks to improve efficiency.   Sinclair developed processes for Prior Learning Assessment (PLA) including the Process for Proficiency Exams and the Process for Articulated Credit to help both students and faculty better understand the steps necessary to attain PLA credit. The Military Transfer Assurance Guides (MTAG) have also been updated to show Sinclair course alignments with Current Ohio Statewide Course/Program Equivalency Guarantees which will ensure that students entering Sinclair with military experience/education can participate in statewide course equivalencies. Although specific to the state of Ohio, many other states have a similar program, Sinclair's use of the MTAG can provide a model for those processes.         Last Modified: 12/16/2022       Submitted by: Ned D Young]]></POR_COPY_TXT>
</POR>
</Award>
</rootTag>
