<?xml version="1.0" encoding="UTF-8"?>
<rootTag>
<Award>
<AwardTitle><![CDATA[Molybdenum-Promoted Dearomatization Reactions]]></AwardTitle>
<AGENCY>NSF</AGENCY>
<AwardEffectiveDate>07/01/2018</AwardEffectiveDate>
<AwardExpirationDate>06/30/2021</AwardExpirationDate>
<AwardTotalIntnAmount>512240.00</AwardTotalIntnAmount>
<AwardAmount>512240</AwardAmount>
<AwardInstrument>
<Value>Standard Grant</Value>
</AwardInstrument>
<Organization>
<Code>03090000</Code>
<Directorate>
<Abbreviation>MPS</Abbreviation>
<LongName>Direct For Mathematical &amp; Physical Scien</LongName>
</Directorate>
<Division>
<Abbreviation>CHE</Abbreviation>
<LongName>Division Of Chemistry</LongName>
</Division>
</Organization>
<ProgramOfficer>
<SignBlockName>Jin Cha</SignBlockName>
<PO_EMAI/>
<PO_PHON/>
</ProgramOfficer>
<AbstractNarration><![CDATA[The Chemical Synthesis Program of the Chemistry Division supports the project by Professor W. Dean Harman. Professor Harman is a faculty member and current chair in the Department of Chemistry at the University of Virginia.  He is developing new methods for the preparation of novel chemical compounds that have the potential to serve as lead compounds for pharmaceutical development.  His unique approach exploits the unusual chemical properties that arise when an aromatic ring is complexed to a metal. These unusual chemical properties lead to new chemical reactions that convert the originally flat aromatic ring into a significantly more complex molecule. The presence of the metal allows for introduction of the complexity in a controlled fashion. The invention of the new methods allows for completely new approaches to the synthesis of a variety of interesting and potentially useful molecules. While not part of this proposal. The project lies at the interface of organic, inorganic, and medicinal chemistry. Students work in a fully interdisciplinary research environment on a wide range of problems and become integrated into the scientific community through attendance and presentations at professional meetings, participation in writing peer-reviewed manuscripts, participating in the proposal-writing process, and meeting other scientists.  Thus, it is well suited for the education of scientists at all levels.  Professor Harman's group is also well positioned to provide the highest level of education and training for students underrepresented in science.  Outreach activities involving K-12 students will also be part of the funded project.  Finally, collaborations with professors from undergraduate institutions allow these professors greater exposure to current research methods, and expose their students to major research programs. &lt;br/&gt;&lt;br/&gt;The goal of this work is the development of new methods for the syntheses of novel molecular substances from aromatic molecules. This is being accomplished by leveraging the unique chemical properties of an aromatic molecule that result from its dihapto-coordination to a transition metal. Such action modifies the chemical reactivity of the aromatic substrate, allowing its elaboration into novel organic compounds. Significantly, these dearomatization reactions are leading to new molecules with considerable stereochemical complexity that are well suited for biological evaluation. Previously, heavy metal dearomatization agents derived from osmium, rhenium, and tungsten have been investigated, exploiting their powerful pi-donating abilities. In this work, the PI is exploring the feasibility and practicality of a dihapto-coordinate dearomatization methodology based on a second-row metal. Fundamental chemical features of molybdenum-based aromatic complexes are being investigated and compared to the analogous heavy metal systems. Differences in bond energies, oxidation state stabilities, pi-interactions, tolerance of chemical reagents, cost, and recyclability are ultimately leading to new synthetic opportunities that complement those provided by the heavy metal based systems.  The molecular frameworks that are formed through these studies are providing novel architectures that ultimately will be valuable in the development of new biologically active materials. In many cases there are simply no other means for easily obtaining these compounds. Other broader impacts of this work are related to the professional training of graduate and undergraduate students in the areas of Organic, Inorganic, and Organometallic Chemistry. In addition, graduate students develop their mentoring skills by training and collaborating with undergraduate students.&lt;br/&gt;&lt;br/&gt;This award reflects NSF's statutory mission and has been deemed worthy of support through evaluation using the Foundation's intellectual merit and broader impacts review criteria.]]></AbstractNarration>
<MinAmdLetterDate>04/13/2018</MinAmdLetterDate>
<MaxAmdLetterDate>04/13/2018</MaxAmdLetterDate>
<ARRAAmount/>
<TRAN_TYPE>Grant</TRAN_TYPE>
<CFDA_NUM>47.049</CFDA_NUM>
<NSF_PAR_USE_FLAG>1</NSF_PAR_USE_FLAG>
<FUND_AGCY_CODE>4900</FUND_AGCY_CODE>
<AWDG_AGCY_CODE>4900</AWDG_AGCY_CODE>
<AwardID>1800051</AwardID>
<Investigator>
<FirstName>Walter</FirstName>
<LastName>Harman</LastName>
<PI_MID_INIT>D</PI_MID_INIT>
<PI_SUFX_NAME/>
<PI_FULL_NAME>Walter D Harman</PI_FULL_NAME>
<EmailAddress><![CDATA[wdh5z@virginia.edu]]></EmailAddress>
<NSF_ID>000445050</NSF_ID>
<StartDate>04/13/2018</StartDate>
<EndDate/>
<RoleCode>Principal Investigator</RoleCode>
</Investigator>
<Institution>
<Name>University of Virginia Main Campus</Name>
<CityName>CHARLOTTESVILLE</CityName>
<ZipCode>229034833</ZipCode>
<PhoneNumber>4349244270</PhoneNumber>
<StreetAddress>1001 EMMET ST N</StreetAddress>
<StreetAddress2/>
<CountryName>United States</CountryName>
<StateName>Virginia</StateName>
<StateCode>VA</StateCode>
<CONGRESSDISTRICT>05</CONGRESSDISTRICT>
<CONGRESS_DISTRICT_ORG>VA05</CONGRESS_DISTRICT_ORG>
<ORG_UEI_NUM>JJG6HU8PA4S5</ORG_UEI_NUM>
<ORG_LGL_BUS_NAME>RECTOR &amp; VISITORS OF THE UNIVERSITY OF VIRGINIA</ORG_LGL_BUS_NAME>
<ORG_PRNT_UEI_NUM/>
</Institution>
<Performance_Institution>
<Name><![CDATA[University of Virginia Main Campus]]></Name>
<CityName>Charlottesville</CityName>
<StateCode>VA</StateCode>
<ZipCode>229044319</ZipCode>
<StreetAddress><![CDATA[409 McCormick Road]]></StreetAddress>
<CountryCode>US</CountryCode>
<CountryName>United States</CountryName>
<StateName>Virginia</StateName>
<CountryFlag>1</CountryFlag>
<CONGRESSDISTRICT>05</CONGRESSDISTRICT>
<CONGRESS_DISTRICT_PERF>VA05</CONGRESS_DISTRICT_PERF>
</Performance_Institution>
<ProgramElement>
<Code>6878</Code>
<Text>Chemical Synthesis</Text>
</ProgramElement>
<ProgramReference>
<Code>8037</Code>
<Text>Advanced Manufacturing</Text>
</ProgramReference>
<ProgramReference>
<Code>8676</Code>
<Text>Critical Elements</Text>
</ProgramReference>
<Appropriation>
<Code>0118</Code>
<Name>NSF RESEARCH &amp; RELATED ACTIVIT</Name>
<APP_SYMB_ID>040100</APP_SYMB_ID>
</Appropriation>
<Fund>
<Code>01001819DB</Code>
<Name><![CDATA[NSF RESEARCH & RELATED ACTIVIT]]></Name>
<FUND_SYMB_ID>040100</FUND_SYMB_ID>
</Fund>
<FUND_OBLG>2018~512240</FUND_OBLG>
<POR>
<DRECONTENT><![CDATA[<div class="porColContainerWBG"> <div class="porContentCol"><p>Project Outcomes.</p> <p>The production of modern pharmaceuticals utilizes an elaborate array of methods developed over the past century that stitch together relatively simple petroleum-based molecules into more elaborate chemical structures. When a new synthetic process is developed, it enables the creation of previously unknown compounds that can be tested for their biological and medicinal value.&nbsp;&nbsp;<em>Aromatics</em>, a broad class of chemicals found in crude oil, often resist these standard chemical processes as they are endowed with certain properties that cause them to be unusually stable.&nbsp;&nbsp;Efforts continue in the Harman Research Group at the University of Virginia to increase access to this important and abundant class of materials.&nbsp;&nbsp;As part of this project, a new type of molecule has been invented that can clamp on to an aromatic molecule, acting a bit like a molecular vise. This so-called&nbsp;<em>Dearomatizaton Agent</em>&nbsp;features a molybdenum reaction site, which has been carefully engineered to disrupt the chemical stability of the bound aromatic molecule.&nbsp;&nbsp;Such action dramatically enhances the chemical reactivity of the arrested molecule, allowing access to a broad range of fundamentally new chemical transformations.&nbsp;&nbsp;This new way of utilizing some of the most common molecular building blocks of nature will provide new candidates for medicines and biological probes.&nbsp;&nbsp;</p> <p>Broader Impacts.</p> <p>The new molecular frameworks that are formed through professor Harman&rsquo;s&nbsp;<em>Dearomatization</em>&nbsp;Technology provide novel architectures that ultimately will be valuable in the development of new pharmaceuticals. In many cases there are simply no other means for readily obtaining these compounds. As these dearomatization agents become more familiar to the scientific community, their increased use in both academic and industrial (Discovery) settings is virtually assured.&nbsp;&nbsp;Other Broader impacts of this work are related to the professional training of graduate and undergraduate students in the areas of Organic, Inorganic, and Organometallic Chemistry.&nbsp;&nbsp;Students are exposed to a research environment that is fully interdisciplinary, working on problems ranging from medicinal application to elementary synthetic methodology, to novel inorganic reaction mechanisms.&nbsp;&nbsp;In addition to the routine techniques used by synthetic organic chemists, these students gain experience with electrochemical and computational methods, and techniques for handling air-sensitive compounds.&nbsp;&nbsp;They become integrated into the scientific community through attendance and presentations at professional meetings, participation writing peer-reviewed manuscripts, participating in the proposal-writing process, and meeting other scientists that visit the group or the department. In addition, graduate students develop their mentoring skills by training and collaborating with undergraduate students.&nbsp;</p> <p>&nbsp;</p><br> <p>            Last Modified: 08/12/2021<br>      Modified by: W. Dean&nbsp;Harman</p> </div> <div class="porSideCol"> <div class="each-gallery"> <div class="galContent" id="gallery0"> <div class="photoCount" id="photoCount0">          Image         </div> <div class="galControls onePhoto" id="controls0"></div> <div class="galSlideshow" id="slideshow0"></div> <div class="galEmbox" id="embox"> <div class="image-title"></div> </div> </div> <div class="galNavigation onePhoto" id="navigation0"> <ul class="thumbs" id="thumbs0"> <li> <a href="/por/images/Reports/POR/2021/1800051/1800051_10538975_1628006100092_ProjectoutcomeFig--rgov-214x142.jpg" original="/por/images/Reports/POR/2021/1800051/1800051_10538975_1628006100092_ProjectoutcomeFig--rgov-800width.jpg" title="Project Outcomes Figure 1"><img src="/por/images/Reports/POR/2021/1800051/1800051_10538975_1628006100092_ProjectoutcomeFig--rgov-66x44.jpg" alt="Project Outcomes Figure 1"></a> <div class="imageCaptionContainer"> <div class="imageCaption">Center: A "molecular vise" is shown as a metaphor for a molybdenum-based compound that can "clamp" a molecule of benzene, thereby enhancing its chemical reactivity. Sides: Former members of the Harman Research Group at the University of Virginia.</div> <div class="imageCredit">W. D. Harman</div> <div class="imageSubmitted">W. Dean&nbsp;Harman</div> <div class="imageTitle">Project Outcomes Figure 1</div> </div> </li> </ul> </div> </div> </div> </div>]]></DRECONTENT>
<POR_COPY_TXT><![CDATA[ Project Outcomes.  The production of modern pharmaceuticals utilizes an elaborate array of methods developed over the past century that stitch together relatively simple petroleum-based molecules into more elaborate chemical structures. When a new synthetic process is developed, it enables the creation of previously unknown compounds that can be tested for their biological and medicinal value.  Aromatics, a broad class of chemicals found in crude oil, often resist these standard chemical processes as they are endowed with certain properties that cause them to be unusually stable.  Efforts continue in the Harman Research Group at the University of Virginia to increase access to this important and abundant class of materials.  As part of this project, a new type of molecule has been invented that can clamp on to an aromatic molecule, acting a bit like a molecular vise. This so-called Dearomatizaton Agent features a molybdenum reaction site, which has been carefully engineered to disrupt the chemical stability of the bound aromatic molecule.  Such action dramatically enhances the chemical reactivity of the arrested molecule, allowing access to a broad range of fundamentally new chemical transformations.  This new way of utilizing some of the most common molecular building blocks of nature will provide new candidates for medicines and biological probes.    Broader Impacts.  The new molecular frameworks that are formed through professor Harman’s Dearomatization Technology provide novel architectures that ultimately will be valuable in the development of new pharmaceuticals. In many cases there are simply no other means for readily obtaining these compounds. As these dearomatization agents become more familiar to the scientific community, their increased use in both academic and industrial (Discovery) settings is virtually assured.  Other Broader impacts of this work are related to the professional training of graduate and undergraduate students in the areas of Organic, Inorganic, and Organometallic Chemistry.  Students are exposed to a research environment that is fully interdisciplinary, working on problems ranging from medicinal application to elementary synthetic methodology, to novel inorganic reaction mechanisms.  In addition to the routine techniques used by synthetic organic chemists, these students gain experience with electrochemical and computational methods, and techniques for handling air-sensitive compounds.  They become integrated into the scientific community through attendance and presentations at professional meetings, participation writing peer-reviewed manuscripts, participating in the proposal-writing process, and meeting other scientists that visit the group or the department. In addition, graduate students develop their mentoring skills by training and collaborating with undergraduate students.           Last Modified: 08/12/2021       Submitted by: W. Dean Harman]]></POR_COPY_TXT>
</POR>
</Award>
</rootTag>
