<?xml version="1.0" encoding="UTF-8"?>
<rootTag>
<Award>
<AwardTitle><![CDATA[Collaborative Research: Architecture Support for Programming Languages and Operating Systems (ASPLOS) 2018 Student Travel Grant Proposal]]></AwardTitle>
<AGENCY>NSF</AGENCY>
<AwardEffectiveDate>03/01/2018</AwardEffectiveDate>
<AwardExpirationDate>02/28/2019</AwardExpirationDate>
<AwardTotalIntnAmount>7000.00</AwardTotalIntnAmount>
<AwardAmount>7000</AwardAmount>
<AwardInstrument>
<Value>Standard Grant</Value>
</AwardInstrument>
<Organization>
<Code>05050000</Code>
<Directorate>
<Abbreviation>CSE</Abbreviation>
<LongName>Direct For Computer &amp; Info Scie &amp; Enginr</LongName>
</Directorate>
<Division>
<Abbreviation>CNS</Abbreviation>
<LongName>Division Of Computer and Network Systems</LongName>
</Division>
</Organization>
<ProgramOfficer>
<SignBlockName>Marilyn McClure</SignBlockName>
<PO_EMAI>mmcclure@nsf.gov</PO_EMAI>
<PO_PHON>7032925197</PO_PHON>
</ProgramOfficer>
<AbstractNarration><![CDATA[This project supports travel to the Shadow Program Committee (PC) meeting held in Atlanta, for the 23rd ACM International Conference on Architectural Support for Programming Languages and Operating Systems. ASPLOS will be held on March 24-28, 2018. ASPLOS is a premier forum for multidisciplinary systems research spanning computer architecture and hardware, programming languages and compilers, and operating systems. Papers in ASPLOS may target diverse goals such as performance, energy and thermal efficiency, resiliency, security, and sustainability.&lt;br/&gt;&lt;br/&gt;This award reflects NSF's statutory mission and has been deemed worthy of support through evaluation using the Foundation's intellectual merit and broader impacts review criteria.]]></AbstractNarration>
<MinAmdLetterDate>02/26/2018</MinAmdLetterDate>
<MaxAmdLetterDate>02/26/2018</MaxAmdLetterDate>
<ARRAAmount/>
<TRAN_TYPE>Grant</TRAN_TYPE>
<CFDA_NUM>47.070</CFDA_NUM>
<NSF_PAR_USE_FLAG>1</NSF_PAR_USE_FLAG>
<FUND_AGCY_CODE>4900</FUND_AGCY_CODE>
<AWDG_AGCY_CODE>4900</AWDG_AGCY_CODE>
<AwardID>1800771</AwardID>
<Investigator>
<FirstName>Thomas</FirstName>
<LastName>Wenisch</LastName>
<PI_MID_INIT/>
<PI_SUFX_NAME/>
<PI_FULL_NAME>Thomas Wenisch</PI_FULL_NAME>
<EmailAddress><![CDATA[twenisch@umich.edu]]></EmailAddress>
<NSF_ID>000110966</NSF_ID>
<StartDate>02/26/2018</StartDate>
<EndDate/>
<RoleCode>Principal Investigator</RoleCode>
</Investigator>
<Institution>
<Name><![CDATA[Regents of the University of Michigan - Ann Arbor]]></Name>
<CityName>ANN ARBOR</CityName>
<ZipCode>481091079</ZipCode>
<PhoneNumber>7347636438</PhoneNumber>
<StreetAddress><![CDATA[1109 GEDDES AVE, SUITE 3300]]></StreetAddress>
<StreetAddress2/>
<CountryName>United States</CountryName>
<StateName>Michigan</StateName>
<StateCode>MI</StateCode>
<CONGRESSDISTRICT>06</CONGRESSDISTRICT>
<CONGRESS_DISTRICT_ORG>MI06</CONGRESS_DISTRICT_ORG>
<ORG_UEI_NUM>GNJ7BBP73WE9</ORG_UEI_NUM>
<ORG_LGL_BUS_NAME>REGENTS OF THE UNIVERSITY OF MICHIGAN</ORG_LGL_BUS_NAME>
<ORG_PRNT_UEI_NUM/>
</Institution>
<Performance_Institution>
<Name><![CDATA[University of Michigan Ann Arbor]]></Name>
<CityName>Ann Arbor</CityName>
<StateCode>MI</StateCode>
<ZipCode>481092121</ZipCode>
<StreetAddress><![CDATA[2260 Hayward, 4620 Beyster Bldg]]></StreetAddress>
<CountryCode>US</CountryCode>
<CountryName>United States</CountryName>
<StateName>Michigan</StateName>
<CountryFlag>1</CountryFlag>
<CONGRESSDISTRICT>06</CONGRESSDISTRICT>
<CONGRESS_DISTRICT_PERF>MI06</CONGRESS_DISTRICT_PERF>
</Performance_Institution>
<ProgramElement>
<Code>7354</Code>
<Text>CSR-Computer Systems Research</Text>
</ProgramElement>
<ProgramElement>
<Code>7798</Code>
<Text>Software &amp; Hardware Foundation</Text>
</ProgramElement>
<ProgramReference>
<Code>7556</Code>
<Text>CONFERENCE AND WORKSHOPS</Text>
</ProgramReference>
<ProgramReference>
<Code>7941</Code>
<Text>COMPUTER ARCHITECTURE</Text>
</ProgramReference>
<ProgramReference>
<Code>7943</Code>
<Text>PROGRAMMING LANGUAGES</Text>
</ProgramReference>
<Appropriation>
<Code>0118</Code>
<Name>NSF RESEARCH &amp; RELATED ACTIVIT</Name>
<APP_SYMB_ID>040100</APP_SYMB_ID>
</Appropriation>
<Fund>
<Code>01001819DB</Code>
<Name><![CDATA[NSF RESEARCH & RELATED ACTIVIT]]></Name>
<FUND_SYMB_ID>040100</FUND_SYMB_ID>
</Fund>
<FUND_OBLG>2018~7000</FUND_OBLG>
<POR>
<DRECONTENT><![CDATA[<div class="porColContainerWBG"> <div class="porContentCol"><p><span>This award provided funding for graduate students, post-doctoral researchers, junior industrial researchers, and junior faculty members to attend and participate in the ASPLOS Shadow Program Committee.&nbsp; The Shadow Program Committee is a professional development activity that models the scientific peer review process associated with the conference, with oversight from senior mentors that provide feedback on the quality of peer review and the conduct of the shadow PC meeting. Being on the shadow program committee is an excellent opportunity for systems researchers (PhD students, post-docs and new faculty members) to get experience in community service, i.e., program committee practices.&nbsp; Shadow PC members attended a one-day shadow program committee meeting in person, which coincided with the official program committee meeting location.&nbsp; This fund provide travel support to allow delegates to attend the Shadow PC meeting.&nbsp;&nbsp;</span></p> <p><br />The travel grant provided support for 19 individuals to attend the Shadow PC meeting.&nbsp; The attendees included 12 graduate students, 2 industrial researchers, 3 post-docs, and 2 new faculty members.&nbsp; The affiliations of the funded attendees include Carnegie Mellon U., Stony Brook, Intel, Cornell, U. Washington, U. MA - Lowell, U. MA - Amherst, UT Austin, U. MI - Ann Arbor, ETH Zurich, Microsoft, Kemerburgaz U., Princeton, NC State, UPC Barcelona, Nat. Tech. U. Athens, and IBM.&nbsp; Preference in allocating funding was given to members of groups traditionally under-represented at ASPLOS.&nbsp; 5 of the 19 funded attendees were women and 1 attendee was hispanic.</p> <p>&nbsp;</p><br> <p>            Last Modified: 04/04/2019<br>      Modified by: Thomas&nbsp;Wenisch</p> </div> <div class="porSideCol"></div> </div>]]></DRECONTENT>
<POR_COPY_TXT><![CDATA[ This award provided funding for graduate students, post-doctoral researchers, junior industrial researchers, and junior faculty members to attend and participate in the ASPLOS Shadow Program Committee.  The Shadow Program Committee is a professional development activity that models the scientific peer review process associated with the conference, with oversight from senior mentors that provide feedback on the quality of peer review and the conduct of the shadow PC meeting. Being on the shadow program committee is an excellent opportunity for systems researchers (PhD students, post-docs and new faculty members) to get experience in community service, i.e., program committee practices.  Shadow PC members attended a one-day shadow program committee meeting in person, which coincided with the official program committee meeting location.  This fund provide travel support to allow delegates to attend the Shadow PC meeting.     The travel grant provided support for 19 individuals to attend the Shadow PC meeting.  The attendees included 12 graduate students, 2 industrial researchers, 3 post-docs, and 2 new faculty members.  The affiliations of the funded attendees include Carnegie Mellon U., Stony Brook, Intel, Cornell, U. Washington, U. MA - Lowell, U. MA - Amherst, UT Austin, U. MI - Ann Arbor, ETH Zurich, Microsoft, Kemerburgaz U., Princeton, NC State, UPC Barcelona, Nat. Tech. U. Athens, and IBM.  Preference in allocating funding was given to members of groups traditionally under-represented at ASPLOS.  5 of the 19 funded attendees were women and 1 attendee was hispanic.          Last Modified: 04/04/2019       Submitted by: Thomas Wenisch]]></POR_COPY_TXT>
</POR>
</Award>
</rootTag>
