<?xml version="1.0" encoding="UTF-8"?>
<rootTag>
<Award>
<AwardTitle><![CDATA[Graph Limits and Measurable Graphs]]></AwardTitle>
<AGENCY>NSF</AGENCY>
<AwardEffectiveDate>07/01/2018</AwardEffectiveDate>
<AwardExpirationDate>06/30/2022</AwardExpirationDate>
<AwardTotalIntnAmount>149988.00</AwardTotalIntnAmount>
<AwardAmount>149988</AwardAmount>
<AwardInstrument>
<Value>Continuing Grant</Value>
</AwardInstrument>
<Organization>
<Code>03040000</Code>
<Directorate>
<Abbreviation>MPS</Abbreviation>
<LongName>Direct For Mathematical &amp; Physical Scien</LongName>
</Directorate>
<Division>
<Abbreviation>DMS</Abbreviation>
<LongName>Division Of Mathematical Sciences</LongName>
</Division>
</Organization>
<ProgramOfficer>
<SignBlockName>Stefaan De Winter</SignBlockName>
<PO_EMAI>sgdewint@nsf.gov</PO_EMAI>
<PO_PHON>7032922599</PO_PHON>
</ProgramOfficer>
<AbstractNarration><![CDATA[Understanding the structure and properties of large real-life networks has become one of the most important scientific challenges of our time. Large networks are ubiquitous in both the natural and social sciences and we have access to more-and-more data about them. However, most existing methods for analyzing this data are too slow for even moderately large networks. Hence the need to devise, new, robust tools for network analysis. One way of building new tools is to advance our understanding of the underlying structure of large networks. This approach has led to tremendous success in the case of networks with relatively many connections (so called dense networks). However, most real-word networks do not fall into this category (they are so-called sparse), and our understanding of their structural properties remain rather limited. The goal of this project is to advance the understanding of large sparse networks through the study of similarities between networks, and via the use of continuous models - so called graph limits - to approximate large networks. This approach has proved extremely successful in the case of dense networks.  Progress in the sparse case has been slow mainly because the "right" notion of similarity seems elusive, and a host of different concepts have emerged over time whose relationship to each other remains unclear. &lt;br/&gt; &lt;br/&gt;The project will focus on the graph limits, networks defined on probability measure spaces, so-called graphings.  It will investigate classical graph theoretic notions on such objects. The few known results indicate that graphings frequently exhibit surprising differences compared to classical graphs. Yet, one can often find natural assumptions under which classical results extend to the measurable context without any change.  The central motivating question of the project is the approximability of graphings by finite graphs. To this end, various combinatorial and algebraic properties of graphings will be explored in detail to allow comparison to finite graphs. The combinatorial aspects include understanding how standard theorems in graph theory about the existence of matchings, vertex- and edge-colorings  generalize to graphings. Algebraic aspects include the study of spectral properties of graphings.&lt;br/&gt;&lt;br/&gt;This award reflects NSF's statutory mission and has been deemed worthy of support through evaluation using the Foundation's intellectual merit and broader impacts review criteria.]]></AbstractNarration>
<MinAmdLetterDate>06/26/2018</MinAmdLetterDate>
<MaxAmdLetterDate>06/30/2020</MaxAmdLetterDate>
<ARRAAmount/>
<TRAN_TYPE>Grant</TRAN_TYPE>
<CFDA_NUM>47.049</CFDA_NUM>
<NSF_PAR_USE_FLAG>1</NSF_PAR_USE_FLAG>
<FUND_AGCY_CODE>4900</FUND_AGCY_CODE>
<AWDG_AGCY_CODE>4900</AWDG_AGCY_CODE>
<AwardID>1800738</AwardID>
<Investigator>
<FirstName>Gabor</FirstName>
<LastName>Lippner</LastName>
<PI_MID_INIT>P</PI_MID_INIT>
<PI_SUFX_NAME/>
<PI_FULL_NAME>Gabor P Lippner</PI_FULL_NAME>
<EmailAddress><![CDATA[g.lippner@neu.edu]]></EmailAddress>
<NSF_ID>000684300</NSF_ID>
<StartDate>06/26/2018</StartDate>
<EndDate/>
<RoleCode>Principal Investigator</RoleCode>
</Investigator>
<Institution>
<Name><![CDATA[Northeastern University]]></Name>
<CityName>BOSTON</CityName>
<ZipCode>021155005</ZipCode>
<PhoneNumber>6173733004</PhoneNumber>
<StreetAddress><![CDATA[360 HUNTINGTON AVE]]></StreetAddress>
<StreetAddress2/>
<CountryName>United States</CountryName>
<StateName>Massachusetts</StateName>
<StateCode>MA</StateCode>
<CONGRESSDISTRICT>07</CONGRESSDISTRICT>
<CONGRESS_DISTRICT_ORG>MA07</CONGRESS_DISTRICT_ORG>
<ORG_UEI_NUM>HLTMVS2JZBS6</ORG_UEI_NUM>
<ORG_LGL_BUS_NAME>NORTHEASTERN UNIVERSITY</ORG_LGL_BUS_NAME>
<ORG_PRNT_UEI_NUM/>
</Institution>
<Performance_Institution>
<Name><![CDATA[Northeastern University]]></Name>
<CityName>Boston</CityName>
<StateCode>MA</StateCode>
<ZipCode>021155005</ZipCode>
<StreetAddress><![CDATA[360 Huntington Ave]]></StreetAddress>
<CountryCode>US</CountryCode>
<CountryName>United States</CountryName>
<StateName>Massachusetts</StateName>
<CountryFlag>1</CountryFlag>
<CONGRESSDISTRICT>07</CONGRESSDISTRICT>
<CONGRESS_DISTRICT_PERF>MA07</CONGRESS_DISTRICT_PERF>
</Performance_Institution>
<ProgramElement>
<Code>7970</Code>
<Text>Combinatorics</Text>
</ProgramElement>
<Appropriation>
<Code>0118</Code>
<Name>NSF RESEARCH &amp; RELATED ACTIVIT</Name>
<APP_SYMB_ID>040100</APP_SYMB_ID>
</Appropriation>
<Appropriation>
<Code>0119</Code>
<Name>NSF RESEARCH &amp; RELATED ACTIVIT</Name>
<APP_SYMB_ID>040100</APP_SYMB_ID>
</Appropriation>
<Appropriation>
<Code>0120</Code>
<Name>NSF RESEARCH &amp; RELATED ACTIVIT</Name>
<APP_SYMB_ID>040100</APP_SYMB_ID>
</Appropriation>
<Fund>
<Code>01001819DB</Code>
<Name><![CDATA[NSF RESEARCH & RELATED ACTIVIT]]></Name>
<FUND_SYMB_ID>040100</FUND_SYMB_ID>
</Fund>
<Fund>
<Code>01001920DB</Code>
<Name><![CDATA[NSF RESEARCH & RELATED ACTIVIT]]></Name>
<FUND_SYMB_ID>040100</FUND_SYMB_ID>
</Fund>
<Fund>
<Code>01002021DB</Code>
<Name><![CDATA[NSF RESEARCH & RELATED ACTIVIT]]></Name>
<FUND_SYMB_ID>040100</FUND_SYMB_ID>
</Fund>
<FUND_OBLG>2018~48812</FUND_OBLG>
<FUND_OBLG>2019~49984</FUND_OBLG>
<FUND_OBLG>2020~51192</FUND_OBLG>
<POR>
<DRECONTENT><![CDATA[<div class="porColContainerWBG"> <div class="porContentCol"><p>In this project the PI studied properties of very large graphs (networks) arising in different contexts. The common underying theme was to use methods from analysis and geometry to understand the behavior of objects that are discrete.&nbsp;</p> <p>The project led to a number of important publications in top ranked mathematics journals. The PI also supervised two PhD students as part of the project who were partially funded from the grant. The PI also used the funds to attend domestic and international conferences as well as to facilitate research visits and invite visitors to their home institution.&nbsp;</p> <p>One of the main questions in this field is to determine under what conditions do large networks exhibit uniform behavior. The main goal of the project was to find such conditions. It has been conjectured that networks with high clustering (many instances of my friend's friend is also my own friend) exhibit "geometric" behavior. An important outcome of the project is a proof of this phenomenon in the case when the number of friends each person has does not grow together with the size of the network. Another significant discovery is related to networks that are generated by sampling points on a surface (in any dimensions). In this case the PI, together with collaborators, showed that important geometric measures of the surface can be well approximated purely from the structure of the sampled network. This has potentially significant implications to "manifold learning", a branch of machine learning.</p><br> <p>            Last Modified: 11/23/2022<br>      Modified by: Gabor&nbsp;P&nbsp;Lippner</p> </div> <div class="porSideCol"></div> </div>]]></DRECONTENT>
<POR_COPY_TXT><![CDATA[ In this project the PI studied properties of very large graphs (networks) arising in different contexts. The common underying theme was to use methods from analysis and geometry to understand the behavior of objects that are discrete.   The project led to a number of important publications in top ranked mathematics journals. The PI also supervised two PhD students as part of the project who were partially funded from the grant. The PI also used the funds to attend domestic and international conferences as well as to facilitate research visits and invite visitors to their home institution.   One of the main questions in this field is to determine under what conditions do large networks exhibit uniform behavior. The main goal of the project was to find such conditions. It has been conjectured that networks with high clustering (many instances of my friend's friend is also my own friend) exhibit "geometric" behavior. An important outcome of the project is a proof of this phenomenon in the case when the number of friends each person has does not grow together with the size of the network. Another significant discovery is related to networks that are generated by sampling points on a surface (in any dimensions). In this case the PI, together with collaborators, showed that important geometric measures of the surface can be well approximated purely from the structure of the sampled network. This has potentially significant implications to "manifold learning", a branch of machine learning.       Last Modified: 11/23/2022       Submitted by: Gabor P Lippner]]></POR_COPY_TXT>
</POR>
</Award>
</rootTag>
