<?xml version="1.0" encoding="UTF-8"?>
<rootTag>
<Award>
<AwardTitle><![CDATA[Collaborative Research: Dynamics of Nonlinear Partial Differential Equations: Integrating Deterministic and Probabilistic Methods]]></AwardTitle>
<AGENCY>NSF</AGENCY>
<AwardEffectiveDate>07/01/2018</AwardEffectiveDate>
<AwardExpirationDate>06/30/2022</AwardExpirationDate>
<AwardTotalIntnAmount>240000.00</AwardTotalIntnAmount>
<AwardAmount>240000</AwardAmount>
<AwardInstrument>
<Value>Continuing Grant</Value>
</AwardInstrument>
<Organization>
<Code>03040000</Code>
<Directorate>
<Abbreviation>MPS</Abbreviation>
<LongName>Direct For Mathematical &amp; Physical Scien</LongName>
</Directorate>
<Division>
<Abbreviation>DMS</Abbreviation>
<LongName>Division Of Mathematical Sciences</LongName>
</Division>
</Organization>
<ProgramOfficer>
<SignBlockName>Marian Bocea</SignBlockName>
<PO_EMAI>mbocea@nsf.gov</PO_EMAI>
<PO_PHON>7032922595</PO_PHON>
</ProgramOfficer>
<AbstractNarration><![CDATA[We interact with waves all the time and  everywhere. When we listen to music, when we use our cell phones, when we warm up a dinner in a microwave, when we look at the stars in the sky and when we relax on a sunny beach. But wave phenomena may also affect the lives of millions of people when earthquakes shake and propagate, tsunamis form or nuclear radiations get out of control.  Indeed, waves naturally arise occur in a variety of physical systems such as nonlinear optics, atmosphere and ocean waves, quantum mechanics and plasmas. The study of waves  is fundamental for the understanding of phenomena at both a very small scale, such as the Bose-Einstein Condensate, and at a very large one, such as collusion of galaxies. These expressions of nature are never too smooth and rarely too simple: interactions of small waves can produce very large outcomes, such as freak waves, while complicated objects such as  solitons almost do not see each other when they cross. Phenomena such as these are the byproduct of nonlinear wave interactions, and understanding what  are the possible outcomes, given the initial state of a system of waves, is fundamental to predict and  to control it, hopefully to our advantage. &lt;br/&gt;&lt;br/&gt;In this NSF supported research the PIs present a series of projects at the cutting edge of research in nonlinear wave phenomena in which deterministic approaches, classically based on harmonic and Fourier analysis, are implemented alongside probabilistic ones to capture basic properties of wave phenomena. It has become clear in recent years that deterministic methods and probabilistic ones naturally feed off each other and when combined not only contribute to our understanding but also open the door to new paradigms to move research forward in various directions. More precisely, the PIs propose four  projects  at the forefront of nonlinear evolution equations, where the interplay of deterministic and probabilistic  approaches is the key to make progress. The problems range from the study of weak turbulence for dispersive and fluid equations to the analysis  of integrable structures, from  the definition of Gibbs type measures to the probabilistic existence and stability of certain geometric flows enjoying null form nonlinearities. The probabilistic component of PIs' work in the last few years has contributed in bridging the dispersive and wave  nonlinear equations community with that specialized in stochastic partial differential equations. This interaction has created ongoing collaborations between members of these two communities. The work that the PIs, their students and collaborators will generate in solving the problems described in this project will further solidify the interactions between these two vibrant communities. The broader impact component of the project aims at fostering the training of doctoral graduate students and junior researchers in the US, thus fundamentally contributing to the STEM workforce. It  will also enhance dissemination and collaborative research.&lt;br/&gt;&lt;br/&gt;This award reflects NSF's statutory mission and has been deemed worthy of support through evaluation using the Foundation's intellectual merit and broader impacts review criteria.]]></AbstractNarration>
<MinAmdLetterDate>05/07/2018</MinAmdLetterDate>
<MaxAmdLetterDate>04/28/2020</MaxAmdLetterDate>
<ARRAAmount/>
<TRAN_TYPE>Grant</TRAN_TYPE>
<CFDA_NUM>47.049</CFDA_NUM>
<NSF_PAR_USE_FLAG>1</NSF_PAR_USE_FLAG>
<FUND_AGCY_CODE>4900</FUND_AGCY_CODE>
<AWDG_AGCY_CODE>4900</AWDG_AGCY_CODE>
<AwardID>1800852</AwardID>
<Investigator>
<FirstName>Andrea</FirstName>
<LastName>Nahmod</LastName>
<PI_MID_INIT>R</PI_MID_INIT>
<PI_SUFX_NAME/>
<PI_FULL_NAME>Andrea R Nahmod</PI_FULL_NAME>
<EmailAddress><![CDATA[nahmod@math.umass.edu]]></EmailAddress>
<NSF_ID>000118068</NSF_ID>
<StartDate>05/07/2018</StartDate>
<EndDate/>
<RoleCode>Principal Investigator</RoleCode>
</Investigator>
<Institution>
<Name><![CDATA[University of Massachusetts Amherst]]></Name>
<CityName>AMHERST</CityName>
<ZipCode>01003</ZipCode>
<PhoneNumber>4135450698</PhoneNumber>
<StreetAddress><![CDATA[COMMONWEALTH AVE]]></StreetAddress>
<StreetAddress2/>
<CountryName>United States</CountryName>
<StateName>Massachusetts</StateName>
<StateCode>MA</StateCode>
<CONGRESSDISTRICT>02</CONGRESSDISTRICT>
<CONGRESS_DISTRICT_ORG>MA02</CONGRESS_DISTRICT_ORG>
<ORG_UEI_NUM>VGJHK59NMPK9</ORG_UEI_NUM>
<ORG_LGL_BUS_NAME>UNIVERSITY OF MASSACHUSETTS</ORG_LGL_BUS_NAME>
<ORG_PRNT_UEI_NUM>MLBQUML9JJT6</ORG_PRNT_UEI_NUM>
</Institution>
<Performance_Institution>
<Name><![CDATA[University of Massachusetts Amherst]]></Name>
<CityName>Amherst</CityName>
<StateCode>MA</StateCode>
<ZipCode>010039305</ZipCode>
<StreetAddress><![CDATA[710 N. Pleasant Street, Lederle]]></StreetAddress>
<CountryCode>US</CountryCode>
<CountryName>United States</CountryName>
<StateName>Massachusetts</StateName>
<CountryFlag>1</CountryFlag>
<CONGRESSDISTRICT>02</CONGRESSDISTRICT>
<CONGRESS_DISTRICT_PERF>MA02</CONGRESS_DISTRICT_PERF>
</Performance_Institution>
<ProgramElement>
<Code>1281</Code>
<Text>ANALYSIS PROGRAM</Text>
</ProgramElement>
<Appropriation>
<Code>0118</Code>
<Name>NSF RESEARCH &amp; RELATED ACTIVIT</Name>
<APP_SYMB_ID>040100</APP_SYMB_ID>
</Appropriation>
<Appropriation>
<Code>0119</Code>
<Name>NSF RESEARCH &amp; RELATED ACTIVIT</Name>
<APP_SYMB_ID>040100</APP_SYMB_ID>
</Appropriation>
<Appropriation>
<Code>0120</Code>
<Name>NSF RESEARCH &amp; RELATED ACTIVIT</Name>
<APP_SYMB_ID>040100</APP_SYMB_ID>
</Appropriation>
<Fund>
<Code>01001819DB</Code>
<Name><![CDATA[NSF RESEARCH & RELATED ACTIVIT]]></Name>
<FUND_SYMB_ID>040100</FUND_SYMB_ID>
</Fund>
<Fund>
<Code>01001920DB</Code>
<Name><![CDATA[NSF RESEARCH & RELATED ACTIVIT]]></Name>
<FUND_SYMB_ID>040100</FUND_SYMB_ID>
</Fund>
<Fund>
<Code>01002021DB</Code>
<Name><![CDATA[NSF RESEARCH & RELATED ACTIVIT]]></Name>
<FUND_SYMB_ID>040100</FUND_SYMB_ID>
</Fund>
<FUND_OBLG>2018~77590</FUND_OBLG>
<FUND_OBLG>2019~78027</FUND_OBLG>
<FUND_OBLG>2020~84383</FUND_OBLG>
<POR>
<DRECONTENT><![CDATA[<div class="porColContainerWBG"> <div class="porContentCol"><p><span>This project carried out research at the overlap of analysis, nonlinear partial differential equations, geometry, analytic number theory and probability. Its principl aim was to advance our understanding of new directions at the forefront of nonlinear partial differential equations and their applications. Of special interest were the study of the long time dynamics of solutions to nonlinear dispersive and hyperbolic equations which model a wide range of wave propagation phenomena in physical systems ranging from the microscopic interactions of bosons, the propagation of light, the behavior of plasmas, waves breaking on an ocean, to the collision of stars and the formation of black holes at a cosmic scale.&nbsp;</span></p> <p><span>The outcomes of this grant achieved two equally important objectives:</span></p> <p><span>(I) </span><span style="text-decoration: underline;">The scientific objective</span><span> run along three main lines of inquiry which included the analysis and geometry of integrable structures, the study of certain fluid flows and a particular focus on several central problems aimed at exacting how probability can be applied to shed light on behavior and dynamics of <em>generic solutions</em> to nonlinear dispersive and hyperbolic equations. &nbsp;The idea is that one need not look at the dynamics of equations for every single initial profile of a class to predict an outcome. Probability introduces the notion that one can look at it generically: pick one at random that has certain prescribed properties, and understand the long-term dynamics of it by approaching it from a non-deterministic viewpoint. A particular concurrent aim was to shed light into the very difficult question of quantifying the transport of randomness under the nonlinear flow of the Schr?dinger equation by exacting a precise description of how randomness propagates beyond the linear evolution; as well as understanding the long time dynamics of solutions to random data that lie in the statistical ensemble of associated Gibbs measures. Supported by this grant, the PI and collaborators Yu Deng and Haitian Yue (the latter a PhD student of the PI) were able to provide a new and fundamental paradigm leading to the development of novel methodologies that allow the PI to answer these questions and solve a long standing open problem in the field. All in all this project led to ten peer-reviewed journal publications and brought the research to bear in other fascinating areas under current investigation.</span></p> <p><span>&nbsp;</span></p> <p><span>(II) </span><span style="text-decoration: underline;">The broader impact objective </span><span>of the proposal aimed at fostering the training of doctoral graduate students and junior researchers in the US, was also successfully achieved. The PI has contributed to the STEM workforce by the training of graduate students (five in this cycle), mentoring of postdocs at her home institutions (three in this cycle) and of junior researchers from other institutions; as well as by actively engaging in collaborative research particularly with junior researchers. Nahmod has been an invited speaker at numerous conferences and workshops in the U.S and overseas during this period. She has widely disseminated her work through keynote lectures, talks at conference and workshops, an invited address at the 2021 Annual Joint Mathematical Meeting. Nahmod has also been a co-organizers of a semester-long program at the NSF funded Institute for Computational and Experimental Mathematics as well as of a </span><span>Mathematisches Forschungsinstitut Oberwolfach workshop.&nbsp;</span></p> <div><span><br /></span></div> <p>&nbsp;</p><br> <p>            Last Modified: 01/11/2023<br>      Modified by: Andrea&nbsp;R&nbsp;Nahmod</p> </div> <div class="porSideCol"></div> </div>]]></DRECONTENT>
<POR_COPY_TXT><![CDATA[ This project carried out research at the overlap of analysis, nonlinear partial differential equations, geometry, analytic number theory and probability. Its principl aim was to advance our understanding of new directions at the forefront of nonlinear partial differential equations and their applications. Of special interest were the study of the long time dynamics of solutions to nonlinear dispersive and hyperbolic equations which model a wide range of wave propagation phenomena in physical systems ranging from the microscopic interactions of bosons, the propagation of light, the behavior of plasmas, waves breaking on an ocean, to the collision of stars and the formation of black holes at a cosmic scale.   The outcomes of this grant achieved two equally important objectives:  (I) The scientific objective run along three main lines of inquiry which included the analysis and geometry of integrable structures, the study of certain fluid flows and a particular focus on several central problems aimed at exacting how probability can be applied to shed light on behavior and dynamics of generic solutions to nonlinear dispersive and hyperbolic equations.  The idea is that one need not look at the dynamics of equations for every single initial profile of a class to predict an outcome. Probability introduces the notion that one can look at it generically: pick one at random that has certain prescribed properties, and understand the long-term dynamics of it by approaching it from a non-deterministic viewpoint. A particular concurrent aim was to shed light into the very difficult question of quantifying the transport of randomness under the nonlinear flow of the Schr?dinger equation by exacting a precise description of how randomness propagates beyond the linear evolution; as well as understanding the long time dynamics of solutions to random data that lie in the statistical ensemble of associated Gibbs measures. Supported by this grant, the PI and collaborators Yu Deng and Haitian Yue (the latter a PhD student of the PI) were able to provide a new and fundamental paradigm leading to the development of novel methodologies that allow the PI to answer these questions and solve a long standing open problem in the field. All in all this project led to ten peer-reviewed journal publications and brought the research to bear in other fascinating areas under current investigation.     (II) The broader impact objective of the proposal aimed at fostering the training of doctoral graduate students and junior researchers in the US, was also successfully achieved. The PI has contributed to the STEM workforce by the training of graduate students (five in this cycle), mentoring of postdocs at her home institutions (three in this cycle) and of junior researchers from other institutions; as well as by actively engaging in collaborative research particularly with junior researchers. Nahmod has been an invited speaker at numerous conferences and workshops in the U.S and overseas during this period. She has widely disseminated her work through keynote lectures, talks at conference and workshops, an invited address at the 2021 Annual Joint Mathematical Meeting. Nahmod has also been a co-organizers of a semester-long program at the NSF funded Institute for Computational and Experimental Mathematics as well as of a Mathematisches Forschungsinstitut Oberwolfach workshop.             Last Modified: 01/11/2023       Submitted by: Andrea R Nahmod]]></POR_COPY_TXT>
</POR>
</Award>
</rootTag>
