<?xml version="1.0" encoding="UTF-8"?>
<rootTag>
<Award>
<AwardTitle><![CDATA[Pyrrole-modified Porphyrins - Chromophores of Basic and Applied Interests]]></AwardTitle>
<AGENCY>NSF</AGENCY>
<AwardEffectiveDate>08/01/2018</AwardEffectiveDate>
<AwardExpirationDate>07/31/2024</AwardExpirationDate>
<AwardTotalIntnAmount>462909.00</AwardTotalIntnAmount>
<AwardAmount>462909</AwardAmount>
<AwardInstrument>
<Value>Standard Grant</Value>
</AwardInstrument>
<Organization>
<Code>03090000</Code>
<Directorate>
<Abbreviation>MPS</Abbreviation>
<LongName>Direct For Mathematical &amp; Physical Scien</LongName>
</Directorate>
<Division>
<Abbreviation>CHE</Abbreviation>
<LongName>Division Of Chemistry</LongName>
</Division>
</Organization>
<ProgramOfficer>
<SignBlockName>Jon Rainier</SignBlockName>
<PO_EMAI>jrainier@nsf.gov</PO_EMAI>
<PO_PHON>7032924753</PO_PHON>
</ProgramOfficer>
<AbstractNarration><![CDATA[The Chemical Synthesis Program of the Chemistry Division supports the project by Professor Brueckner, a faculty member in the Department of Chemistry at the University of Connecticut. Blood is red and grass is green because of a particular class of compounds - so called porphyrins, that fulfill diverse roles throughout the living world. In addition to these natural roles, these highly colored compounds can potentially be used for a variety of "non-natural" applications that range from their use as contrast agents to improve the imaging of biological tissue for better disease detection to their use for the electrocatalytic reduction of carbon dioxide and in chemosensing efforts. With this in mind, Professor Brueckner is developing strategies to convert naturally occurring porphyrins to derivatives that possess properties the original compounds do not have. This allows them to be optimized for new applications. In addition, the derivatives being synthesized are well-suited for answering fundamental questions about the properties of the porphyrins and how those properties can be systematically altered by changes in structure. The project teaches graduate and undergraduate students in the techniques and methodologies that are used in the pharmaceutical and other industries. In this way, students are prepared to enter the workplace. Professor Brueckner's has traditionally been active in chemical education and in attracting students underrepresented in science to this most colorful research work. The multidisciplinary and very visual nature of the research make it ideal for outreach activities.&lt;br/&gt;&lt;br/&gt;&lt;br/&gt;&lt;br/&gt;The main objective of this proposal is the development of strategies to convert porphyrins into pyrrole-modified porphyrins (PMPs). PMPs are macrocycles derived from porphyrins by formally replacing at least one pyrrolic building block with a different heterocycle. Starting from synthetic porphyrins, a relatively little explored strategy will be pursued: activation of the beta-position of porphyrins, followed by ring cleavage and subsequent ring-fusion. Focus in this study is the generation of PMPs containing multiple modified pyrroles, medium-size rings, or multiple annulated ring systems. The guiding hypothesis is that these modifications result in altered electronic properties when compared to their parent compounds. The suitability of the PMPs in several biological (i.e., contrast agents in photoacoustic tissue imaging) and technical (i.e. electrocatalytic reduction of CO2, chemosensing) applications will be evaluated. The proposed work relies on collaborations with intramural and extramural (international) specialty groups in a number of biological, physical sciences and engineering disciplines. The program offers a multidisciplinary and collaborative training ground for graduate students in diverse areas ranging from organic and inorganic synthesis, physical organic chemistry, photophysics, to a number of biomedical and engineering applications. This prepares them for future careers in industry or academia. The proposal also includes year-round undergraduate research projects, and it will be part of the departmental REU program. The multidisciplinary porphyrin-related research activities are ideal for dissemination in non-technical journals and make colorful subjects of outreach activities.&lt;br/&gt;&lt;br/&gt;This award reflects NSF's statutory mission and has been deemed worthy of support through evaluation using the Foundation's intellectual merit and broader impacts review criteria.]]></AbstractNarration>
<MinAmdLetterDate>06/26/2018</MinAmdLetterDate>
<MaxAmdLetterDate>05/19/2023</MaxAmdLetterDate>
<ARRAAmount/>
<TRAN_TYPE>Grant</TRAN_TYPE>
<CFDA_NUM>47.049</CFDA_NUM>
<NSF_PAR_USE_FLAG>1</NSF_PAR_USE_FLAG>
<FUND_AGCY_CODE>4900</FUND_AGCY_CODE>
<AWDG_AGCY_CODE>4900</AWDG_AGCY_CODE>
<AwardID>1800361</AwardID>
<Investigator>
<FirstName>Christian</FirstName>
<LastName>Brueckner</LastName>
<PI_MID_INIT/>
<PI_SUFX_NAME/>
<PI_FULL_NAME>Christian Brueckner</PI_FULL_NAME>
<EmailAddress><![CDATA[c.brueckner@uconn.edu]]></EmailAddress>
<NSF_ID>000490200</NSF_ID>
<StartDate>06/26/2018</StartDate>
<EndDate/>
<RoleCode>Principal Investigator</RoleCode>
</Investigator>
<Institution>
<Name><![CDATA[University of Connecticut]]></Name>
<CityName>STORRS</CityName>
<ZipCode>062699018</ZipCode>
<PhoneNumber>8604863622</PhoneNumber>
<StreetAddress><![CDATA[438 WHITNEY RD EXTENSION UNIT 11]]></StreetAddress>
<StreetAddress2/>
<CountryName>United States</CountryName>
<StateName>Connecticut</StateName>
<StateCode>CT</StateCode>
<CONGRESSDISTRICT>02</CONGRESSDISTRICT>
<CONGRESS_DISTRICT_ORG>CT02</CONGRESS_DISTRICT_ORG>
<ORG_UEI_NUM>WNTPS995QBM7</ORG_UEI_NUM>
<ORG_LGL_BUS_NAME>UNIVERSITY OF CONNECTICUT</ORG_LGL_BUS_NAME>
<ORG_PRNT_UEI_NUM/>
</Institution>
<Performance_Institution>
<Name><![CDATA[University of Connecticut]]></Name>
<CityName>Storrs</CityName>
<StateCode>CT</StateCode>
<ZipCode>062693060</ZipCode>
<StreetAddress><![CDATA[55 N. Eagleville Road 3060]]></StreetAddress>
<CountryCode>US</CountryCode>
<CountryName>United States</CountryName>
<StateName>Connecticut</StateName>
<CountryFlag>1</CountryFlag>
<CONGRESSDISTRICT>02</CONGRESSDISTRICT>
<CONGRESS_DISTRICT_PERF>CT02</CONGRESS_DISTRICT_PERF>
</Performance_Institution>
<ProgramElement>
<Code>6878</Code>
<Text>Chemical Synthesis</Text>
</ProgramElement>
<ProgramReference>
<Code>8037</Code>
<Text>Advanced Manufacturing</Text>
</ProgramReference>
<ProgramReference>
<Code>8396</Code>
<Text>Clean Energy Technology</Text>
</ProgramReference>
<ProgramReference>
<Code>8607</Code>
<Text>Solar Energy Capture&amp;Conver</Text>
</ProgramReference>
<Appropriation>
<Code>0118</Code>
<Name>NSF RESEARCH &amp; RELATED ACTIVIT</Name>
<APP_SYMB_ID>040100</APP_SYMB_ID>
</Appropriation>
<Fund>
<Code>01001819DB</Code>
<Name><![CDATA[NSF RESEARCH & RELATED ACTIVIT]]></Name>
<FUND_SYMB_ID>040100</FUND_SYMB_ID>
</Fund>
<FUND_OBLG>2018~462909</FUND_OBLG>
</Award>
</rootTag>
