<?xml version="1.0" encoding="UTF-8"?>
<rootTag>
<Award>
<AwardTitle><![CDATA[RUI:  Molecular Design for Redox Active Deep Eutectic Solvents]]></AwardTitle>
<AGENCY>NSF</AGENCY>
<AwardEffectiveDate>09/01/2018</AwardEffectiveDate>
<AwardExpirationDate>08/31/2022</AwardExpirationDate>
<AwardTotalIntnAmount>245000.00</AwardTotalIntnAmount>
<AwardAmount>245000</AwardAmount>
<AwardInstrument>
<Value>Standard Grant</Value>
</AwardInstrument>
<Organization>
<Code>03090000</Code>
<Directorate>
<Abbreviation>MPS</Abbreviation>
<LongName>Direct For Mathematical &amp; Physical Scien</LongName>
</Directorate>
<Division>
<Abbreviation>CHE</Abbreviation>
<LongName>Division Of Chemistry</LongName>
</Division>
</Organization>
<ProgramOfficer>
<SignBlockName>Tingyu Li</SignBlockName>
<PO_EMAI>tli@nsf.gov</PO_EMAI>
<PO_PHON>7032924949</PO_PHON>
</ProgramOfficer>
<AbstractNarration><![CDATA[In this project, funded by the Chemical Structure, Dynamic &amp; Mechanism B Program of the Chemistry Division, Professor John Goeltz of the School of Natural Sciences at California State University, Monterey Bay is developing new classes of liquids for applications in energy fields.  This research targets liquids that can store charge without the addition of any active materials for development of new capabilities for existing battery materials such as fast charging without reduced battery lifetimes and a chemical method of protecting against failure due to overcharging.  This project is especially well suited to the training of undergraduate scientists with diverse interests and career goals.  Development of student researchers' writing and assessment techniques will also be part of the funded project as the students develop and deploy training materials to enable other undergraduate scientists to advance beyond a first-year level skill set in electrochemistry.&lt;br/&gt;&lt;br/&gt;Solvents that exhibit reversible redox activity hold promise in energy conversion and storage yet remain relatively uncommon.  This project involves application of chemical design principles to low-temperature ionic melts known as deep eutectic solvents (DESs) and related materials. Researchers will synthesize and characterize precursor molecules and prepare redox-active liquid ionic materials. They are characterizing these materials by rheology, voltammetry, UV-vis spectroelectrochemistry, and 2-dimensional NMR techniques. Undergraduate researchers are: 1. thermally and electrochemically characterizing a solvent in multiple oxidation states; 2. measuring the energetics of hydrogen bonded assemblies that define the solvents through voltammetry and NMR; and 3. demonstrating the first bifunctional redox active solvents that can be reversibly reduced or oxidized and isolated in any of three oxidation states.&lt;br/&gt;&lt;br/&gt;This award reflects NSF's statutory mission and has been deemed worthy of support through evaluation using the Foundation's intellectual merit and broader impacts review criteria.]]></AbstractNarration>
<MinAmdLetterDate>07/24/2018</MinAmdLetterDate>
<MaxAmdLetterDate>07/24/2018</MaxAmdLetterDate>
<ARRAAmount/>
<TRAN_TYPE>Grant</TRAN_TYPE>
<CFDA_NUM>47.049</CFDA_NUM>
<NSF_PAR_USE_FLAG>1</NSF_PAR_USE_FLAG>
<FUND_AGCY_CODE>4900</FUND_AGCY_CODE>
<AWDG_AGCY_CODE>4900</AWDG_AGCY_CODE>
<AwardID>1800177</AwardID>
<Investigator>
<FirstName>John</FirstName>
<LastName>Goeltz</LastName>
<PI_MID_INIT>C</PI_MID_INIT>
<PI_SUFX_NAME/>
<PI_FULL_NAME>John C Goeltz</PI_FULL_NAME>
<EmailAddress><![CDATA[jgoeltz@csumb.edu]]></EmailAddress>
<NSF_ID>000731547</NSF_ID>
<StartDate>07/24/2018</StartDate>
<EndDate/>
<RoleCode>Principal Investigator</RoleCode>
</Investigator>
<Institution>
<Name><![CDATA[University Corporation at Monterey Bay]]></Name>
<CityName>SEASIDE</CityName>
<ZipCode>939558000</ZipCode>
<PhoneNumber>8315823089</PhoneNumber>
<StreetAddress><![CDATA[100 CAMPUS CTR]]></StreetAddress>
<StreetAddress2/>
<CountryName>United States</CountryName>
<StateName>California</StateName>
<StateCode>CA</StateCode>
<CONGRESSDISTRICT>19</CONGRESSDISTRICT>
<CONGRESS_DISTRICT_ORG>CA19</CONGRESS_DISTRICT_ORG>
<ORG_UEI_NUM>EDSUH7KMJE91</ORG_UEI_NUM>
<ORG_LGL_BUS_NAME>UNIVERSITY CORPORATION AT MONTEREY BAY</ORG_LGL_BUS_NAME>
<ORG_PRNT_UEI_NUM>EDSUH7KMJE91</ORG_PRNT_UEI_NUM>
</Institution>
<Performance_Institution>
<Name><![CDATA[University Corporation at Monterey Bay]]></Name>
<CityName/>
<StateCode>CA</StateCode>
<ZipCode>939558001</ZipCode>
<StreetAddress/>
<CountryCode>US</CountryCode>
<CountryName>United States</CountryName>
<StateName>California</StateName>
<CountryFlag>1</CountryFlag>
<CONGRESSDISTRICT>19</CONGRESSDISTRICT>
<CONGRESS_DISTRICT_PERF>CA19</CONGRESS_DISTRICT_PERF>
</Performance_Institution>
<ProgramElement>
<Code>9102</Code>
<Text>Chem Struct,Dynmcs&amp;Mechansms B</Text>
</ProgramElement>
<ProgramReference>
<Code>8396</Code>
<Text>Clean Energy Technology</Text>
</ProgramReference>
<ProgramReference>
<Code>8399</Code>
<Text>Energy Storage or Transmission</Text>
</ProgramReference>
<ProgramReference>
<Code>9229</Code>
<Text>RES IN UNDERGRAD INST-RESEARCH</Text>
</ProgramReference>
<Appropriation>
<Code>0118</Code>
<Name>NSF RESEARCH &amp; RELATED ACTIVIT</Name>
<APP_SYMB_ID>040100</APP_SYMB_ID>
</Appropriation>
<Fund>
<Code>01001819DB</Code>
<Name><![CDATA[NSF RESEARCH & RELATED ACTIVIT]]></Name>
<FUND_SYMB_ID>040100</FUND_SYMB_ID>
</Fund>
<FUND_OBLG>2018~245000</FUND_OBLG>
<POR>
<DRECONTENT><![CDATA[<div class="porColContainerWBG"> <div class="porContentCol"><p>This award supported a diverse collection of undergraduate researchers working outside their majors in the fields of applied physical chemistry and advanced fluidic materials.&nbsp; These researchers were trained in research methods that leave them prepared to contribute to our current and future energy challenges, including renewable fuels and improved energy storage.&nbsp; Many presented their work in oral and poster sessions at national meetings, and two entered PhD programs in chemistry at UC campuses despite not having majored in chemistry, granted entrance based on the strength of their publication records.</p> <p>Laboratory work focused on deep eutectic solvents (DESs), an engaging class of materials most commonly prepared by mixing an organic salt and a hydrogen bond donor.&nbsp; If selected properly, the resulting material is a fluid at room temperature despite being composed of what were solids under the same conditions.&nbsp; The most highly cited paper to date supported by this funding, "Ternary Deep Eutectic Solvent Behavior of Water and Urea?Choline Chloride Mixtures," quantified the effects of water added to the most common DES.&nbsp; This work has been popular because 1. it quantifies an phenomenon that is nearly always present in DES work (adventitious water) and 2. it reveals a new set of easily accessible, non-toxic materials with interesting properties.&nbsp; By combining three common and low-cost materials (water, choline chloride, and urea), one can prepare a material with a freezing point of -50 C (-58 F).</p> <p>Undergraduate researchers also published peer reviewed papers describing a method and materials for introducing students to electrochemistry; an electrochromic device that changes color with applied voltage; and method of tuning a "safe shut-down" material that could be further developed to prevent battery fires.</p><br> <p>            Last Modified: 10/09/2022<br>      Modified by: John&nbsp;C&nbsp;Goeltz</p> </div> <div class="porSideCol"></div> </div>]]></DRECONTENT>
<POR_COPY_TXT><![CDATA[ This award supported a diverse collection of undergraduate researchers working outside their majors in the fields of applied physical chemistry and advanced fluidic materials.  These researchers were trained in research methods that leave them prepared to contribute to our current and future energy challenges, including renewable fuels and improved energy storage.  Many presented their work in oral and poster sessions at national meetings, and two entered PhD programs in chemistry at UC campuses despite not having majored in chemistry, granted entrance based on the strength of their publication records.  Laboratory work focused on deep eutectic solvents (DESs), an engaging class of materials most commonly prepared by mixing an organic salt and a hydrogen bond donor.  If selected properly, the resulting material is a fluid at room temperature despite being composed of what were solids under the same conditions.  The most highly cited paper to date supported by this funding, "Ternary Deep Eutectic Solvent Behavior of Water and Urea?Choline Chloride Mixtures," quantified the effects of water added to the most common DES.  This work has been popular because 1. it quantifies an phenomenon that is nearly always present in DES work (adventitious water) and 2. it reveals a new set of easily accessible, non-toxic materials with interesting properties.  By combining three common and low-cost materials (water, choline chloride, and urea), one can prepare a material with a freezing point of -50 C (-58 F).  Undergraduate researchers also published peer reviewed papers describing a method and materials for introducing students to electrochemistry; an electrochromic device that changes color with applied voltage; and method of tuning a "safe shut-down" material that could be further developed to prevent battery fires.       Last Modified: 10/09/2022       Submitted by: John C Goeltz]]></POR_COPY_TXT>
</POR>
</Award>
</rootTag>
