<?xml version="1.0" encoding="UTF-8"?>
<rootTag>
<Award>
<AwardTitle><![CDATA[Collaborative Research: Defects and Dopants in Critical Wide Band Gap Semiconductors - ZnO, InGaZnO, Ga2O3, and ScN]]></AwardTitle>
<AGENCY>NSF</AGENCY>
<AwardEffectiveDate>07/01/2018</AwardEffectiveDate>
<AwardExpirationDate>06/30/2021</AwardExpirationDate>
<AwardTotalIntnAmount>187000.00</AwardTotalIntnAmount>
<AwardAmount>187000</AwardAmount>
<AwardInstrument>
<Value>Standard Grant</Value>
</AwardInstrument>
<Organization>
<Code>03070000</Code>
<Directorate>
<Abbreviation>MPS</Abbreviation>
<LongName>Direct For Mathematical &amp; Physical Scien</LongName>
</Directorate>
<Division>
<Abbreviation>DMR</Abbreviation>
<LongName>Division Of Materials Research</LongName>
</Division>
</Organization>
<ProgramOfficer>
<SignBlockName>Paul Lane</SignBlockName>
<PO_EMAI>plane@nsf.gov</PO_EMAI>
<PO_PHON>7032922453</PO_PHON>
</ProgramOfficer>
<AbstractNarration><![CDATA[Nontechnical description: The project explores the electronic and chemical properties of atomic-scale imperfections in the semiconductors zinc oxide, gallium oxide, indium gallium oxide, and scandium nitride with a specific focus on controlling such defects for higher power, speed, and light output of advanced electronic devices. Such defects may degrade semiconductor properties by trapping charge carriers to reduce the current and charge speed. These imperfections depend sensitively on the specific techniques used for growing and/or subsequent thermal, chemical, and plasma treatments. The research, which combines experimental studies with transport modeling, is aimed at measuring the optical properties of lattice structural and chemical imperfections of these relatively unexplored semiconductors, using growth variations, plasma, hydrogen annealing, and irradiation treatments to identify their physical nature and electrical measurements in magnetic fields to identify their ability to donate or accept electrons. The project ultimate goal is to understand the nature of these defects and eventually to eliminate them. The ability to remove these structural and/or chemical defects impacts a range of technologies. Zinc oxide is a prime candidate to replace today's high-cost materials in solar cells, digital displays, and light emitting diodes. Gallium oxide's ability to handle very high voltages can improve power switches for telecommunications and power transmission. Indium gallium oxide can provide higher speed displays and high-resolution TVs. Scandium nitride can lower resistance and power consumption of metallic contacts to semiconductors used in cellphones. The activities provide collaborative research opportunities for a graduate student, several university undergraduates, and high school students from an all-girl's high school.&lt;br/&gt;&lt;br/&gt;Technical description: The research focuses on fundamental studies of native point defects in the semiconductors ZnO, Ga2O3, InGaZnO, and ScN, which have emerged as critical materials for advanced high power and optoelectronic display applications. ZnO, doped with Ga or Al, is the prime candidate to replace expensive indium tin oxide in solar cells, displays, light emitting diodes, and touchscreens. Ga2O3 is the dominant new material for power switches because of its record high breakdown voltage. InGaZnO is the dominant amorphous oxide replacing amorphous-Si transistors in displays and high-resolution TVs (e.g., Sharp). ScN can improve ohmic contacts in GaN-based devices and serve as a buffer layer for GaN-on-Si technology. All four can be highly doped with impurity donors, yet all four are impacted by deep level defects that compensate free carriers and introduce scattering that reduces carrier mobility. The nature of native point defects in Ga2O3, InGaZnO, and ScN as well as ZnO is almost completely unexplored, yet these defects can have a major impact on carrier density, mobility, and interface transport. The research team will measure the spatial distribution and physical nature of specific defects using 3-dimensional nanoscale optical spectroscopies coupled with donor /acceptor densities and dielectric properties by temperature-dependent Hall effect and reflectance/transmission measurements, respectively, in order to identify and quantify defect densities on a near-nm scale and understand how to control them through new growth and processing techniques. The goals of this work are to understand the primary compensating defects in these compounds that limit degenerate doping and produce lower mobilities, combining near-surface remote plasma, implantation and thermal processing with optical and surface science techniques to identify these native point defects, correlate them with donor/acceptor densities, and chemically control them. The project also aims to explore the impact of these defects on barriers and transport at Schottky barriers and heterojunctions involving these semiconductors. The overall goal of the project is to control these defects and their impact on carrier densities and junction transport by selected growth and processing techniques that improve conductivity and interface properties.&lt;br/&gt;&lt;br/&gt;This award reflects NSF's statutory mission and has been deemed worthy of support through evaluation using the Foundation's intellectual merit and broader impacts review criteria.]]></AbstractNarration>
<MinAmdLetterDate>05/14/2018</MinAmdLetterDate>
<MaxAmdLetterDate>05/14/2018</MaxAmdLetterDate>
<ARRAAmount/>
<TRAN_TYPE>Grant</TRAN_TYPE>
<CFDA_NUM>47.049</CFDA_NUM>
<NSF_PAR_USE_FLAG>1</NSF_PAR_USE_FLAG>
<FUND_AGCY_CODE>4900</FUND_AGCY_CODE>
<AWDG_AGCY_CODE>4900</AWDG_AGCY_CODE>
<AwardID>1800139</AwardID>
<Investigator>
<FirstName>David</FirstName>
<LastName>Look</LastName>
<PI_MID_INIT>C</PI_MID_INIT>
<PI_SUFX_NAME/>
<PI_FULL_NAME>David C Look</PI_FULL_NAME>
<EmailAddress><![CDATA[david.look@wright.edu]]></EmailAddress>
<NSF_ID>000381120</NSF_ID>
<StartDate>05/14/2018</StartDate>
<EndDate/>
<RoleCode>Principal Investigator</RoleCode>
</Investigator>
<Institution>
<Name><![CDATA[Wright State University]]></Name>
<CityName>DAYTON</CityName>
<ZipCode>454350001</ZipCode>
<PhoneNumber>9377752425</PhoneNumber>
<StreetAddress><![CDATA[3640 COLONEL GLENN HWY]]></StreetAddress>
<StreetAddress2/>
<CountryName>United States</CountryName>
<StateName>Ohio</StateName>
<StateCode>OH</StateCode>
<CONGRESSDISTRICT>10</CONGRESSDISTRICT>
<CONGRESS_DISTRICT_ORG>OH10</CONGRESS_DISTRICT_ORG>
<ORG_UEI_NUM>NPT2UNTNHJZ1</ORG_UEI_NUM>
<ORG_LGL_BUS_NAME>WRIGHT STATE UNIVERSITY</ORG_LGL_BUS_NAME>
<ORG_PRNT_UEI_NUM/>
</Institution>
<Performance_Institution>
<Name><![CDATA[Wright State University]]></Name>
<CityName>Dayton</CityName>
<StateCode>OH</StateCode>
<ZipCode>454350001</ZipCode>
<StreetAddress><![CDATA[3640 Colonel Glenn Highway]]></StreetAddress>
<CountryCode>US</CountryCode>
<CountryName>United States</CountryName>
<StateName>Ohio</StateName>
<CountryFlag>1</CountryFlag>
<CONGRESSDISTRICT>10</CONGRESSDISTRICT>
<CONGRESS_DISTRICT_PERF>OH10</CONGRESS_DISTRICT_PERF>
</Performance_Institution>
<ProgramElement>
<Code>1775</Code>
<Text>ELECTRONIC/PHOTONIC MATERIALS</Text>
</ProgramElement>
<ProgramReference>
<Code>6863</Code>
<Text>SEBML-MOORE'S LAW</Text>
</ProgramReference>
<ProgramReference>
<Code>7237</Code>
<Text>NANO NON-SOLIC SCI &amp; ENG AWD</Text>
</ProgramReference>
<ProgramReference>
<Code>8396</Code>
<Text>Clean Energy Technology</Text>
</ProgramReference>
<ProgramReference>
<Code>8611</Code>
<Text>Energy Efficiency and End Use</Text>
</ProgramReference>
<ProgramReference>
<Code>8614</Code>
<Text>Nanomaterials</Text>
</ProgramReference>
<Appropriation>
<Code>0118</Code>
<Name>NSF RESEARCH &amp; RELATED ACTIVIT</Name>
<APP_SYMB_ID>040100</APP_SYMB_ID>
</Appropriation>
<Fund>
<Code>01001819DB</Code>
<Name><![CDATA[NSF RESEARCH & RELATED ACTIVIT]]></Name>
<FUND_SYMB_ID>040100</FUND_SYMB_ID>
</Fund>
<FUND_OBLG>2018~187000</FUND_OBLG>
<POR>
<DRECONTENT><![CDATA[<div class="porColContainerWBG"> <div class="porContentCol"><p>&nbsp;</p> <ol> <li>We used cathodoluminescence spectroscopy (CLS) to observe optical signatures of both a mid-gap nitrogen vacancy precursor to oxygen-on-nitrogen lattice site doping as well as above the direct (X&ndash;X) bandgap corresponding to band-to-band transitions from four separate conduction bands near the &Gamma; point with the valence band minimum, in close agreement with calculated band structure predictions. </li> <li>Combined depth resolved cathodoluminescence and surface photovoltage spectroscopies identify the optical, energy level, and spatial distribution properties of Ga<sub>2</sub>O<sub>3</sub> gallium vacancies with neutron irradiation and H passivation.</li> <li>Depth-resolved cathodoluminescence spectroscopy (DRCLS), and Raman spectroscopy revealed changes in lithiated V<sub>2</sub>O<sub>5</sub> electronic structure from the surface to the bulk of battery cathode thin films with nanoscale resolution, showing that its electrochemical performance degradation with deep discharge is associated with drastic band structure changes that accompany octahedral distortion, rather than a chemical conversion reaction.</li> <li>We used depth-resolved cathodoluminescence spectroscopy (DRCLS) and surface photovoltage spectroscopy (SPS) to measure the density distributions, energy levels, and optical transitions of native point defects in SrTiO<sub>3</sub>, BaTiO<sub>3 </sub>complex oxides on a near-nanometer scale to reveal their sensitivity to growth temperature, mechanical strain, crystal orientation and chemical interactions and whose spatial redistribution has strong electronic effects.</li> <li>We developed a new theory that explains the strong thickness dependence of QMC. It postulates a second source of disorder that arises from defects introduced by a poor interface. Such disorder diminishes away from the interface and thus is <em>nonuniform</em>, in contrast to the <em>uniform</em> disorder caused by the randomness of the dopants. This theory not only obeys the 3D limit for the thickest samples but also yields a natural figure of merit for interface disorder. It is proven by a detailed study of ten Sn-doped In<sub>2</sub>O<sub>3</sub> films with thicknesses ranging from 13 &ndash; 292 nm and then applied to Ga-doped ZnO and other degenerate semiconductors. </li> </ol> <p>&nbsp;</p><br> <p>            Last Modified: 08/24/2021<br>      Modified by: David&nbsp;C&nbsp;Look</p> </div> <div class="porSideCol"></div> </div>]]></DRECONTENT>
<POR_COPY_TXT><![CDATA[    We used cathodoluminescence spectroscopy (CLS) to observe optical signatures of both a mid-gap nitrogen vacancy precursor to oxygen-on-nitrogen lattice site doping as well as above the direct (X&ndash;X) bandgap corresponding to band-to-band transitions from four separate conduction bands near the &Gamma; point with the valence band minimum, in close agreement with calculated band structure predictions.  Combined depth resolved cathodoluminescence and surface photovoltage spectroscopies identify the optical, energy level, and spatial distribution properties of Ga2O3 gallium vacancies with neutron irradiation and H passivation. Depth-resolved cathodoluminescence spectroscopy (DRCLS), and Raman spectroscopy revealed changes in lithiated V2O5 electronic structure from the surface to the bulk of battery cathode thin films with nanoscale resolution, showing that its electrochemical performance degradation with deep discharge is associated with drastic band structure changes that accompany octahedral distortion, rather than a chemical conversion reaction. We used depth-resolved cathodoluminescence spectroscopy (DRCLS) and surface photovoltage spectroscopy (SPS) to measure the density distributions, energy levels, and optical transitions of native point defects in SrTiO3, BaTiO3 complex oxides on a near-nanometer scale to reveal their sensitivity to growth temperature, mechanical strain, crystal orientation and chemical interactions and whose spatial redistribution has strong electronic effects. We developed a new theory that explains the strong thickness dependence of QMC. It postulates a second source of disorder that arises from defects introduced by a poor interface. Such disorder diminishes away from the interface and thus is nonuniform, in contrast to the uniform disorder caused by the randomness of the dopants. This theory not only obeys the 3D limit for the thickest samples but also yields a natural figure of merit for interface disorder. It is proven by a detailed study of ten Sn-doped In2O3 films with thicknesses ranging from 13 &ndash; 292 nm and then applied to Ga-doped ZnO and other degenerate semiconductors.            Last Modified: 08/24/2021       Submitted by: David C Look]]></POR_COPY_TXT>
</POR>
</Award>
</rootTag>
