<?xml version="1.0" encoding="UTF-8"?>
<rootTag>
<Award>
<AwardTitle><![CDATA[Multiconfigurational methods for copper cluster catalysts in copper-exchanged zeolites involved in methane-to-methanol conversion]]></AwardTitle>
<AGENCY>NSF</AGENCY>
<AwardEffectiveDate>07/01/2018</AwardEffectiveDate>
<AwardExpirationDate>06/30/2023</AwardExpirationDate>
<AwardTotalIntnAmount>399990.00</AwardTotalIntnAmount>
<AwardAmount>399990</AwardAmount>
<AwardInstrument>
<Value>Standard Grant</Value>
</AwardInstrument>
<Organization>
<Code>03090000</Code>
<Directorate>
<Abbreviation>MPS</Abbreviation>
<LongName>Direct For Mathematical &amp; Physical Scien</LongName>
</Directorate>
<Division>
<Abbreviation>CHE</Abbreviation>
<LongName>Division Of Chemistry</LongName>
</Division>
</Organization>
<ProgramOfficer>
<SignBlockName>Kenneth Moloy</SignBlockName>
<PO_EMAI>kmoloy@nsf.gov</PO_EMAI>
<PO_PHON>7032928441</PO_PHON>
</ProgramOfficer>
<AbstractNarration><![CDATA[The United States has large reserves of natural gas, and the major component of this natural gas is methane. Methane is expensive to transport to locations where it can be utilized to make fuels and chemicals. Conversion of methane to methanol, a liquid and easily transported material, is one solution to this problem. To be economically feasible, the conversion of methane to methanol must be efficient. It must also occur using oxygen (air) and under practical conditions. Improved catalysts are needed for this reaction to be economically useful. Scientists have not yet discovered how to improve these catalysts, and it remains an unsolved problem and an active area of research. In this project, Dr. Samuel Odoh of the University of Nevada Reno is developing and using computational chemistry methods to understand exactly how these catalysts work and how to improve them. The new computational approaches being developed to solve this problem also have applications to other problems in chemistry and catalysis. The techniques and software being developed will be provided to the research community. Dr. Odoh and his group are providing education and research opportunities students from underrepresented groups and low-income families in Northern Nevada. These activities include summer research internships for high school students in Dr. Odoh's laboratory as well as outreach and recruitment drives to the inner-city areas of Reno-Tahoe. These activities are improving science, technology, engineering, and mathematics education at the middle school, high school and college levels.&lt;br/&gt;&lt;br/&gt;With funding from the Chemical Catalysis Program of the Chemistry Division, Dr. Odoh of the University of Nevada Reno, is developing fundamental understanding of how the properties of copper-exchanged zeolites dictate their activity, turnover rates and selectivity in the oxidation of methane with oxygen to form methanol under mild temperature conditions. A theory-based understanding of the physical and chemical properties of these catalytic platforms can lead to improved predictions of materials with better performance for methane-to-methanol conversion (MMC). The researchers are developing and using new and existing quantum-mechanical methods capable of accurately describing the multireference properties of the metal oxide clusters that are the active sites for MMC. These methods are being used to investigate the nature and identity of the active sites in copper-exchanged zeolites. Dr. Odoh's laboratory is providing greater understanding of MMC and side-reactions in these materials. This work is guiding the design of better catalysts and leading to a pivot in the direction of developing catalysts for MMC. In addition, the computational techniques and software being developed will be provided to the research community for use in attacking other problems in chemistry and catalysis. Dr. Odoh is actively engaged in STEM outreach programs focused on recruiting students from low-income families and under-represented backgrounds. This is being done through high school student research internships, mentoring drives and educator development in support of the broader impacts of the project.&lt;br/&gt;&lt;br/&gt;This award reflects NSF's statutory mission and has been deemed worthy of support through evaluation using the Foundation's intellectual merit and broader impacts review criteria.]]></AbstractNarration>
<MinAmdLetterDate>07/27/2018</MinAmdLetterDate>
<MaxAmdLetterDate>07/27/2018</MaxAmdLetterDate>
<ARRAAmount/>
<TRAN_TYPE>Grant</TRAN_TYPE>
<CFDA_NUM>47.049</CFDA_NUM>
<NSF_PAR_USE_FLAG>1</NSF_PAR_USE_FLAG>
<FUND_AGCY_CODE>4900</FUND_AGCY_CODE>
<AWDG_AGCY_CODE>4900</AWDG_AGCY_CODE>
<AwardID>1800387</AwardID>
<Investigator>
<FirstName>Samuel</FirstName>
<LastName>Odoh</LastName>
<PI_MID_INIT/>
<PI_SUFX_NAME/>
<PI_FULL_NAME>Samuel Odoh</PI_FULL_NAME>
<EmailAddress><![CDATA[sodoh@unr.edu]]></EmailAddress>
<NSF_ID>000755410</NSF_ID>
<StartDate>07/27/2018</StartDate>
<EndDate/>
<RoleCode>Principal Investigator</RoleCode>
</Investigator>
<Institution>
<Name><![CDATA[Board of Regents, NSHE, obo University of Nevada, Reno]]></Name>
<CityName>RENO</CityName>
<ZipCode>895570001</ZipCode>
<PhoneNumber>7757844040</PhoneNumber>
<StreetAddress><![CDATA[1664 N VIRGINIA ST # 285]]></StreetAddress>
<StreetAddress2/>
<CountryName>United States</CountryName>
<StateName>Nevada</StateName>
<StateCode>NV</StateCode>
<CONGRESSDISTRICT>02</CONGRESSDISTRICT>
<CONGRESS_DISTRICT_ORG>NV02</CONGRESS_DISTRICT_ORG>
<ORG_UEI_NUM>WLDGTNCFFJZ3</ORG_UEI_NUM>
<ORG_LGL_BUS_NAME>BOARD OF REGENTS OF THE NEVADA SYSTEM OF HIGHER ED</ORG_LGL_BUS_NAME>
<ORG_PRNT_UEI_NUM>WLDGTNCFFJZ3</ORG_PRNT_UEI_NUM>
</Institution>
<Performance_Institution>
<Name><![CDATA[Board of Regents, NSHE, obo University of Nevada, Reno]]></Name>
<CityName>Reno</CityName>
<StateCode>NV</StateCode>
<ZipCode>895570001</ZipCode>
<StreetAddress><![CDATA[1664 N. Virginia St.]]></StreetAddress>
<CountryCode>US</CountryCode>
<CountryName>United States</CountryName>
<StateName>Nevada</StateName>
<CountryFlag>1</CountryFlag>
<CONGRESSDISTRICT>02</CONGRESSDISTRICT>
<CONGRESS_DISTRICT_PERF>NV02</CONGRESS_DISTRICT_PERF>
</Performance_Institution>
<ProgramElement>
<Code>6884</Code>
<Text>Chemical Catalysis</Text>
</ProgramElement>
<ProgramElement>
<Code>9150</Code>
<Text>EPSCoR Co-Funding</Text>
</ProgramElement>
<ProgramReference>
<Code>8037</Code>
<Text>Advanced Manufacturing</Text>
</ProgramReference>
<ProgramReference>
<Code>8084</Code>
<Text>CDS&amp;E</Text>
</ProgramReference>
<ProgramReference>
<Code>8396</Code>
<Text>Clean Energy Technology</Text>
</ProgramReference>
<ProgramReference>
<Code>8398</Code>
<Text>Hydrocarbon Conversion</Text>
</ProgramReference>
<ProgramReference>
<Code>9150</Code>
<Text>EXP PROG TO STIM COMP RES</Text>
</ProgramReference>
<ProgramReference>
<Code>9263</Code>
<Text>COMPUTATIONAL SCIENCE &amp; ENGING</Text>
</ProgramReference>
<Appropriation>
<Code>0118</Code>
<Name>NSF RESEARCH &amp; RELATED ACTIVIT</Name>
<APP_SYMB_ID>040100</APP_SYMB_ID>
</Appropriation>
<Fund>
<Code>01001819DB</Code>
<Name><![CDATA[NSF RESEARCH & RELATED ACTIVIT]]></Name>
<FUND_SYMB_ID>040100</FUND_SYMB_ID>
</Fund>
<FUND_OBLG>2018~399990</FUND_OBLG>
<POR>
<DRECONTENT><![CDATA[<div class="porColContainerWBG"> <div class="porContentCol"><p>The NSF grant award&nbsp;1800387 supported quantum-mechanical computational investigation of methane-to-methanol transformation by copper-exchanged zeolites. This project is mission-critical when one considers that the United States has abundant natural gas resources. The major component of natural gas is methane, a gas. This natural gas is transported over very large distances, to places where it will be used (homes, refineries, power plants ...e.t.c). For this reason, scientists have been interested in approaches for directly converting methane (again, a gas) to methanol (a liquid), under not-too-harsh conditions. The central idea is that methanol can be transported with existing infrastructure and that direct conversion is far less expensive than current liquefaction technologies.</p> <p>For methane conversion to methanol (under reasonable conditions), the most selective systems are copper-exchanged zeolites. They are able to produce more methanol, instead of unwanted over-oxidation products like carbon dioxide, formic acid or carbon monoxide. The Odoh group used quantum-mechanical calculations to investigate copper-oxo active-site clusters in these zeolites. We used DFT and multiconfigurational approaches to investigate the reactivities of these sites, their electronic structures, how to improve their properties by mimicking nature's penchant for heterometallicity, influence of Br?nsted acid sites as well as their optical and X-ray absorption spectra. Over 5 years (07/2018-07/2023), researchers supported on this grant participated in 16 publications. One publication was a cover article.&nbsp;</p> <p><strong>Intellectual Merits:</strong></p> <p>1) We provided the first detailed investigation of methane over-oxidation in copper-exchanged zeolites. This is crucially important as over-oxidation to unwanted CO2 and CO is one of the major factors mitigating against industrial adoption of direct methane-to-methanol conversion by copper-exchanged zeolites.</p> <p>2) Detailed description of the relationships between methane over-oxidation and Bronsted active sites in copper-exchanged zeolites. We provided detailed explanations of how the methanol yield is affected by the amount of acid sites in the zeolites. Our predictions have now been confirmed experimentally.</p> <p>3) We showed that theoretical methods can accurately predict the absorption spectra of copper species in zeolites. This is important as it now provides us a key to identify which species are actually doing the catalytic conversion of methane in these zeolites.</p> <p>4) When we evaluated theoretical methods for spectra of these zeolites, we found that the best methods tend to be very expensive (take long time and resources to finish). For this reason, we developed a new density functional method that we demonstrated to be very good for predicting spectra of a large variety of chemical systems.</p> <p>5) Described the mechanistic pathways by which the copper-oxo active sites in these zeolites are actually formed. We rationalized that if we know how they are formed and how they behave (<strong>1</strong>, <strong>2</strong> and <strong>3</strong> above), then we could progress to design catalysts that perform better. By performance, we were seeking catalysts that could be formed at a lower temperature (200 <span><sup>o</sup></span>C versus current 450 <sup>o</sup>C) and that still remained highly reactive and selective.</p> <p>6) We examined the impact of heterometallicity on copper-exchanged zeolites. In our original proposal, we suggested that copying nature's "<em>magic trick</em>" of using two different metals in enzymes might be an opportunity to improve on copper-exchanged zeolites. We were able to show that replacing one or two copper atoms by silver or palladium will solve all the issues, however with the downside of being more expensive.</p> <p><strong>Broader Impacts:</strong></p> <p>1) This proposal supported four Ph.D. students over the entirety of their careers at the University of Nevada, Reno. Two of these are now continuing their careers as postdoctoral fellows (Adeyiga Olajumoke and Dipak Panthi) at other universities in the United States. Another Ph.D. student is now a professor (Olabisi Suleiman at Virginia Union University). The last student, Kevin Curtis is in his 4th year and will be graduating in May 2024.&nbsp;He was previously supported on this NSF grant but is now being supported on a NASA EPSCOR graduate scholarship.</p> <p>2) This proposal allowed us to support several undergraduate students. Two of these are continued their careers as graduate students in Chemistry (Dillon Stetler at Oregon State University and Sirui Wang at University of California Riverside). Zoe Long is now a software engineer at Lawrence Livermore National Laboratory. Several other students (Janel Bustarde, Janel Reed, Shaina Bird and Corban King) have gone on with careers in medicine, dentistry, pharmacy and science laboratory technology.&nbsp;</p> <p>3) Outreach: Supported by this grant, the Odoh group regularly visited 5 high schools in the Reno-Tahoe basin (Reed High School, Carson High School, Fernley High School, Reno High School and Bishop Manogue High School) to meet with students, discuss chemical catalysis and recruit for the University of Nevada, Reno. We also provided research opportunities for several first generation TriO students (Vincent Lee, Juan Martinez and Celeste Rodriguez).&nbsp;&nbsp;</p> <p>&nbsp;</p> <p>&nbsp;</p> <p><span><br /></span></p><br> <p>            Last Modified: 09/28/2023<br>      Modified by: Samuel&nbsp;Odoh</p> </div> <div class="porSideCol"> <div class="each-gallery"> <div class="galContent" id="gallery0"> <div class="photoCount" id="photoCount0">          Image         </div> <div class="galControls onePhoto" id="controls0"></div> <div class="galSlideshow" id="slideshow0"></div> <div class="galEmbox" id="embox"> <div class="image-title"></div> </div> </div> <div class="galNavigation onePhoto" id="navigation0"> <ul class="thumbs" id="thumbs0"> <li> <a href="/por/images/Reports/POR/2023/1800387/1800387_10562152_1695918389890_cphc202100820-toc-0001-m--rgov-214x142.jpg" original="/por/images/Reports/POR/2023/1800387/1800387_10562152_1695918389890_cphc202100820-toc-0001-m--rgov-800width.jpg" title="Methane Over-Oxidation"><img src="/por/images/Reports/POR/2023/1800387/1800387_10562152_1695918389890_cphc202100820-toc-0001-m--rgov-66x44.jpg" alt="Methane Over-Oxidation"></a> <div class="imageCaptionContainer"> <div class="imageCaption">How is methane over-oxidized to unwanted "stuff" (like carbon dioxide or formates) instead of only forming the desired methanol product? How can we improve selectivity for methanol?</div> <div class="imageCredit">Samuel O Odoh</div> <div class="imagePermisssions">Royalty-free (unrestricted use)</div> <div class="imageSubmitted">Samuel&nbsp;Odoh</div> <div class="imageTitle">Methane Over-Oxidation</div> </div> </li> </ul> </div> </div> </div> </div>]]></DRECONTENT>
<POR_COPY_TXT><![CDATA[ The NSF grant award 1800387 supported quantum-mechanical computational investigation of methane-to-methanol transformation by copper-exchanged zeolites. This project is mission-critical when one considers that the United States has abundant natural gas resources. The major component of natural gas is methane, a gas. This natural gas is transported over very large distances, to places where it will be used (homes, refineries, power plants ...e.t.c). For this reason, scientists have been interested in approaches for directly converting methane (again, a gas) to methanol (a liquid), under not-too-harsh conditions. The central idea is that methanol can be transported with existing infrastructure and that direct conversion is far less expensive than current liquefaction technologies.  For methane conversion to methanol (under reasonable conditions), the most selective systems are copper-exchanged zeolites. They are able to produce more methanol, instead of unwanted over-oxidation products like carbon dioxide, formic acid or carbon monoxide. The Odoh group used quantum-mechanical calculations to investigate copper-oxo active-site clusters in these zeolites. We used DFT and multiconfigurational approaches to investigate the reactivities of these sites, their electronic structures, how to improve their properties by mimicking nature's penchant for heterometallicity, influence of Br?nsted acid sites as well as their optical and X-ray absorption spectra. Over 5 years (07/2018-07/2023), researchers supported on this grant participated in 16 publications. One publication was a cover article.   Intellectual Merits:  1) We provided the first detailed investigation of methane over-oxidation in copper-exchanged zeolites. This is crucially important as over-oxidation to unwanted CO2 and CO is one of the major factors mitigating against industrial adoption of direct methane-to-methanol conversion by copper-exchanged zeolites.  2) Detailed description of the relationships between methane over-oxidation and Bronsted active sites in copper-exchanged zeolites. We provided detailed explanations of how the methanol yield is affected by the amount of acid sites in the zeolites. Our predictions have now been confirmed experimentally.  3) We showed that theoretical methods can accurately predict the absorption spectra of copper species in zeolites. This is important as it now provides us a key to identify which species are actually doing the catalytic conversion of methane in these zeolites.  4) When we evaluated theoretical methods for spectra of these zeolites, we found that the best methods tend to be very expensive (take long time and resources to finish). For this reason, we developed a new density functional method that we demonstrated to be very good for predicting spectra of a large variety of chemical systems.  5) Described the mechanistic pathways by which the copper-oxo active sites in these zeolites are actually formed. We rationalized that if we know how they are formed and how they behave (1, 2 and 3 above), then we could progress to design catalysts that perform better. By performance, we were seeking catalysts that could be formed at a lower temperature (200 oC versus current 450 oC) and that still remained highly reactive and selective.  6) We examined the impact of heterometallicity on copper-exchanged zeolites. In our original proposal, we suggested that copying nature's "magic trick" of using two different metals in enzymes might be an opportunity to improve on copper-exchanged zeolites. We were able to show that replacing one or two copper atoms by silver or palladium will solve all the issues, however with the downside of being more expensive.  Broader Impacts:  1) This proposal supported four Ph.D. students over the entirety of their careers at the University of Nevada, Reno. Two of these are now continuing their careers as postdoctoral fellows (Adeyiga Olajumoke and Dipak Panthi) at other universities in the United States. Another Ph.D. student is now a professor (Olabisi Suleiman at Virginia Union University). The last student, Kevin Curtis is in his 4th year and will be graduating in May 2024. He was previously supported on this NSF grant but is now being supported on a NASA EPSCOR graduate scholarship.  2) This proposal allowed us to support several undergraduate students. Two of these are continued their careers as graduate students in Chemistry (Dillon Stetler at Oregon State University and Sirui Wang at University of California Riverside). Zoe Long is now a software engineer at Lawrence Livermore National Laboratory. Several other students (Janel Bustarde, Janel Reed, Shaina Bird and Corban King) have gone on with careers in medicine, dentistry, pharmacy and science laboratory technology.   3) Outreach: Supported by this grant, the Odoh group regularly visited 5 high schools in the Reno-Tahoe basin (Reed High School, Carson High School, Fernley High School, Reno High School and Bishop Manogue High School) to meet with students, discuss chemical catalysis and recruit for the University of Nevada, Reno. We also provided research opportunities for several first generation TriO students (Vincent Lee, Juan Martinez and Celeste Rodriguez).                  Last Modified: 09/28/2023       Submitted by: Samuel Odoh]]></POR_COPY_TXT>
</POR>
</Award>
</rootTag>
