<?xml version="1.0" encoding="UTF-8"?>
<rootTag>
<Award>
<AwardTitle><![CDATA[Developing an Accelerated Cybersecurity Program Aligned with Workforce Needs]]></AwardTitle>
<AGENCY>NSF</AGENCY>
<AwardEffectiveDate>10/01/2018</AwardEffectiveDate>
<AwardExpirationDate>09/30/2022</AwardExpirationDate>
<AwardTotalIntnAmount>466488.00</AwardTotalIntnAmount>
<AwardAmount>518928</AwardAmount>
<AwardInstrument>
<Value>Standard Grant</Value>
</AwardInstrument>
<Organization>
<Code>11040100</Code>
<Directorate>
<Abbreviation>EDU</Abbreviation>
<LongName>Directorate for STEM Education</LongName>
</Directorate>
<Division>
<Abbreviation>DUE</Abbreviation>
<LongName>Division Of Undergraduate Education</LongName>
</Division>
</Organization>
<ProgramOfficer>
<SignBlockName>R. Corby Hovis</SignBlockName>
<PO_EMAI>chovis@nsf.gov</PO_EMAI>
<PO_PHON>7032924625</PO_PHON>
</ProgramOfficer>
<AbstractNarration><![CDATA[Keeping computers and information systems secure is a major challenge. Business, industry, and government need well-prepared technicians who can detect, investigate, and prevent cybersecurity breaches.  The growth of cyber-threats has created a need for many more workers who have specific knowledge and skills to meet these workforce demands. In response to a persistent demand for a skilled cybersecurity workforce in Maryland, this project will develop an accelerated cybersecurity degree program.  This program aims to prepare students for jobs at the nearby Aberdeen Proving Ground and other companies in the surrounding area. The program will be designed to maximize opportunities for online learning, incorporate a "competency-based" approach, and promote quicker entry into employment.  The resulting 18-month degree program should be attractive to a diverse population of students, promote their persistence and completion, and give them the skills needed tackle dynamic, real-world challenges which will have immediate value to their employers.&lt;br/&gt;&lt;br/&gt;By working closely with government and industry partners, this project will ensure that the college's cybersecurity program addresses the workforce skills and competencies needed by regional employers. The project has three main objectives: (1) Develop an accelerated Associate of Applied Science (AAS) degree program in information assurance and cybersecurity, which students can complete in 18 months and which aims to produce at least 40 graduates (in two cohorts) by the end of the grant. (2) Modify two of the AAS program's 13 core cybersecurity courses to an adaptive-learning, competency-based format, and train faculty to convert topical modules in courses to competency-based learning, so that the entire program curriculum will become competency-based over time. (3) Determine whether the competency-based learning approach is more effective than the traditional outcomes-based approach in developing cybersecurity skills. To achieve these objectives, the investigators will adapt the curriculum of the college's current two-year AAS program in information assurance and cybersecurity to include more online learning; establish a new cybersecurity teaching laboratory at a convenient off-campus location; and oversee the adaptation of two courses to a competency-based format, while assessing the skills and experiences of the students compared to a control group taking outcomes-based courses.&lt;br/&gt;&lt;br/&gt;This award reflects NSF's statutory mission and has been deemed worthy of support through evaluation using the Foundation's intellectual merit and broader impacts review criteria.]]></AbstractNarration>
<MinAmdLetterDate>08/21/2018</MinAmdLetterDate>
<MaxAmdLetterDate>05/13/2021</MaxAmdLetterDate>
<ARRAAmount/>
<TRAN_TYPE>Grant</TRAN_TYPE>
<CFDA_NUM>47.076</CFDA_NUM>
<NSF_PAR_USE_FLAG>1</NSF_PAR_USE_FLAG>
<FUND_AGCY_CODE>4900</FUND_AGCY_CODE>
<AWDG_AGCY_CODE>4900</AWDG_AGCY_CODE>
<AwardID>1800959</AwardID>
<Investigator>
<FirstName>David</FirstName>
<LastName>Law</LastName>
<PI_MID_INIT/>
<PI_SUFX_NAME/>
<PI_FULL_NAME>David Law</PI_FULL_NAME>
<EmailAddress><![CDATA[dlaw@harford.edu]]></EmailAddress>
<NSF_ID>000822273</NSF_ID>
<StartDate>06/02/2020</StartDate>
<EndDate/>
<RoleCode>Co-Principal Investigator</RoleCode>
</Investigator>
<Investigator>
<FirstName>Kelly</FirstName>
<LastName>Koermer</LastName>
<PI_MID_INIT/>
<PI_SUFX_NAME/>
<PI_FULL_NAME>Kelly Koermer</PI_FULL_NAME>
<EmailAddress><![CDATA[kkoermer@harford.edu]]></EmailAddress>
<NSF_ID>000782622</NSF_ID>
<StartDate>09/25/2018</StartDate>
<EndDate/>
<RoleCode>Co-Principal Investigator</RoleCode>
</Investigator>
<Investigator>
<FirstName>Portia</FirstName>
<LastName>Crowe</LastName>
<PI_MID_INIT>I</PI_MID_INIT>
<PI_SUFX_NAME/>
<PI_FULL_NAME>Portia I Crowe</PI_FULL_NAME>
<EmailAddress><![CDATA[pcrowe@harford.edu]]></EmailAddress>
<NSF_ID>000759365</NSF_ID>
<StartDate>08/21/2018</StartDate>
<EndDate/>
<RoleCode>Co-Principal Investigator</RoleCode>
</Investigator>
<Investigator>
<FirstName>Dawn</FirstName>
<LastName>Grissom</LastName>
<PI_MID_INIT/>
<PI_SUFX_NAME/>
<PI_FULL_NAME>Dawn Grissom</PI_FULL_NAME>
<EmailAddress><![CDATA[dgrissom@harford.edu]]></EmailAddress>
<NSF_ID>000756688</NSF_ID>
<StartDate>09/25/2018</StartDate>
<EndDate/>
<RoleCode>Principal Investigator</RoleCode>
</Investigator>
<Investigator>
<FirstName>Pamela</FirstName>
<LastName>Karwowski</LastName>
<PI_MID_INIT/>
<PI_SUFX_NAME/>
<PI_FULL_NAME>Pamela Karwowski</PI_FULL_NAME>
<EmailAddress><![CDATA[pkarwowski@harford.edu]]></EmailAddress>
<NSF_ID>000756544</NSF_ID>
<StartDate>09/25/2018</StartDate>
<EndDate/>
<RoleCode>Co-Principal Investigator</RoleCode>
</Investigator>
<Investigator>
<FirstName>Pamela</FirstName>
<LastName>Karwowski</LastName>
<PI_MID_INIT/>
<PI_SUFX_NAME/>
<PI_FULL_NAME>Pamela Karwowski</PI_FULL_NAME>
<EmailAddress><![CDATA[pkarwowski@harford.edu]]></EmailAddress>
<NSF_ID>000756544</NSF_ID>
<StartDate>08/21/2018</StartDate>
<EndDate>09/25/2018</EndDate>
<RoleCode>Former Principal Investigator</RoleCode>
</Investigator>
<Investigator>
<FirstName>Dawn</FirstName>
<LastName>Grissom</LastName>
<PI_MID_INIT/>
<PI_SUFX_NAME/>
<PI_FULL_NAME>Dawn Grissom</PI_FULL_NAME>
<EmailAddress><![CDATA[dgrissom@harford.edu]]></EmailAddress>
<NSF_ID>000756688</NSF_ID>
<StartDate>08/21/2018</StartDate>
<EndDate>09/25/2018</EndDate>
<RoleCode>Former Co-Principal Investigator</RoleCode>
</Investigator>
<Investigator>
<FirstName>John</FirstName>
<LastName>Mayhorne</LastName>
<PI_MID_INIT/>
<PI_SUFX_NAME>Mr.</PI_SUFX_NAME>
<PI_FULL_NAME>John Mayhorne</PI_FULL_NAME>
<EmailAddress><![CDATA[jmayhorne@harford.edu]]></EmailAddress>
<NSF_ID>000619319</NSF_ID>
<StartDate>08/21/2018</StartDate>
<EndDate>09/25/2018</EndDate>
<RoleCode>Former Co-Principal Investigator</RoleCode>
</Investigator>
<Institution>
<Name><![CDATA[Harford Community College]]></Name>
<CityName>BEL AIR</CityName>
<ZipCode>210151627</ZipCode>
<PhoneNumber>4434122160</PhoneNumber>
<StreetAddress><![CDATA[401 THOMAS RUN RD]]></StreetAddress>
<StreetAddress2/>
<CountryName>United States</CountryName>
<StateName>Maryland</StateName>
<StateCode>MD</StateCode>
<CONGRESSDISTRICT>01</CONGRESSDISTRICT>
<CONGRESS_DISTRICT_ORG>MD01</CONGRESS_DISTRICT_ORG>
<ORG_UEI_NUM>FW2LLLFFGB81</ORG_UEI_NUM>
<ORG_LGL_BUS_NAME>HARFORD COMMUNITY COLLEGE</ORG_LGL_BUS_NAME>
<ORG_PRNT_UEI_NUM/>
</Institution>
<Performance_Institution>
<Name><![CDATA[Harford Community College]]></Name>
<CityName>Bel Air</CityName>
<StateCode>MD</StateCode>
<ZipCode>210151627</ZipCode>
<StreetAddress><![CDATA[401 Thomas Run Road]]></StreetAddress>
<CountryCode>US</CountryCode>
<CountryName>United States</CountryName>
<StateName>Maryland</StateName>
<CountryFlag>1</CountryFlag>
<CONGRESSDISTRICT>01</CONGRESSDISTRICT>
<CONGRESS_DISTRICT_PERF>MD01</CONGRESS_DISTRICT_PERF>
</Performance_Institution>
<ProgramElement>
<Code>7412</Code>
<Text>Advanced Tech Education Prog</Text>
</ProgramElement>
<ProgramReference>
<Code>1032</Code>
<Text>ADVANCED TECHNOLOGY EDUCATION</Text>
</ProgramReference>
<ProgramReference>
<Code>9178</Code>
<Text>UNDERGRADUATE EDUCATION</Text>
</ProgramReference>
<ProgramReference>
<Code>SMET</Code>
<Text>SCIENCE, MATH, ENG &amp; TECH EDUCATION</Text>
</ProgramReference>
<Appropriation>
<Code>0418</Code>
<Name>NSF Education &amp; Human Resource</Name>
<APP_SYMB_ID>040106</APP_SYMB_ID>
</Appropriation>
<Appropriation>
<Code>0421</Code>
<Name>NSF Education &amp; Human Resource</Name>
<APP_SYMB_ID>040106</APP_SYMB_ID>
</Appropriation>
<Fund>
<Code>04001819DB</Code>
<Name><![CDATA[NSF Education & Human Resource]]></Name>
<FUND_SYMB_ID>040106</FUND_SYMB_ID>
</Fund>
<Fund>
<Code>04002122DB</Code>
<Name><![CDATA[NSF Education & Human Resource]]></Name>
<FUND_SYMB_ID>040106</FUND_SYMB_ID>
</Fund>
<FUND_OBLG>2018~466488</FUND_OBLG>
<FUND_OBLG>2021~52440</FUND_OBLG>
<POR>
<DRECONTENT><![CDATA[<div class="porColContainerWBG"> <div class="porContentCol"><p>Over the course of the project period for Hire Harford First, Harford Community College aimed to (1) develop an accelerated Information Assurance and Cybersecurity Associate of Applied Sciences (IAC AAS) degree program that can be completed in 18 months and produce at least 40 cybersecurity AAS graduates over two cohorts by Year 3; (2) modify two of the IAC AAS program's core cybersecurity courses to an adaptive-learning, competency-based format; and (3) determine whether a competency-based learning approach is more effective than the traditional outcomes-based approach in developing cybersecurity skills.</p> <p>First, we developed an accelerated Information Assurance and Cybersecurity AAS degree program that can be completed in 17 calendar months, as opposed to 18. We graduated 30 students from the program, a feat met under significant challenges during the pandemic during a period of unprecedented enrollment declines at community colleges generally and especially at Harford. Second, we modified Fundamentals of Network Security (CIS 210) into CBML and piloted it in Spring 2020 and modified Introduction to Networks (CIS 135) into competency-based mastery learning (CBML) and piloted it in Spring 2021. Third, to determine whether a competency-based learning approach is more effective in developing cybersecurity skills, we pursued multiple steps. VivoWorks facilitated instructional practice workshops to introduce cybersecurity faculty to competency-based education (CBE).&nbsp; Fifteen multidisciplinary faculty participated in "Building Applied Work-Based Learning Curriculum" workshop taught by Norman Bier, Executive Director of the Simon Initiative and Director of the Open Learning Initiative at Carnegie Mellon University. Harford offered a five-day student workshop during year one that addressed curricular gaps in CIS 210.&nbsp; This workshop culminated in providing students the opportunity to participate in advanced training through the Baltimore Cyber Range which is supported by a State of Maryland Employment Advancement Right Now (EARN) grant. This training involves real-world threat vectors that students must defend against. A comprehensive guide of CBML was then developed that informs various audience types about what CBML is, how it works and how it differs from traditional Outcomes Based Education (OBE) expectations and responsibilities of faculty and students in terms of what their respective roles look like in this new teaching and learning environment. Longitudinal data from the pilot courses and the trainings demonstrates that CBML curriculum produces increased depth of knowledge, produced higher proficiency rates, and can achieve Benjamin Bloom's vision that all students who desire to learn can achieve mastery when education is designed to increase the number of the capable, rather than select only those who qualify. Evaluation of this project suggests that CMBL design has advantages over the traditional education model. Using this evidence as a backdrop, the project developed a "gold standard" module for the CIS 210 course. The project team decided that the best course forward was to have a gold standard module developed that would become the master for remaining modules in the CIS 210 course and subsequently CIS 135 as well as other courses in the cyber program.</p> <p>Finally, using supplemental funding under this grant, Harford Cyber faculty participated in a forty-hour Capture the Flag training program delivered by Jesse Varsalone. This training was to provide professional development about problem-based learning through cybersecurity competitions to prepare faculty to integrate cyber competitions into the curriculum, both through a new capstone course and within existing courses.</p><br> <p>            Last Modified: 12/07/2022<br>      Modified by: David&nbsp;Law</p> </div> <div class="porSideCol"></div> </div>]]></DRECONTENT>
<POR_COPY_TXT><![CDATA[ Over the course of the project period for Hire Harford First, Harford Community College aimed to (1) develop an accelerated Information Assurance and Cybersecurity Associate of Applied Sciences (IAC AAS) degree program that can be completed in 18 months and produce at least 40 cybersecurity AAS graduates over two cohorts by Year 3; (2) modify two of the IAC AAS program's core cybersecurity courses to an adaptive-learning, competency-based format; and (3) determine whether a competency-based learning approach is more effective than the traditional outcomes-based approach in developing cybersecurity skills.  First, we developed an accelerated Information Assurance and Cybersecurity AAS degree program that can be completed in 17 calendar months, as opposed to 18. We graduated 30 students from the program, a feat met under significant challenges during the pandemic during a period of unprecedented enrollment declines at community colleges generally and especially at Harford. Second, we modified Fundamentals of Network Security (CIS 210) into CBML and piloted it in Spring 2020 and modified Introduction to Networks (CIS 135) into competency-based mastery learning (CBML) and piloted it in Spring 2021. Third, to determine whether a competency-based learning approach is more effective in developing cybersecurity skills, we pursued multiple steps. VivoWorks facilitated instructional practice workshops to introduce cybersecurity faculty to competency-based education (CBE).  Fifteen multidisciplinary faculty participated in "Building Applied Work-Based Learning Curriculum" workshop taught by Norman Bier, Executive Director of the Simon Initiative and Director of the Open Learning Initiative at Carnegie Mellon University. Harford offered a five-day student workshop during year one that addressed curricular gaps in CIS 210.  This workshop culminated in providing students the opportunity to participate in advanced training through the Baltimore Cyber Range which is supported by a State of Maryland Employment Advancement Right Now (EARN) grant. This training involves real-world threat vectors that students must defend against. A comprehensive guide of CBML was then developed that informs various audience types about what CBML is, how it works and how it differs from traditional Outcomes Based Education (OBE) expectations and responsibilities of faculty and students in terms of what their respective roles look like in this new teaching and learning environment. Longitudinal data from the pilot courses and the trainings demonstrates that CBML curriculum produces increased depth of knowledge, produced higher proficiency rates, and can achieve Benjamin Bloom's vision that all students who desire to learn can achieve mastery when education is designed to increase the number of the capable, rather than select only those who qualify. Evaluation of this project suggests that CMBL design has advantages over the traditional education model. Using this evidence as a backdrop, the project developed a "gold standard" module for the CIS 210 course. The project team decided that the best course forward was to have a gold standard module developed that would become the master for remaining modules in the CIS 210 course and subsequently CIS 135 as well as other courses in the cyber program.  Finally, using supplemental funding under this grant, Harford Cyber faculty participated in a forty-hour Capture the Flag training program delivered by Jesse Varsalone. This training was to provide professional development about problem-based learning through cybersecurity competitions to prepare faculty to integrate cyber competitions into the curriculum, both through a new capstone course and within existing courses.       Last Modified: 12/07/2022       Submitted by: David Law]]></POR_COPY_TXT>
</POR>
</Award>
</rootTag>
