<?xml version="1.0" encoding="UTF-8"?>
<rootTag>
<Award>
<AwardTitle><![CDATA[Understanding and Directing the Reactivity of Cyclometalated Complexes in Late Transition Metal-Based Homogeneous Catalysis]]></AwardTitle>
<AGENCY>NSF</AGENCY>
<AwardEffectiveDate>08/01/2018</AwardEffectiveDate>
<AwardExpirationDate>07/31/2021</AwardExpirationDate>
<AwardTotalIntnAmount>462000.00</AwardTotalIntnAmount>
<AwardAmount>462000</AwardAmount>
<AwardInstrument>
<Value>Standard Grant</Value>
</AwardInstrument>
<Organization>
<Code>03090000</Code>
<Directorate>
<Abbreviation>MPS</Abbreviation>
<LongName>Direct For Mathematical &amp; Physical Scien</LongName>
</Directorate>
<Division>
<Abbreviation>CHE</Abbreviation>
<LongName>Division Of Chemistry</LongName>
</Division>
</Organization>
<ProgramOfficer>
<SignBlockName>George Richter-Addo</SignBlockName>
<PO_EMAI>grichter@nsf.gov</PO_EMAI>
<PO_PHON>7032927528</PO_PHON>
</ProgramOfficer>
<AbstractNarration><![CDATA[With funding from the Chemical Catalysis Program of the Division of Chemistry, Dr. Pinjing Zhao of North Dakota State University Fargo is studying metal-based catalysts for the synthesis of organic molecules. Metal catalysts, molecules that speed up reactions, must interact with the target starting materials (substrates) in order to transform the reactants into products. Dr. Zhao is studying the rational design and development of new catalysts, including those that do not employ expensive and rare metals, to provide new tools for environmentally-friendly chemical synthesis. This project provides interdisciplinary research training and career preparation for graduate and undergraduate students. Catalytic and synthetic reactions are introduced in the sophomore organic chemistry lecture course. Student projects are developed for the inorganic laboratory course to provide hands-on experience with instrumentation and lab techniques. Professor Zhao leads the construction of a web-based database to promote general dissemination of the fundamental knowledge and recent research progress on organometallic chemistry. This database provides valuable training experiences for graduate and undergraduate students training them for careers in industry, government and academia. &lt;br/&gt;&lt;br/&gt;Dr. Zhao is developing catalytic applications of late transition metal-based cyclometalation processes. Catalytically-relevant metallacycles are generated through nickel- and ruthenium-mediated C-H bond activation of ancillary ligands such as N-heterocyclic carbenes (NHCs) and aromatic N-H ketimines. Other target cyclometalation processes include rhodium- and ruthenium-mediated decarboxylation of arene- and heteroarenecarboxylic acids via chelation assistance. Results of structure-reactivity relationships of cyclometalated catalyst precursors and reactive intermediates are guiding new catalyst developments via atom-efficient activation of strong chemical bonds including carbon-hydrogen, oxygen-hydrogen, and carbon-carbon bonds. Dr. Zhao is also leading an initiative to develop a web-based searchable database to promote general dissemination of fundamental knowledge on chemical bond transformations in organometallic chemistry.&lt;br/&gt;&lt;br/&gt;This award reflects NSF's statutory mission and has been deemed worthy of support through evaluation using the Foundation's intellectual merit and broader impacts review criteria.]]></AbstractNarration>
<MinAmdLetterDate>07/10/2018</MinAmdLetterDate>
<MaxAmdLetterDate>07/10/2018</MaxAmdLetterDate>
<ARRAAmount/>
<TRAN_TYPE>Grant</TRAN_TYPE>
<CFDA_NUM>47.049</CFDA_NUM>
<NSF_PAR_USE_FLAG>1</NSF_PAR_USE_FLAG>
<FUND_AGCY_CODE>4900</FUND_AGCY_CODE>
<AWDG_AGCY_CODE>4900</AWDG_AGCY_CODE>
<AwardID>1800467</AwardID>
<Investigator>
<FirstName>Pinjing</FirstName>
<LastName>Zhao</LastName>
<PI_MID_INIT/>
<PI_SUFX_NAME/>
<PI_FULL_NAME>Pinjing Zhao</PI_FULL_NAME>
<EmailAddress><![CDATA[pinjing.zhao@ndsu.edu]]></EmailAddress>
<NSF_ID>000535852</NSF_ID>
<StartDate>07/10/2018</StartDate>
<EndDate/>
<RoleCode>Principal Investigator</RoleCode>
</Investigator>
<Institution>
<Name><![CDATA[North Dakota State University Fargo]]></Name>
<CityName>FARGO</CityName>
<ZipCode>581055750</ZipCode>
<PhoneNumber>7012318045</PhoneNumber>
<StreetAddress><![CDATA[1310 BOLLEY DR]]></StreetAddress>
<StreetAddress2/>
<CountryName>United States</CountryName>
<StateName>North Dakota</StateName>
<StateCode>ND</StateCode>
<CONGRESSDISTRICT>00</CONGRESSDISTRICT>
<CONGRESS_DISTRICT_ORG>ND00</CONGRESS_DISTRICT_ORG>
<ORG_UEI_NUM>EZ4WPGRE1RD5</ORG_UEI_NUM>
<ORG_LGL_BUS_NAME>NORTH DAKOTA STATE UNIVERSITY</ORG_LGL_BUS_NAME>
<ORG_PRNT_UEI_NUM>EZ4WPGRE1RD5</ORG_PRNT_UEI_NUM>
</Institution>
<Performance_Institution>
<Name><![CDATA[North Dakota State University Fargo]]></Name>
<CityName>Fargo</CityName>
<StateCode>ND</StateCode>
<ZipCode>581086050</ZipCode>
<StreetAddress><![CDATA[Dept 4000 - PO Box 6050]]></StreetAddress>
<CountryCode>US</CountryCode>
<CountryName>United States</CountryName>
<StateName>North Dakota</StateName>
<CountryFlag>1</CountryFlag>
<CONGRESSDISTRICT>00</CONGRESSDISTRICT>
<CONGRESS_DISTRICT_PERF>ND00</CONGRESS_DISTRICT_PERF>
</Performance_Institution>
<ProgramElement>
<Code>6884</Code>
<Text>Chemical Catalysis</Text>
</ProgramElement>
<ProgramReference>
<Code>8037</Code>
<Text>Advanced Manufacturing</Text>
</ProgramReference>
<ProgramReference>
<Code>9150</Code>
<Text>EXP PROG TO STIM COMP RES</Text>
</ProgramReference>
<Appropriation>
<Code>0118</Code>
<Name>NSF RESEARCH &amp; RELATED ACTIVIT</Name>
<APP_SYMB_ID>040100</APP_SYMB_ID>
</Appropriation>
<Fund>
<Code>01001819DB</Code>
<Name><![CDATA[NSF RESEARCH & RELATED ACTIVIT]]></Name>
<FUND_SYMB_ID>040100</FUND_SYMB_ID>
</Fund>
<FUND_OBLG>2018~462000</FUND_OBLG>
<POR>
<DRECONTENT><![CDATA[<div class="porColContainerWBG"> <div class="porContentCol"><p><strong>Intellectual Merit </strong></p> <p>The development of highly efficient and selective catalytic reactions via mild activation of inert chemical bonds is a significant task for synthetic chemists. Transition metal-mediated cyclometalation is a powerful strategy for such bond activation processes via chelation assistance. Better understanding of the fundamental reactivity of cyclometalated complexes will provide important guidance to direct their applications as catalyst precursors or reactive intermediates in rational catalyst design and improvement. In current project, we aim to focus on cyclometalation-based catalytic C-H activation and decarboxylation processes that could positively impact eco-friendly chemical synthesis. During this funding period, we have advanced catalyst development and substrate scope evaluation of several catalytic processes involving cyclometalated intermediates via chelation-assisted bond activation processes. These reactions include Ni-catalyzed dehydrogenative alcohol transformations via NHC cyclometalation, Rh- and Ru-catalyzed arene functionalizations via chelation-assisted C-H activation and decarboxylation, and Rh-catalyzed [3+2] annulation process via isocyanate-directed cyclometalation. &nbsp;</p> <p>Based on new results obtained with current funding support, we have also carried out mechanism understanding and catalyst development of Ni-catalyzed alkyne hydroamination process as an atom-efficient method for C-N bond formation. We obtained mechanistic results that support a proposed hydroamination pathway via alkyne insertion into Ni-amide linkage. This alkyne hydroamination mechanism is fundamentally different from the typical pathway of alkyne activation with late transition metal catalysts as Lewis acids and draws analogy with early transition metal-catalyzed alkyne hydroamination via amine activation. We envision that such merged traits of early- and late-transition metal catalysis will open up new windows of opportunity for Ni-catalyzed hydroamination and other aminative transformations involving catalytically active Ni amide species. In particular, we have obtained preliminary results as proof-of-concept for Ni-based development of tandem amination transformations towards atom-efficient construction of nitrogen-heterocycles. With the synergy between mechanism study and catalyst development, results from this project are expected to enhance the fundamental knowledge on structure-reactivity correlations in organometallic chemistry.</p> <p><strong>Broader Impacts</strong></p> <p>This project has provided full or partial salary support for 2 postdoc associates, 4 graduate students, and 1 short-term visiting scholar for research at the home institution (NDSU). In addition, this project has provided research opportunities for 2 undergraduate students via enrollment in a research course. Participating students have received scientific and research training in multiple areas including organic chemistry, inorganic and organometallic chemistry, homogeneous catalysis, and physical methods for reaction mechanism studies.</p> <p>Results from this research has been disseminated to the scientific community through 3 invited seminars and 2 conference presentations by the PI and 4 ACS meeting presentations (3 national and 1 regional) by graduate students. Several manuscripts describing results from this study are currently in preparation and will be submitted for publication at peer-reviewed journals. Participation student researchers have gained relevant experience in scientific writing, professional presentations, and interacting with fellow scientists in the community. &nbsp;</p> <p>Through continuous participation in various educational and outreach activities, the PI's research group has provided exposure to modern organometallic chemistry and catalysis for REU students, visiting high school students for summer research, as well as high school student parents and science teachers in the local community via the COINS (Career Opportunities In Nature Sciences) outreach program. The PI has also utilized the undergraduate organic chemistry courses as an active platform for teaching innovations and research-related curriculum development.</p> <p>&nbsp;</p><br> <p>            Last Modified: 09/27/2022<br>      Modified by: Pinjing&nbsp;Zhao</p> </div> <div class="porSideCol"></div> </div>]]></DRECONTENT>
<POR_COPY_TXT><![CDATA[ Intellectual Merit   The development of highly efficient and selective catalytic reactions via mild activation of inert chemical bonds is a significant task for synthetic chemists. Transition metal-mediated cyclometalation is a powerful strategy for such bond activation processes via chelation assistance. Better understanding of the fundamental reactivity of cyclometalated complexes will provide important guidance to direct their applications as catalyst precursors or reactive intermediates in rational catalyst design and improvement. In current project, we aim to focus on cyclometalation-based catalytic C-H activation and decarboxylation processes that could positively impact eco-friendly chemical synthesis. During this funding period, we have advanced catalyst development and substrate scope evaluation of several catalytic processes involving cyclometalated intermediates via chelation-assisted bond activation processes. These reactions include Ni-catalyzed dehydrogenative alcohol transformations via NHC cyclometalation, Rh- and Ru-catalyzed arene functionalizations via chelation-assisted C-H activation and decarboxylation, and Rh-catalyzed [3+2] annulation process via isocyanate-directed cyclometalation.    Based on new results obtained with current funding support, we have also carried out mechanism understanding and catalyst development of Ni-catalyzed alkyne hydroamination process as an atom-efficient method for C-N bond formation. We obtained mechanistic results that support a proposed hydroamination pathway via alkyne insertion into Ni-amide linkage. This alkyne hydroamination mechanism is fundamentally different from the typical pathway of alkyne activation with late transition metal catalysts as Lewis acids and draws analogy with early transition metal-catalyzed alkyne hydroamination via amine activation. We envision that such merged traits of early- and late-transition metal catalysis will open up new windows of opportunity for Ni-catalyzed hydroamination and other aminative transformations involving catalytically active Ni amide species. In particular, we have obtained preliminary results as proof-of-concept for Ni-based development of tandem amination transformations towards atom-efficient construction of nitrogen-heterocycles. With the synergy between mechanism study and catalyst development, results from this project are expected to enhance the fundamental knowledge on structure-reactivity correlations in organometallic chemistry.  Broader Impacts  This project has provided full or partial salary support for 2 postdoc associates, 4 graduate students, and 1 short-term visiting scholar for research at the home institution (NDSU). In addition, this project has provided research opportunities for 2 undergraduate students via enrollment in a research course. Participating students have received scientific and research training in multiple areas including organic chemistry, inorganic and organometallic chemistry, homogeneous catalysis, and physical methods for reaction mechanism studies.  Results from this research has been disseminated to the scientific community through 3 invited seminars and 2 conference presentations by the PI and 4 ACS meeting presentations (3 national and 1 regional) by graduate students. Several manuscripts describing results from this study are currently in preparation and will be submitted for publication at peer-reviewed journals. Participation student researchers have gained relevant experience in scientific writing, professional presentations, and interacting with fellow scientists in the community.    Through continuous participation in various educational and outreach activities, the PI's research group has provided exposure to modern organometallic chemistry and catalysis for REU students, visiting high school students for summer research, as well as high school student parents and science teachers in the local community via the COINS (Career Opportunities In Nature Sciences) outreach program. The PI has also utilized the undergraduate organic chemistry courses as an active platform for teaching innovations and research-related curriculum development.          Last Modified: 09/27/2022       Submitted by: Pinjing Zhao]]></POR_COPY_TXT>
</POR>
</Award>
</rootTag>
