<?xml version="1.0" encoding="UTF-8"?>
<rootTag>
<Award>
<AwardTitle><![CDATA[Probabilistic and Deterministic Aspects of Nonlinear Dispersive and Wave Equations]]></AwardTitle>
<AGENCY>NSF</AGENCY>
<AwardEffectiveDate>08/01/2018</AwardEffectiveDate>
<AwardExpirationDate>07/31/2023</AwardExpirationDate>
<AwardTotalIntnAmount>161812.00</AwardTotalIntnAmount>
<AwardAmount>161812</AwardAmount>
<AwardInstrument>
<Value>Standard Grant</Value>
</AwardInstrument>
<Organization>
<Code>03040000</Code>
<Directorate>
<Abbreviation>MPS</Abbreviation>
<LongName>Direct For Mathematical &amp; Physical Scien</LongName>
</Directorate>
<Division>
<Abbreviation>DMS</Abbreviation>
<LongName>Division Of Mathematical Sciences</LongName>
</Division>
</Organization>
<ProgramOfficer>
<SignBlockName>Marian Bocea</SignBlockName>
<PO_EMAI>mbocea@nsf.gov</PO_EMAI>
<PO_PHON>7032922595</PO_PHON>
</ProgramOfficer>
<AbstractNarration><![CDATA[Nonlinear dispersive and wave equations model wave propagation phenomena for many physical systems, from water waves to the dynamics of quantum gases. Understanding the "typical" behavior of these systems has many applications, such as problems in material science involving signal degeneration in optic fibers. For the last few decades, research on these equations has centered around questions on the existence of solutions, their long time behavior, and the possibility of singularity formation. Fundamental progress has been made in many settings, yet in some regimes, the nonlinear interactions are so strong compared to the dispersion of the waves that typical methods break down. In those regimes, probabilistic tools have been instrumental in analyzing the behavior of these systems, enabling researchers to answer new and exciting questions in a variety of settings.&lt;br/&gt; &lt;br/&gt;This project aims to investigate the behavior of solutions to nonlinear wave and Schrodinger equations, and more generally Hamiltonian equations in infinite dimensions. More specifically, the PI will address several problems, including probabilistic existence and long-time behavior for power-type nonlinear wave and Schrodinger equations, the analysis of integrable structures, and the definition of invariant Gibbs-type measures. These problems have several common goals, many of them motivated by recent developments in the study of nonlinear dispersive and wave equations via probabilistic techniques. The PI will refine existing probabilistic tools and develop new ones in order to treat new settings, such as certain geometric flows. Additionally, to tackle these problems, the PI will employ a combination of tools from harmonic analysis, probability theory, spectral theory and the theory of Hamiltonian systems.&lt;br/&gt;&lt;br/&gt;This award reflects NSF's statutory mission and has been deemed worthy of support through evaluation using the Foundation's intellectual merit and broader impacts review criteria.]]></AbstractNarration>
<MinAmdLetterDate>07/18/2018</MinAmdLetterDate>
<MaxAmdLetterDate>07/18/2018</MaxAmdLetterDate>
<ARRAAmount/>
<TRAN_TYPE>Grant</TRAN_TYPE>
<CFDA_NUM>47.049</CFDA_NUM>
<NSF_PAR_USE_FLAG>1</NSF_PAR_USE_FLAG>
<FUND_AGCY_CODE>4900</FUND_AGCY_CODE>
<AWDG_AGCY_CODE>4900</AWDG_AGCY_CODE>
<AwardID>1800697</AwardID>
<Investigator>
<FirstName>Dana</FirstName>
<LastName>Mendelson</LastName>
<PI_MID_INIT/>
<PI_SUFX_NAME/>
<PI_FULL_NAME>Dana Mendelson</PI_FULL_NAME>
<EmailAddress><![CDATA[dmendelson@uchicago.edu]]></EmailAddress>
<NSF_ID>000730875</NSF_ID>
<StartDate>07/18/2018</StartDate>
<EndDate/>
<RoleCode>Principal Investigator</RoleCode>
</Investigator>
<Institution>
<Name><![CDATA[University of Chicago]]></Name>
<CityName>CHICAGO</CityName>
<ZipCode>606375418</ZipCode>
<PhoneNumber>7737028669</PhoneNumber>
<StreetAddress><![CDATA[5801 S ELLIS AVE]]></StreetAddress>
<StreetAddress2/>
<CountryName>United States</CountryName>
<StateName>Illinois</StateName>
<StateCode>IL</StateCode>
<CONGRESSDISTRICT>01</CONGRESSDISTRICT>
<CONGRESS_DISTRICT_ORG>IL01</CONGRESS_DISTRICT_ORG>
<ORG_UEI_NUM>ZUE9HKT2CLC9</ORG_UEI_NUM>
<ORG_LGL_BUS_NAME>UNIVERSITY OF CHICAGO</ORG_LGL_BUS_NAME>
<ORG_PRNT_UEI_NUM>ZUE9HKT2CLC9</ORG_PRNT_UEI_NUM>
</Institution>
<Performance_Institution>
<Name><![CDATA[University of Chicago]]></Name>
<CityName>Chicago</CityName>
<StateCode>IL</StateCode>
<ZipCode>606371505</ZipCode>
<StreetAddress><![CDATA[5734 South University Ave]]></StreetAddress>
<CountryCode>US</CountryCode>
<CountryName>United States</CountryName>
<StateName>Illinois</StateName>
<CountryFlag>1</CountryFlag>
<CONGRESSDISTRICT>01</CONGRESSDISTRICT>
<CONGRESS_DISTRICT_PERF>IL01</CONGRESS_DISTRICT_PERF>
</Performance_Institution>
<ProgramElement>
<Code>1281</Code>
<Text>ANALYSIS PROGRAM</Text>
</ProgramElement>
<Appropriation>
<Code>0118</Code>
<Name>NSF RESEARCH &amp; RELATED ACTIVIT</Name>
<APP_SYMB_ID>040100</APP_SYMB_ID>
</Appropriation>
<Fund>
<Code>01001819DB</Code>
<Name><![CDATA[NSF RESEARCH & RELATED ACTIVIT]]></Name>
<FUND_SYMB_ID>040100</FUND_SYMB_ID>
</Fund>
<FUND_OBLG>2018~161812</FUND_OBLG>
</Award>
</rootTag>
