<?xml version="1.0" encoding="UTF-8"?>
<rootTag>
<Award>
<AwardTitle><![CDATA[Multipoint Pade Approximation, Orthogonal Polynomials, and Random Matrices]]></AwardTitle>
<AGENCY>NSF</AGENCY>
<AwardEffectiveDate>05/01/2018</AwardEffectiveDate>
<AwardExpirationDate>04/30/2023</AwardExpirationDate>
<AwardTotalIntnAmount>259243.00</AwardTotalIntnAmount>
<AwardAmount>259243</AwardAmount>
<AwardInstrument>
<Value>Standard Grant</Value>
</AwardInstrument>
<Organization>
<Code>03040000</Code>
<Directorate>
<Abbreviation>MPS</Abbreviation>
<LongName>Direct For Mathematical &amp; Physical Scien</LongName>
</Directorate>
<Division>
<Abbreviation>DMS</Abbreviation>
<LongName>Division Of Mathematical Sciences</LongName>
</Division>
</Organization>
<ProgramOfficer>
<SignBlockName>Marian Bocea</SignBlockName>
<PO_EMAI>mbocea@nsf.gov</PO_EMAI>
<PO_PHON>7032922595</PO_PHON>
</ProgramOfficer>
<AbstractNarration><![CDATA[It was the French mathematician Charles Hermite who in 1873  proved that the constant e is a transcendental irrational, that is, e is not the root of a polynomial with integer coefficients. Nine years later, Ferdinand von Lindemann use Hermite's method to resolve the old problem that the number pi is transcendental. Hermite's tool was something we now call the Hermite-Padé approximant. His doctoral student Henri Padé studied a special case, a type of rational function that is now called the Padé approximant. These have turned out be a useful tool in problems as varied as scattering physics, numerical solution of differential equations, and rational approximation. Indeed, calculators still use rational approximations related to Padé approximants for calculating special functions. There are a great many unsolved problems about convergence of sequences of Padé approximants. One of the project goals  is to resolve some of these problems. Orthogonal polynomials turn out to be the denominator polynomials in certain Padé approximants, but are an even more important topic in their own right. They have applications in areas ranging from statistics to mathematical physics. &lt;br/&gt;&lt;br/&gt;The specific goals of the project include investigating the notion of 'exact interpolation' for sequences of multipoint Padé approximants. The PI recently proved that when there is exact interpolation, namely no extra interpolation points, then subsequences or full sequences of Padé approximants converge uniformly in compact sets. The PI intends to establish explicit conditions for exact interpolation. On orthogonal polynomials, the PI recently discovered that universality limits for random matrices  can be turned into pointwise asymptotics for orthogonal polynomials at the endpoints of the interval of orthogonality. The PI intends to explore this in the bulk. On the flip side, the PI intends to use recent asymptotics of Eli Levin and the PI to establish universality limits for eigenvalues, as well as distribution of spacings of successive eigenvalues. Additional goals include establishing explicit formulae for Dirichlet orthogonal polynomials. The results will be disseminated in papers and at conferences. The PI recently co-organized a Computational Methods and Function Theory conference in Lublin, and will help co-organize the next one, most probably in Chile. The PI is also hoping to train another graduate student.&lt;br/&gt;&lt;br/&gt;This award reflects NSF's statutory mission and has been deemed worthy of support through evaluation using the Foundation's intellectual merit and broader impacts review criteria.]]></AbstractNarration>
<MinAmdLetterDate>03/29/2018</MinAmdLetterDate>
<MaxAmdLetterDate>03/29/2018</MaxAmdLetterDate>
<ARRAAmount/>
<TRAN_TYPE>Grant</TRAN_TYPE>
<CFDA_NUM>47.049</CFDA_NUM>
<NSF_PAR_USE_FLAG>1</NSF_PAR_USE_FLAG>
<FUND_AGCY_CODE>4900</FUND_AGCY_CODE>
<AWDG_AGCY_CODE>4900</AWDG_AGCY_CODE>
<AwardID>1800251</AwardID>
<Investigator>
<FirstName>Doron</FirstName>
<LastName>Lubinsky</LastName>
<PI_MID_INIT/>
<PI_SUFX_NAME/>
<PI_FULL_NAME>Doron Lubinsky</PI_FULL_NAME>
<EmailAddress><![CDATA[lubinsky@math.gatech.edu]]></EmailAddress>
<NSF_ID>000482471</NSF_ID>
<StartDate>03/29/2018</StartDate>
<EndDate/>
<RoleCode>Principal Investigator</RoleCode>
</Investigator>
<Institution>
<Name><![CDATA[Georgia Tech Research Corporation]]></Name>
<CityName>ATLANTA</CityName>
<ZipCode>30332</ZipCode>
<PhoneNumber>4048944819</PhoneNumber>
<StreetAddress><![CDATA[926 DALNEY ST NW]]></StreetAddress>
<StreetAddress2/>
<CountryName>United States</CountryName>
<StateName>Georgia</StateName>
<StateCode>GA</StateCode>
<CONGRESSDISTRICT>05</CONGRESSDISTRICT>
<CONGRESS_DISTRICT_ORG>GA05</CONGRESS_DISTRICT_ORG>
<ORG_UEI_NUM>EMW9FC8J3HN4</ORG_UEI_NUM>
<ORG_LGL_BUS_NAME>GEORGIA TECH RESEARCH CORPORATION</ORG_LGL_BUS_NAME>
<ORG_PRNT_UEI_NUM>EMW9FC8J3HN4</ORG_PRNT_UEI_NUM>
</Institution>
<Performance_Institution>
<Name><![CDATA[Georgia Institute of Technology]]></Name>
<CityName>Atlanta</CityName>
<StateCode>GA</StateCode>
<ZipCode>303320002</ZipCode>
<StreetAddress><![CDATA[225 North Avenue]]></StreetAddress>
<CountryCode>US</CountryCode>
<CountryName>United States</CountryName>
<StateName>Georgia</StateName>
<CountryFlag>1</CountryFlag>
<CONGRESSDISTRICT>05</CONGRESSDISTRICT>
<CONGRESS_DISTRICT_PERF>GA05</CONGRESS_DISTRICT_PERF>
</Performance_Institution>
<ProgramElement>
<Code>1281</Code>
<Text>ANALYSIS PROGRAM</Text>
</ProgramElement>
<Appropriation>
<Code>0118</Code>
<Name>NSF RESEARCH &amp; RELATED ACTIVIT</Name>
<APP_SYMB_ID>040100</APP_SYMB_ID>
</Appropriation>
<Fund>
<Code>01001819DB</Code>
<Name><![CDATA[NSF RESEARCH & RELATED ACTIVIT]]></Name>
<FUND_SYMB_ID>040100</FUND_SYMB_ID>
</Fund>
<FUND_OBLG>2018~259243</FUND_OBLG>
<POR>
<DRECONTENT><![CDATA[<div class="porColContainerWBG"> <div class="porContentCol"><p>Perhaps the main outcome was to show how universality limits for orthogonal polynomials may be used to generate other types of asymptotics such as local limits. The latter are a type of ratio asymptotic centered on a local maximum or minimum of the orthogonal polynomial, that hold uniformly in compact subsets of the plane for a scaled variable. They immediately give &ldquo;clock&rdquo; spacing of the zeros. In addition, &nbsp;they can be used to establish a relationship between spacing of zeros of orthogonal polyonmials of successive degrees, and bounds and asymptotics for orthogonal polynomials.</p> <p>Another key outcome is the proof of Baker's patchwork conjecture on Pade approximants, for entire functions of finite order, and more generally for functions whose errors of rational approximation decay sufficiently fast &ndash; this includes some entire functions of infinite order. Baker&rsquo;s patchwork conjecture may be seen as a replacement for Baker&rsquo;s original 1961 Baker-Gammel-Wills conjecture on pointwise convergence of subsequences of Pade approximants.</p> <p>Other results include obtaining a formula for the variance of zeros of random linear combinations of orthogonal polynomials. A further result involves distribution of eigenvalues of Toeplitz matrices with "smooth" entries, typically arising from Pade approximation. Weighted distributions of the eigenvalues are shown to converge weakly, with &ldquo;universal&rdquo; limiting distributions.</p><br> <p>            Last Modified: 04/25/2023<br>      Modified by: Doron&nbsp;Lubinsky</p> </div> <div class="porSideCol"></div> </div>]]></DRECONTENT>
<POR_COPY_TXT><![CDATA[ Perhaps the main outcome was to show how universality limits for orthogonal polynomials may be used to generate other types of asymptotics such as local limits. The latter are a type of ratio asymptotic centered on a local maximum or minimum of the orthogonal polynomial, that hold uniformly in compact subsets of the plane for a scaled variable. They immediately give "clock" spacing of the zeros. In addition,  they can be used to establish a relationship between spacing of zeros of orthogonal polyonmials of successive degrees, and bounds and asymptotics for orthogonal polynomials.  Another key outcome is the proof of Baker's patchwork conjecture on Pade approximants, for entire functions of finite order, and more generally for functions whose errors of rational approximation decay sufficiently fast &ndash; this includes some entire functions of infinite order. Baker’s patchwork conjecture may be seen as a replacement for Baker’s original 1961 Baker-Gammel-Wills conjecture on pointwise convergence of subsequences of Pade approximants.  Other results include obtaining a formula for the variance of zeros of random linear combinations of orthogonal polynomials. A further result involves distribution of eigenvalues of Toeplitz matrices with "smooth" entries, typically arising from Pade approximation. Weighted distributions of the eigenvalues are shown to converge weakly, with "universal" limiting distributions.       Last Modified: 04/25/2023       Submitted by: Doron Lubinsky]]></POR_COPY_TXT>
</POR>
</Award>
</rootTag>
