<?xml version="1.0" encoding="UTF-8"?>
<rootTag>
<Award>
<AwardTitle><![CDATA[Skilled Workers Get Jobs: High School Engagement To Increase Perception of Technology and Engineering Careers]]></AwardTitle>
<AGENCY>NSF</AGENCY>
<AwardEffectiveDate>07/01/2018</AwardEffectiveDate>
<AwardExpirationDate>06/30/2021</AwardExpirationDate>
<AwardTotalIntnAmount>331650.00</AwardTotalIntnAmount>
<AwardAmount>331650</AwardAmount>
<AwardInstrument>
<Value>Standard Grant</Value>
</AwardInstrument>
<Organization>
<Code>11040100</Code>
<Directorate>
<Abbreviation>EDU</Abbreviation>
<LongName>Directorate for STEM Education</LongName>
</Directorate>
<Division>
<Abbreviation>DUE</Abbreviation>
<LongName>Division Of Undergraduate Education</LongName>
</Division>
</Organization>
<ProgramOfficer>
<SignBlockName>Virginia Carter</SignBlockName>
<PO_EMAI>vccarter@nsf.gov</PO_EMAI>
<PO_PHON>7032924651</PO_PHON>
</ProgramOfficer>
<AbstractNarration><![CDATA[A recent study by Randstad US found that interest in STEM education declines as students get older. Additionally, eleven- to seventeen-year-old students were unclear about what jobs related to STEM subjects: 49% did not know what kind of math jobs exist and 76% did not know what engineers do. Only 22% of girls in comparison to 465 of boys named technology as a favorite subject and girls were 34% more likely to say STEM jobs are hard to understand. Students' perceptions about technology and engineering start early. This project aims to change perceptions through targeted activities for students and families, together with professional development for educators.  The overall goal is to increase the number of skilled individuals, especially women, in targeted technology and engineering fields.&lt;br/&gt;&lt;br/&gt;This project will engage students, parents/guardians, and high school teachers and staff to accomplish two principal goals: (1) to improve understanding and perception of technology and engineering careers, and the educational pathways involved in those careers; and (2) to increase the number and diversity of technicians available for the workforce. The motivating rationale for this project comes from four main sources: 1) feedback from area high schools; 2) a literature review of perceptions on STEM fields and why students pursue careers in these fields; 3) industry and workforce needs; and 4) results of integrating Problem Based Learning and Gender Equity at Ashville-Buncombe Technical Community College over the past five years. Industry partners will offer mentorships, speakers, advisory board members, and tours. Recruitment and relationship building with females will be supported by the Ambassador's program. High school personnel will receive "intrusive engagement" related to gender equity, ensuring marketing and classroom engagement is inviting to all students, including women and minorities. Events will be held both on the Ashville-Buncombe Technical Community College campus and at high schools (e.g., early-release day presentations; in-service day presentations; and departmental meetings).&lt;br/&gt;&lt;br/&gt;This award reflects NSF's statutory mission and has been deemed worthy of support through evaluation using the Foundation's intellectual merit and broader impacts review criteria.]]></AbstractNarration>
<MinAmdLetterDate>05/22/2018</MinAmdLetterDate>
<MaxAmdLetterDate>05/22/2018</MaxAmdLetterDate>
<ARRAAmount/>
<TRAN_TYPE>Grant</TRAN_TYPE>
<CFDA_NUM>47.076</CFDA_NUM>
<NSF_PAR_USE_FLAG>1</NSF_PAR_USE_FLAG>
<FUND_AGCY_CODE>4900</FUND_AGCY_CODE>
<AWDG_AGCY_CODE>4900</AWDG_AGCY_CODE>
<AwardID>1800920</AwardID>
<Investigator>
<FirstName>Amanda</FirstName>
<LastName>Whitt</LastName>
<PI_MID_INIT>R</PI_MID_INIT>
<PI_SUFX_NAME/>
<PI_FULL_NAME>Amanda R Whitt</PI_FULL_NAME>
<EmailAddress><![CDATA[amandarwhitt@abtech.edu]]></EmailAddress>
<NSF_ID>000746891</NSF_ID>
<StartDate>05/22/2018</StartDate>
<EndDate/>
<RoleCode>Co-Principal Investigator</RoleCode>
</Investigator>
<Investigator>
<FirstName>James</FirstName>
<LastName>Sullivan</LastName>
<PI_MID_INIT>A</PI_MID_INIT>
<PI_SUFX_NAME/>
<PI_FULL_NAME>James A Sullivan</PI_FULL_NAME>
<EmailAddress><![CDATA[jsullivan@abtech.edu]]></EmailAddress>
<NSF_ID>000605028</NSF_ID>
<StartDate>05/22/2018</StartDate>
<EndDate/>
<RoleCode>Co-Principal Investigator</RoleCode>
</Investigator>
<Investigator>
<FirstName>Pamela</FirstName>
<LastName>Silvers</LastName>
<PI_MID_INIT>J</PI_MID_INIT>
<PI_SUFX_NAME>Ms.</PI_SUFX_NAME>
<PI_FULL_NAME>Pamela J Silvers</PI_FULL_NAME>
<EmailAddress><![CDATA[pamelajsilvers@abtech.edu]]></EmailAddress>
<NSF_ID>000604313</NSF_ID>
<StartDate>05/22/2018</StartDate>
<EndDate/>
<RoleCode>Principal Investigator</RoleCode>
</Investigator>
<Investigator>
<FirstName>Rachael</FirstName>
<LastName>Tipton</LastName>
<PI_MID_INIT>A</PI_MID_INIT>
<PI_SUFX_NAME/>
<PI_FULL_NAME>Rachael A Tipton</PI_FULL_NAME>
<EmailAddress><![CDATA[rachaelatipton@abtech.edu]]></EmailAddress>
<NSF_ID>000679281</NSF_ID>
<StartDate>05/22/2018</StartDate>
<EndDate/>
<RoleCode>Co-Principal Investigator</RoleCode>
</Investigator>
<Institution>
<Name><![CDATA[Asheville-Buncombe Technical Community College]]></Name>
<CityName>ASHEVILLE</CityName>
<ZipCode>288014816</ZipCode>
<PhoneNumber>8283987900</PhoneNumber>
<StreetAddress><![CDATA[340 VICTORIA RD]]></StreetAddress>
<StreetAddress2/>
<CountryName>United States</CountryName>
<StateName>North Carolina</StateName>
<StateCode>NC</StateCode>
<CONGRESSDISTRICT>11</CONGRESSDISTRICT>
<CONGRESS_DISTRICT_ORG>NC11</CONGRESS_DISTRICT_ORG>
<ORG_UEI_NUM>LD6DF1BSZMG6</ORG_UEI_NUM>
<ORG_LGL_BUS_NAME>ASHEVILLE-BUNCOMBE TECHNICAL COMMUNITY COLLEGE</ORG_LGL_BUS_NAME>
<ORG_PRNT_UEI_NUM>NNJ5RDSGNVP7</ORG_PRNT_UEI_NUM>
</Institution>
<Performance_Institution>
<Name><![CDATA[Asheville-Buncombe Technical Community College]]></Name>
<CityName>Asheville</CityName>
<StateCode>NC</StateCode>
<ZipCode>288014816</ZipCode>
<StreetAddress><![CDATA[340 Victoria Rd]]></StreetAddress>
<CountryCode>US</CountryCode>
<CountryName>United States</CountryName>
<StateName>North Carolina</StateName>
<CountryFlag>1</CountryFlag>
<CONGRESSDISTRICT>11</CONGRESSDISTRICT>
<CONGRESS_DISTRICT_PERF>NC11</CONGRESS_DISTRICT_PERF>
</Performance_Institution>
<ProgramElement>
<Code>7412</Code>
<Text>Advanced Tech Education Prog</Text>
</ProgramElement>
<ProgramReference>
<Code>1032</Code>
<Text>ADVANCED TECHNOLOGY EDUCATION</Text>
</ProgramReference>
<ProgramReference>
<Code>9178</Code>
<Text>UNDERGRADUATE EDUCATION</Text>
</ProgramReference>
<ProgramReference>
<Code>SMET</Code>
<Text>SCIENCE, MATH, ENG &amp; TECH EDUCATION</Text>
</ProgramReference>
<Appropriation>
<Code>0418</Code>
<Name>NSF Education &amp; Human Resource</Name>
<APP_SYMB_ID>040106</APP_SYMB_ID>
</Appropriation>
<Fund>
<Code>04001819DB</Code>
<Name><![CDATA[NSF Education & Human Resource]]></Name>
<FUND_SYMB_ID>040106</FUND_SYMB_ID>
</Fund>
<FUND_OBLG>2018~331650</FUND_OBLG>
<POR>
<DRECONTENT><![CDATA[<div class="porColContainerWBG"> <div class="porContentCol"><p>This project focused on (1) improving the awareness and perception of technology and engineering careers and educational opportunities, and (2) increasing the number and diversity of technicians available for employment in the workforce. Asheville-Buncombe Technical Community College (A-B Tech) partnered with the 14 high schools in its service area (Buncombe County, Asheville City and Madison County) to offer outreach to personnel, students, and parents.</p> <p>The project's three-pronged approach resulted in outreach to over 3,500 people during the project. There is a saying that you "can't do what you don't know about."&nbsp; The project was successful in letting targeted groups know about the technology programs and the paths students can follow at A-B Tech.&nbsp; Below is an overview of some of the events held for targeted groups:</p> <ol> <li>High School Personnel - The project team hosted meetings for high school personnel including teachers, counselors, and support staff. Pre-covid, these events included Lunch and Learn sessions and two-day on-campus workshops. During covid, virtual events were held utilizing Zoom and YouTube.</li> <li>Students - Meetings were held with high school students via classroom presentations, student club meetings, career days and leadership academies.</li> <li>Parents - Events which focused on parent engagement were hosted. &nbsp;The most popular and well-attended sessions were scheduled as part of local high school sporting events.&nbsp; The lesson learned about engaging parents is the importance of hosting activities during events they would already be attending.</li> </ol> <p>At the conclusion of the project, enrollment of high school students in the targeted programs had doubled. Enrollment was defined as students starting A-B Tech within one year of high school graduation.&nbsp; The targeted programs were Computer Engineering Technology, Electronics Engineering Technology, Mechanical Engineering Technology, Geomatics Technology, Environmental Engineering Technology, IT: Information Systems, IT: Systems Security, and IT: Network Management.</p> <p>Both the in person and virtual events created critical relationships between community college faculty and high school personnel.&nbsp; One teacher who attended a workshop stated: "It is crucial that we connect students who have an interest . . . &nbsp;to their passion and with all that is possible for their lives."</p> <p>Due to covid restrictions, many of the planned activities were migrated to a YouTube channel and virtual meetings.&nbsp; Long term these resources will continue to be available, and usage will continue after the conclusion of the project.</p><br> <p>            Last Modified: 10/19/2021<br>      Modified by: Pamela&nbsp;J&nbsp;Silvers</p> </div> <div class="porSideCol"></div> </div>]]></DRECONTENT>
<POR_COPY_TXT><![CDATA[ This project focused on (1) improving the awareness and perception of technology and engineering careers and educational opportunities, and (2) increasing the number and diversity of technicians available for employment in the workforce. Asheville-Buncombe Technical Community College (A-B Tech) partnered with the 14 high schools in its service area (Buncombe County, Asheville City and Madison County) to offer outreach to personnel, students, and parents.  The project's three-pronged approach resulted in outreach to over 3,500 people during the project. There is a saying that you "can't do what you don't know about."  The project was successful in letting targeted groups know about the technology programs and the paths students can follow at A-B Tech.  Below is an overview of some of the events held for targeted groups:  High School Personnel - The project team hosted meetings for high school personnel including teachers, counselors, and support staff. Pre-covid, these events included Lunch and Learn sessions and two-day on-campus workshops. During covid, virtual events were held utilizing Zoom and YouTube. Students - Meetings were held with high school students via classroom presentations, student club meetings, career days and leadership academies. Parents - Events which focused on parent engagement were hosted.  The most popular and well-attended sessions were scheduled as part of local high school sporting events.  The lesson learned about engaging parents is the importance of hosting activities during events they would already be attending.   At the conclusion of the project, enrollment of high school students in the targeted programs had doubled. Enrollment was defined as students starting A-B Tech within one year of high school graduation.  The targeted programs were Computer Engineering Technology, Electronics Engineering Technology, Mechanical Engineering Technology, Geomatics Technology, Environmental Engineering Technology, IT: Information Systems, IT: Systems Security, and IT: Network Management.  Both the in person and virtual events created critical relationships between community college faculty and high school personnel.  One teacher who attended a workshop stated: "It is crucial that we connect students who have an interest . . .  to their passion and with all that is possible for their lives."  Due to covid restrictions, many of the planned activities were migrated to a YouTube channel and virtual meetings.  Long term these resources will continue to be available, and usage will continue after the conclusion of the project.       Last Modified: 10/19/2021       Submitted by: Pamela J Silvers]]></POR_COPY_TXT>
</POR>
</Award>
</rootTag>
