<?xml version="1.0" encoding="UTF-8"?>
<rootTag>
<Award>
<AwardTitle><![CDATA[Workshop on Clusters, Clouds, and Data Analytics in Scientific Computing]]></AwardTitle>
<AGENCY>NSF</AGENCY>
<AwardEffectiveDate>08/01/2018</AwardEffectiveDate>
<AwardExpirationDate>07/31/2019</AwardExpirationDate>
<AwardTotalIntnAmount>19278.00</AwardTotalIntnAmount>
<AwardAmount>19278</AwardAmount>
<AwardInstrument>
<Value>Standard Grant</Value>
</AwardInstrument>
<Organization>
<Code>05090000</Code>
<Directorate>
<Abbreviation>CSE</Abbreviation>
<LongName>Direct For Computer &amp; Info Scie &amp; Enginr</LongName>
</Directorate>
<Division>
<Abbreviation>OAC</Abbreviation>
<LongName>Office of Advanced Cyberinfrastructure (OAC)</LongName>
</Division>
</Organization>
<ProgramOfficer>
<SignBlockName>Rob Beverly</SignBlockName>
<PO_EMAI>rbeverly@nsf.gov</PO_EMAI>
<PO_PHON>7032927068</PO_PHON>
</ProgramOfficer>
<AbstractNarration><![CDATA[This workshop will be held in La Maison Des Contes, Dareize, France, and will bring together international experts from the US, France, and other countries to discuss advancements in cyberinfrastructure (CI). The specific focus will be on commonalities that exist between cluster, cloud, and high-end data analytics. CI has become of growing importance to nearly all NSF research, which makes increasing use of computational simulation and large-data analysis methods. The results will be published in an open report as well as in several journal papers. They will contribute to and leverage new ideas in cluster, cloud, and data analytics computing for the benefit of the research community.&lt;br/&gt; &lt;br/&gt;&lt;br/&gt;The architectural similarities between the above issues, and the fact that high performance clusters typically make up the major compute nodes of computational grids and clouds, means that deployment, operational, and usage issues surrounding computational clouds form a superset of the issues that revolve around clusters. The workshop will focus on five tasks: (1) survey and analyze the key deployment, operational, and usage issues for clusters, clouds, and data analytics-- focusing especially on discontinuities produced by multicore and hybrid architectures, data-intensive science, and the increasing need for wide-area/local-area interaction; (2) document the current state-of-the-art in each of these areas, identifying interesting questions and limitations; (3) discuss experiences with clusters, clouds, and data relative to the research communities and science domains benefiting from the technology; (4) explore interoperability among disparate clouds and between various clouds and grids and their impact on domain sciences; and (5) explore directions for future research and development against the background of disruptive trends and technologies and the recognized gaps in the current state-of-the-art.&lt;br/&gt;&lt;br/&gt;This award reflects NSF's statutory mission and has been deemed worthy of support through evaluation using the Foundation's intellectual merit and broader impacts review criteria.]]></AbstractNarration>
<MinAmdLetterDate>08/04/2018</MinAmdLetterDate>
<MaxAmdLetterDate>08/04/2018</MaxAmdLetterDate>
<ARRAAmount/>
<TRAN_TYPE>Grant</TRAN_TYPE>
<CFDA_NUM>47.070</CFDA_NUM>
<NSF_PAR_USE_FLAG>1</NSF_PAR_USE_FLAG>
<FUND_AGCY_CODE>4900</FUND_AGCY_CODE>
<AWDG_AGCY_CODE>4900</AWDG_AGCY_CODE>
<AwardID>1800946</AwardID>
<Investigator>
<FirstName>Jack</FirstName>
<LastName>Dongarra</LastName>
<PI_MID_INIT>J</PI_MID_INIT>
<PI_SUFX_NAME/>
<PI_FULL_NAME>Jack J Dongarra</PI_FULL_NAME>
<EmailAddress><![CDATA[dongarra@icl.utk.edu]]></EmailAddress>
<NSF_ID>000299281</NSF_ID>
<StartDate>08/04/2018</StartDate>
<EndDate/>
<RoleCode>Principal Investigator</RoleCode>
</Investigator>
<Institution>
<Name><![CDATA[University of Tennessee Knoxville]]></Name>
<CityName>KNOXVILLE</CityName>
<ZipCode>379960001</ZipCode>
<PhoneNumber>8659743466</PhoneNumber>
<StreetAddress><![CDATA[201 ANDY HOLT TOWER]]></StreetAddress>
<StreetAddress2/>
<CountryName>United States</CountryName>
<StateName>Tennessee</StateName>
<StateCode>TN</StateCode>
<CONGRESSDISTRICT>02</CONGRESSDISTRICT>
<CONGRESS_DISTRICT_ORG>TN02</CONGRESS_DISTRICT_ORG>
<ORG_UEI_NUM>FN2YCS2YAUW3</ORG_UEI_NUM>
<ORG_LGL_BUS_NAME>UNIVERSITY OF TENNESSEE</ORG_LGL_BUS_NAME>
<ORG_PRNT_UEI_NUM>JBG7T7RXQ2B7</ORG_PRNT_UEI_NUM>
</Institution>
<Performance_Institution>
<Name><![CDATA[University of Tennessee Knoxville]]></Name>
<CityName/>
<StateCode>TN</StateCode>
<ZipCode>379960003</ZipCode>
<StreetAddress/>
<CountryCode>US</CountryCode>
<CountryName>United States</CountryName>
<StateName>Tennessee</StateName>
<CountryFlag>1</CountryFlag>
<CONGRESSDISTRICT>02</CONGRESSDISTRICT>
<CONGRESS_DISTRICT_PERF>TN02</CONGRESS_DISTRICT_PERF>
</Performance_Institution>
<ProgramElement>
<Code>8004</Code>
<Text>Software Institutes</Text>
</ProgramElement>
<ProgramReference>
<Code>026Z</Code>
<Text>NSCI: National Strategic Computing Initi</Text>
</ProgramReference>
<ProgramReference>
<Code>7556</Code>
<Text>CONFERENCE AND WORKSHOPS</Text>
</ProgramReference>
<ProgramReference>
<Code>8004</Code>
<Text>Software Institutes</Text>
</ProgramReference>
<Appropriation>
<Code>0118</Code>
<Name>NSF RESEARCH &amp; RELATED ACTIVIT</Name>
<APP_SYMB_ID>040100</APP_SYMB_ID>
</Appropriation>
<Fund>
<Code>01001819DB</Code>
<Name><![CDATA[NSF RESEARCH & RELATED ACTIVIT]]></Name>
<FUND_SYMB_ID>040100</FUND_SYMB_ID>
</Fund>
<FUND_OBLG>2018~19278</FUND_OBLG>
<POR>
<DRECONTENT><![CDATA[<div class="porColContainerWBG"> <div class="porContentCol"><p><span id="docs-internal-guid-ab821297-7fff-23e2-95a1-978f8bc82fa8"> <p dir="ltr"><span>This workshop was held in Lyon, France, and brought together international experts from the United States and France to discuss advancements in cyberinfrastructure (CI). The specific focus was commonalities that exist between cluster, cloud, and data analytics computing. CI has become of growing importance to nearly all NSF research, which makes increasing use of computational simulation and large-data analysis methods. The results will be published as several papers in the </span><span>International Journal of High Performance Computing Applications</span><span>. They will contribute to and leverage new ideas in cluster, cloud, and data analytics computing for the benefit of the research community.</span></p> <p dir="ltr"><span>The architectural similarities between clusters, clouds, and data analytics infrastructure&mdash;and the fact that high-performance clusters typically make up the major compute nodes of the other two&mdash;means that programming, deployment, operational, and usage issues surrounding computational clouds and data centers form a superset of the issues that revolve around clusters. The workshop discussed topics such as extreme-scale performance and related software development issues, common protocols and APIs necessary to facilitate seamless movement, recombination and analysis of large data flows, creating dramatically easier programming paradigms for highly parallel systems, creating tools that can support application development in highly virtualized environments, and system management problems that arise in multi-core and heterogeneous architectures and data-intensive applications.</span></p> </span></p><br> <p>            Last Modified: 08/06/2019<br>      Modified by: Jack&nbsp;J&nbsp;Dongarra</p> </div> <div class="porSideCol"></div> </div>]]></DRECONTENT>
<POR_COPY_TXT><![CDATA[  This workshop was held in Lyon, France, and brought together international experts from the United States and France to discuss advancements in cyberinfrastructure (CI). The specific focus was commonalities that exist between cluster, cloud, and data analytics computing. CI has become of growing importance to nearly all NSF research, which makes increasing use of computational simulation and large-data analysis methods. The results will be published as several papers in the International Journal of High Performance Computing Applications. They will contribute to and leverage new ideas in cluster, cloud, and data analytics computing for the benefit of the research community. The architectural similarities between clusters, clouds, and data analytics infrastructure&mdash;and the fact that high-performance clusters typically make up the major compute nodes of the other two&mdash;means that programming, deployment, operational, and usage issues surrounding computational clouds and data centers form a superset of the issues that revolve around clusters. The workshop discussed topics such as extreme-scale performance and related software development issues, common protocols and APIs necessary to facilitate seamless movement, recombination and analysis of large data flows, creating dramatically easier programming paradigms for highly parallel systems, creating tools that can support application development in highly virtualized environments, and system management problems that arise in multi-core and heterogeneous architectures and data-intensive applications.        Last Modified: 08/06/2019       Submitted by: Jack J Dongarra]]></POR_COPY_TXT>
</POR>
</Award>
</rootTag>
