<?xml version="1.0" encoding="UTF-8"?>
<rootTag>
<Award>
<AwardTitle><![CDATA[Phosphines Supported on Sulfated Zirconia]]></AwardTitle>
<AGENCY>NSF</AGENCY>
<AwardEffectiveDate>05/01/2018</AwardEffectiveDate>
<AwardExpirationDate>04/30/2021</AwardExpirationDate>
<AwardTotalIntnAmount>426000.00</AwardTotalIntnAmount>
<AwardAmount>426000</AwardAmount>
<AwardInstrument>
<Value>Continuing Grant</Value>
</AwardInstrument>
<Organization>
<Code>03090000</Code>
<Directorate>
<Abbreviation>MPS</Abbreviation>
<LongName>Direct For Mathematical &amp; Physical Scien</LongName>
</Directorate>
<Division>
<Abbreviation>CHE</Abbreviation>
<LongName>Division Of Chemistry</LongName>
</Division>
</Organization>
<ProgramOfficer>
<SignBlockName>Kenneth Moloy</SignBlockName>
<PO_EMAI>kmoloy@nsf.gov</PO_EMAI>
<PO_PHON>7032928441</PO_PHON>
</ProgramOfficer>
<AbstractNarration><![CDATA[A vast majority of chemicals are prepared using solid catalysts in at least one step of the manufacturing process. However, these reactions are often less efficient than theoretically possible. One strategy to achieve more efficient catalytic reactions would be to generate materials with higher amounts of reaction sites on the solid surface. In this project, Dr. Matthew P. Conley of the University of California, Riverside is researching methods to realize this long-standing challenge. A key to solving this problem is a better understanding of the chemical interactions between the solid surface and these catalytically-reactive sites. Dr. Conley is involved in outreach activities related to this research to promote the engagement of underrepresented minorities in science, technology, engineering, and mathematics (STEM) disciplines. Dr. Conley is hosting students from local high schools and community colleges in his laboratory for summer internships to introduce them to the university research environment, which encourages them to enter STEM career paths. &lt;br/&gt;&lt;br/&gt;&lt;br/&gt;With funding from the Chemical Catalysis Program of the Chemistry Division, Dr. Matthew P. Conley of the University of California, Riverside is researching new material platforms to generate well-defined heterogeneous catalysts. This work focuses on the reaction of phosphines (R3P) with Brønsted acidic oxides, such as sulfated zirconium oxide, to generate well-defined phosphonium sites on the oxide surface. The substituents in R3P impact how strongly the phosphine binds to the sulfated zirconium oxide surface, which relates to the Brønsted acidity of surface sites on this material. The phosphonium sites react with organometallic complexes to form well-defined catalytic sites that polymerize or oligomerize ethylene, depending on the nature of the organometallic complex in the grafting reaction and the substituents on the phosphonium site. The above reactions are monitored using spectroscopic techniques, such as Fourier Transformed Infrared (FT-IR) and solid-state Nuclear Magnetic Resonance (NMR). Dr. Conley is involved in promoting STEM fields though outreach activities by bringing underrepresented minority students into the lab, in support of the broader impacts of this project. Funding from this Chemical Catalysis program enables Dr. Conley to provide summer internships to local high school students and local community college students from institutions serving predominately Hispanic populations.&lt;br/&gt;&lt;br/&gt;This award reflects NSF's statutory mission and has been deemed worthy of support through evaluation using the Foundation's intellectual merit and broader impacts review criteria.]]></AbstractNarration>
<MinAmdLetterDate>04/13/2018</MinAmdLetterDate>
<MaxAmdLetterDate>05/30/2019</MaxAmdLetterDate>
<ARRAAmount/>
<TRAN_TYPE>Grant</TRAN_TYPE>
<CFDA_NUM>47.049</CFDA_NUM>
<NSF_PAR_USE_FLAG>1</NSF_PAR_USE_FLAG>
<FUND_AGCY_CODE>4900</FUND_AGCY_CODE>
<AWDG_AGCY_CODE>4900</AWDG_AGCY_CODE>
<AwardID>1800561</AwardID>
<Investigator>
<FirstName>Matthew</FirstName>
<LastName>Conley</LastName>
<PI_MID_INIT>P</PI_MID_INIT>
<PI_SUFX_NAME/>
<PI_FULL_NAME>Matthew P Conley</PI_FULL_NAME>
<EmailAddress><![CDATA[matthew.conley@ucr.edu]]></EmailAddress>
<NSF_ID>000732942</NSF_ID>
<StartDate>04/13/2018</StartDate>
<EndDate/>
<RoleCode>Principal Investigator</RoleCode>
</Investigator>
<Institution>
<Name><![CDATA[University of California-Riverside]]></Name>
<CityName>RIVERSIDE</CityName>
<ZipCode>925210001</ZipCode>
<PhoneNumber>9518275535</PhoneNumber>
<StreetAddress><![CDATA[200 UNIVERSTY OFC BUILDING]]></StreetAddress>
<StreetAddress2/>
<CountryName>United States</CountryName>
<StateName>California</StateName>
<StateCode>CA</StateCode>
<CONGRESSDISTRICT>39</CONGRESSDISTRICT>
<CONGRESS_DISTRICT_ORG>CA39</CONGRESS_DISTRICT_ORG>
<ORG_UEI_NUM>MR5QC5FCAVH5</ORG_UEI_NUM>
<ORG_LGL_BUS_NAME>REGENTS OF THE UNIVERSITY OF CALIFORNIA AT RIVERSIDE</ORG_LGL_BUS_NAME>
<ORG_PRNT_UEI_NUM/>
</Institution>
<Performance_Institution>
<Name><![CDATA[University of California-Riverside]]></Name>
<CityName/>
<StateCode>CA</StateCode>
<ZipCode>925210001</ZipCode>
<StreetAddress/>
<CountryCode>US</CountryCode>
<CountryName>United States</CountryName>
<StateName>California</StateName>
<CountryFlag>1</CountryFlag>
<CONGRESSDISTRICT>39</CONGRESSDISTRICT>
<CONGRESS_DISTRICT_PERF>CA39</CONGRESS_DISTRICT_PERF>
</Performance_Institution>
<ProgramElement>
<Code>6884</Code>
<Text>Chemical Catalysis</Text>
</ProgramElement>
<ProgramReference>
<Code>8037</Code>
<Text>Advanced Manufacturing</Text>
</ProgramReference>
<ProgramReference>
<Code>8650</Code>
<Text>Sustainable Chemistry</Text>
</ProgramReference>
<Appropriation>
<Code>0118</Code>
<Name>NSF RESEARCH &amp; RELATED ACTIVIT</Name>
<APP_SYMB_ID>040100</APP_SYMB_ID>
</Appropriation>
<Appropriation>
<Code>0119</Code>
<Name>NSF RESEARCH &amp; RELATED ACTIVIT</Name>
<APP_SYMB_ID>040100</APP_SYMB_ID>
</Appropriation>
<Fund>
<Code>01001819DB</Code>
<Name><![CDATA[NSF RESEARCH & RELATED ACTIVIT]]></Name>
<FUND_SYMB_ID>040100</FUND_SYMB_ID>
</Fund>
<Fund>
<Code>01001920DB</Code>
<Name><![CDATA[NSF RESEARCH & RELATED ACTIVIT]]></Name>
<FUND_SYMB_ID>040100</FUND_SYMB_ID>
</Fund>
<FUND_OBLG>2018~166000</FUND_OBLG>
<FUND_OBLG>2019~260000</FUND_OBLG>
<POR>
<DRECONTENT><![CDATA[<div class="porColContainerWBG"> <div class="porContentCol"><p>Heterogeneous catalysts are a class of materials that have tremendous economic and societal impact by producing a vast majority of the chemicals and materials important to society. In this project Dr. Conley&rsquo;s research group studied how small molecule substrates interact with functional groups on surfaces to develop new mechanistic understandings important for the design of new efficient heterogeneous catalysts. The results from these studies showed how to form heterogeneous catalysts with high active site density on surfaces, which are not accessible using traditional synthetic methods. Dr. Conley&rsquo;s group also developed new methods to generate surfaces that form weak electrostatic ion-pairs with active sites on surfaces, an important design element in the pursuit of more active and selective heterogeneous catalysts.&nbsp;&nbsp;Results from these studies were published in leading peer-reviewed journals and compiled in a book chapter describing how to control the structure of surface sites on different oxide supports. Dr. Conley was committed to outreach activities that utilized important topics of this research to promote the engagement of underrepresented minorities in science, technology, engineering, and mathematics (STEM) disciplines. Students from a majority underrepresented minority local high school were hosted in Dr. Conley&rsquo;s lab to introduce them to the university research environment. This experience integrated these students into the projects studied during this award period and encouraged them to enter STEM career paths.</p> <p>&nbsp;</p> <p>&nbsp;</p> <p>&nbsp;</p> <p>&nbsp;</p><br> <p>            Last Modified: 07/29/2021<br>      Modified by: Matthew&nbsp;P&nbsp;Conley</p> </div> <div class="porSideCol"></div> </div>]]></DRECONTENT>
<POR_COPY_TXT><![CDATA[ Heterogeneous catalysts are a class of materials that have tremendous economic and societal impact by producing a vast majority of the chemicals and materials important to society. In this project Dr. Conley’s research group studied how small molecule substrates interact with functional groups on surfaces to develop new mechanistic understandings important for the design of new efficient heterogeneous catalysts. The results from these studies showed how to form heterogeneous catalysts with high active site density on surfaces, which are not accessible using traditional synthetic methods. Dr. Conley’s group also developed new methods to generate surfaces that form weak electrostatic ion-pairs with active sites on surfaces, an important design element in the pursuit of more active and selective heterogeneous catalysts.  Results from these studies were published in leading peer-reviewed journals and compiled in a book chapter describing how to control the structure of surface sites on different oxide supports. Dr. Conley was committed to outreach activities that utilized important topics of this research to promote the engagement of underrepresented minorities in science, technology, engineering, and mathematics (STEM) disciplines. Students from a majority underrepresented minority local high school were hosted in Dr. Conley’s lab to introduce them to the university research environment. This experience integrated these students into the projects studied during this award period and encouraged them to enter STEM career paths.                   Last Modified: 07/29/2021       Submitted by: Matthew P Conley]]></POR_COPY_TXT>
</POR>
</Award>
</rootTag>
