<?xml version="1.0" encoding="UTF-8"?>
<rootTag>
<Award>
<AwardTitle><![CDATA[Mathematical Theory of Resonances and Applications]]></AwardTitle>
<AGENCY>NSF</AGENCY>
<AwardEffectiveDate>07/01/2018</AwardEffectiveDate>
<AwardExpirationDate>02/28/2021</AwardExpirationDate>
<AwardTotalIntnAmount>152919.00</AwardTotalIntnAmount>
<AwardAmount>152919</AwardAmount>
<AwardInstrument>
<Value>Standard Grant</Value>
</AwardInstrument>
<Organization>
<Code>03040000</Code>
<Directorate>
<Abbreviation>MPS</Abbreviation>
<LongName>Direct For Mathematical &amp; Physical Scien</LongName>
</Directorate>
<Division>
<Abbreviation>DMS</Abbreviation>
<LongName>Division Of Mathematical Sciences</LongName>
</Division>
</Organization>
<ProgramOfficer>
<SignBlockName>Marian Bocea</SignBlockName>
<PO_EMAI>mbocea@nsf.gov</PO_EMAI>
<PO_PHON>7032922595</PO_PHON>
</ProgramOfficer>
<AbstractNarration><![CDATA[The PI investigates various problems arising in quantum and classical scattering: condensed matter physics and the study of surface states; Hawking radiation in general relativity; chaotic dynamics in statistical systems. Like a bell sounding its last notes, these problems all share a common feature: they exhibit oscillations with exponentially decaying amplitudes around an equilibrium state. A famous theoretical example concerns gravitational waves, recently detected by the LIGO detector. In technological settings, the ratio between the oscillation and decay rates to equilibrium is called the quality factor. Minimizing this ratio improves the stability and rigidity properties of the materials involved. Such technological applications include engineering graphene-like insulators; conception of waveguides and optic fibers; and design of high-quality microelectrical systems. &lt;br/&gt;&lt;br/&gt;The mathematical study of such phenomena relies on a unified framework called resonance theory. It investigates natural  generalizations of time-harmonic states in situations where the energy may escape or decay. Generalized energies of such states form a discrete set of complex numbers called quantum resonances (in quantum scattering), quasinormal modes (in general relativity) or Pollicott--Ruelle resonances (in dynamical systems). Their imaginary parts describe the typical frequency of the associated resonant states while the real parts describe their decay or growth outside bounded regions. Mathematically, they are the poles of the meromorphic continuation of the Hamiltonian resolvent. Much of the theoretical work consists in studying their stability and asymptotic distributions; and how they affect time evolution. This project specifically deals with the emergence of resonances under symmetry-breaking perturbations in periodic structures; the exponential convergence of Hawking radiation in black-hole spacetimes; and the relation between topology and Pollicott--Ruelle resonances in dynamical systems. Natural tools include complex analysis and Fredholm operator theory; the classical-to-quantum correspondence principle within the microlocal framework; and partial differential equations techniques such as multiscale analysis.&lt;br/&gt;&lt;br/&gt;This award reflects NSF's statutory mission and has been deemed worthy of support through evaluation using the Foundation's intellectual merit and broader impacts review criteria.]]></AbstractNarration>
<MinAmdLetterDate>03/30/2018</MinAmdLetterDate>
<MaxAmdLetterDate>03/30/2018</MaxAmdLetterDate>
<ARRAAmount/>
<TRAN_TYPE>Grant</TRAN_TYPE>
<CFDA_NUM>47.049</CFDA_NUM>
<NSF_PAR_USE_FLAG>1</NSF_PAR_USE_FLAG>
<FUND_AGCY_CODE>4900</FUND_AGCY_CODE>
<AWDG_AGCY_CODE>4900</AWDG_AGCY_CODE>
<AwardID>1800086</AwardID>
<Investigator>
<FirstName>Alexis</FirstName>
<LastName>Drouot</LastName>
<PI_MID_INIT/>
<PI_SUFX_NAME/>
<PI_FULL_NAME>Alexis Drouot</PI_FULL_NAME>
<EmailAddress><![CDATA[adrouot@uw.edu]]></EmailAddress>
<NSF_ID>000758963</NSF_ID>
<StartDate>03/30/2018</StartDate>
<EndDate/>
<RoleCode>Principal Investigator</RoleCode>
</Investigator>
<Institution>
<Name><![CDATA[Columbia University]]></Name>
<CityName>NEW YORK</CityName>
<ZipCode>100277922</ZipCode>
<PhoneNumber>2128546851</PhoneNumber>
<StreetAddress><![CDATA[615 W 131ST ST]]></StreetAddress>
<StreetAddress2><![CDATA[MC 8741]]></StreetAddress2>
<CountryName>United States</CountryName>
<StateName>New York</StateName>
<StateCode>NY</StateCode>
<CONGRESSDISTRICT>13</CONGRESSDISTRICT>
<CONGRESS_DISTRICT_ORG>NY13</CONGRESS_DISTRICT_ORG>
<ORG_UEI_NUM>F4N1QNPB95M4</ORG_UEI_NUM>
<ORG_LGL_BUS_NAME>THE TRUSTEES OF COLUMBIA UNIVERSITY IN THE CITY OF NEW YORK</ORG_LGL_BUS_NAME>
<ORG_PRNT_UEI_NUM/>
</Institution>
<Performance_Institution>
<Name><![CDATA[Columbia University]]></Name>
<CityName>New York</CityName>
<StateCode>NY</StateCode>
<ZipCode>100276902</ZipCode>
<StreetAddress><![CDATA[Rm 509, MC4406, 2990 Broadway]]></StreetAddress>
<CountryCode>US</CountryCode>
<CountryName>United States</CountryName>
<StateName>New York</StateName>
<CountryFlag>1</CountryFlag>
<CONGRESSDISTRICT>13</CONGRESSDISTRICT>
<CONGRESS_DISTRICT_PERF>NY13</CONGRESS_DISTRICT_PERF>
</Performance_Institution>
<ProgramElement>
<Code>1281</Code>
<Text>ANALYSIS PROGRAM</Text>
</ProgramElement>
<Appropriation>
<Code>0118</Code>
<Name>NSF RESEARCH &amp; RELATED ACTIVIT</Name>
<APP_SYMB_ID>040100</APP_SYMB_ID>
</Appropriation>
<Fund>
<Code>01001819DB</Code>
<Name><![CDATA[NSF RESEARCH & RELATED ACTIVIT]]></Name>
<FUND_SYMB_ID>040100</FUND_SYMB_ID>
</Fund>
<FUND_OBLG>2018~97905</FUND_OBLG>
</Award>
</rootTag>
