<?xml version="1.0" encoding="UTF-8"?>
<rootTag>
<Award>
<AwardTitle><![CDATA[Removing the Barriers to the Calculation of Activation Energies, Activation Volumes, and Mechanistic Insight for Chemical Dynamics]]></AwardTitle>
<AGENCY>NSF</AGENCY>
<AwardEffectiveDate>06/01/2018</AwardEffectiveDate>
<AwardExpirationDate>05/31/2022</AwardExpirationDate>
<AwardTotalIntnAmount>456741.00</AwardTotalIntnAmount>
<AwardAmount>456741</AwardAmount>
<AwardInstrument>
<Value>Standard Grant</Value>
</AwardInstrument>
<Organization>
<Code>03090000</Code>
<Directorate>
<Abbreviation>MPS</Abbreviation>
<LongName>Direct For Mathematical &amp; Physical Scien</LongName>
</Directorate>
<Division>
<Abbreviation>CHE</Abbreviation>
<LongName>Division Of Chemistry</LongName>
</Division>
</Organization>
<ProgramOfficer>
<SignBlockName>Michel Dupuis</SignBlockName>
<PO_EMAI>mdupuis@nsf.gov</PO_EMAI>
<PO_PHON>7032922919</PO_PHON>
</ProgramOfficer>
<AbstractNarration><![CDATA[Ward Thompson of the University of Kansas is supported by an award from the Chemical Theory, Models, and Computational Methods program in the Division of Chemistry to develop methods for predicting the temperature dependence of dynamics in chemical systems.   Changing such external properties is a key way to control chemistry in a laboratory or industrial setting.  Thus, it is important to understand how these variables affect the timescales of the important motions involved in the chemistry. This knowledge also provides insight into the molecular-level motions that determine the timescale.  The methods developed in this project, for example, allow the direct calculation of the temperature dependence of any timescale (such as the time for a chemical reaction to take place) from simulations at a single temperature.  At the same time, they   give information about the molecular interactions that influence the temperature dependence.  Currently, no other method can provide such information.   In addition to the behavior with temperature, the effect of other properties such as pressure or system composition may be calculated.  While the approaches apply to any chemical system, the Thompson group is focusing on dynamics in liquids.  The award also supports an outreach program for elementary school students to increase their interest in and motivation for science.  It is designed to let the students see what scientists do and encourage them to view themselves as scientists through activities and interactions with graduate students and faculty. &lt;br/&gt;&lt;br/&gt;The methods developed fall into three categories:  1) Those enabling the calculation of activation energies for reactions and other dynamical processes from simulations at a single temperature. These approaches provide otherwise unattainable information: the contributions of different interactions to the activation energy. 2) Those evaluating changes in dynamical timescales with physical conditions other than temperature, such as pressure or chemical potential. This makes quantities like the activation volume available from simulations at a single pressure.  3) Approaches for calculating derivatives of rate constants and other dynamical timescales with respect to components of the underlying Hamiltonian, such as masses or potential parameters, to gain insight into mechanisms, force fields, and kinetic isotope effects.&lt;br/&gt;&lt;br/&gt;This award reflects NSF's statutory mission and has been deemed worthy of support through evaluation using the Foundation's intellectual merit and broader impacts review criteria.]]></AbstractNarration>
<MinAmdLetterDate>05/10/2018</MinAmdLetterDate>
<MaxAmdLetterDate>05/10/2018</MaxAmdLetterDate>
<ARRAAmount/>
<TRAN_TYPE>Grant</TRAN_TYPE>
<CFDA_NUM>47.049</CFDA_NUM>
<NSF_PAR_USE_FLAG>1</NSF_PAR_USE_FLAG>
<FUND_AGCY_CODE>4900</FUND_AGCY_CODE>
<AWDG_AGCY_CODE>4900</AWDG_AGCY_CODE>
<AwardID>1800559</AwardID>
<Investigator>
<FirstName>Ward</FirstName>
<LastName>Thompson</LastName>
<PI_MID_INIT>H</PI_MID_INIT>
<PI_SUFX_NAME/>
<PI_FULL_NAME>Ward H Thompson</PI_FULL_NAME>
<EmailAddress><![CDATA[wthompson@ku.edu]]></EmailAddress>
<NSF_ID>000362603</NSF_ID>
<StartDate>05/10/2018</StartDate>
<EndDate/>
<RoleCode>Principal Investigator</RoleCode>
</Investigator>
<Institution>
<Name><![CDATA[University of Kansas Center for Research Inc]]></Name>
<CityName>LAWRENCE</CityName>
<ZipCode>660457552</ZipCode>
<PhoneNumber>7858643441</PhoneNumber>
<StreetAddress><![CDATA[2385 IRVING HILL RD]]></StreetAddress>
<StreetAddress2/>
<CountryName>United States</CountryName>
<StateName>Kansas</StateName>
<StateCode>KS</StateCode>
<CONGRESSDISTRICT>01</CONGRESSDISTRICT>
<CONGRESS_DISTRICT_ORG>KS01</CONGRESS_DISTRICT_ORG>
<ORG_UEI_NUM>SSUJB3GSH8A5</ORG_UEI_NUM>
<ORG_LGL_BUS_NAME>UNIVERSITY OF KANSAS CENTER FOR RESEARCH INC</ORG_LGL_BUS_NAME>
<ORG_PRNT_UEI_NUM/>
</Institution>
<Performance_Institution>
<Name><![CDATA[University of Kansas Center for Research Inc]]></Name>
<CityName>Lawrence</CityName>
<StateCode>KS</StateCode>
<ZipCode>660457568</ZipCode>
<StreetAddress><![CDATA[2385 Irving Hill Rd]]></StreetAddress>
<CountryCode>US</CountryCode>
<CountryName>United States</CountryName>
<StateName>Kansas</StateName>
<CountryFlag>1</CountryFlag>
<CONGRESSDISTRICT>01</CONGRESSDISTRICT>
<CONGRESS_DISTRICT_PERF>KS01</CONGRESS_DISTRICT_PERF>
</Performance_Institution>
<ProgramElement>
<Code>6881</Code>
<Text>Chem Thry, Mdls &amp; Cmptnl Mthds</Text>
</ProgramElement>
<ProgramReference>
<Code>9150</Code>
<Text>EXP PROG TO STIM COMP RES</Text>
</ProgramReference>
<ProgramReference>
<Code>9263</Code>
<Text>COMPUTATIONAL SCIENCE &amp; ENGING</Text>
</ProgramReference>
<Appropriation>
<Code>0118</Code>
<Name>NSF RESEARCH &amp; RELATED ACTIVIT</Name>
<APP_SYMB_ID>040100</APP_SYMB_ID>
</Appropriation>
<Fund>
<Code>01001819DB</Code>
<Name><![CDATA[NSF RESEARCH & RELATED ACTIVIT]]></Name>
<FUND_SYMB_ID>040100</FUND_SYMB_ID>
</Fund>
<FUND_OBLG>2018~456741</FUND_OBLG>
<POR>
<DRECONTENT><![CDATA[<div class="porColContainerWBG"> <div class="porContentCol"><p>How the dynamics of a reaction changes with temperature is one of the most fundamental measures of its behavior.&nbsp; This is most commonly characterized by its activation energy, which is a key measure of the energy barrier that must be overcome for the reaction to occur.&nbsp; The activation energy is obtained through measurement or simulation of the reaction rate constant at different temperatures. In this project, methods for obtaining the activation energy for simulations at a <em>single</em> temperature have been developed and applied.&nbsp; One key advantage of these approaches is that the temperature dependence can be obtained even when varying the temperature is problematic, <em>e.g., </em>increasing temperature would lead to evaporation of the liquid under study.&nbsp; A second advantage, exploited in this work, is that mechanistic information can be extracted that is not available any other way.&nbsp; Specifically, the contribution to the activation energy from different motions or interactions present in the reactants can be determined; each contribution measures how helpful (or unhelpful) putting energy into that interaction is for passing over the reaction barrier.&nbsp; A third advantage is that the methods developed in this project are applicable to determine the temperature dependence of any chemical process, not only reaction, including dynamical properties such as molecular diffusion, reorientation, viscosity, and spectroscopy as well as static properties, such as the liquid structure or the equilibrium between molecular conformations.</p> <p>The methods developed in the project have been primarily applied to better understand the behavior of water and aqueous electrolytes. In one example, simulations at room temperature were used to predict the dynamics of water well into the supercooled regime (where water is cooled below its freezing point sufficiently quickly that it cannot form ice). This work showed that the behavior of supercooled water, which is difficult to probe experimentally, can be deduced from the behavior of water under ambient conditions.&nbsp; In another example, the effect of ions on water diffusion, which is important in applications ranging from electrochemical cells to biological systems, was found to have a strong contribution from entropic effects.&nbsp; Such insight can help understand the so-called Hofmeister effect, which describes how ions affect protein structure, solubility, and interactions. In a third case, simulations using the developed approaches corrected a long-standing interpretation of certain ultrafast spectroscopic experiments as a measurement of the timescale for water molecules to exchange hydrogen bond partners.&nbsp; The work showed that hydrogen bond exchange is only a small, nearly negligible contribution to the experimental signal. This indicates that rethinking is required for how hydrogen bond exchange<strong>s</strong>, the most basic steps in rearrangements of water, can be directly probed.</p> <p>Codes implementing the methods developed through this project have been made available to the scientific community.&nbsp; In addition, seven graduate students were trained as part of this research, including four who completed their PhD during the grant period.&nbsp; The PI and graduate students also participated in outreach activities including a 3D visualization demonstration of molecules during the annual Carnival of Chemistry at the University of Kansas.</p> <p>&nbsp;</p><br> <p>            Last Modified: 09/26/2022<br>      Modified by: Ward&nbsp;H&nbsp;Thompson</p> </div> <div class="porSideCol"> <div class="each-gallery"> <div class="galContent" id="gallery0"> <div class="photoCount" id="photoCount0">          Image         </div> <div class="galControls onePhoto" id="controls0"></div> <div class="galSlideshow" id="slideshow0"></div> <div class="galEmbox" id="embox"> <div class="image-title"></div> </div> </div> <div class="galNavigation onePhoto" id="navigation0"> <ul class="thumbs" id="thumbs0"> <li> <a href="/por/images/Reports/POR/2022/1800559/1800559_10543158_1664201665685_ScreenShot2022-03-03at11.05.51AM--rgov-214x142.jpg" original="/por/images/Reports/POR/2022/1800559/1800559_10543158_1664201665685_ScreenShot2022-03-03at11.05.51AM--rgov-800width.jpg" title="Schematic Illustration of Fluctuation Theory for Dynamics"><img src="/por/images/Reports/POR/2022/1800559/1800559_10543158_1664201665685_ScreenShot2022-03-03at11.05.51AM--rgov-66x44.jpg" alt="Schematic Illustration of Fluctuation Theory for Dynamics"></a> <div class="imageCaptionContainer"> <div class="imageCaption">Illustration of the fluctuation theory for dynamics developed in the project.  The activation energy for the liquid water (left) diffusion coefficient is obtained by correlating the energy of the system (middle) with the distance molecules diffuse (right).</div> <div class="imageCredit">Zeke A. Piskulich</div> <div class="imagePermisssions">Copyrighted</div> <div class="imageSubmitted">Ward&nbsp;H&nbsp;Thompson</div> <div class="imageTitle">Schematic Illustration of Fluctuation Theory for Dynamics</div> </div> </li> </ul> </div> </div> </div> </div>]]></DRECONTENT>
<POR_COPY_TXT><![CDATA[ How the dynamics of a reaction changes with temperature is one of the most fundamental measures of its behavior.  This is most commonly characterized by its activation energy, which is a key measure of the energy barrier that must be overcome for the reaction to occur.  The activation energy is obtained through measurement or simulation of the reaction rate constant at different temperatures. In this project, methods for obtaining the activation energy for simulations at a single temperature have been developed and applied.  One key advantage of these approaches is that the temperature dependence can be obtained even when varying the temperature is problematic, e.g., increasing temperature would lead to evaporation of the liquid under study.  A second advantage, exploited in this work, is that mechanistic information can be extracted that is not available any other way.  Specifically, the contribution to the activation energy from different motions or interactions present in the reactants can be determined; each contribution measures how helpful (or unhelpful) putting energy into that interaction is for passing over the reaction barrier.  A third advantage is that the methods developed in this project are applicable to determine the temperature dependence of any chemical process, not only reaction, including dynamical properties such as molecular diffusion, reorientation, viscosity, and spectroscopy as well as static properties, such as the liquid structure or the equilibrium between molecular conformations.  The methods developed in the project have been primarily applied to better understand the behavior of water and aqueous electrolytes. In one example, simulations at room temperature were used to predict the dynamics of water well into the supercooled regime (where water is cooled below its freezing point sufficiently quickly that it cannot form ice). This work showed that the behavior of supercooled water, which is difficult to probe experimentally, can be deduced from the behavior of water under ambient conditions.  In another example, the effect of ions on water diffusion, which is important in applications ranging from electrochemical cells to biological systems, was found to have a strong contribution from entropic effects.  Such insight can help understand the so-called Hofmeister effect, which describes how ions affect protein structure, solubility, and interactions. In a third case, simulations using the developed approaches corrected a long-standing interpretation of certain ultrafast spectroscopic experiments as a measurement of the timescale for water molecules to exchange hydrogen bond partners.  The work showed that hydrogen bond exchange is only a small, nearly negligible contribution to the experimental signal. This indicates that rethinking is required for how hydrogen bond exchanges, the most basic steps in rearrangements of water, can be directly probed.  Codes implementing the methods developed through this project have been made available to the scientific community.  In addition, seven graduate students were trained as part of this research, including four who completed their PhD during the grant period.  The PI and graduate students also participated in outreach activities including a 3D visualization demonstration of molecules during the annual Carnival of Chemistry at the University of Kansas.          Last Modified: 09/26/2022       Submitted by: Ward H Thompson]]></POR_COPY_TXT>
</POR>
</Award>
</rootTag>
