<?xml version="1.0" encoding="UTF-8"?>
<rootTag>
<Award>
<AwardTitle><![CDATA[Derivation of the Kinetic Wave Equation]]></AwardTitle>
<AGENCY>NSF</AGENCY>
<AwardEffectiveDate>06/01/2018</AwardEffectiveDate>
<AwardExpirationDate>05/31/2021</AwardExpirationDate>
<AwardTotalIntnAmount>270000.00</AwardTotalIntnAmount>
<AwardAmount>270000</AwardAmount>
<AwardInstrument>
<Value>Continuing Grant</Value>
</AwardInstrument>
<Organization>
<Code>03040000</Code>
<Directorate>
<Abbreviation>MPS</Abbreviation>
<LongName>Direct For Mathematical &amp; Physical Scien</LongName>
</Directorate>
<Division>
<Abbreviation>DMS</Abbreviation>
<LongName>Division Of Mathematical Sciences</LongName>
</Division>
</Organization>
<ProgramOfficer>
<SignBlockName>Marian Bocea</SignBlockName>
<PO_EMAI>mbocea@nsf.gov</PO_EMAI>
<PO_PHON>7032922595</PO_PHON>
</ProgramOfficer>
<AbstractNarration><![CDATA[Turbulence is a universal phenomenon, occurring in a number of physical systems. The simplest one is the flow of a fluid, say water in a river. In some regimes, the flow is very smooth, but in other situations it appears very chaotic, with eddies at various scales, interacting in a very complicated manner: the flow is then said to be turbulent. While turbulent flows are very hard to understand, and constitute to this day a scientific riddle, an approach was suggested by Kolmogorov in 1941. Kolmogorov's approach is instead of trying to fully describe the flow focus on statistical quantities that can be measured in the flow.  In other words, instead of understanding everyting about the flow, which might not be possible, certain averaged quantities should follow precise physical laws. While this approach was very successful in many respects, it remains mysterious in many others. In particular, at a very fundamental level, no rigorous justification of the laws of turbulence is known: these laws seem to be valid experimentally, but how they exactly arise from first principles  is not known. The aim of the program is to investigate this very fundamental question, which is related to very practical concerns. While turbulence in fluid flows is the first example that comes to mind, another type of turbulence, known as weak turbulence, might be more tractable, and provide the right entry point. &lt;br/&gt;&lt;br/&gt;Weak turbulence describes turbulence as it arises in nonlinear wave equations (of which there are many instances, from waves propagating on the surface of the ocean to electromagnetic waves or quantum physics). It was conjectured by several scientists, in particular Zakharov in the 70's and 80's, that weak turbulence is described by a specific equation, known as the kinetic wave equation. The central aim of the PI is to investigate this conjecture with the help of mathematical tools: in particular, the theory of partial differential equations, in connection with probability theory. This effort will hopefully enable us to validate Zakharov's claim under appropriate conditions, which would then open the way to a theoretical and rigorous understanding of weak turbulence.&lt;br/&gt;&lt;br/&gt;This award reflects NSF's statutory mission and has been deemed worthy of support through evaluation using the Foundation's intellectual merit and broader impacts review criteria.]]></AbstractNarration>
<MinAmdLetterDate>03/30/2018</MinAmdLetterDate>
<MaxAmdLetterDate>06/02/2020</MaxAmdLetterDate>
<ARRAAmount/>
<TRAN_TYPE>Grant</TRAN_TYPE>
<CFDA_NUM>47.049</CFDA_NUM>
<NSF_PAR_USE_FLAG>1</NSF_PAR_USE_FLAG>
<FUND_AGCY_CODE>4900</FUND_AGCY_CODE>
<AWDG_AGCY_CODE>4900</AWDG_AGCY_CODE>
<AwardID>1800840</AwardID>
<Investigator>
<FirstName>Pierre</FirstName>
<LastName>Germain</LastName>
<PI_MID_INIT/>
<PI_SUFX_NAME/>
<PI_FULL_NAME>Pierre Germain</PI_FULL_NAME>
<EmailAddress><![CDATA[pmg7@nyu.edu]]></EmailAddress>
<NSF_ID>000575442</NSF_ID>
<StartDate>03/30/2018</StartDate>
<EndDate/>
<RoleCode>Principal Investigator</RoleCode>
</Investigator>
<Institution>
<Name><![CDATA[New York University]]></Name>
<CityName>NEW YORK</CityName>
<ZipCode>100121019</ZipCode>
<PhoneNumber>2129982121</PhoneNumber>
<StreetAddress><![CDATA[70 WASHINGTON SQ S]]></StreetAddress>
<StreetAddress2/>
<CountryName>United States</CountryName>
<StateName>New York</StateName>
<StateCode>NY</StateCode>
<CONGRESSDISTRICT>10</CONGRESSDISTRICT>
<CONGRESS_DISTRICT_ORG>NY10</CONGRESS_DISTRICT_ORG>
<ORG_UEI_NUM>NX9PXMKW5KW8</ORG_UEI_NUM>
<ORG_LGL_BUS_NAME>NEW YORK UNIVERSITY</ORG_LGL_BUS_NAME>
<ORG_PRNT_UEI_NUM/>
</Institution>
<Performance_Institution>
<Name><![CDATA[New York University]]></Name>
<CityName>New York</CityName>
<StateCode>NY</StateCode>
<ZipCode>100121110</ZipCode>
<StreetAddress><![CDATA[251 Mercer Street]]></StreetAddress>
<CountryCode>US</CountryCode>
<CountryName>United States</CountryName>
<StateName>New York</StateName>
<CountryFlag>1</CountryFlag>
<CONGRESSDISTRICT>10</CONGRESSDISTRICT>
<CONGRESS_DISTRICT_PERF>NY10</CONGRESS_DISTRICT_PERF>
</Performance_Institution>
<ProgramElement>
<Code>1281</Code>
<Text>ANALYSIS PROGRAM</Text>
</ProgramElement>
<Appropriation>
<Code>0118</Code>
<Name>NSF RESEARCH &amp; RELATED ACTIVIT</Name>
<APP_SYMB_ID>040100</APP_SYMB_ID>
</Appropriation>
<Appropriation>
<Code>0119</Code>
<Name>NSF RESEARCH &amp; RELATED ACTIVIT</Name>
<APP_SYMB_ID>040100</APP_SYMB_ID>
</Appropriation>
<Appropriation>
<Code>0120</Code>
<Name>NSF RESEARCH &amp; RELATED ACTIVIT</Name>
<APP_SYMB_ID>040100</APP_SYMB_ID>
</Appropriation>
<Fund>
<Code>01001819DB</Code>
<Name><![CDATA[NSF RESEARCH & RELATED ACTIVIT]]></Name>
<FUND_SYMB_ID>040100</FUND_SYMB_ID>
</Fund>
<Fund>
<Code>01001920DB</Code>
<Name><![CDATA[NSF RESEARCH & RELATED ACTIVIT]]></Name>
<FUND_SYMB_ID>040100</FUND_SYMB_ID>
</Fund>
<Fund>
<Code>01002021DB</Code>
<Name><![CDATA[NSF RESEARCH & RELATED ACTIVIT]]></Name>
<FUND_SYMB_ID>040100</FUND_SYMB_ID>
</Fund>
<FUND_OBLG>2018~90000</FUND_OBLG>
<FUND_OBLG>2019~90000</FUND_OBLG>
<FUND_OBLG>2020~90000</FUND_OBLG>
<POR>
<DRECONTENT><![CDATA[<div class="porColContainerWBG"> <div class="porContentCol"><p>This project has led to a deeper understanding of the validity of the kinetic wave equation. This equation is routinely used by physicists working on nonlinear waves (which are ubiquitous in nonlinear physics, from ocean and atmosphere science to plasma physics and condensed matter). This equation is used to predict the distribution of energy amongst length scales in turbulent systems, but its validity has always been questioned, which obviously poses a fundamental challenge.</p> <p>Through this project, a rigorous derivation of the kinetic wave equation could be put forward, which settles the question of validity in a number of cases. &nbsp;The classical ana;ytical theory of nonlinear waves, as developed in the last decades, did not apply to the situation of interest, and input from other mathematical fields was needed. In particular, probability theory plays an important role since the data are taken to be random. Graph theory is also a key too, since Feynman graphs are used to expand the solution in its data. Finally, number theory also comes in, in order to describe the spectrum of the Laplacian on tori.</p> <p>It is our hope that this derivation will open the door to a deeper understanding of turbulent phenomena, which remain one of the main challenges of contemporary physics.</p> <p>&nbsp;</p><br> <p>            Last Modified: 08/17/2021<br>      Modified by: Pierre&nbsp;Germain</p> </div> <div class="porSideCol"></div> </div>]]></DRECONTENT>
<POR_COPY_TXT><![CDATA[ This project has led to a deeper understanding of the validity of the kinetic wave equation. This equation is routinely used by physicists working on nonlinear waves (which are ubiquitous in nonlinear physics, from ocean and atmosphere science to plasma physics and condensed matter). This equation is used to predict the distribution of energy amongst length scales in turbulent systems, but its validity has always been questioned, which obviously poses a fundamental challenge.  Through this project, a rigorous derivation of the kinetic wave equation could be put forward, which settles the question of validity in a number of cases.  The classical ana;ytical theory of nonlinear waves, as developed in the last decades, did not apply to the situation of interest, and input from other mathematical fields was needed. In particular, probability theory plays an important role since the data are taken to be random. Graph theory is also a key too, since Feynman graphs are used to expand the solution in its data. Finally, number theory also comes in, in order to describe the spectrum of the Laplacian on tori.  It is our hope that this derivation will open the door to a deeper understanding of turbulent phenomena, which remain one of the main challenges of contemporary physics.          Last Modified: 08/17/2021       Submitted by: Pierre Germain]]></POR_COPY_TXT>
</POR>
</Award>
</rootTag>
