<?xml version="1.0" encoding="UTF-8"?>
<rootTag>
<Award>
<AwardTitle><![CDATA[Qualitative Properties of Solutions to Nonlinear Elliptic Partial Differential Equations]]></AwardTitle>
<AGENCY>NSF</AGENCY>
<AwardEffectiveDate>07/01/2018</AwardEffectiveDate>
<AwardExpirationDate>06/30/2022</AwardExpirationDate>
<AwardTotalIntnAmount>251680.00</AwardTotalIntnAmount>
<AwardAmount>251680</AwardAmount>
<AwardInstrument>
<Value>Standard Grant</Value>
</AwardInstrument>
<Organization>
<Code>03040000</Code>
<Directorate>
<Abbreviation>MPS</Abbreviation>
<LongName>Direct For Mathematical &amp; Physical Scien</LongName>
</Directorate>
<Division>
<Abbreviation>DMS</Abbreviation>
<LongName>Division Of Mathematical Sciences</LongName>
</Division>
</Organization>
<ProgramOfficer>
<SignBlockName>Marian Bocea</SignBlockName>
<PO_EMAI>mbocea@nsf.gov</PO_EMAI>
<PO_PHON>7032922595</PO_PHON>
</ProgramOfficer>
<AbstractNarration><![CDATA[This project focuses on central problems in classical fields of analysis such as the calculus of variations and free boundary problems.  The problems under investigation share some common features and have roots in different areas like material sciences, fluid mechanics, geometry, cost optimization etc.  They are relevant to both pure and applied mathematics. The proposed problems require progress on the known methods and techniques and addressing them would be beneficial for mathematicians and possibly for the larger scientific community as well.  The outcome will be disseminated to the interested audience to invigorate the advancement of the theory.  &lt;br/&gt;&lt;br/&gt;A central part of the project deals with the stability of singular minimizing maps of smooth, convex energies that appear in nonlinear elasticity. The PI will investigate the singularity formation in the associated parabolic flow and the regularity of solutions to a class of elliptic systems with special structure.  Another part of the project is concerned with problems in nonlinear elliptic equations. The PI shall study the boundary behavior of some degenerate Monge-Ampere equations and optimal transportation problems, and to develop Pogorelov type estimates for some interesting model equation.  In free boundaries, the PI will study the two-phase free boundary problem for different operators together with various obstacle-type problems, and will also analyze the rigidity of boundary layer phase transitions.&lt;br/&gt;&lt;br/&gt;This award reflects NSF's statutory mission and has been deemed worthy of support through evaluation using the Foundation's intellectual merit and broader impacts review criteria.]]></AbstractNarration>
<MinAmdLetterDate>04/26/2018</MinAmdLetterDate>
<MaxAmdLetterDate>04/26/2018</MaxAmdLetterDate>
<ARRAAmount/>
<TRAN_TYPE>Grant</TRAN_TYPE>
<CFDA_NUM>47.049</CFDA_NUM>
<NSF_PAR_USE_FLAG>1</NSF_PAR_USE_FLAG>
<FUND_AGCY_CODE>4900</FUND_AGCY_CODE>
<AWDG_AGCY_CODE>4900</AWDG_AGCY_CODE>
<AwardID>1800645</AwardID>
<Investigator>
<FirstName>Ovidiu</FirstName>
<LastName>Savin</LastName>
<PI_MID_INIT/>
<PI_SUFX_NAME/>
<PI_FULL_NAME>Ovidiu Savin</PI_FULL_NAME>
<EmailAddress><![CDATA[os2161@columbia.edu]]></EmailAddress>
<NSF_ID>000222082</NSF_ID>
<StartDate>04/26/2018</StartDate>
<EndDate/>
<RoleCode>Principal Investigator</RoleCode>
</Investigator>
<Institution>
<Name><![CDATA[Columbia University]]></Name>
<CityName>NEW YORK</CityName>
<ZipCode>100277922</ZipCode>
<PhoneNumber>2128546851</PhoneNumber>
<StreetAddress><![CDATA[615 W 131ST ST]]></StreetAddress>
<StreetAddress2><![CDATA[MC 8741]]></StreetAddress2>
<CountryName>United States</CountryName>
<StateName>New York</StateName>
<StateCode>NY</StateCode>
<CONGRESSDISTRICT>13</CONGRESSDISTRICT>
<CONGRESS_DISTRICT_ORG>NY13</CONGRESS_DISTRICT_ORG>
<ORG_UEI_NUM>F4N1QNPB95M4</ORG_UEI_NUM>
<ORG_LGL_BUS_NAME>THE TRUSTEES OF COLUMBIA UNIVERSITY IN THE CITY OF NEW YORK</ORG_LGL_BUS_NAME>
<ORG_PRNT_UEI_NUM/>
</Institution>
<Performance_Institution>
<Name><![CDATA[Columbia University]]></Name>
<CityName>New York</CityName>
<StateCode>NY</StateCode>
<ZipCode>100276902</ZipCode>
<StreetAddress><![CDATA[Rm 509, MC4406, 2990 Broadway]]></StreetAddress>
<CountryCode>US</CountryCode>
<CountryName>United States</CountryName>
<StateName>New York</StateName>
<CountryFlag>1</CountryFlag>
<CONGRESSDISTRICT>13</CONGRESSDISTRICT>
<CONGRESS_DISTRICT_PERF>NY13</CONGRESS_DISTRICT_PERF>
</Performance_Institution>
<ProgramElement>
<Code>1281</Code>
<Text>ANALYSIS PROGRAM</Text>
</ProgramElement>
<Appropriation>
<Code>0118</Code>
<Name>NSF RESEARCH &amp; RELATED ACTIVIT</Name>
<APP_SYMB_ID>040100</APP_SYMB_ID>
</Appropriation>
<Fund>
<Code>01001819DB</Code>
<Name><![CDATA[NSF RESEARCH & RELATED ACTIVIT]]></Name>
<FUND_SYMB_ID>040100</FUND_SYMB_ID>
</Fund>
<FUND_OBLG>2018~251680</FUND_OBLG>
<POR>
<DRECONTENT><![CDATA[<div class="porColContainerWBG"> <div class="porContentCol"><p>The project focused on various questions about regularity of solutions to elliptic PDEs which arise in the calculus of variations, geometry and free boundary problems.&nbsp;</p> <p>&nbsp;The PI developed novel methods in several problems of interests. For example in the optimal transportation problem he obtained the sharp estimates for the transport map between densities supported on arbitrarily convex planar domains. This includes the challenging case when the densities are allowed to vanish near the boundary. In a related project he investigated the behavior of solutions to the Monge-Ampere equation in non-smooth domains with corners. He also introduced and studied a novel equation that exhibits a mixed group of invariances.&nbsp;</p> <p>&nbsp;A large part of the project was devoted to free boundary problems. On this topic the PI developed a robust technique for establishing the regularity of the non-degenerate part of the free boundary in the one-phase Stefan problem. Sharp results regarding the geometry of free boundaries were obtained in other classical problems such as the nonlinear obstacle problem, the thin obstacle problem, and the multiple membranes problem.</p> <p>&nbsp;In another direction the PI revisited and simplified some proofs of the boundary Harnack principle.&nbsp;</p> <p>&nbsp; The results achieved in this project have been disseminated to the scientific community through participation to conferences and seminars. They also opened up several future directions of research.</p> <p>&nbsp;</p><br> <p>            Last Modified: 02/10/2023<br>      Modified by: Ovidiu&nbsp;Savin</p> </div> <div class="porSideCol"></div> </div>]]></DRECONTENT>
<POR_COPY_TXT><![CDATA[ The project focused on various questions about regularity of solutions to elliptic PDEs which arise in the calculus of variations, geometry and free boundary problems.    The PI developed novel methods in several problems of interests. For example in the optimal transportation problem he obtained the sharp estimates for the transport map between densities supported on arbitrarily convex planar domains. This includes the challenging case when the densities are allowed to vanish near the boundary. In a related project he investigated the behavior of solutions to the Monge-Ampere equation in non-smooth domains with corners. He also introduced and studied a novel equation that exhibits a mixed group of invariances.    A large part of the project was devoted to free boundary problems. On this topic the PI developed a robust technique for establishing the regularity of the non-degenerate part of the free boundary in the one-phase Stefan problem. Sharp results regarding the geometry of free boundaries were obtained in other classical problems such as the nonlinear obstacle problem, the thin obstacle problem, and the multiple membranes problem.   In another direction the PI revisited and simplified some proofs of the boundary Harnack principle.     The results achieved in this project have been disseminated to the scientific community through participation to conferences and seminars. They also opened up several future directions of research.          Last Modified: 02/10/2023       Submitted by: Ovidiu Savin]]></POR_COPY_TXT>
</POR>
</Award>
</rootTag>
