<?xml version="1.0" encoding="UTF-8"?>
<rootTag>
<Award>
<AwardTitle><![CDATA[RUI: Deep Eutectic Solvents for Chiroptical Materials]]></AwardTitle>
<AGENCY>NSF</AGENCY>
<AwardEffectiveDate>09/01/2018</AwardEffectiveDate>
<AwardExpirationDate>08/31/2023</AwardExpirationDate>
<AwardTotalIntnAmount>242301.00</AwardTotalIntnAmount>
<AwardAmount>242301</AwardAmount>
<AwardInstrument>
<Value>Standard Grant</Value>
</AwardInstrument>
<Organization>
<Code>03090000</Code>
<Directorate>
<Abbreviation>MPS</Abbreviation>
<LongName>Direct For Mathematical &amp; Physical Scien</LongName>
</Directorate>
<Division>
<Abbreviation>CHE</Abbreviation>
<LongName>Division Of Chemistry</LongName>
</Division>
</Organization>
<ProgramOfficer>
<SignBlockName>Tingyu Li</SignBlockName>
<PO_EMAI>tli@nsf.gov</PO_EMAI>
<PO_PHON>7032924949</PO_PHON>
</ProgramOfficer>
<AbstractNarration><![CDATA[In this project, funded by the Chemical Structure, Dynamic &amp; Mechanism B Program of the Chemistry Division, Professor Todd A. Hopkins of the Department of Chemistry and Biochemistry at Butler University is developing unique solvents called deep eutectic solvents as circularly polarized light emitting materials. Deep eutectic solvents are well suited to the task, because of the ability to control their properties. This project explores how to design deep eutectic solvents that improve the efficiency of emitted circularly polarized light. Circularly polarized light emitting materials, such as circularly polarized organic light emitting diodes, have potential application in quantum computing, for generating holographic images, and as security labels. This project engages undergraduate students in research at the interface of physical, inorganic, and materials chemistry, and involves collaboration between undergraduate research students and students enrolled in a physical chemistry laboratory course. &lt;br/&gt;&lt;br/&gt;More technically, the goal of this project is to develop circularly polarized light emitting materials based on luminescent lanthanide complexes dissolved in deep eutectic solvents. Deep eutectic solvents are formed from combinations of hydrogen bond acceptor and donors, whose properties can be controlled through choice of components. Therefore, the selection of hydrogen bond acceptor with chiral hydrogen bond donor can generate a deep eutectic solvent that provides both chiral selection and charge carrier properties to enhance electroluminescence of the dissolved lanthanide complexes. This project involves 1) screening chiral hydrogen bond donors for low melting point deep eutectic solvent formation; 2) characterizing the physical properties of the deep eutectic solvents; 3) characterizing the chiroptical properties of lanthanide complexes in the successful deep eutectic solvents; and 4) developing circularly polarized organic light emitting diodes out of the successful deep eutectic solvent/lanthanide systems. The high-throughput approach to screening deep eutectic solvent properties in this project yields a large amount of data on deep eutectic solvent-structure property relationships that will be shared in a public database to help the research community develop better predictive models.&lt;br/&gt;&lt;br/&gt;This award reflects NSF's statutory mission and has been deemed worthy of support through evaluation using the Foundation's intellectual merit and broader impacts review criteria.]]></AbstractNarration>
<MinAmdLetterDate>07/24/2018</MinAmdLetterDate>
<MaxAmdLetterDate>07/24/2018</MaxAmdLetterDate>
<ARRAAmount/>
<TRAN_TYPE>Grant</TRAN_TYPE>
<CFDA_NUM>47.049</CFDA_NUM>
<NSF_PAR_USE_FLAG>1</NSF_PAR_USE_FLAG>
<FUND_AGCY_CODE>4900</FUND_AGCY_CODE>
<AWDG_AGCY_CODE>4900</AWDG_AGCY_CODE>
<AwardID>1800269</AwardID>
<Investigator>
<FirstName>Todd</FirstName>
<LastName>Hopkins</LastName>
<PI_MID_INIT>A</PI_MID_INIT>
<PI_SUFX_NAME/>
<PI_FULL_NAME>Todd A Hopkins</PI_FULL_NAME>
<EmailAddress><![CDATA[tahopkin@butler.edu]]></EmailAddress>
<NSF_ID>000483203</NSF_ID>
<StartDate>07/24/2018</StartDate>
<EndDate/>
<RoleCode>Principal Investigator</RoleCode>
</Investigator>
<Institution>
<Name>Butler University</Name>
<CityName>INDIANAPOLIS</CityName>
<ZipCode>462083443</ZipCode>
<PhoneNumber>3179409766</PhoneNumber>
<StreetAddress>4600 SUNSET AVE</StreetAddress>
<StreetAddress2/>
<CountryName>United States</CountryName>
<StateName>Indiana</StateName>
<StateCode>IN</StateCode>
<CONGRESSDISTRICT>07</CONGRESSDISTRICT>
<CONGRESS_DISTRICT_ORG>IN07</CONGRESS_DISTRICT_ORG>
<ORG_UEI_NUM>N5NUJNBQHMH6</ORG_UEI_NUM>
<ORG_LGL_BUS_NAME>BUTLER UNIVERSITY</ORG_LGL_BUS_NAME>
<ORG_PRNT_UEI_NUM>N5NUJNBQHMH6</ORG_PRNT_UEI_NUM>
</Institution>
<Performance_Institution>
<Name><![CDATA[Butler University]]></Name>
<CityName>Indianapolis</CityName>
<StateCode>IN</StateCode>
<ZipCode>462083485</ZipCode>
<StreetAddress><![CDATA[4600 Sunset Avenue]]></StreetAddress>
<CountryCode>US</CountryCode>
<CountryName>United States</CountryName>
<StateName>Indiana</StateName>
<CountryFlag>1</CountryFlag>
<CONGRESSDISTRICT>07</CONGRESSDISTRICT>
<CONGRESS_DISTRICT_PERF>IN07</CONGRESS_DISTRICT_PERF>
</Performance_Institution>
<ProgramElement>
<Code>9102</Code>
<Text>Chem Struct,Dynmcs&amp;Mechansms B</Text>
</ProgramElement>
<ProgramReference>
<Code>057Z</Code>
<Text>(QL) Quantum Leap</Text>
</ProgramReference>
<ProgramReference>
<Code>9229</Code>
<Text>RES IN UNDERGRAD INST-RESEARCH</Text>
</ProgramReference>
<Appropriation>
<Code>0118</Code>
<Name>NSF RESEARCH &amp; RELATED ACTIVIT</Name>
<APP_SYMB_ID>040100</APP_SYMB_ID>
</Appropriation>
<Fund>
<Code>01001819DB</Code>
<Name><![CDATA[NSF RESEARCH & RELATED ACTIVIT]]></Name>
<FUND_SYMB_ID>040100</FUND_SYMB_ID>
</Fund>
<FUND_OBLG>2018~242301</FUND_OBLG>
<POR>
<DRECONTENT><![CDATA[<div class="porColContainerWBG"> <div class="porContentCol"><p>This award supported a study of chiral deep eutectic solvents to be used in developing chiral light emitting materials conducted by undergraduate students in the Hopkins research lab at Butler University. The results of this study are published in three papers and one book chapter with 10 undergraduate students as co-authors.</p> <p>&nbsp;</p> <p>During this project, 21 undergraduate students from diverse backgrounds received research training. Twelve students worked on this study as students in my research lab, and an additional nine students participated through a laboratory course where they engaged in hypothesis-driven research projects. Students gained research skills, including experimental design, data acquisition and analysis, and computational techniques, that are critical to their inclusion in the STEM workforce. Ten research students demonstrate their proficiency through co-authorship of peer-reviewed publications, and several students are co-authors on multiple publications. This project also provided an opportunity for five of the students to present their research at National and International Scientific Meetings.</p> <p>&nbsp;</p> <p>Deep eutectic solvents (DES) are mixtures that form liquids with properties that can be controlled by the choice of components. In this study, new chiral DES were developed as solvents for use in chiral light emitting materials, such as circularly polarized organic light emitting diodes (CP-OLED). Our lab developed a method to screen for chiral DES formation and maintains a publicly available database with these results. To date, we have screened ~1700 combinations, and identified ~400 potential chiral solvents. The database has been provided such that research efforts applying data science methodology can attempt to predict DES formation. Of the total combinations, 100 have been studied for their ability to induce circularly polarized luminescence (CPL) from a luminescent lanthanide complex. Successful chiral DES/lanthanide complex combinations can be utilized as the light emitting layer in a CP-OLED.</p> <p>&nbsp;</p><br> <p>  Last Modified: 01/01/2024<br> Modified by: Todd&nbsp;A&nbsp;Hopkins</p></div> <div class="porSideCol" ></div> </div>]]></DRECONTENT>
<POR_COPY_TXT><![CDATA[  This award supported a study of chiral deep eutectic solvents to be used in developing chiral light emitting materials conducted by undergraduate students in the Hopkins research lab at Butler University. The results of this study are published in three papers and one book chapter with 10 undergraduate students as co-authors.      During this project, 21 undergraduate students from diverse backgrounds received research training. Twelve students worked on this study as students in my research lab, and an additional nine students participated through a laboratory course where they engaged in hypothesis-driven research projects. Students gained research skills, including experimental design, data acquisition and analysis, and computational techniques, that are critical to their inclusion in the STEM workforce. Ten research students demonstrate their proficiency through co-authorship of peer-reviewed publications, and several students are co-authors on multiple publications. This project also provided an opportunity for five of the students to present their research at National and International Scientific Meetings.      Deep eutectic solvents (DES) are mixtures that form liquids with properties that can be controlled by the choice of components. In this study, new chiral DES were developed as solvents for use in chiral light emitting materials, such as circularly polarized organic light emitting diodes (CP-OLED). Our lab developed a method to screen for chiral DES formation and maintains a publicly available database with these results. To date, we have screened ~1700 combinations, and identified ~400 potential chiral solvents. The database has been provided such that research efforts applying data science methodology can attempt to predict DES formation. Of the total combinations, 100 have been studied for their ability to induce circularly polarized luminescence (CPL) from a luminescent lanthanide complex. Successful chiral DES/lanthanide complex combinations can be utilized as the light emitting layer in a CP-OLED.        Last Modified: 01/01/2024       Submitted by: ToddAHopkins]]></POR_COPY_TXT>
</POR>
</Award>
</rootTag>
