<?xml version="1.0" encoding="UTF-8"?>
<rootTag>
<Award>
<AwardTitle><![CDATA[Fundamental Physical Understanding of Matrix-stabilized Combustion in Porous Media]]></AwardTitle>
<AGENCY>NSF</AGENCY>
<AwardEffectiveDate>06/15/2018</AwardEffectiveDate>
<AwardExpirationDate>05/31/2021</AwardExpirationDate>
<AwardTotalIntnAmount>370000.00</AwardTotalIntnAmount>
<AwardAmount>370000</AwardAmount>
<AwardInstrument>
<Value>Standard Grant</Value>
</AwardInstrument>
<Organization>
<Code>07020000</Code>
<Directorate>
<Abbreviation>ENG</Abbreviation>
<LongName>Directorate For Engineering</LongName>
</Directorate>
<Division>
<Abbreviation>CBET</Abbreviation>
<LongName>Div Of Chem, Bioeng, Env, &amp; Transp Sys</LongName>
</Division>
</Organization>
<ProgramOfficer>
<SignBlockName>John Daily</SignBlockName>
<PO_EMAI/>
<PO_PHON/>
</ProgramOfficer>
<AbstractNarration><![CDATA[The objective of the proposed research is to develop computational and experimental methods to improve the fundamental understanding of matrix-stabilized combustion in porous media. Matrix-stabilized combustion is an advanced combustion concept in which combustion is sustained within a porous heat-conducting matrix. The internal heat recirculation within the porous matrix facilitates preheating of the unburned gas mixture, thereby enabling high-efficiency and low-pollution operations. However, the limited understanding about the combustion and heat transfer processes represents a major challenge toward the successful implementation as low-emission combustion technology for transportation and power generation.&lt;br/&gt;&lt;br/&gt;By combining computational modeling with experimental investigations, this research seeks to enable the quantitative prediction and detailed analysis of matrix-stabilized combustion in porous media. Specifically, the goal of the computational research is to develop a high-fidelity simulation capability to enable detailed pore-resolved simulations of heterogeneous combustion processes and gas-solid interaction inside the porous structure. The experimental effort will focus on the development of advanced non-intrusive X-ray diagnostics to obtain quantitative measurements of the temperature field and combustion processes inside the porous matrix. By combining detailed simulations and experimental diagnostics, systematic investigations will be performed to obtain fundamental understanding of heterogeneous combustion processes, identify flame structure, and assess effects of operating conditions, material properties and pore topology on the flame stabilization, emissions, and combustion performance.&lt;br/&gt;&lt;br/&gt;This award reflects NSF's statutory mission and has been deemed worthy of support through evaluation using the Foundation's intellectual merit and broader impacts review criteria.]]></AbstractNarration>
<MinAmdLetterDate>06/01/2018</MinAmdLetterDate>
<MaxAmdLetterDate>06/01/2018</MaxAmdLetterDate>
<ARRAAmount/>
<TRAN_TYPE>Grant</TRAN_TYPE>
<CFDA_NUM>47.041</CFDA_NUM>
<NSF_PAR_USE_FLAG>1</NSF_PAR_USE_FLAG>
<FUND_AGCY_CODE>4900</FUND_AGCY_CODE>
<AWDG_AGCY_CODE>4900</AWDG_AGCY_CODE>
<AwardID>1800906</AwardID>
<Investigator>
<FirstName>Matthias</FirstName>
<LastName>Ihme</LastName>
<PI_MID_INIT/>
<PI_SUFX_NAME/>
<PI_FULL_NAME>Matthias Ihme</PI_FULL_NAME>
<EmailAddress><![CDATA[mihme@stanford.edu]]></EmailAddress>
<NSF_ID>000500463</NSF_ID>
<StartDate>06/01/2018</StartDate>
<EndDate/>
<RoleCode>Principal Investigator</RoleCode>
</Investigator>
<Institution>
<Name>Stanford University</Name>
<CityName>STANFORD</CityName>
<ZipCode>943052004</ZipCode>
<PhoneNumber>6507232300</PhoneNumber>
<StreetAddress>450 JANE STANFORD WAY</StreetAddress>
<StreetAddress2/>
<CountryName>United States</CountryName>
<StateName>California</StateName>
<StateCode>CA</StateCode>
<CONGRESSDISTRICT>16</CONGRESSDISTRICT>
<CONGRESS_DISTRICT_ORG>CA16</CONGRESS_DISTRICT_ORG>
<ORG_UEI_NUM>HJD6G4D6TJY5</ORG_UEI_NUM>
<ORG_LGL_BUS_NAME>THE LELAND STANFORD JUNIOR UNIVERSITY</ORG_LGL_BUS_NAME>
<ORG_PRNT_UEI_NUM/>
</Institution>
<Performance_Institution>
<Name><![CDATA[Stanford University]]></Name>
<CityName>Stanford</CityName>
<StateCode>CA</StateCode>
<ZipCode>943053024</ZipCode>
<StreetAddress><![CDATA[488 Escondido Mall]]></StreetAddress>
<CountryCode>US</CountryCode>
<CountryName>United States</CountryName>
<StateName>California</StateName>
<CountryFlag>1</CountryFlag>
<CONGRESSDISTRICT>16</CONGRESSDISTRICT>
<CONGRESS_DISTRICT_PERF>CA16</CONGRESS_DISTRICT_PERF>
</Performance_Institution>
<ProgramElement>
<Code>1407</Code>
<Text>CFS-Combustion &amp; Fire Systems</Text>
</ProgramElement>
<ProgramReference>
<Code>7218</Code>
<Text>RET SUPP-Res Exp for Tchr Supp</Text>
</ProgramReference>
<ProgramReference>
<Code>9251</Code>
<Text>REU SUPP-Res Exp for Ugrd Supp</Text>
</ProgramReference>
<Appropriation>
<Code>0118</Code>
<Name>NSF RESEARCH &amp; RELATED ACTIVIT</Name>
<APP_SYMB_ID>040100</APP_SYMB_ID>
</Appropriation>
<Fund>
<Code>01001819DB</Code>
<Name><![CDATA[NSF RESEARCH & RELATED ACTIVIT]]></Name>
<FUND_SYMB_ID>040100</FUND_SYMB_ID>
</Fund>
<FUND_OBLG>2018~370000</FUND_OBLG>
<POR>
<DRECONTENT><![CDATA[<div class="porColContainerWBG"> <div class="porContentCol"><p>The objective of the proposed research program is to improve our current understanding of matrix-stabilized combustion in porous media by combining fundamental analyses, predictive modeling capabilities, and experimental investigations. Matrix-stabilized combustion in porous media is an advanced combustion concept in which combustion is sustained within a porous heat-conducting matrix. The internal heat recirculation within this matrix facilitates preheating of the unburned gas mixture, thereby enabling the extension of the lean flammability limit, increased volumetric heat-release, and significant reductions in emissions of CO and NOx. More broadly, combustion in porous media is also encountered in heterogeneous combustion processes involving bio-mass combustion, in-situ combustion, pyrolysis, and smoldering processes. The limited understanding about thermo-physico-chemical processes, involving interstitial combustion, heat-release, dispersion, conjugate heat-exchange, and effects of pore topology and material properties of the porous matrix on the internal heat-transfer are major challenges towards the successful implementation as low-emission combustion technology for transportation, power generation, and heating.</p> <p>The major outcomes of this research are as follows:</p> <p>1) To examine the heterogeneous combustion process in porous matrix structures and, more generally, optically inaccessible media, an in-situ simultaneous X-ray computed tomography diagnostics was developed with spatial resolution better than 20um (using X-ray synchrotron sources). This technique enables measuring the gas-phase temperature variations by combustion and density variations associated with pyrolysis and smoldering in biomass combustion. This technique was employed to examine smoldering and pyrolysis of biomass materials and for examining interstitial flame structure in porous ceramic media.</p> <p>&nbsp;</p> <p>2) To optimize the combustion performance of porous-media burners, a computational optimization method was developed that enables the design of tailored porous-ceramic media with optimized pore topology and material properties. Direct comparisons with state-of-the-art porous-media burners demonstrated significant performance gains, both in terms of flame-stabilization and emissions.</p> <p>&nbsp;</p> <p>3) Motivated by the computational optimization of the tailored porous media topologies, an additive manufacturing approach was devised and employed to manufacture these optimized tailored porous ceramic matrix structures. Experimental tests demonstrated the feasibility of this manufacturing approach, confirming computationally predicted performance gains.</p> <p>&nbsp;</p> <p>4) To assess the system-level benefit of integrating porous-media burners in gas-turbines (for aviation and power-generation), a thermodynamic analysis of a Brayton cycle was performed. An extensive parametric analysis showed that the utilization of porous media burners can significantly improve emissions and thermodynamic efficiencies, which is mainly attributed to the extension of the lean flammability limited and an associated reduction in emissions and an increase in pressure ratio.</p> <p>&nbsp;</p> <p>5) To examine to interstitial flame structure and effects of gas-phase temperature, heat-transfer, and heat conduction in the solid matrix, detailed pore-resolved simulations were performed, demonstrating the importance of fluid-structure interaction on flame stabilization and heat recirculation.</p> <p>&nbsp;</p> <p>&nbsp;</p><br> <p>            Last Modified: 06/30/2021<br>      Modified by: Matthias&nbsp;Ihme</p> </div> <div class="porSideCol"> <div class="each-gallery"> <div class="galContent" id="gallery0"> <div class="photoCount" id="photoCount0">          Images (<span id="selectedPhoto0">1</span> of <span class="totalNumber"></span>)           </div> <div class="galControls" id="controls0"></div> <div class="galSlideshow" id="slideshow0"></div> <div class="galEmbox" id="embox"> <div class="image-title"></div> </div> </div> <div class="galNavigation" id="navigation0"> <ul class="thumbs" id="thumbs0"> <li> <a href="/por/images/Reports/POR/2021/1800906/1800906_10547450_1625101396486_smoldering--rgov-214x142.jpg" original="/por/images/Reports/POR/2021/1800906/1800906_10547450_1625101396486_smoldering--rgov-800width.jpg" title="X-ray computed tomography of bio-mass smoldering."><img src="/por/images/Reports/POR/2021/1800906/1800906_10547450_1625101396486_smoldering--rgov-66x44.jpg" alt="X-ray computed tomography of bio-mass smoldering."></a> <div class="imageCaptionContainer"> <div class="imageCaption">X-ray measurements of simultaneous gas temperature and solid density for biomass materials (top-bottom): birch, walnut, oak, douglas fir; pyrolysis front separating unburned biomass and char layer is indicated via a white contour.</div> <div class="imageCredit">@mihme@stanford.edu</div> <div class="imagePermisssions">Creative Commons</div> <div class="imageSubmitted">Matthias&nbsp;Ihme</div> <div class="imageTitle">X-ray computed tomography of bio-mass smoldering.</div> </div> </li> <li> <a href="/por/images/Reports/POR/2021/1800906/1800906_10547450_1625101664996_frameworkSchematicPixJ--rgov-214x142.jpg" original="/por/images/Reports/POR/2021/1800906/1800906_10547450_1625101664996_frameworkSchematicPixJ--rgov-800width.jpg" title="Additive manufacturing of tailored porous ceramic media for high-temperature combustion"><img src="/por/images/Reports/POR/2021/1800906/1800906_10547450_1625101664996_frameworkSchematicPixJ--rgov-66x44.jpg" alt="Additive manufacturing of tailored porous ceramic media for high-temperature combustion"></a> <div class="imageCaptionContainer"> <div class="imageCaption">Schematic outlining the three phases of actualizing tailored porous structures, starting from design using mathematically defined surfaces, fabrication, and post-print analysis.</div> <div class="imageCredit">mihme@stanford.edu</div> <div class="imagePermisssions">Creative Commons</div> <div class="imageSubmitted">Matthias&nbsp;Ihme</div> <div class="imageTitle">Additive manufacturing of tailored porous ceramic media for high-temperature combustion</div> </div> </li> <li> <a href="/por/images/Reports/POR/2021/1800906/1800906_10547450_1625101887650_pmb--rgov-214x142.jpg" original="/por/images/Reports/POR/2021/1800906/1800906_10547450_1625101887650_pmb--rgov-800width.jpg" title="Superadiabatic combustion in porous media."><img src="/por/images/Reports/POR/2021/1800906/1800906_10547450_1625101887650_pmb--rgov-66x44.jpg" alt="Superadiabatic combustion in porous media."></a> <div class="imageCaptionContainer"> <div class="imageCaption">Depiction of superadiabatic matrix-stabilized combustion via schematic representation and direct imagery. Top: Direct illustration of a flame-stabilized inside a silicon carbide porous matrix. Bottom: Schematic representation of solid and gas-phase temperatures in matrix-stabilized burner.</div> <div class="imageCredit">mihme@stanford.edu</div> <div class="imagePermisssions">Creative Commons</div> <div class="imageSubmitted">Matthias&nbsp;Ihme</div> <div class="imageTitle">Superadiabatic combustion in porous media.</div> </div> </li> </ul> </div> </div> </div> </div>]]></DRECONTENT>
<POR_COPY_TXT><![CDATA[ The objective of the proposed research program is to improve our current understanding of matrix-stabilized combustion in porous media by combining fundamental analyses, predictive modeling capabilities, and experimental investigations. Matrix-stabilized combustion in porous media is an advanced combustion concept in which combustion is sustained within a porous heat-conducting matrix. The internal heat recirculation within this matrix facilitates preheating of the unburned gas mixture, thereby enabling the extension of the lean flammability limit, increased volumetric heat-release, and significant reductions in emissions of CO and NOx. More broadly, combustion in porous media is also encountered in heterogeneous combustion processes involving bio-mass combustion, in-situ combustion, pyrolysis, and smoldering processes. The limited understanding about thermo-physico-chemical processes, involving interstitial combustion, heat-release, dispersion, conjugate heat-exchange, and effects of pore topology and material properties of the porous matrix on the internal heat-transfer are major challenges towards the successful implementation as low-emission combustion technology for transportation, power generation, and heating.  The major outcomes of this research are as follows:  1) To examine the heterogeneous combustion process in porous matrix structures and, more generally, optically inaccessible media, an in-situ simultaneous X-ray computed tomography diagnostics was developed with spatial resolution better than 20um (using X-ray synchrotron sources). This technique enables measuring the gas-phase temperature variations by combustion and density variations associated with pyrolysis and smoldering in biomass combustion. This technique was employed to examine smoldering and pyrolysis of biomass materials and for examining interstitial flame structure in porous ceramic media.     2) To optimize the combustion performance of porous-media burners, a computational optimization method was developed that enables the design of tailored porous-ceramic media with optimized pore topology and material properties. Direct comparisons with state-of-the-art porous-media burners demonstrated significant performance gains, both in terms of flame-stabilization and emissions.     3) Motivated by the computational optimization of the tailored porous media topologies, an additive manufacturing approach was devised and employed to manufacture these optimized tailored porous ceramic matrix structures. Experimental tests demonstrated the feasibility of this manufacturing approach, confirming computationally predicted performance gains.     4) To assess the system-level benefit of integrating porous-media burners in gas-turbines (for aviation and power-generation), a thermodynamic analysis of a Brayton cycle was performed. An extensive parametric analysis showed that the utilization of porous media burners can significantly improve emissions and thermodynamic efficiencies, which is mainly attributed to the extension of the lean flammability limited and an associated reduction in emissions and an increase in pressure ratio.     5) To examine to interstitial flame structure and effects of gas-phase temperature, heat-transfer, and heat conduction in the solid matrix, detailed pore-resolved simulations were performed, demonstrating the importance of fluid-structure interaction on flame stabilization and heat recirculation.             Last Modified: 06/30/2021       Submitted by: Matthias Ihme]]></POR_COPY_TXT>
</POR>
</Award>
</rootTag>
