<?xml version="1.0" encoding="UTF-8"?>
<rootTag>
<Award>
<AwardTitle><![CDATA[Hexacoordinate Silicon Complexes for Electronic Devices]]></AwardTitle>
<AGENCY>NSF</AGENCY>
<AwardEffectiveDate>08/01/2018</AwardEffectiveDate>
<AwardExpirationDate>07/31/2023</AwardExpirationDate>
<AwardTotalIntnAmount>454984.00</AwardTotalIntnAmount>
<AwardAmount>511682</AwardAmount>
<AwardInstrument>
<Value>Standard Grant</Value>
</AwardInstrument>
<Organization>
<Code>03090000</Code>
<Directorate>
<Abbreviation>MPS</Abbreviation>
<LongName>Direct For Mathematical &amp; Physical Scien</LongName>
</Directorate>
<Division>
<Abbreviation>CHE</Abbreviation>
<LongName>Division Of Chemistry</LongName>
</Division>
</Organization>
<ProgramOfficer>
<SignBlockName>George Richter-Addo</SignBlockName>
<PO_EMAI>grichter@nsf.gov</PO_EMAI>
<PO_PHON>7032927528</PO_PHON>
</ProgramOfficer>
<AbstractNarration><![CDATA[The Chemical Synthesis Program of the Chemistry Division supports an interdisciplinary research team led by Professors Thomas A. Schmedake (Dept. of Chemistry), Michael Walter (Chemistry), and Yong Zhang (Electrical and Computer Engineering) at the University of North Carolina - Charlotte to develop hexacoordinate silicon complexes for optoelectronic device applications like the development of photovoltaics for harvesting light energy or fiber optic communications.  The goal of the project is to overcome some of the current limitations of organic electronic devices by developing new silicon-based molecular materials with electronic and optical properties superior to those of current materials.  To accomplish this goal, the team at UNC Charlotte is developing new methodology for synthesizing chemically stable and robust silicon complexes with optimized electronic and optical molecular properties.  Once made, the complexes are incorporated into prototype devices to measure their effect on device performance. This interplay between the synthesis of the complexes and device fabrication serves to elucidate the molecular-level synthetic design principles needed for macroscale device optimization.  The interdisciplinary project spans the fields of chemistry, materials science, and electrical engineering and provides exceptional training for students at various stages in their careers ranging from high school through graduate school.  In addition, the collaborators work with a local science museum, teachers, and schools to develop and provide outreach programs in chemistry and STEM.&lt;br/&gt;&lt;br/&gt;The team at UNC Charlotte is synthesizing new electron transport layer and electroluminescent materials based on neutral hexacoordinate silicon complexes with dianionic pincer ligands for added chemical stability, robust redox chemistry, low dipole moments, simple stereochemistry, and low reorganization energies.  These are ideal properties for molecular components in organic light emitting diodes, phosphorescent LEDs and other molecular electronics devices.  The complexes are also attractive candidates for vacuum deposited, high-efficiency, and earth-abundant replacements of rare-earth element phosphor coatings for inorganic LEDs. The program involves both the development of the synthetic complexes and their incorporation into prototype devices so that their properties can be measured. These research components are being integrated with both the classroom teaching of the investigators and ongoing collaborations with a local science museum, teachers, and schools to develop and provide outreach programs in chemistry and STEM.&lt;br/&gt;&lt;br/&gt;This award reflects NSF's statutory mission and has been deemed worthy of support through evaluation using the Foundation's intellectual merit and broader impacts review criteria.]]></AbstractNarration>
<MinAmdLetterDate>06/12/2018</MinAmdLetterDate>
<MaxAmdLetterDate>07/08/2019</MaxAmdLetterDate>
<ARRAAmount/>
<TRAN_TYPE>Grant</TRAN_TYPE>
<CFDA_NUM>47.049</CFDA_NUM>
<NSF_PAR_USE_FLAG>1</NSF_PAR_USE_FLAG>
<FUND_AGCY_CODE>4900</FUND_AGCY_CODE>
<AWDG_AGCY_CODE>4900</AWDG_AGCY_CODE>
<AwardID>1800331</AwardID>
<Investigator>
<FirstName>Thomas</FirstName>
<LastName>Schmedake</LastName>
<PI_MID_INIT>A</PI_MID_INIT>
<PI_SUFX_NAME/>
<PI_FULL_NAME>Thomas A Schmedake</PI_FULL_NAME>
<EmailAddress><![CDATA[tschmeda@uncc.edu]]></EmailAddress>
<NSF_ID>000310413</NSF_ID>
<StartDate>06/12/2018</StartDate>
<EndDate/>
<RoleCode>Principal Investigator</RoleCode>
</Investigator>
<Investigator>
<FirstName>Michael</FirstName>
<LastName>Walter</LastName>
<PI_MID_INIT>G</PI_MID_INIT>
<PI_SUFX_NAME/>
<PI_FULL_NAME>Michael G Walter</PI_FULL_NAME>
<EmailAddress><![CDATA[Michael.Walter@uncc.edu]]></EmailAddress>
<NSF_ID>000528639</NSF_ID>
<StartDate>06/12/2018</StartDate>
<EndDate/>
<RoleCode>Co-Principal Investigator</RoleCode>
</Investigator>
<Investigator>
<FirstName>Yong</FirstName>
<LastName>Zhang</LastName>
<PI_MID_INIT/>
<PI_SUFX_NAME/>
<PI_FULL_NAME>Yong Zhang</PI_FULL_NAME>
<EmailAddress><![CDATA[yzhang47@uncc.edu]]></EmailAddress>
<NSF_ID>000549169</NSF_ID>
<StartDate>06/12/2018</StartDate>
<EndDate/>
<RoleCode>Co-Principal Investigator</RoleCode>
</Investigator>
<Institution>
<Name>University of North Carolina at Charlotte</Name>
<CityName>CHARLOTTE</CityName>
<ZipCode>282230001</ZipCode>
<PhoneNumber>7046871888</PhoneNumber>
<StreetAddress>9201 UNIVERSITY CITY BLVD</StreetAddress>
<StreetAddress2/>
<CountryName>United States</CountryName>
<StateName>North Carolina</StateName>
<StateCode>NC</StateCode>
<CONGRESSDISTRICT>12</CONGRESSDISTRICT>
<CONGRESS_DISTRICT_ORG>NC12</CONGRESS_DISTRICT_ORG>
<ORG_UEI_NUM>JB33DT84JNA5</ORG_UEI_NUM>
<ORG_LGL_BUS_NAME>UNIVERSITY OF NORTH CAROLINA AT CHARLOTTE, THE</ORG_LGL_BUS_NAME>
<ORG_PRNT_UEI_NUM>N8DMK1K4C2K5</ORG_PRNT_UEI_NUM>
</Institution>
<Performance_Institution>
<Name><![CDATA[University of North Carolina at Charlotte]]></Name>
<CityName>Charlotte</CityName>
<StateCode>NC</StateCode>
<ZipCode>282230001</ZipCode>
<StreetAddress><![CDATA[9201 University City Blvd.]]></StreetAddress>
<CountryCode>US</CountryCode>
<CountryName>United States</CountryName>
<StateName>North Carolina</StateName>
<CountryFlag>1</CountryFlag>
<CONGRESSDISTRICT>12</CONGRESSDISTRICT>
<CONGRESS_DISTRICT_PERF>NC12</CONGRESS_DISTRICT_PERF>
</Performance_Institution>
<ProgramElement>
<Code>1253</Code>
<Text>OFFICE OF MULTIDISCIPLINARY AC</Text>
</ProgramElement>
<ProgramElement>
<Code>6878</Code>
<Text>Chemical Synthesis</Text>
</ProgramElement>
<ProgramReference>
<Code>1515</Code>
<Text>MINORITY GRADUATE EDUC ACTIVIT</Text>
</ProgramReference>
<ProgramReference>
<Code>7237</Code>
<Text>NANO NON-SOLIC SCI &amp; ENG AWD</Text>
</ProgramReference>
<ProgramReference>
<Code>8037</Code>
<Text>Advanced Manufacturing</Text>
</ProgramReference>
<ProgramReference>
<Code>8676</Code>
<Text>Critical Elements</Text>
</ProgramReference>
<Appropriation>
<Code>0118</Code>
<Name>NSF RESEARCH &amp; RELATED ACTIVIT</Name>
<APP_SYMB_ID>040100</APP_SYMB_ID>
</Appropriation>
<Appropriation>
<Code>0119</Code>
<Name>NSF RESEARCH &amp; RELATED ACTIVIT</Name>
<APP_SYMB_ID>040100</APP_SYMB_ID>
</Appropriation>
<Fund>
<Code>01001819DB</Code>
<Name><![CDATA[NSF RESEARCH & RELATED ACTIVIT]]></Name>
<FUND_SYMB_ID>040100</FUND_SYMB_ID>
</Fund>
<Fund>
<Code>01001920DB</Code>
<Name><![CDATA[NSF RESEARCH & RELATED ACTIVIT]]></Name>
<FUND_SYMB_ID>040100</FUND_SYMB_ID>
</Fund>
<FUND_OBLG>2018~454984</FUND_OBLG>
<FUND_OBLG>2019~56698</FUND_OBLG>
<POR>
<DRECONTENT><![CDATA[<div class="porColContainerWBG"> <div class="porContentCol"><p>With this grant from the Chemical Synthesis Program of the Chemistry Division, researchers from the University of North Carolina at Charlotte successfully developed methods for synthesizing hexacoordinate silicon complexes with exceptional chemical and thermal stability, enabling their utilization in optoelectronic devices. To achieve this goal, the interdisciplinary research team led by Professors Thomas A. Schmedake (Chemistry), Michael Walter (Chemistry), and Yong Zhang (Electrical and Computer Engineering) targeted a synthetically tunable Si(pincer)<sub>2</sub> scaffold, in which two planar dianionic pincer ligand bind tightly to the hexacoordinate silicon center. This approach imparts high thermal stability, good electron mobility, high glass transition temperatures, and negligible dipole moments, properties that make them attractive candidates for thermally-evaporated electron transport layers in organic light emitting diodes (OLEDs), organic photovoltaics (OPVs), and other organic electronic devices.</p> <p><strong>Scientific Merit</strong>: Multiple synthetic methods for silicon pincer complexes were developed and disseminated. The first SiC4N2 hexacoordinate silicon complex was synthesized and demonstrated remarkable stability. Thin films of the thermally evaporated complex were shown to possess nearly balanced hole and electron mobilities. The utility of hexacoordinate silicon pincer complexes as electron transport layers in OLEDs and OPVs was validated. In addition, the synthetic tunability of the Si(pincer)<sub>2</sub> scaffold was exploited to vary device level OLED performance from exciplex emission to exciton emission. The application of hexacoordinate silicon pincer complexes as a polychromatic cathodic colorant in electrochromic devices was also demonstrated. &nbsp;&nbsp;&nbsp;&nbsp;&nbsp;</p> <p><strong>Broader Impact</strong>: New electron transport materials are needed to lower the cost and improve the efficiency of organic electronic devices. Developing the chemistry of hexacoordinate silicon pincer complexes has enabled the possibility of implementing these materials in organic electronic devices. Early prototypes have demonstrated they are effective as components in OPVs and OLEDs, and further refinement could lead to their widespread utilization in commercial devices. In addition, the research provided an opportunity for interdisciplinary research training for eight graduate students (including one student supported through an AGEP-GRS supplement) and three undergraduate students. &nbsp;&nbsp;&nbsp;&nbsp;&nbsp;</p> <p>&nbsp;</p><br> <p>  Last Modified: 01/08/2024<br> Modified by: Thomas&nbsp;A&nbsp;Schmedake</p></div> <div class="porSideCol" ></div> </div>]]></DRECONTENT>
<POR_COPY_TXT><![CDATA[  With this grant from the Chemical Synthesis Program of the Chemistry Division, researchers from the University of North Carolina at Charlotte successfully developed methods for synthesizing hexacoordinate silicon complexes with exceptional chemical and thermal stability, enabling their utilization in optoelectronic devices. To achieve this goal, the interdisciplinary research team led by Professors Thomas A. Schmedake (Chemistry), Michael Walter (Chemistry), and Yong Zhang (Electrical and Computer Engineering) targeted a synthetically tunable Si(pincer)2 scaffold, in which two planar dianionic pincer ligand bind tightly to the hexacoordinate silicon center. This approach imparts high thermal stability, good electron mobility, high glass transition temperatures, and negligible dipole moments, properties that make them attractive candidates for thermally-evaporated electron transport layers in organic light emitting diodes (OLEDs), organic photovoltaics (OPVs), and other organic electronic devices.   Scientific Merit: Multiple synthetic methods for silicon pincer complexes were developed and disseminated. The first SiC4N2 hexacoordinate silicon complex was synthesized and demonstrated remarkable stability. Thin films of the thermally evaporated complex were shown to possess nearly balanced hole and electron mobilities. The utility of hexacoordinate silicon pincer complexes as electron transport layers in OLEDs and OPVs was validated. In addition, the synthetic tunability of the Si(pincer)2 scaffold was exploited to vary device level OLED performance from exciplex emission to exciton emission. The application of hexacoordinate silicon pincer complexes as a polychromatic cathodic colorant in electrochromic devices was also demonstrated.    Broader Impact: New electron transport materials are needed to lower the cost and improve the efficiency of organic electronic devices. Developing the chemistry of hexacoordinate silicon pincer complexes has enabled the possibility of implementing these materials in organic electronic devices. Early prototypes have demonstrated they are effective as components in OPVs and OLEDs, and further refinement could lead to their widespread utilization in commercial devices. In addition, the research provided an opportunity for interdisciplinary research training for eight graduate students (including one student supported through an AGEP-GRS supplement) and three undergraduate students.         Last Modified: 01/08/2024       Submitted by: ThomasASchmedake]]></POR_COPY_TXT>
</POR>
</Award>
</rootTag>
