<?xml version="1.0" encoding="UTF-8"?>
<rootTag>
<Award>
<AwardTitle><![CDATA[Continuous and Discrete Free Boundary Problems for Partial Differential Equations]]></AwardTitle>
<AGENCY>NSF</AGENCY>
<AwardEffectiveDate>08/01/2018</AwardEffectiveDate>
<AwardExpirationDate>07/31/2022</AwardExpirationDate>
<AwardTotalIntnAmount>150000.00</AwardTotalIntnAmount>
<AwardAmount>150000</AwardAmount>
<AwardInstrument>
<Value>Standard Grant</Value>
</AwardInstrument>
<Organization>
<Code>03040000</Code>
<Directorate>
<Abbreviation>MPS</Abbreviation>
<LongName>Direct For Mathematical &amp; Physical Scien</LongName>
</Directorate>
<Division>
<Abbreviation>DMS</Abbreviation>
<LongName>Division Of Mathematical Sciences</LongName>
</Division>
</Organization>
<ProgramOfficer>
<SignBlockName>Marian Bocea</SignBlockName>
<PO_EMAI>mbocea@nsf.gov</PO_EMAI>
<PO_PHON>7032922595</PO_PHON>
</ProgramOfficer>
<AbstractNarration><![CDATA[Free boundary problems are problems for partial differential equations (PDEs) which are defined in a domain with a boundary that is not known beforehand (i.e. "free"). A further quantitative condition must be then provided at the free boundary to exclude indeterminacy. Problems of this sort arise in a large number of areas of applied and industrial interest. The paradigm example is the classical Stefan problem describing the melting and solidification of the ice: the free boundary here is the moving interface between the regions occupied by the water and the ice. Other important examples occur in filtration through porous media, where free boundaries occur as fronts between saturated and unsaturated regions, and others come from combustion (propagation of the flame front), mathematical finance (optimal time for exercising an option), biology (regions occupied by different species) and so on. Because of the abundance of applications in various sciences and real world problems, free boundary problems are considered today as one of the most important directions in the mainstream of the analysis of partial differential equations and offer opportunities of collaboration among mathematicians, physicists, engineers, material scientists, finance practitioners and other industrial researchers, biologists, and other scientists.&lt;br/&gt;&lt;br/&gt;This project consists of two main parts. The first part concerns problems that naturally exhibit free boundaries of codimension two, which are often called thin free boundaries. Such problems appear in many applications, such as elasticity, math finance, boundary phase transitions. They are also related to problems for nonlocal integro-differential operators such as the fractional Laplacian through extension operators. The second part concerns the fascinating limiting configurations in various growth/aggregation models such as the Abelian sandpile growth model, which can be viewed as a discrete version of Poincare's balayage problem in potential theory and is closely related to the classical obstacle problem. While there has been a significant progress in such problems in recent years, there are still many important questions that remain to be answered and the current project aims to contribute in that directions. Particular questions to be studied include various thin free boundary problems: for parabolic PDEs with variable coefficients, for almost minimizers (elliptic case), properly stated two- and multi-phase problems, as well as the systematic study of the limits of discrete-valued least superharmonic majorants (so-called discrete-valued Perron method). This may lead to better understanding of the formation of polygonal and piecewise-quadratic limits in Abelian sandpile and other growth/aggregation models and related PDEs.&lt;br/&gt;&lt;br/&gt;This award reflects NSF's statutory mission and has been deemed worthy of support through evaluation using the Foundation's intellectual merit and broader impacts review criteria.]]></AbstractNarration>
<MinAmdLetterDate>07/18/2018</MinAmdLetterDate>
<MaxAmdLetterDate>07/18/2018</MaxAmdLetterDate>
<ARRAAmount/>
<TRAN_TYPE>Grant</TRAN_TYPE>
<CFDA_NUM>47.049</CFDA_NUM>
<NSF_PAR_USE_FLAG>1</NSF_PAR_USE_FLAG>
<FUND_AGCY_CODE>4900</FUND_AGCY_CODE>
<AWDG_AGCY_CODE>4900</AWDG_AGCY_CODE>
<AwardID>1800527</AwardID>
<Investigator>
<FirstName>Arshak</FirstName>
<LastName>Petrosyan</LastName>
<PI_MID_INIT/>
<PI_SUFX_NAME/>
<PI_FULL_NAME>Arshak Petrosyan</PI_FULL_NAME>
<EmailAddress><![CDATA[arshak@purdue.edu]]></EmailAddress>
<NSF_ID>000491604</NSF_ID>
<StartDate>07/18/2018</StartDate>
<EndDate/>
<RoleCode>Principal Investigator</RoleCode>
</Investigator>
<Institution>
<Name><![CDATA[Purdue University]]></Name>
<CityName>WEST LAFAYETTE</CityName>
<ZipCode>479061332</ZipCode>
<PhoneNumber>7654941055</PhoneNumber>
<StreetAddress><![CDATA[2550 NORTHWESTERN AVE # 1100]]></StreetAddress>
<StreetAddress2/>
<CountryName>United States</CountryName>
<StateName>Indiana</StateName>
<StateCode>IN</StateCode>
<CONGRESSDISTRICT>04</CONGRESSDISTRICT>
<CONGRESS_DISTRICT_ORG>IN04</CONGRESS_DISTRICT_ORG>
<ORG_UEI_NUM>YRXVL4JYCEF5</ORG_UEI_NUM>
<ORG_LGL_BUS_NAME>PURDUE UNIVERSITY</ORG_LGL_BUS_NAME>
<ORG_PRNT_UEI_NUM/>
</Institution>
<Performance_Institution>
<Name><![CDATA[Purdue University]]></Name>
<CityName>West Lafayette</CityName>
<StateCode>IN</StateCode>
<ZipCode>479072067</ZipCode>
<StreetAddress><![CDATA[150 N University St]]></StreetAddress>
<CountryCode>US</CountryCode>
<CountryName>United States</CountryName>
<StateName>Indiana</StateName>
<CountryFlag>1</CountryFlag>
<CONGRESSDISTRICT>04</CONGRESSDISTRICT>
<CONGRESS_DISTRICT_PERF>IN04</CONGRESS_DISTRICT_PERF>
</Performance_Institution>
<ProgramElement>
<Code>1281</Code>
<Text>ANALYSIS PROGRAM</Text>
</ProgramElement>
<Appropriation>
<Code>0118</Code>
<Name>NSF RESEARCH &amp; RELATED ACTIVIT</Name>
<APP_SYMB_ID>040100</APP_SYMB_ID>
</Appropriation>
<Fund>
<Code>01001819DB</Code>
<Name><![CDATA[NSF RESEARCH & RELATED ACTIVIT]]></Name>
<FUND_SYMB_ID>040100</FUND_SYMB_ID>
</Fund>
<FUND_OBLG>2018~150000</FUND_OBLG>
<POR>
<DRECONTENT><![CDATA[<div class="porColContainerWBG"> <div class="porContentCol"><p>Free boundary problems are problems for partial differential equations (PDEs) which are defined in a domain with a boundary that is not known beforehand (i.e. "free"). A further quantitative condition must be then provided at the free boundary to exclude indeterminacy. Problems of this sort arise in a large number of areas of applied and industrial interest. The paradigm example is the classical Stefan problem describing the melting and solidification of the ice: the free boundary here is the moving interface between the regions occupied by the water and the ice. Other important examples occur in filtration through porous media, where free boundaries occur as fronts between saturated and unsaturated regions, and others come from combustion (propagation of the flame front), mathematical finance (optimal time for exercising an option), biology (regions occupied by different species) and so on. Because of the abundance of applications in various sciences and real world problems, free boundary problems are considered today as one of the most important directions in the mainstream of the analysis of partial differential equations and offer opportunities of collaboration among mathematicians, physicists, engineers, material scientists, finance practitioners and other industrial researchers, biologists, and other scientists. The main contributions of this project are for problems that naturally exhibit free boundaries of codimension two, which are often called thin free boundaries. Such problems appear in many applications, such as elasticity, math finance, boundary phase transitions. They are also related to problems for nonlocal integro-differential operators such as the fractional Laplacian through so-called extension operators. <br /><br />More specifically, this project has made the following contributions.<br /><br />- Study of the regularity properties of the free boundary in the thin obstacle problem for degenerate parabolic equations.<br />- Understanding the structure of the singular set in the thin obstacle problem for degenerate parabolic equations.<br />- Introduction of the notion of almost minimizers for the thin obstacle problem, which creates a framework that allows to deal with perturbed notions of solutions; the development of technical tools for almost minimizers known as monotonicity formulas, and a comprehensive study of the free boundary, including the regularity of the regular set and the structure of the singular set, with the results nearly as strong as for the minimizers. <br />- Regularity of almost minimizers for certain variational problems governed by fractional Laplacian.<br />- Study of almost minimizers for the thin obstacle problem with variable coefficients and comprehensive study of its free boundary under a natural quasi-symmetry assumption.<br />- Introduction of the notion of almost minimizers for the parabolic thin obstacle problem with constant or variable Holder coefficients, study of its regularity properties, as well as a preliminary study of the regularity properties of the free boundary. This was made possible by recent advancements in the parabolic theory such as the parabolic epiperimetric inequality.<br />- Regularity of the solutions in the obstacle problem for higher order fractional Laplacian through the means of the higher order extension operators.<br /><br /><br /><br /><br /></p><br> <p>            Last Modified: 11/17/2022<br>      Modified by: Arshak&nbsp;Petrosyan</p> </div> <div class="porSideCol"></div> </div>]]></DRECONTENT>
<POR_COPY_TXT><![CDATA[ Free boundary problems are problems for partial differential equations (PDEs) which are defined in a domain with a boundary that is not known beforehand (i.e. "free"). A further quantitative condition must be then provided at the free boundary to exclude indeterminacy. Problems of this sort arise in a large number of areas of applied and industrial interest. The paradigm example is the classical Stefan problem describing the melting and solidification of the ice: the free boundary here is the moving interface between the regions occupied by the water and the ice. Other important examples occur in filtration through porous media, where free boundaries occur as fronts between saturated and unsaturated regions, and others come from combustion (propagation of the flame front), mathematical finance (optimal time for exercising an option), biology (regions occupied by different species) and so on. Because of the abundance of applications in various sciences and real world problems, free boundary problems are considered today as one of the most important directions in the mainstream of the analysis of partial differential equations and offer opportunities of collaboration among mathematicians, physicists, engineers, material scientists, finance practitioners and other industrial researchers, biologists, and other scientists. The main contributions of this project are for problems that naturally exhibit free boundaries of codimension two, which are often called thin free boundaries. Such problems appear in many applications, such as elasticity, math finance, boundary phase transitions. They are also related to problems for nonlocal integro-differential operators such as the fractional Laplacian through so-called extension operators.   More specifically, this project has made the following contributions.  - Study of the regularity properties of the free boundary in the thin obstacle problem for degenerate parabolic equations. - Understanding the structure of the singular set in the thin obstacle problem for degenerate parabolic equations. - Introduction of the notion of almost minimizers for the thin obstacle problem, which creates a framework that allows to deal with perturbed notions of solutions; the development of technical tools for almost minimizers known as monotonicity formulas, and a comprehensive study of the free boundary, including the regularity of the regular set and the structure of the singular set, with the results nearly as strong as for the minimizers.  - Regularity of almost minimizers for certain variational problems governed by fractional Laplacian. - Study of almost minimizers for the thin obstacle problem with variable coefficients and comprehensive study of its free boundary under a natural quasi-symmetry assumption. - Introduction of the notion of almost minimizers for the parabolic thin obstacle problem with constant or variable Holder coefficients, study of its regularity properties, as well as a preliminary study of the regularity properties of the free boundary. This was made possible by recent advancements in the parabolic theory such as the parabolic epiperimetric inequality. - Regularity of the solutions in the obstacle problem for higher order fractional Laplacian through the means of the higher order extension operators.            Last Modified: 11/17/2022       Submitted by: Arshak Petrosyan]]></POR_COPY_TXT>
</POR>
</Award>
</rootTag>
