<?xml version="1.0" encoding="UTF-8"?>
<rootTag>
<Award>
<AwardTitle><![CDATA[Next-Generation Fluorescent Nucleosides and Structure-Photophysics Relationships]]></AwardTitle>
<AGENCY>NSF</AGENCY>
<AwardEffectiveDate>08/01/2018</AwardEffectiveDate>
<AwardExpirationDate>07/31/2022</AwardExpirationDate>
<AwardTotalIntnAmount>414249.00</AwardTotalIntnAmount>
<AwardAmount>414249</AwardAmount>
<AwardInstrument>
<Value>Standard Grant</Value>
</AwardInstrument>
<Organization>
<Code>03090000</Code>
<Directorate>
<Abbreviation>MPS</Abbreviation>
<LongName>Direct For Mathematical &amp; Physical Scien</LongName>
</Directorate>
<Division>
<Abbreviation>CHE</Abbreviation>
<LongName>Division Of Chemistry</LongName>
</Division>
</Organization>
<ProgramOfficer>
<SignBlockName>Tingyu Li</SignBlockName>
<PO_EMAI>tli@nsf.gov</PO_EMAI>
<PO_PHON>7032924949</PO_PHON>
</ProgramOfficer>
<AbstractNarration><![CDATA[In this project, funded by the Chemical Structure, Dynamics and Mechanisms B Program of the Chemistry Division, Professor Byron Purse of the Department of Chemistry and Biochemistry at San Diego State University (SDSU) is developing fluorescent nucleoside analogues as molecular probes with new capabilities for biophysical studies of nucleic acids. In addition to storing the genetic code, nucleic acids can undergo chemical modification, adopt folded structures, and interact with proteins and enzymes for the regulation of gene expression and metabolism. Fluorescent nucleoside analogues are powerful probes for studying these processes, but existing analogues have limited capabilities. Insufficient knowledge of the factors controlling their fluorescence hinders the rational design of better probes. This project seeks to overcome these limitations and expand the toolkit of fluorescent nucleoside analogue probes with significant, novel capabilities. The design of the new analogues is aided by detailed mechanistic studies of how the local environment in DNA/RNA influences the fluorescence of the probes. This cross-disciplinary research provides excellent training opportunities for students at multiple levels. In addition to graduate student and undergraduate involvement, a Course-based Undergraduate Research Experience (CURE) in the SDSU Physical Chemistry teaching lab and an outreach program involving computational work with community college and high school students will broaden participation in the research.&lt;br/&gt;&lt;br/&gt;Probably the greatest challenge in designing fluorescent probes that mimic the structure of biomolecules is that limited ability to predict photophysical properties currently necessitates a trial-and-error approach. In this project, photophysical measurements, computation, NMR, and x-ray structure determination are combined to develop a detailed, predictive understanding of the relationships between nucleoside analogue structure and photophysics, especially in the base stack of DNA and RNA. By harnessing these trends and synthesizing new fluorescent nucleoside analogue designs, novel probes with (a) brightness matching conventional fluorophores, (b) absorption and emission at the red end of the visible spectrum, (c) strong fluorescence turn-on responses to specific biomolecular recognition events, and (d) the ability to report on chemical modifications to nucleobases, e.g. from methylation or DNA damage are being developed.&lt;br/&gt;&lt;br/&gt;This award reflects NSF's statutory mission and has been deemed worthy of support through evaluation using the Foundation's intellectual merit and broader impacts review criteria.]]></AbstractNarration>
<MinAmdLetterDate>04/12/2018</MinAmdLetterDate>
<MaxAmdLetterDate>04/12/2018</MaxAmdLetterDate>
<ARRAAmount/>
<TRAN_TYPE>Grant</TRAN_TYPE>
<CFDA_NUM>47.049</CFDA_NUM>
<NSF_PAR_USE_FLAG>1</NSF_PAR_USE_FLAG>
<FUND_AGCY_CODE>4900</FUND_AGCY_CODE>
<AWDG_AGCY_CODE>4900</AWDG_AGCY_CODE>
<AwardID>1800529</AwardID>
<Investigator>
<FirstName>Byron</FirstName>
<LastName>Purse</LastName>
<PI_MID_INIT/>
<PI_SUFX_NAME/>
<PI_FULL_NAME>Byron Purse</PI_FULL_NAME>
<EmailAddress><![CDATA[bpurse@mail.sdsu.edu]]></EmailAddress>
<NSF_ID>000523851</NSF_ID>
<StartDate>04/12/2018</StartDate>
<EndDate/>
<RoleCode>Principal Investigator</RoleCode>
</Investigator>
<Institution>
<Name><![CDATA[San Diego State University Foundation]]></Name>
<CityName>SAN DIEGO</CityName>
<ZipCode>921821901</ZipCode>
<PhoneNumber>6195945731</PhoneNumber>
<StreetAddress><![CDATA[5250 CAMPANILE DR MC1947]]></StreetAddress>
<StreetAddress2/>
<CountryName>United States</CountryName>
<StateName>California</StateName>
<StateCode>CA</StateCode>
<CONGRESSDISTRICT>51</CONGRESSDISTRICT>
<CONGRESS_DISTRICT_ORG>CA51</CONGRESS_DISTRICT_ORG>
<ORG_UEI_NUM>H59JKGFZKHL7</ORG_UEI_NUM>
<ORG_LGL_BUS_NAME>SAN DIEGO STATE UNIVERSITY FOUNDATION</ORG_LGL_BUS_NAME>
<ORG_PRNT_UEI_NUM/>
</Institution>
<Performance_Institution>
<Name><![CDATA[San Diego State University]]></Name>
<CityName>San Diego</CityName>
<StateCode>CA</StateCode>
<ZipCode>921291030</ZipCode>
<StreetAddress><![CDATA[5500 Campanile Dr]]></StreetAddress>
<CountryCode>US</CountryCode>
<CountryName>United States</CountryName>
<StateName>California</StateName>
<CountryFlag>1</CountryFlag>
<CONGRESSDISTRICT>50</CONGRESSDISTRICT>
<CONGRESS_DISTRICT_PERF>CA50</CONGRESS_DISTRICT_PERF>
</Performance_Institution>
<ProgramElement>
<Code>9102</Code>
<Text>Chem Struct,Dynmcs&amp;Mechansms B</Text>
</ProgramElement>
<ProgramReference>
<Code>7234</Code>
<Text>SENSORS NON-SOLICITATION RESEA</Text>
</ProgramReference>
<ProgramReference>
<Code>8091</Code>
<Text>BRAIN Initiative Res Support</Text>
</ProgramReference>
<Appropriation>
<Code>0118</Code>
<Name>NSF RESEARCH &amp; RELATED ACTIVIT</Name>
<APP_SYMB_ID>040100</APP_SYMB_ID>
</Appropriation>
<Fund>
<Code>01001819DB</Code>
<Name><![CDATA[NSF RESEARCH & RELATED ACTIVIT]]></Name>
<FUND_SYMB_ID>040100</FUND_SYMB_ID>
</Fund>
<FUND_OBLG>2018~414249</FUND_OBLG>
<POR>
<DRECONTENT><![CDATA[<div class="porColContainerWBG"> <div class="porContentCol"><p>The goals of this project were (1) to develop new fluorescent nucleoside analogues as molecular probes for studying how structural and dynamic features of DNA and RNA control gene expression, and (2) to determine how the structural features of these fluorescent probes and the chemical environment in DNA and RNA determine fluorescent properties. This research is significant because it advances the science of fluorescent probe molecular probe design and it provides novel tools for studying the biochemical mechanisms that control when and how the genetic code is expressed.</p> <p>Under the category of intellectual merit, the following outcomes were attained. (1) We designed and synthesized a new fluorescent nucleoside analogue that we named ABN. ABN is one of the brightest known fluorescent nucleoside analogues and the first to be readily detectable in single-molecule fluorescence measurements. This capability is significant because it enables molecules of DNA and RNA to be studied in isolation, avoiding the signal averaging effect of examining multiple molecules concurrently in an ensemble. Accordingly, minor states important for understanding biological mechanisms can be studied. (2) We demonstrated that our fluorescent nucleoside analogue DEAtC is capable of a strong fluorescence turn-on response to matched base pairing with RNA. This capability will be useful for studying RNA folding and three-dimensional structure, changes of which underpin biological function. (3) Knowledge of the relationships between fluorescent nucleoside analogue structure and fluorescent properties was advanced through (i) computational studies showing the role of explicit solvation in accurate spectral prediction, (ii) NMR structure determination showing that DEAtC only minimally perturbs the native B conformation of duplex DNA, and (iii) time-resolved fluorescence studies showing that changes in excited state lifetime are responsible for DEAtC&rsquo;s ability to distinguish between matched and mismatched base pairs.</p> <p>Under the category of broader impacts, the following outcomes were attained. (1) The field of nucleic acid biology benefitted from sharing the products of this research. Fluorescent nucleoside analogues resulting from these studies were used to study nucleic acid replication by the reverse transcriptases of HIV, AMV, and M-MLV retroviruses. In another application, fluorescent nucleosides resulting in part from this work were used to develop a new method for metabolic labeling and live-cell imaging of RNA metabolism. (2) This project included the participation and/or training of 8 graduate students, 19 undergraduates, and 7 collaborating faculty members. Most of the student participants who have graduated have gone on to graduate school or professional school or taken jobs in industry. Five of the undergrads won competitive NIH IMSD (Initiative for Maximizing Student Development) awards and one was awarded an ACS Division of Organic Chemistry Summer Undergraduate Research Fellowship, one of only 16 nationally. (3) In a Course-based Undergraduate Research Experience, more than additional undergraduates were trained in fluorescent measurements aimed at understanding how fluorescent probes for biomolecules respond to changes in their local chemical environment.</p><br> <p>            Last Modified: 12/23/2022<br>      Modified by: Byron&nbsp;Purse</p> </div> <div class="porSideCol"></div> </div>]]></DRECONTENT>
<POR_COPY_TXT><![CDATA[ The goals of this project were (1) to develop new fluorescent nucleoside analogues as molecular probes for studying how structural and dynamic features of DNA and RNA control gene expression, and (2) to determine how the structural features of these fluorescent probes and the chemical environment in DNA and RNA determine fluorescent properties. This research is significant because it advances the science of fluorescent probe molecular probe design and it provides novel tools for studying the biochemical mechanisms that control when and how the genetic code is expressed.  Under the category of intellectual merit, the following outcomes were attained. (1) We designed and synthesized a new fluorescent nucleoside analogue that we named ABN. ABN is one of the brightest known fluorescent nucleoside analogues and the first to be readily detectable in single-molecule fluorescence measurements. This capability is significant because it enables molecules of DNA and RNA to be studied in isolation, avoiding the signal averaging effect of examining multiple molecules concurrently in an ensemble. Accordingly, minor states important for understanding biological mechanisms can be studied. (2) We demonstrated that our fluorescent nucleoside analogue DEAtC is capable of a strong fluorescence turn-on response to matched base pairing with RNA. This capability will be useful for studying RNA folding and three-dimensional structure, changes of which underpin biological function. (3) Knowledge of the relationships between fluorescent nucleoside analogue structure and fluorescent properties was advanced through (i) computational studies showing the role of explicit solvation in accurate spectral prediction, (ii) NMR structure determination showing that DEAtC only minimally perturbs the native B conformation of duplex DNA, and (iii) time-resolved fluorescence studies showing that changes in excited state lifetime are responsible for DEAtC’s ability to distinguish between matched and mismatched base pairs.  Under the category of broader impacts, the following outcomes were attained. (1) The field of nucleic acid biology benefitted from sharing the products of this research. Fluorescent nucleoside analogues resulting from these studies were used to study nucleic acid replication by the reverse transcriptases of HIV, AMV, and M-MLV retroviruses. In another application, fluorescent nucleosides resulting in part from this work were used to develop a new method for metabolic labeling and live-cell imaging of RNA metabolism. (2) This project included the participation and/or training of 8 graduate students, 19 undergraduates, and 7 collaborating faculty members. Most of the student participants who have graduated have gone on to graduate school or professional school or taken jobs in industry. Five of the undergrads won competitive NIH IMSD (Initiative for Maximizing Student Development) awards and one was awarded an ACS Division of Organic Chemistry Summer Undergraduate Research Fellowship, one of only 16 nationally. (3) In a Course-based Undergraduate Research Experience, more than additional undergraduates were trained in fluorescent measurements aimed at understanding how fluorescent probes for biomolecules respond to changes in their local chemical environment.       Last Modified: 12/23/2022       Submitted by: Byron Purse]]></POR_COPY_TXT>
</POR>
</Award>
</rootTag>
