<?xml version="1.0" encoding="UTF-8"?>
<rootTag>
<Award>
<AwardTitle><![CDATA[Design and Characterization of Late Transition Metal Complexes and Single-Molecule Magnets]]></AwardTitle>
<AGENCY>NSF</AGENCY>
<AwardEffectiveDate>07/15/2018</AwardEffectiveDate>
<AwardExpirationDate>06/30/2022</AwardExpirationDate>
<AwardTotalIntnAmount>485000.00</AwardTotalIntnAmount>
<AwardAmount>524000</AwardAmount>
<AwardInstrument>
<Value>Continuing Grant</Value>
</AwardInstrument>
<Organization>
<Code>03090000</Code>
<Directorate>
<Abbreviation>MPS</Abbreviation>
<LongName>Direct For Mathematical &amp; Physical Scien</LongName>
</Directorate>
<Division>
<Abbreviation>CHE</Abbreviation>
<LongName>Division Of Chemistry</LongName>
</Division>
</Organization>
<ProgramOfficer>
<SignBlockName>George Richter-Addo</SignBlockName>
<PO_EMAI>grichter@nsf.gov</PO_EMAI>
<PO_PHON>7032927528</PO_PHON>
</ProgramOfficer>
<AbstractNarration><![CDATA[With funding from the Chemical Synthesis Program of the Division of Chemistry , Dr. Stephen M. Holmes of the University of Missouri-St. Louis is developing magnetic molecules to gain a better understanding of how to control magnetism within small particles. Magnetic materials find widespread use in technologically-important devices such as speakers, electrical motors, noise filters, transformers, and information storage media such as magnetic hard drives. In the case of information storage, there is an increasing emphasis on creating smaller magnetic particles to increase data storage density. Unfortunately, smaller magnetic particles often give faster data loss, limiting the usefulness of traditional hard drives. Dr. Holmes is making magnetic molecules to understand how small magnets behave under various conditions. By studying molecular models, he is establishing relationships between temperature, energy changes in the molecule, and motions, with a goal of relating these to their magnetic properties. Dr. Holmes is also actively engaged in outreach activities that encourage elementary, high school, and undergraduate students to be active participants in research and teaching. Dr. Holmes also promotes STEM outreach involving minority, female, and financially disadvantaged students. He currently supports female and minority high school and undergraduate interns and is developing laboratory experiments and STEM activities for the undergraduate laboratories at his university.  These research and training activities advance national competitiveness in high tech sectors such as computing and electronics development.&lt;br/&gt;&lt;br/&gt;Dr. Holmes is developing a better understanding of how small molecules can behave as magnets (single-molecule magnets). He is working to design late transition metal single-molecule magnetic complexes whose vibrational and electronic properties may be systematically tuned. He is working towards establishing relationships between chemical bonding, intermolecular contacts, and molecular and electronic structures. These changes are being probed using various spectroscopic and magnetic measurement techniques to deduce which structural and electronic features are most important in magnetic relaxation. He is devising synthetic approaches for slowing magnetic relaxation, leading to the preparation of materials that perform better at higher temperatures. Dr. Holmes is also developing high school and undergraduate laboratory experiments that are aimed at improving the education. He is partnering with local and national educational outreach programs to engage students from financially disadvantaged, minority-serving, and underperforming school districts in research activities, fostering their continuing interest in STEM-related fields of study.&lt;br/&gt;&lt;br/&gt;This award reflects NSF's statutory mission and has been deemed worthy of support through evaluation using the Foundation's intellectual merit and broader impacts review criteria.]]></AbstractNarration>
<MinAmdLetterDate>07/06/2018</MinAmdLetterDate>
<MaxAmdLetterDate>07/15/2021</MaxAmdLetterDate>
<ARRAAmount/>
<TRAN_TYPE>Grant</TRAN_TYPE>
<CFDA_NUM>47.049</CFDA_NUM>
<NSF_PAR_USE_FLAG>1</NSF_PAR_USE_FLAG>
<FUND_AGCY_CODE>4900</FUND_AGCY_CODE>
<AWDG_AGCY_CODE>4900</AWDG_AGCY_CODE>
<AwardID>1800578</AwardID>
<Investigator>
<FirstName>Stephen</FirstName>
<LastName>Holmes</LastName>
<PI_MID_INIT>M</PI_MID_INIT>
<PI_SUFX_NAME/>
<PI_FULL_NAME>Stephen M Holmes</PI_FULL_NAME>
<EmailAddress><![CDATA[holmesst@umsl.edu]]></EmailAddress>
<NSF_ID>000378287</NSF_ID>
<StartDate>07/06/2018</StartDate>
<EndDate/>
<RoleCode>Principal Investigator</RoleCode>
</Investigator>
<Institution>
<Name><![CDATA[University of Missouri-Saint Louis]]></Name>
<CityName>SAINT LOUIS</CityName>
<ZipCode>631214400</ZipCode>
<PhoneNumber>3145165897</PhoneNumber>
<StreetAddress><![CDATA[1 UNIVERSITY BLVD]]></StreetAddress>
<StreetAddress2/>
<CountryName>United States</CountryName>
<StateName>Missouri</StateName>
<StateCode>MO</StateCode>
<CONGRESSDISTRICT>01</CONGRESSDISTRICT>
<CONGRESS_DISTRICT_ORG>MO01</CONGRESS_DISTRICT_ORG>
<ORG_UEI_NUM>GWCTP4CQ1E65</ORG_UEI_NUM>
<ORG_LGL_BUS_NAME>UNIVERSITY OF MISSOURI SYSTEM</ORG_LGL_BUS_NAME>
<ORG_PRNT_UEI_NUM/>
</Institution>
<Performance_Institution>
<Name><![CDATA[University of Missouri-Saint Louis]]></Name>
<CityName>St. Louis</CityName>
<StateCode>MO</StateCode>
<ZipCode>631214400</ZipCode>
<StreetAddress/>
<CountryCode>US</CountryCode>
<CountryName>United States</CountryName>
<StateName>Missouri</StateName>
<CountryFlag>1</CountryFlag>
<CONGRESSDISTRICT>01</CONGRESSDISTRICT>
<CONGRESS_DISTRICT_PERF>MO01</CONGRESS_DISTRICT_PERF>
</Performance_Institution>
<ProgramElement>
<Code>6878</Code>
<Text>Chemical Synthesis</Text>
</ProgramElement>
<ProgramElement>
<Code>9102</Code>
<Text>Chem Struct,Dynmcs&amp;Mechansms B</Text>
</ProgramElement>
<ProgramReference>
<Code>102Z</Code>
<Text>COVID-Disproportionate Impcts Inst-Indiv</Text>
</ProgramReference>
<ProgramReference>
<Code>8037</Code>
<Text>Advanced Manufacturing</Text>
</ProgramReference>
<ProgramReference>
<Code>8650</Code>
<Text>Sustainable Chemistry</Text>
</ProgramReference>
<ProgramReference>
<Code>8676</Code>
<Text>Critical Elements</Text>
</ProgramReference>
<Appropriation>
<Code>0118</Code>
<Name>NSF RESEARCH &amp; RELATED ACTIVIT</Name>
<APP_SYMB_ID>040100</APP_SYMB_ID>
</Appropriation>
<Appropriation>
<Code>0119</Code>
<Name>NSF RESEARCH &amp; RELATED ACTIVIT</Name>
<APP_SYMB_ID>040100</APP_SYMB_ID>
</Appropriation>
<Appropriation>
<Code>0121</Code>
<Name>NSF RESEARCH &amp; RELATED ACTIVIT</Name>
<APP_SYMB_ID>040100</APP_SYMB_ID>
</Appropriation>
<Fund>
<Code>01001819DB</Code>
<Name><![CDATA[NSF RESEARCH & RELATED ACTIVIT]]></Name>
<FUND_SYMB_ID>040100</FUND_SYMB_ID>
</Fund>
<Fund>
<Code>01001920DB</Code>
<Name><![CDATA[NSF RESEARCH & RELATED ACTIVIT]]></Name>
<FUND_SYMB_ID>040100</FUND_SYMB_ID>
</Fund>
<Fund>
<Code>01002122DB</Code>
<Name><![CDATA[NSF RESEARCH & RELATED ACTIVIT]]></Name>
<FUND_SYMB_ID>040100</FUND_SYMB_ID>
</Fund>
<FUND_OBLG>2018~345000</FUND_OBLG>
<FUND_OBLG>2019~140000</FUND_OBLG>
<FUND_OBLG>2021~39000</FUND_OBLG>
<POR>
<DRECONTENT><![CDATA[<div class="porColContainerWBG"> <div class="porContentCol"><p>With funding from the SYN Program of the Chemistry Division, Dr. Stephen M. Holmes of the University of Missouri-St. Louis developed a series of magnetic molecules, to better understand how to control magnetism within small particles. Magnetic materials find widespread use in technologically important devices such as speakers, electrical motors, noise filters, transformers, and information storage media (magnetic hard drives). In the case of information storage, there is increasing emphasis on creating smaller magnetic particles, to increase data storage density. Unfortunately, smaller magnetic particles often give faster data loss, limiting the usefulness of traditional hard drives. Dr. Holmes has made a series of magnetic molecules to understand how small magnets behave under various conditions. By studying molecular models, he strived to establish relationships between temperature, electronic energy changes, and motions with the goal of relating these to their magnetic properties. Dr. Holmes has actively engaged in outreach activities that encourage elementary, high school, and undergraduate students to be hands-on participants in research and teaching. Dr. Holmes also promoted STEM outreach involving regional minority, female, and financially disadvantaged students. He has worked with female and minority high school and undergraduate interns to develop laboratory experiments and STEM activities as part of his project broader impacts.</p> <p>Dr. Holmes developed a better understanding of how small molecules can behave as magnets (single-molecule magnets). In this project he prepared a family of late transition metal single-molecule magnetic complexes whose vibrational and electronic properties may be systematically tuned. Relationships between chemical bonding, intermolecular contacts, and molecular and electronic structures were investigated. He used various synthetic approaches to slow magnetic relaxation leading to the preparation of materials that retain their magnetism at higher temperatures. This is part of a long-term effort to quantify how structures and molecular motions change the spectroscopic and magnetic measurement properties important in magnetic relaxation. Dr. Holmes developed high school and undergraduate laboratory experiments that are aimed at improving science education at the secondary and postsecondary levels. Dr. Holmes has also partnered with local and national educational outreach programs, to engage financially disadvantaged, minority-serving, and underperforming school district students in STEM activities, fostering their continuing interest in STEM related fields of study.</p> <p>&nbsp;</p> <p>&nbsp;</p> <p>&nbsp;</p><br> <p>            Last Modified: 06/11/2023<br>      Modified by: Stephen&nbsp;M&nbsp;Holmes</p> </div> <div class="porSideCol"></div> </div>]]></DRECONTENT>
<POR_COPY_TXT><![CDATA[ With funding from the SYN Program of the Chemistry Division, Dr. Stephen M. Holmes of the University of Missouri-St. Louis developed a series of magnetic molecules, to better understand how to control magnetism within small particles. Magnetic materials find widespread use in technologically important devices such as speakers, electrical motors, noise filters, transformers, and information storage media (magnetic hard drives). In the case of information storage, there is increasing emphasis on creating smaller magnetic particles, to increase data storage density. Unfortunately, smaller magnetic particles often give faster data loss, limiting the usefulness of traditional hard drives. Dr. Holmes has made a series of magnetic molecules to understand how small magnets behave under various conditions. By studying molecular models, he strived to establish relationships between temperature, electronic energy changes, and motions with the goal of relating these to their magnetic properties. Dr. Holmes has actively engaged in outreach activities that encourage elementary, high school, and undergraduate students to be hands-on participants in research and teaching. Dr. Holmes also promoted STEM outreach involving regional minority, female, and financially disadvantaged students. He has worked with female and minority high school and undergraduate interns to develop laboratory experiments and STEM activities as part of his project broader impacts.  Dr. Holmes developed a better understanding of how small molecules can behave as magnets (single-molecule magnets). In this project he prepared a family of late transition metal single-molecule magnetic complexes whose vibrational and electronic properties may be systematically tuned. Relationships between chemical bonding, intermolecular contacts, and molecular and electronic structures were investigated. He used various synthetic approaches to slow magnetic relaxation leading to the preparation of materials that retain their magnetism at higher temperatures. This is part of a long-term effort to quantify how structures and molecular motions change the spectroscopic and magnetic measurement properties important in magnetic relaxation. Dr. Holmes developed high school and undergraduate laboratory experiments that are aimed at improving science education at the secondary and postsecondary levels. Dr. Holmes has also partnered with local and national educational outreach programs, to engage financially disadvantaged, minority-serving, and underperforming school district students in STEM activities, fostering their continuing interest in STEM related fields of study.                Last Modified: 06/11/2023       Submitted by: Stephen M Holmes]]></POR_COPY_TXT>
</POR>
</Award>
</rootTag>
