<?xml version="1.0" encoding="UTF-8"?>
<rootTag>
<Award>
<AwardTitle><![CDATA[Houston Summer School on Dynamical Systems]]></AwardTitle>
<AGENCY>NSF</AGENCY>
<AwardEffectiveDate>04/01/2018</AwardEffectiveDate>
<AwardExpirationDate>03/31/2020</AwardExpirationDate>
<AwardTotalIntnAmount>40000.00</AwardTotalIntnAmount>
<AwardAmount>40000</AwardAmount>
<AwardInstrument>
<Value>Standard Grant</Value>
</AwardInstrument>
<Organization>
<Code>03040000</Code>
<Directorate>
<Abbreviation>MPS</Abbreviation>
<LongName>Direct For Mathematical &amp; Physical Scien</LongName>
</Directorate>
<Division>
<Abbreviation>DMS</Abbreviation>
<LongName>Division Of Mathematical Sciences</LongName>
</Division>
</Organization>
<ProgramOfficer>
<SignBlockName>Marian Bocea</SignBlockName>
<PO_EMAI>mbocea@nsf.gov</PO_EMAI>
<PO_PHON>7032922595</PO_PHON>
</ProgramOfficer>
<AbstractNarration><![CDATA[This award provides funding to help defray the expenses of participants in the workshop ``Houston Summer School on Dynamical Systems'' (HSSDY) for graduate students in late May or early June 2018. The 2018 HSSDY workshop will be held at the University of Houston. The 2018 HSSDY workshop will bring together roughly 40 graduate students from institutions across the country, who will attend the 9-day event, along with 10-15 exceptional undergraduates, who will arrive several days earlier and will receive a series of background lectures giving them some of the tools they need in order to attend the main event.  Additional information about the conference can be found on the website https://www.math.uh.edu/dynamics/school/school2018/&lt;br/&gt;&lt;br/&gt;The HSSDY was funded by NSF from 2013 to 2017. The 2018 HSSDY workshop will continue the tradition of past workshops. The goal of the 2018 HSSDY workshop will introduce students both fundamental techniques and recent progress in dynamical systems. Moreover, the 2018 HSSDY workshop will introduce students the interrelationship between dynamical systems and other areas of mathematics and physics, including number theory, probability theory, statistical mechanics, and quantum information theory.  Each lecturer in the 2018 HSSDY workshop will give students an appropriate bird's-eye view of the area in which he/she is working.&lt;br/&gt;&lt;br/&gt;This award reflects NSF's statutory mission and has been deemed worthy of support through evaluation using the Foundation's intellectual merit and broader impacts review criteria.]]></AbstractNarration>
<MinAmdLetterDate>12/11/2017</MinAmdLetterDate>
<MaxAmdLetterDate>12/11/2017</MaxAmdLetterDate>
<ARRAAmount/>
<TRAN_TYPE>Grant</TRAN_TYPE>
<CFDA_NUM>47.049</CFDA_NUM>
<NSF_PAR_USE_FLAG>1</NSF_PAR_USE_FLAG>
<FUND_AGCY_CODE>4900</FUND_AGCY_CODE>
<AWDG_AGCY_CODE>4900</AWDG_AGCY_CODE>
<AwardID>1800669</AwardID>
<Investigator>
<FirstName>William</FirstName>
<LastName>Ott</LastName>
<PI_MID_INIT>R</PI_MID_INIT>
<PI_SUFX_NAME/>
<PI_FULL_NAME>William R Ott</PI_FULL_NAME>
<EmailAddress><![CDATA[ott@math.uh.edu]]></EmailAddress>
<NSF_ID>000418251</NSF_ID>
<StartDate>12/11/2017</StartDate>
<EndDate/>
<RoleCode>Co-Principal Investigator</RoleCode>
</Investigator>
<Investigator>
<FirstName>Alan</FirstName>
<LastName>Haynes</LastName>
<PI_MID_INIT/>
<PI_SUFX_NAME/>
<PI_FULL_NAME>Alan Haynes</PI_FULL_NAME>
<EmailAddress><![CDATA[haynes@math.uh.edu]]></EmailAddress>
<NSF_ID>000732247</NSF_ID>
<StartDate>12/11/2017</StartDate>
<EndDate/>
<RoleCode>Co-Principal Investigator</RoleCode>
</Investigator>
<Investigator>
<FirstName>Vaughn</FirstName>
<LastName>Climenhaga</LastName>
<PI_MID_INIT/>
<PI_SUFX_NAME/>
<PI_FULL_NAME>Vaughn Climenhaga</PI_FULL_NAME>
<EmailAddress><![CDATA[climenha@math.uh.edu]]></EmailAddress>
<NSF_ID>000629188</NSF_ID>
<StartDate>12/11/2017</StartDate>
<EndDate/>
<RoleCode>Co-Principal Investigator</RoleCode>
</Investigator>
<Investigator>
<FirstName>Andrei</FirstName>
<LastName>Torok</LastName>
<PI_MID_INIT/>
<PI_SUFX_NAME/>
<PI_FULL_NAME>Andrei Torok</PI_FULL_NAME>
<EmailAddress><![CDATA[torok@math.uh.edu]]></EmailAddress>
<NSF_ID>000208166</NSF_ID>
<StartDate>12/11/2017</StartDate>
<EndDate/>
<RoleCode>Principal Investigator</RoleCode>
</Investigator>
<Institution>
<Name><![CDATA[University of Houston]]></Name>
<CityName>HOUSTON</CityName>
<ZipCode>772043067</ZipCode>
<PhoneNumber>7137435773</PhoneNumber>
<StreetAddress><![CDATA[4300 MARTIN LUTHER KING BLVD]]></StreetAddress>
<StreetAddress2/>
<CountryName>United States</CountryName>
<StateName>Texas</StateName>
<StateCode>TX</StateCode>
<CONGRESSDISTRICT>18</CONGRESSDISTRICT>
<CONGRESS_DISTRICT_ORG>TX18</CONGRESS_DISTRICT_ORG>
<ORG_UEI_NUM>QKWEF8XLMTT3</ORG_UEI_NUM>
<ORG_LGL_BUS_NAME>UNIVERSITY OF HOUSTON SYSTEM</ORG_LGL_BUS_NAME>
<ORG_PRNT_UEI_NUM/>
</Institution>
<Performance_Institution>
<Name><![CDATA[University of Houston]]></Name>
<CityName/>
<StateCode>TX</StateCode>
<ZipCode>772042015</ZipCode>
<StreetAddress/>
<CountryCode>US</CountryCode>
<CountryName>United States</CountryName>
<StateName>Texas</StateName>
<CountryFlag>1</CountryFlag>
<CONGRESSDISTRICT>18</CONGRESSDISTRICT>
<CONGRESS_DISTRICT_PERF>TX18</CONGRESS_DISTRICT_PERF>
</Performance_Institution>
<ProgramElement>
<Code>1281</Code>
<Text>ANALYSIS PROGRAM</Text>
</ProgramElement>
<ProgramReference>
<Code>7556</Code>
<Text>CONFERENCE AND WORKSHOPS</Text>
</ProgramReference>
<Appropriation>
<Code>0118</Code>
<Name>NSF RESEARCH &amp; RELATED ACTIVIT</Name>
<APP_SYMB_ID>040100</APP_SYMB_ID>
</Appropriation>
<Fund>
<Code>01001819DB</Code>
<Name><![CDATA[NSF RESEARCH & RELATED ACTIVIT]]></Name>
<FUND_SYMB_ID>040100</FUND_SYMB_ID>
</Fund>
<FUND_OBLG>2018~40000</FUND_OBLG>
<POR>
<DRECONTENT><![CDATA[<div class="porColContainerWBG"> <div class="porContentCol"><p>The major goal of the project was to organize a summer school on dynamical systems at the University of Houston in May 2018, spanning roughly one week, for graduate students in dynamics. The lecture series was on probability and dynamical systems (including dynamics of quantum spin systems), with an emphasis on understanding statistical properties of chaotic dynamical systems.&nbsp; The summer school was held during May 16-24, 2018. The lectures were given by the organizers (dynamics research group at UH), by 2 external guest lecturers, and one other member of the UH math department. There were 79 graduate and undergraduate participants, including those supported by other sources and local attendees. The attendance of the US graduate students was made possible and funded by this NSF grant.&nbsp; The summer school gave participants an introduction to various topics that are of current research interest in dynamical systems and related fields, but that are difficult to learn oneself from the literature due to lack of expository material that is at an appropriate level for graduate students. Participants were also expected to read and discuss research papers. Through these projects and other guided reading the school also gave the participants a chance to engage with research literature and to work with peers at understanding current mathematical research in probability and dynamics.</p> <p>In the exit survey the students gave very positive feedback to the school, and emphasized that they got very much out of it. They also appreciated that many of the lecturers were women.</p> <p>As a broader impact of the summer school, the participants are now better positioned to pursue research in dynamical systems and related fields. Some of the graduate student participants were working primarily in math biology, physics or applied mathematics. These other disciplines will be enriched by the techniques and training provided to these young researchers. All participants are better able to use ideas from dynamical systems and probability in any STEM field they enter.&nbsp; The full intellectual merit of the project will be realized by the participants research and other activities in STEM areas, which will have been enriched by the University of Houston Summer School in Dynamical Systems.<br /><br />Videos of the summer school lectures are available for the general public, the links are posted at<br />https://www.math.uh.edu/dynamics/school/school2018/<br />https://www.math.uh.edu/dynamics/school/school2019/</p><br> <p>            Last Modified: 08/13/2020<br>      Modified by: Andrei&nbsp;Torok</p> </div> <div class="porSideCol"></div> </div>]]></DRECONTENT>
<POR_COPY_TXT><![CDATA[ The major goal of the project was to organize a summer school on dynamical systems at the University of Houston in May 2018, spanning roughly one week, for graduate students in dynamics. The lecture series was on probability and dynamical systems (including dynamics of quantum spin systems), with an emphasis on understanding statistical properties of chaotic dynamical systems.  The summer school was held during May 16-24, 2018. The lectures were given by the organizers (dynamics research group at UH), by 2 external guest lecturers, and one other member of the UH math department. There were 79 graduate and undergraduate participants, including those supported by other sources and local attendees. The attendance of the US graduate students was made possible and funded by this NSF grant.  The summer school gave participants an introduction to various topics that are of current research interest in dynamical systems and related fields, but that are difficult to learn oneself from the literature due to lack of expository material that is at an appropriate level for graduate students. Participants were also expected to read and discuss research papers. Through these projects and other guided reading the school also gave the participants a chance to engage with research literature and to work with peers at understanding current mathematical research in probability and dynamics.  In the exit survey the students gave very positive feedback to the school, and emphasized that they got very much out of it. They also appreciated that many of the lecturers were women.  As a broader impact of the summer school, the participants are now better positioned to pursue research in dynamical systems and related fields. Some of the graduate student participants were working primarily in math biology, physics or applied mathematics. These other disciplines will be enriched by the techniques and training provided to these young researchers. All participants are better able to use ideas from dynamical systems and probability in any STEM field they enter.  The full intellectual merit of the project will be realized by the participants research and other activities in STEM areas, which will have been enriched by the University of Houston Summer School in Dynamical Systems.  Videos of the summer school lectures are available for the general public, the links are posted at https://www.math.uh.edu/dynamics/school/school2018/ https://www.math.uh.edu/dynamics/school/school2019/       Last Modified: 08/13/2020       Submitted by: Andrei Torok]]></POR_COPY_TXT>
</POR>
</Award>
</rootTag>
