<?xml version="1.0" encoding="UTF-8"?>
<rootTag>
<Award>
<AwardTitle><![CDATA[Intersystem Crossing Dynamics in Thio-Substituted Pyrimidine Nucleobases Studied by Time-resolved Photoionization Techniques]]></AwardTitle>
<AGENCY>NSF</AGENCY>
<AwardEffectiveDate>07/01/2018</AwardEffectiveDate>
<AwardExpirationDate>05/31/2023</AwardExpirationDate>
<AwardTotalIntnAmount>402000.00</AwardTotalIntnAmount>
<AwardAmount>464303</AwardAmount>
<AwardInstrument>
<Value>Standard Grant</Value>
</AwardInstrument>
<Organization>
<Code>03090000</Code>
<Directorate>
<Abbreviation>MPS</Abbreviation>
<LongName>Direct For Mathematical &amp; Physical Scien</LongName>
</Directorate>
<Division>
<Abbreviation>CHE</Abbreviation>
<LongName>Division Of Chemistry</LongName>
</Division>
</Organization>
<ProgramOfficer>
<SignBlockName>Colby Foss</SignBlockName>
<PO_EMAI>cfoss@nsf.gov</PO_EMAI>
<PO_PHON>7032925327</PO_PHON>
</ProgramOfficer>
<AbstractNarration><![CDATA[In this project funded by the Chemical Structure Dynamics and Mechanism (CSDM-A) program of the Chemistry Division, Prof. Ullrich of the University of Georgia is using laser spectroscopy to study the response of modified nucleobases to ultraviolet (UV) irradiation.   Nucleobases are molecular components of DNA, and thus form the building blocks of our genetic coding material.  Naturally occurring nucleobases are known to protect themselves against UV radiation through processes within the nucleobase molecule that dissipate potentially harmful UV energy into heat. However, the details of these processes are not well understood.   Prof. Ullrich is uncovering these details by making slight changes to the nucleobase structure, and observing changes in how UV light is dissipated.   In some cases, for example when an oxygen atom is replaced by a sulfur atom, the nucleobase has difficulty dissipating the energy from the UV light.  This is to say it remains "excited", and therefore vulnerable to damage.  While such a condition may not be desirable for normal strand of DNA, it may be beneficial in cancer treatments, where UV or other light energy may be used to specifically attack cancer cells.&lt;br/&gt;&lt;br/&gt;In this project time-resolved photoelectron spectroscopy is applied to the study of pyrimidine thiobases to unravel the mechanistic details governing their unique ultrafast intersystem crossing dynamics. Supplemented by ab-initio calculations and dynamics simulations intricate specifics of the excited state potential energy surfaces such as couplings between the lowest excited states, potential energy barriers, and accessibility of conical intersections are revealed. Particular focus is on the role of low-lying singlet states of n-pi character, given their widespread emergence as the key doorway for accessing the triplet manifold. The project trains undergraduate and graduate students as well as summer interns who participate in the research activities and outcomes of the research are broadly disseminated to the public through science show performances.&lt;br/&gt;&lt;br/&gt;This award reflects NSF's statutory mission and has been deemed worthy of support through evaluation using the Foundation's intellectual merit and broader impacts review criteria.]]></AbstractNarration>
<MinAmdLetterDate>06/06/2018</MinAmdLetterDate>
<MaxAmdLetterDate>11/03/2022</MaxAmdLetterDate>
<ARRAAmount/>
<TRAN_TYPE>Grant</TRAN_TYPE>
<CFDA_NUM>47.049</CFDA_NUM>
<NSF_PAR_USE_FLAG>1</NSF_PAR_USE_FLAG>
<FUND_AGCY_CODE>4900</FUND_AGCY_CODE>
<AWDG_AGCY_CODE>4900</AWDG_AGCY_CODE>
<AwardID>1800050</AwardID>
<Investigator>
<FirstName>Susanne</FirstName>
<LastName>Ullrich</LastName>
<PI_MID_INIT/>
<PI_SUFX_NAME/>
<PI_FULL_NAME>Susanne Ullrich</PI_FULL_NAME>
<EmailAddress><![CDATA[ullrich@physast.uga.edu]]></EmailAddress>
<NSF_ID>000494147</NSF_ID>
<StartDate>06/06/2018</StartDate>
<EndDate/>
<RoleCode>Principal Investigator</RoleCode>
</Investigator>
<Institution>
<Name><![CDATA[University of Georgia Research Foundation Inc]]></Name>
<CityName>ATHENS</CityName>
<ZipCode>306021589</ZipCode>
<PhoneNumber>7065425939</PhoneNumber>
<StreetAddress><![CDATA[310 E CAMPUS RD RM 409]]></StreetAddress>
<StreetAddress2/>
<CountryName>United States</CountryName>
<StateName>Georgia</StateName>
<StateCode>GA</StateCode>
<CONGRESSDISTRICT>10</CONGRESSDISTRICT>
<CONGRESS_DISTRICT_ORG>GA10</CONGRESS_DISTRICT_ORG>
<ORG_UEI_NUM>NMJHD63STRC5</ORG_UEI_NUM>
<ORG_LGL_BUS_NAME>UNIVERSITY OF GEORGIA RESEARCH FOUNDATION, INC.</ORG_LGL_BUS_NAME>
<ORG_PRNT_UEI_NUM/>
</Institution>
<Performance_Institution>
<Name><![CDATA[University of Georgia]]></Name>
<CityName>Athens</CityName>
<StateCode>GA</StateCode>
<ZipCode>306021589</ZipCode>
<StreetAddress><![CDATA[310 East Campus Road]]></StreetAddress>
<CountryCode>US</CountryCode>
<CountryName>United States</CountryName>
<StateName>Georgia</StateName>
<CountryFlag>1</CountryFlag>
<CONGRESSDISTRICT>10</CONGRESSDISTRICT>
<CONGRESS_DISTRICT_PERF>GA10</CONGRESS_DISTRICT_PERF>
</Performance_Institution>
<ProgramElement>
<Code>9101</Code>
<Text>Chem Struct,Dynmcs&amp;Mechansms A</Text>
</ProgramElement>
<ProgramReference>
<Code>068Z</Code>
<Text>URoL-Understanding Rules of Life</Text>
</ProgramReference>
<ProgramReference>
<Code>102Z</Code>
<Text>COVID-Disproportionate Impcts Inst-Indiv</Text>
</ProgramReference>
<ProgramReference>
<Code>9263</Code>
<Text>COMPUTATIONAL SCIENCE &amp; ENGING</Text>
</ProgramReference>
<Appropriation>
<Code>0118</Code>
<Name>NSF RESEARCH &amp; RELATED ACTIVIT</Name>
<APP_SYMB_ID>040100</APP_SYMB_ID>
</Appropriation>
<Appropriation>
<Code>0121</Code>
<Name>NSF RESEARCH &amp; RELATED ACTIVIT</Name>
<APP_SYMB_ID>040100</APP_SYMB_ID>
</Appropriation>
<Fund>
<Code>01001819DB</Code>
<Name><![CDATA[NSF RESEARCH & RELATED ACTIVIT]]></Name>
<FUND_SYMB_ID>040100</FUND_SYMB_ID>
</Fund>
<Fund>
<Code>01002122DB</Code>
<Name><![CDATA[NSF RESEARCH & RELATED ACTIVIT]]></Name>
<FUND_SYMB_ID>040100</FUND_SYMB_ID>
</Fund>
<FUND_OBLG>2018~402000</FUND_OBLG>
<FUND_OBLG>2021~62303</FUND_OBLG>
<POR>
<DRECONTENT><![CDATA[<div class="porColContainerWBG"> <div class="porContentCol"><p>The canonical nucleobases, which form the building blocks of our genetic coding material, are known to protect themselves against photodamage through ultrafast internal conversion processes that dissipate potentially harmful ultraviolet (UV) energy into heat. However, seemingly minor changes such as single atom substitutions can profoundly alter the photophysics of the nucleobases. In thiobases, where one or two oxygen atoms are replaced by sulfur, these internal conversion pathways are inaccessible and crossing onto the triplet manifold becomes highly efficient. In this project we used time-resolved laser spectroscopy to study the response of thionated pyrimidine nucleobases to UV irradiation and developed a molecular level mechanistic picture of the intersystem crossing dynamics. Overall, our work has shown that all pyrimidine thiobases follow a similar deactivation mechanism that involves internal conversion to the lowest singlet excited state of n&pi;* character followed by intersystem crossing to a triplet state. However, the photodynamics are surprisingly dependent on the position and degree of thionation, the presence of other substituents (e.g. methyl group), and tautomeric forms. With the help of ab initio calculations and dynamics simulations, we associated the different behaviors with intricate details of the excited state potential energy surfaces such as couplings between the lowest excited states, potential energy barriers, and accessibility of conical intersections. &nbsp;</p> <p>The research activities provided extensive training for undergraduate and graduate students in areas including optics, electronics, vacuum technologies and equipment interfacing as well as photochemistry. This award also supported outreach activities such as science shows and demonstrations at public events. &nbsp;</p> <p>&nbsp;</p><br> <p>            Last Modified: 07/19/2023<br>      Modified by: Susanne&nbsp;Ullrich</p> </div> <div class="porSideCol"></div> </div>]]></DRECONTENT>
<POR_COPY_TXT><![CDATA[ The canonical nucleobases, which form the building blocks of our genetic coding material, are known to protect themselves against photodamage through ultrafast internal conversion processes that dissipate potentially harmful ultraviolet (UV) energy into heat. However, seemingly minor changes such as single atom substitutions can profoundly alter the photophysics of the nucleobases. In thiobases, where one or two oxygen atoms are replaced by sulfur, these internal conversion pathways are inaccessible and crossing onto the triplet manifold becomes highly efficient. In this project we used time-resolved laser spectroscopy to study the response of thionated pyrimidine nucleobases to UV irradiation and developed a molecular level mechanistic picture of the intersystem crossing dynamics. Overall, our work has shown that all pyrimidine thiobases follow a similar deactivation mechanism that involves internal conversion to the lowest singlet excited state of n&pi;* character followed by intersystem crossing to a triplet state. However, the photodynamics are surprisingly dependent on the position and degree of thionation, the presence of other substituents (e.g. methyl group), and tautomeric forms. With the help of ab initio calculations and dynamics simulations, we associated the different behaviors with intricate details of the excited state potential energy surfaces such as couplings between the lowest excited states, potential energy barriers, and accessibility of conical intersections.    The research activities provided extensive training for undergraduate and graduate students in areas including optics, electronics, vacuum technologies and equipment interfacing as well as photochemistry. This award also supported outreach activities such as science shows and demonstrations at public events.            Last Modified: 07/19/2023       Submitted by: Susanne Ullrich]]></POR_COPY_TXT>
</POR>
</Award>
</rootTag>
