<?xml version="1.0" encoding="UTF-8"?>
<rootTag>
<Award>
<AwardTitle><![CDATA[Arizona School of Analysis and Mathematical Physics]]></AwardTitle>
<AGENCY>NSF</AGENCY>
<AwardEffectiveDate>01/01/2018</AwardEffectiveDate>
<AwardExpirationDate>12/31/2018</AwardExpirationDate>
<AwardTotalIntnAmount>40000.00</AwardTotalIntnAmount>
<AwardAmount>40000</AwardAmount>
<AwardInstrument>
<Value>Standard Grant</Value>
</AwardInstrument>
<Organization>
<Code>03040000</Code>
<Directorate>
<Abbreviation>MPS</Abbreviation>
<LongName>Direct For Mathematical &amp; Physical Scien</LongName>
</Directorate>
<Division>
<Abbreviation>DMS</Abbreviation>
<LongName>Division Of Mathematical Sciences</LongName>
</Division>
</Organization>
<ProgramOfficer>
<SignBlockName>Justin Holmer</SignBlockName>
<PO_EMAI/>
<PO_PHON/>
</ProgramOfficer>
<AbstractNarration><![CDATA[This award provides funding for US participation in the conference "Arizona School of Analysis and Mathematical Physics" that will be held March 5-9, 2018 at the University of Arizona&lt;br/&gt;&lt;br/&gt;The conference focuses on recent developments in Analysis, especially in the fields of mathematical physics and partial differential equations.   A number of distinguished mathematicians have agreed to attend and speak at this conference.  This award gives early career researchers, members of underrepresented groups, researchers not funded by NSF and the like an opportunity to attend and participate in this conference.   The organizing committee will strive to make this funding opportunity known to target groups through a number of different activities.   More information will be made available at:&lt;br/&gt;&lt;br/&gt;http://math.arizona.edu/~mathphys/AZSchool18/]]></AbstractNarration>
<MinAmdLetterDate>12/22/2017</MinAmdLetterDate>
<MaxAmdLetterDate>12/22/2017</MaxAmdLetterDate>
<ARRAAmount/>
<TRAN_TYPE>Grant</TRAN_TYPE>
<CFDA_NUM>47.049</CFDA_NUM>
<NSF_PAR_USE_FLAG>1</NSF_PAR_USE_FLAG>
<FUND_AGCY_CODE>4900</FUND_AGCY_CODE>
<AWDG_AGCY_CODE>4900</AWDG_AGCY_CODE>
<AwardID>1800724</AwardID>
<Investigator>
<FirstName>Houssam</FirstName>
<LastName>Abdul-Rahman</LastName>
<PI_MID_INIT/>
<PI_SUFX_NAME/>
<PI_FULL_NAME>Houssam Abdul-Rahman</PI_FULL_NAME>
<EmailAddress><![CDATA[houssam@math.arizona.edu]]></EmailAddress>
<NSF_ID>000758848</NSF_ID>
<StartDate>12/22/2017</StartDate>
<EndDate/>
<RoleCode>Co-Principal Investigator</RoleCode>
</Investigator>
<Investigator>
<FirstName>Amanda</FirstName>
<LastName>Young</LastName>
<PI_MID_INIT>M</PI_MID_INIT>
<PI_SUFX_NAME/>
<PI_FULL_NAME>Amanda M Young</PI_FULL_NAME>
<EmailAddress><![CDATA[amyoung@math.arizona.edu]]></EmailAddress>
<NSF_ID>000733500</NSF_ID>
<StartDate>12/22/2017</StartDate>
<EndDate/>
<RoleCode>Co-Principal Investigator</RoleCode>
</Investigator>
<Investigator>
<FirstName>Robert</FirstName>
<LastName>Sims</LastName>
<PI_MID_INIT>J</PI_MID_INIT>
<PI_SUFX_NAME/>
<PI_FULL_NAME>Robert J Sims</PI_FULL_NAME>
<EmailAddress><![CDATA[rsims@math.arizona.edu]]></EmailAddress>
<NSF_ID>000351174</NSF_ID>
<StartDate>12/22/2017</StartDate>
<EndDate/>
<RoleCode>Principal Investigator</RoleCode>
</Investigator>
<Institution>
<Name>University of Arizona</Name>
<CityName>TUCSON</CityName>
<ZipCode>85721</ZipCode>
<PhoneNumber>5206266000</PhoneNumber>
<StreetAddress>845 N PARK AVE RM 538</StreetAddress>
<StreetAddress2/>
<CountryName>United States</CountryName>
<StateName>Arizona</StateName>
<StateCode>AZ</StateCode>
<CONGRESSDISTRICT>03</CONGRESSDISTRICT>
<CONGRESS_DISTRICT_ORG>AZ03</CONGRESS_DISTRICT_ORG>
<ORG_UEI_NUM>ED44Y3W6P7B9</ORG_UEI_NUM>
<ORG_LGL_BUS_NAME>UNIVERSITY OF ARIZONA</ORG_LGL_BUS_NAME>
<ORG_PRNT_UEI_NUM/>
</Institution>
<Performance_Institution>
<Name><![CDATA[Department of Mathematics/University of Arizona]]></Name>
<CityName>Tucson</CityName>
<StateCode>AZ</StateCode>
<ZipCode>857210089</ZipCode>
<StreetAddress><![CDATA[617 N. Santa Rita Ave]]></StreetAddress>
<CountryCode>US</CountryCode>
<CountryName>United States</CountryName>
<StateName>Arizona</StateName>
<CountryFlag>1</CountryFlag>
<CONGRESSDISTRICT>07</CONGRESSDISTRICT>
<CONGRESS_DISTRICT_PERF>AZ07</CONGRESS_DISTRICT_PERF>
</Performance_Institution>
<ProgramElement>
<Code>1281</Code>
<Text>ANALYSIS PROGRAM</Text>
</ProgramElement>
<ProgramReference>
<Code>7556</Code>
<Text>CONFERENCE AND WORKSHOPS</Text>
</ProgramReference>
<Appropriation>
<Code>0118</Code>
<Name>NSF RESEARCH &amp; RELATED ACTIVIT</Name>
<APP_SYMB_ID>040100</APP_SYMB_ID>
</Appropriation>
<Fund>
<Code>01001819DB</Code>
<Name><![CDATA[NSF RESEARCH & RELATED ACTIVIT]]></Name>
<FUND_SYMB_ID>040100</FUND_SYMB_ID>
</Fund>
<FUND_OBLG>2018~40000</FUND_OBLG>
<POR>
<DRECONTENT><![CDATA[<div class="porColContainerWBG"> <div class="porContentCol"><p>The major goal of this project was to organize a school on analysis with specific emphasis on mathematical physics. A successful researcher in mathematical physics must be familiar with a variety of tools from analysis as well as insights derived from physical intuition. For this reason, students are often overwhelmed or intimidated by the prospect of working in this area. To address this issue, we organized a school that offered four mini-courses on topics of active research in mathematical physics. These courses were designed to rigorously develop important analytic techniques, within the context of specific applications, to illustrate how theory is used in problem solving. In addition, the organizers recruited lecturers who are not only known for their impressive, international research careers, but also their history of pedagogical presentations. The mini-courses were intended to be accessible to graduate students and postdocs, self-contained, and relevant for cutting-edge, contemporary research. The school was designed to provide a forum which encouraged interactions between early-career researchers and more senior scientists. A more long-term goal was to inspire further studies and present possible avenues of future research.</p> <p><br />Over the week of March 5-9, 2018 we organized the Arizona School of Analysis and Mathematical Physics on campus at the University of Arizona. During this week, four mini-courses were offered on important topics of current research in mathematical physics. In particular, Sven Bachmann (from the University of British Columbia) spoke on Adiabatic Dynamics and Linear Response Theory for Many-Body Quantum Systems, Gunter Stolz (from the University of Alabama at Birmingham) discussed Disordered Quantum Spin Chains, Jan Philip Solovej (from the University of Copenhagen, Denmark) explained Quasi-free Variational Models for Bosons and Fermions, and Fernando Brandao (from Caltech) lectured on Entanglement Theory. In addition, several senior participants gave invited lectures on topics related to these mini-courses. In particular, Mei Yin (from University of Denver) spoke on Ground States of Exponential Random Graphs, Bruno Nachtergaele (from the University of California at Davis) talked about Stability of the Super-selection Sectors of Kitaev's Abelian Quantum Double Models, Anna Vershynina (from University of Houston) spoke on the Data Processing Inequality and the Stability of the Recovery Map, and Jeff Schenker (from Michigan State University) discussed Localization, and Resonant Delocalization, of a Disordered Polaron.</p> <p><br />All mini-courses and lectures from senior participants were presented and well-received. From a survey conducted after the conclusion of the school, all participants rated the program as ``very good'' or ``excellent.'' One participant commented ``The content of the lectures was an informative introduction to some methods in math physics which would be difficult to learn otherwise.'' In addition, one of our main objectives of this school was to provide a forum for early-career scientists to interact with more senior scientists. To achieve this objective, we gave all junior participants an opportunity to speak on their research interests and recent results. Specifically, 20 of 44 junior participants (45%) gave short research talks during the school. Finally, we have organized a proceedings that will be published as a special edition in Contemporary Mathematics. This edition will consist of lecture notes from two of the mini-courses, as well as survey and research articles on topics discussed during or related to the school.</p> <p><br />In conclusion, the school exposed PhD students and postdoctoral researchers to cutting edge techniques in a variety of topics in mathematical physics. Interesting open research questions were discussed which could be investigated by PhD students as the basis of their dissertation or postdocs as new avenues of research. The participants of the Arizona School were comprised of a diverse group of young researchers. Of the 54 total participants, 11 came from underrepresented groups including 8 women and 3 Hispanic individuals. Our support of these participants has helped to advance the careers of underrepresented groups in the mathematical sciences. In particular, we provided the participants with the opportunity to share their recent results through short research talks. This gave the junior participants a platform to practice giving research talks and also facilitated conversations between participants with shared research interests. As a result, participants were able to make new research connections with other junior researchers as well as more senior members of the research community.</p> <p>&nbsp;</p> <p>&nbsp;</p> <p>&nbsp;</p><br> <p>            Last Modified: 04/09/2019<br>      Modified by: Robert&nbsp;J&nbsp;Sims</p> </div> <div class="porSideCol"></div> </div>]]></DRECONTENT>
<POR_COPY_TXT><![CDATA[ The major goal of this project was to organize a school on analysis with specific emphasis on mathematical physics. A successful researcher in mathematical physics must be familiar with a variety of tools from analysis as well as insights derived from physical intuition. For this reason, students are often overwhelmed or intimidated by the prospect of working in this area. To address this issue, we organized a school that offered four mini-courses on topics of active research in mathematical physics. These courses were designed to rigorously develop important analytic techniques, within the context of specific applications, to illustrate how theory is used in problem solving. In addition, the organizers recruited lecturers who are not only known for their impressive, international research careers, but also their history of pedagogical presentations. The mini-courses were intended to be accessible to graduate students and postdocs, self-contained, and relevant for cutting-edge, contemporary research. The school was designed to provide a forum which encouraged interactions between early-career researchers and more senior scientists. A more long-term goal was to inspire further studies and present possible avenues of future research.   Over the week of March 5-9, 2018 we organized the Arizona School of Analysis and Mathematical Physics on campus at the University of Arizona. During this week, four mini-courses were offered on important topics of current research in mathematical physics. In particular, Sven Bachmann (from the University of British Columbia) spoke on Adiabatic Dynamics and Linear Response Theory for Many-Body Quantum Systems, Gunter Stolz (from the University of Alabama at Birmingham) discussed Disordered Quantum Spin Chains, Jan Philip Solovej (from the University of Copenhagen, Denmark) explained Quasi-free Variational Models for Bosons and Fermions, and Fernando Brandao (from Caltech) lectured on Entanglement Theory. In addition, several senior participants gave invited lectures on topics related to these mini-courses. In particular, Mei Yin (from University of Denver) spoke on Ground States of Exponential Random Graphs, Bruno Nachtergaele (from the University of California at Davis) talked about Stability of the Super-selection Sectors of Kitaev's Abelian Quantum Double Models, Anna Vershynina (from University of Houston) spoke on the Data Processing Inequality and the Stability of the Recovery Map, and Jeff Schenker (from Michigan State University) discussed Localization, and Resonant Delocalization, of a Disordered Polaron.   All mini-courses and lectures from senior participants were presented and well-received. From a survey conducted after the conclusion of the school, all participants rated the program as ``very good'' or ``excellent.'' One participant commented ``The content of the lectures was an informative introduction to some methods in math physics which would be difficult to learn otherwise.'' In addition, one of our main objectives of this school was to provide a forum for early-career scientists to interact with more senior scientists. To achieve this objective, we gave all junior participants an opportunity to speak on their research interests and recent results. Specifically, 20 of 44 junior participants (45%) gave short research talks during the school. Finally, we have organized a proceedings that will be published as a special edition in Contemporary Mathematics. This edition will consist of lecture notes from two of the mini-courses, as well as survey and research articles on topics discussed during or related to the school.   In conclusion, the school exposed PhD students and postdoctoral researchers to cutting edge techniques in a variety of topics in mathematical physics. Interesting open research questions were discussed which could be investigated by PhD students as the basis of their dissertation or postdocs as new avenues of research. The participants of the Arizona School were comprised of a diverse group of young researchers. Of the 54 total participants, 11 came from underrepresented groups including 8 women and 3 Hispanic individuals. Our support of these participants has helped to advance the careers of underrepresented groups in the mathematical sciences. In particular, we provided the participants with the opportunity to share their recent results through short research talks. This gave the junior participants a platform to practice giving research talks and also facilitated conversations between participants with shared research interests. As a result, participants were able to make new research connections with other junior researchers as well as more senior members of the research community.                Last Modified: 04/09/2019       Submitted by: Robert J Sims]]></POR_COPY_TXT>
</POR>
</Award>
</rootTag>
