<?xml version="1.0" encoding="UTF-8"?>
<rootTag>
<Award>
<AwardTitle><![CDATA[Reduced Scaling Many-Body Electronic Structure Methods: Improved Accuracy and Precision]]></AwardTitle>
<AGENCY>NSF</AGENCY>
<AwardEffectiveDate>07/15/2018</AwardEffectiveDate>
<AwardExpirationDate>06/30/2022</AwardExpirationDate>
<AwardTotalIntnAmount>450000.00</AwardTotalIntnAmount>
<AwardAmount>450000</AwardAmount>
<AwardInstrument>
<Value>Standard Grant</Value>
</AwardInstrument>
<Organization>
<Code>03090000</Code>
<Directorate>
<Abbreviation>MPS</Abbreviation>
<LongName>Direct For Mathematical &amp; Physical Scien</LongName>
</Directorate>
<Division>
<Abbreviation>CHE</Abbreviation>
<LongName>Division Of Chemistry</LongName>
</Division>
</Organization>
<ProgramOfficer>
<SignBlockName>Michel Dupuis</SignBlockName>
<PO_EMAI>mdupuis@nsf.gov</PO_EMAI>
<PO_PHON>7032922919</PO_PHON>
</ProgramOfficer>
<AbstractNarration><![CDATA[Edward Valeev of Virginia Polytechnic Institute and State University is supported by an award from the Chemical Theory, Models and Computational Methods Program in the Chemistry Division to develop efficient and accurate methods for studying the electronic properties of large molecules, crystalline solids, and interfaces. It is possible to predict the properties of matter around us by applying the laws of quantum mechanics to describe the behavior of electrons in atoms, molecules, and solids. Unfortunately, exact computational and theoretical modeling of electron behavior in systems with more than a few atoms is beyond the ability of even the most powerful supercomputers currently available due to the steep increase of computational cost with the number of electrons. Valeev and co-workers are developing methods that reduce the computational cost of accurate calculations by many orders of magnitude and make predictive simulations possible for systems with thousands of atoms. Such advances are crucial for our ability to design molecules and materials for particular functions, such as creating new catalysts for converting solar light into fuel.  The methods developed are being included in widely-used software packages that may enhance research capabilities for national and international researchers.&lt;br/&gt;&lt;br/&gt;This project focuses on the development of many-body electronic structure methods (such as the diagrammatic perturbation theory and coupled-cluster) with reduced scaling with respect to system size (by exploiting low-rank and sparse structure of the operators and states) and precision (by building in the correct analytic structure via explicit correlation). This development builds upon recent advances by Valeev and co-workers that demonstrated that complete basis set coupled-cluster with singles, doubles, and perturbative triples calculations could be performed on closed-shell molecules with more than a thousand atoms. This project extends the approach to the treatment of molecules with open-shell electronic states, to manifolds of electronic states, and to electronic states of crystalline solids. The efficiency of the rank compression is being improved by tailoring representations to the particular electronic structure model. Lastly, the project applies these ideas to the high-order coupled-cluster models to extend their applicability to systems with 30-50 atoms.  In addition to making these codes available through a widely-used software package, the work being done provides excellent training for graduate students and postdoctoral fellows.&lt;br/&gt;&lt;br/&gt;This award reflects NSF's statutory mission and has been deemed worthy of support through evaluation using the Foundation's intellectual merit and broader impacts review criteria.]]></AbstractNarration>
<MinAmdLetterDate>07/05/2018</MinAmdLetterDate>
<MaxAmdLetterDate>07/05/2018</MaxAmdLetterDate>
<ARRAAmount/>
<TRAN_TYPE>Grant</TRAN_TYPE>
<CFDA_NUM>47.049</CFDA_NUM>
<NSF_PAR_USE_FLAG>1</NSF_PAR_USE_FLAG>
<FUND_AGCY_CODE>4900</FUND_AGCY_CODE>
<AWDG_AGCY_CODE>4900</AWDG_AGCY_CODE>
<AwardID>1800348</AwardID>
<Investigator>
<FirstName>Edward</FirstName>
<LastName>Valeev</LastName>
<PI_MID_INIT>F</PI_MID_INIT>
<PI_SUFX_NAME/>
<PI_FULL_NAME>Edward F Valeev</PI_FULL_NAME>
<EmailAddress><![CDATA[evaleev@vt.edu]]></EmailAddress>
<NSF_ID>000163421</NSF_ID>
<StartDate>07/05/2018</StartDate>
<EndDate/>
<RoleCode>Principal Investigator</RoleCode>
</Investigator>
<Institution>
<Name>Virginia Polytechnic Institute and State University</Name>
<CityName>BLACKSBURG</CityName>
<ZipCode>240603359</ZipCode>
<PhoneNumber>5402315281</PhoneNumber>
<StreetAddress>300 TURNER ST NW</StreetAddress>
<StreetAddress2><![CDATA[STE 4200]]></StreetAddress2>
<CountryName>United States</CountryName>
<StateName>Virginia</StateName>
<StateCode>VA</StateCode>
<CONGRESSDISTRICT>09</CONGRESSDISTRICT>
<CONGRESS_DISTRICT_ORG>VA09</CONGRESS_DISTRICT_ORG>
<ORG_UEI_NUM>QDE5UHE5XD16</ORG_UEI_NUM>
<ORG_LGL_BUS_NAME>VIRGINIA POLYTECHNIC INSTITUTE &amp; STATE UNIVERSITY</ORG_LGL_BUS_NAME>
<ORG_PRNT_UEI_NUM>M515A1DKXAN8</ORG_PRNT_UEI_NUM>
</Institution>
<Performance_Institution>
<Name><![CDATA[Virginia Polytechnic Institute and State University]]></Name>
<CityName>Blacksburg</CityName>
<StateCode>VA</StateCode>
<ZipCode>240610001</ZipCode>
<StreetAddress><![CDATA[300 Turner St, NW, Ste 4200]]></StreetAddress>
<CountryCode>US</CountryCode>
<CountryName>United States</CountryName>
<StateName>Virginia</StateName>
<CountryFlag>1</CountryFlag>
<CONGRESSDISTRICT>09</CONGRESSDISTRICT>
<CONGRESS_DISTRICT_PERF>VA09</CONGRESS_DISTRICT_PERF>
</Performance_Institution>
<ProgramElement>
<Code>6881</Code>
<Text>Chem Thry, Mdls &amp; Cmptnl Mthds</Text>
</ProgramElement>
<ProgramReference>
<Code>7433</Code>
<Text>CyberInfra Frmwrk 21st (CIF21)</Text>
</ProgramReference>
<ProgramReference>
<Code>8084</Code>
<Text>CDS&amp;E</Text>
</ProgramReference>
<ProgramReference>
<Code>9216</Code>
<Text>ADVANCED SOFTWARE TECH &amp; ALGOR</Text>
</ProgramReference>
<ProgramReference>
<Code>9263</Code>
<Text>COMPUTATIONAL SCIENCE &amp; ENGING</Text>
</ProgramReference>
<Appropriation>
<Code>0118</Code>
<Name>NSF RESEARCH &amp; RELATED ACTIVIT</Name>
<APP_SYMB_ID>040100</APP_SYMB_ID>
</Appropriation>
<Fund>
<Code>01001819DB</Code>
<Name><![CDATA[NSF RESEARCH & RELATED ACTIVIT]]></Name>
<FUND_SYMB_ID>040100</FUND_SYMB_ID>
</Fund>
<FUND_OBLG>2018~450000</FUND_OBLG>
</Award>
</rootTag>
