<?xml version="1.0" encoding="UTF-8"?>
<rootTag>
<Award>
<AwardTitle><![CDATA[RUI: Characterizing Pyrolysis and Combustion Pathways for Asphaltene Model Compounds]]></AwardTitle>
<AGENCY>NSF</AGENCY>
<AwardEffectiveDate>08/01/2018</AwardEffectiveDate>
<AwardExpirationDate>07/31/2023</AwardExpirationDate>
<AwardTotalIntnAmount>310000.00</AwardTotalIntnAmount>
<AwardAmount>310000</AwardAmount>
<AwardInstrument>
<Value>Standard Grant</Value>
</AwardInstrument>
<Organization>
<Code>03090000</Code>
<Directorate>
<Abbreviation>MPS</Abbreviation>
<LongName>Direct For Mathematical &amp; Physical Scien</LongName>
</Directorate>
<Division>
<Abbreviation>CHE</Abbreviation>
<LongName>Division Of Chemistry</LongName>
</Division>
</Organization>
<ProgramOfficer>
<SignBlockName>Tingyu Li</SignBlockName>
<PO_EMAI>tli@nsf.gov</PO_EMAI>
<PO_PHON>7032924949</PO_PHON>
</ProgramOfficer>
<AbstractNarration><![CDATA[In this project, funded by the Chemical Structure, Dynamics &amp; Mechanism B Program of the Chemistry Division, Professor Carol Parish of the Chemistry Department at the University of Richmond is exploring the high temperature decomposition mechanisms of the molecules found in oil shale, an alternative fuel source.  The project lies at the interface of physical chemistry, organic chemistry, physics and computer science, and is well suited to the education of scientists at all levels. The Parish laboratory is particularly well-positioned to provide the highest level of education and training for students underrepresented in science. Undergraduate and post-baccalaureate students will learn to apply rigorous quantum chemical methods to the characterization of important energy-related chemical reactions. The results from these studies will provide fundamental information to support an energy-based economy and directly address important problems in the oil shale industry; namely, the underlying molecular mechanisms for high temperature decomposition and oxidation of the molecular constituents of oil shale and oil sands.&lt;br/&gt;&lt;br/&gt;More specifically, this project supports computational investigations of the high temperature decomposition and combustion pathways for molecules found in asphaltenes, as well as to characterize the polyradical intermediates that are produced. Asphaltenes represent an untapped source of hydrocarbon fuel in North America; however, information about the molecular nature of these deposits has only recently become available and very little is known about the reaction pathways, combustion efficiency and reactivity of these species.  In this project, single reference methods are being used to study reaction pathways for 1) combustion and pyrolysis of naphthalenic compounds, 2) electrocyclizations of electron-rich acetylenic moieties that may lead to asphaltene fused aromatic cores and 3) hydrogen transfer processes in octylbenzyne.  Multi-reference methods are being used to study 1) polyradical intermediates produced along those reaction pathways such as naphthalene and alkyl naphthalene radicals and the anthracene diradicals, 2) electron coupling and electronic excitation spectra for heteroaromatic diradicals that will aid in the experimental characterization of these species, 3) linear and divinylsulfane diradicals known to be produced in the pyrolysis of thiophene and 4) reactions involving tetraradicals and the role that through-bond coupling plays in radical electron interaction.&lt;br/&gt;&lt;br/&gt;This award reflects NSF's statutory mission and has been deemed worthy of support through evaluation using the Foundation's intellectual merit and broader impacts review criteria.]]></AbstractNarration>
<MinAmdLetterDate>07/24/2018</MinAmdLetterDate>
<MaxAmdLetterDate>07/24/2018</MaxAmdLetterDate>
<ARRAAmount/>
<TRAN_TYPE>Grant</TRAN_TYPE>
<CFDA_NUM>47.049</CFDA_NUM>
<NSF_PAR_USE_FLAG>1</NSF_PAR_USE_FLAG>
<FUND_AGCY_CODE>4900</FUND_AGCY_CODE>
<AWDG_AGCY_CODE>4900</AWDG_AGCY_CODE>
<AwardID>1800014</AwardID>
<Investigator>
<FirstName>Carol</FirstName>
<LastName>Parish</LastName>
<PI_MID_INIT>A</PI_MID_INIT>
<PI_SUFX_NAME/>
<PI_FULL_NAME>Carol A Parish</PI_FULL_NAME>
<EmailAddress><![CDATA[cparish@richmond.edu]]></EmailAddress>
<NSF_ID>000159116</NSF_ID>
<StartDate>07/24/2018</StartDate>
<EndDate/>
<RoleCode>Principal Investigator</RoleCode>
</Investigator>
<Institution>
<Name><![CDATA[University of Richmond]]></Name>
<CityName>RICHMOND</CityName>
<ZipCode>231730008</ZipCode>
<PhoneNumber>8042898100</PhoneNumber>
<StreetAddress><![CDATA[110 UR DR]]></StreetAddress>
<StreetAddress2/>
<CountryName>United States</CountryName>
<StateName>Virginia</StateName>
<StateCode>VA</StateCode>
<CONGRESSDISTRICT>07</CONGRESSDISTRICT>
<CONGRESS_DISTRICT_ORG>VA07</CONGRESS_DISTRICT_ORG>
<ORG_UEI_NUM>RL3YF9NM92A3</ORG_UEI_NUM>
<ORG_LGL_BUS_NAME>UNIVERSITY OF RICHMOND</ORG_LGL_BUS_NAME>
<ORG_PRNT_UEI_NUM>RL3YF9NM92A3</ORG_PRNT_UEI_NUM>
</Institution>
<Performance_Institution>
<Name><![CDATA[University of Richmond]]></Name>
<CityName>Richmond</CityName>
<StateCode>VA</StateCode>
<ZipCode>231730001</ZipCode>
<StreetAddress><![CDATA[Department of Chemistry]]></StreetAddress>
<CountryCode>US</CountryCode>
<CountryName>United States</CountryName>
<StateName>Virginia</StateName>
<CountryFlag>1</CountryFlag>
<CONGRESSDISTRICT>07</CONGRESSDISTRICT>
<CONGRESS_DISTRICT_PERF>VA07</CONGRESS_DISTRICT_PERF>
</Performance_Institution>
<ProgramElement>
<Code>9102</Code>
<Text>Chem Struct,Dynmcs&amp;Mechansms B</Text>
</ProgramElement>
<ProgramReference>
<Code>8396</Code>
<Text>Clean Energy Technology</Text>
</ProgramReference>
<ProgramReference>
<Code>8398</Code>
<Text>Hydrocarbon Conversion</Text>
</ProgramReference>
<ProgramReference>
<Code>9229</Code>
<Text>RES IN UNDERGRAD INST-RESEARCH</Text>
</ProgramReference>
<Appropriation>
<Code>0118</Code>
<Name>NSF RESEARCH &amp; RELATED ACTIVIT</Name>
<APP_SYMB_ID>040100</APP_SYMB_ID>
</Appropriation>
<Fund>
<Code>01001819DB</Code>
<Name><![CDATA[NSF RESEARCH & RELATED ACTIVIT]]></Name>
<FUND_SYMB_ID>040100</FUND_SYMB_ID>
</Fund>
<FUND_OBLG>2018~310000</FUND_OBLG>
<POR>
<DRECONTENT><![CDATA[<div class="porColContainerWBG"> <div class="porContentCol"><p class="paragraph">During the current funding cycle, more than 30 undergraduate students have received research training in my computational chemistry laboratory. Students from non-majority backgrounds participate in disproportionate numbers. Physical and computational science continue to be traditionally male-oriented fields and I am proud of the participation of women and people of color in our projects. The research training that occurs in my laboratory supports the development of a diverse, globally competitive STEM workforce, and the research benefits from the engagement of those with varied backgrounds and perspectives.</p> <p class="paragraph">&nbsp;</p> <p class="paragraph">Our research projects are diverse by design. &nbsp;We focus on understanding the molecular behavior of model compounds related to energy and human health. We use a variety of computational tools such as quantum mechanics, machine learning and molecular dynamics to generate and analyze large datasets. &nbsp;The results of our research advances understanding of COVID-19 and cancer, as well as the design of functional materials used in molecular magnets, solar cells, photovoltaics, sensors and alternative energy sources. Our projects enable meaningful student engagement in publishable work as early as their first year of college. The unifying theme in all of our work is the methodological, molecular-based approach we employ. The Parish lab is interdisciplinary &ndash; all projects employ the tools of mathematics and computer science to solve important problems in biology, chemistry and physics.</p> <p class="paragraph">&nbsp;</p> <p>Students gain hands-on experience in every stage of these data-related computational projects. Student credentialing comes in the form of co-authorship on peer-reviewed publications. In the last 21 years, the Parish lab has published 60 papers in high quality, peer-reviewed journals, summarizing the research of 147 undergraduate student coauthors. These students have been responsible for 323 presentations at regional, national and international chemistry meetings. 102 research students have graduated and 46 went on to pursue the Ph.D. at highly competitive graduate training programs at Berkeley, MIT, Chicago, Oxford, Cambridge, Princeton, Penn, Cornell, Columbia, etc. Twenty-four students have gone on to professional schools (M.D., J.D.) and 31 of my research alums directly entered the chemical or pharmaceutical workforce.</p> <p>&nbsp;</p><br> <p>            Last Modified: 09/01/2023<br>      Modified by: Carol&nbsp;A&nbsp;Parish</p> </div> <div class="porSideCol"></div> </div>]]></DRECONTENT>
<POR_COPY_TXT><![CDATA[During the current funding cycle, more than 30 undergraduate students have received research training in my computational chemistry laboratory. Students from non-majority backgrounds participate in disproportionate numbers. Physical and computational science continue to be traditionally male-oriented fields and I am proud of the participation of women and people of color in our projects. The research training that occurs in my laboratory supports the development of a diverse, globally competitive STEM workforce, and the research benefits from the engagement of those with varied backgrounds and perspectives.   Our research projects are diverse by design.  We focus on understanding the molecular behavior of model compounds related to energy and human health. We use a variety of computational tools such as quantum mechanics, machine learning and molecular dynamics to generate and analyze large datasets.  The results of our research advances understanding of COVID-19 and cancer, as well as the design of functional materials used in molecular magnets, solar cells, photovoltaics, sensors and alternative energy sources. Our projects enable meaningful student engagement in publishable work as early as their first year of college. The unifying theme in all of our work is the methodological, molecular-based approach we employ. The Parish lab is interdisciplinary &ndash; all projects employ the tools of mathematics and computer science to solve important problems in biology, chemistry and physics.    Students gain hands-on experience in every stage of these data-related computational projects. Student credentialing comes in the form of co-authorship on peer-reviewed publications. In the last 21 years, the Parish lab has published 60 papers in high quality, peer-reviewed journals, summarizing the research of 147 undergraduate student coauthors. These students have been responsible for 323 presentations at regional, national and international chemistry meetings. 102 research students have graduated and 46 went on to pursue the Ph.D. at highly competitive graduate training programs at Berkeley, MIT, Chicago, Oxford, Cambridge, Princeton, Penn, Cornell, Columbia, etc. Twenty-four students have gone on to professional schools (M.D., J.D.) and 31 of my research alums directly entered the chemical or pharmaceutical workforce.          Last Modified: 09/01/2023       Submitted by: Carol A Parish]]></POR_COPY_TXT>
</POR>
</Award>
</rootTag>
