<?xml version="1.0" encoding="UTF-8"?>
<rootTag>
<Award>
<AwardTitle><![CDATA[Understanding the restructuring of model metal catalysts in reactant gases]]></AwardTitle>
<AGENCY>NSF</AGENCY>
<AwardEffectiveDate>09/15/2018</AwardEffectiveDate>
<AwardExpirationDate>08/31/2021</AwardExpirationDate>
<AwardTotalIntnAmount>305084.00</AwardTotalIntnAmount>
<AwardAmount>305084</AwardAmount>
<AwardInstrument>
<Value>Standard Grant</Value>
</AwardInstrument>
<Organization>
<Code>03090000</Code>
<Directorate>
<Abbreviation>MPS</Abbreviation>
<LongName>Direct For Mathematical &amp; Physical Scien</LongName>
</Directorate>
<Division>
<Abbreviation>CHE</Abbreviation>
<LongName>Division Of Chemistry</LongName>
</Division>
</Organization>
<ProgramOfficer>
<SignBlockName>Kenneth Moloy</SignBlockName>
<PO_EMAI>kmoloy@nsf.gov</PO_EMAI>
<PO_PHON>7032928441</PO_PHON>
</ProgramOfficer>
<AbstractNarration><![CDATA[Transition metals play key roles as catalysts in applications ranging from chemical and energy production to environmental remediation. Ample evidence indicates that catalyst structures do not remain unchanged during use. Instead, substantial and important restructuring occurs due to rearrangement of the metal atoms to make new structures. This restructuring has major consequences on catalytic properties, sometimes beneficial and sometimes not. Currently, scientists do not understand how the restructuring occurs at the atomic scale or under conditions similar to those used during catalysis. With funding from the NSF Chemical Catalysis Program, this research is providing a fundamental understanding of this chemistry under relevant gas pressures and reaction temperatures. It is being performed with a combination of cutting edge experiments by Dr. Franklin Tao from University of Kansas and computational modeling by Dr. Philippe Sautet from University of California Los Angeles. Drs. Tao and Sautet are incorporating this theoretical modeling and experimental work into the education and training of high school, undergraduate, and graduate students. Summer research internships for public high school students in their laboratories are also being provided.&lt;br/&gt; &lt;br/&gt;With funding from the Chemical Catalysis Program of the Division of Chemistry, Dr. Tao of the University of Kansas and Dr. Sautet from UCLA are combining advanced in situ/operando characterization and first principle based modelling to develop a fundamental understanding of the metal catalyst restructuring process. The research compares several metals (Pt, Pd, Ni, Co, Cu) under a pressure of carbon monoxide and other reactants. The experimental methods include high pressure scanning tunneling microscopy (HP-STM) and operando Ambient Pressure X-ray Photoelectron Spectroscopy. These surface-sensitive surface techniques allow for uncovering surface chemistry and structure of metals under a pressure of gas and provide an initial global view of the mechanism and determine global kinetic rates. Theoretical modelling brings an understanding of the atomistic elementary steps and of their energies. It also provides kinetic results that are compared with experimental measurement, hence validating the approach. Since large systems are required for the calculation, energies are obtained by using an accurate high dimensional neural network potential, previously trained from a density functional theory database. The influence of restructuring on catalytic reaction is being explored with the example of the water-gas shift reaction on Pt and Cu surfaces. Drs. Tao and Sautet are developing an outreach program focused on introducing high-school students to model catalysis research and on undergraduate student training.&lt;br/&gt;&lt;br/&gt;This award reflects NSF's statutory mission and has been deemed worthy of support through evaluation using the Foundation's intellectual merit and broader impacts review criteria.]]></AbstractNarration>
<MinAmdLetterDate>06/28/2018</MinAmdLetterDate>
<MaxAmdLetterDate>06/28/2018</MaxAmdLetterDate>
<ARRAAmount/>
<TRAN_TYPE>Grant</TRAN_TYPE>
<CFDA_NUM>47.049</CFDA_NUM>
<NSF_PAR_USE_FLAG>1</NSF_PAR_USE_FLAG>
<FUND_AGCY_CODE>4900</FUND_AGCY_CODE>
<AWDG_AGCY_CODE>4900</AWDG_AGCY_CODE>
<AwardID>1800577</AwardID>
<Investigator>
<FirstName>Franklin</FirstName>
<LastName>Tao</LastName>
<PI_MID_INIT/>
<PI_SUFX_NAME/>
<PI_FULL_NAME>Franklin Tao</PI_FULL_NAME>
<EmailAddress><![CDATA[franklin.feng.tao@ku.edu]]></EmailAddress>
<NSF_ID>000574112</NSF_ID>
<StartDate>06/28/2018</StartDate>
<EndDate/>
<RoleCode>Principal Investigator</RoleCode>
</Investigator>
<Institution>
<Name><![CDATA[University of Kansas Center for Research Inc]]></Name>
<CityName>LAWRENCE</CityName>
<ZipCode>660457552</ZipCode>
<PhoneNumber>7858643441</PhoneNumber>
<StreetAddress><![CDATA[2385 IRVING HILL RD]]></StreetAddress>
<StreetAddress2/>
<CountryName>United States</CountryName>
<StateName>Kansas</StateName>
<StateCode>KS</StateCode>
<CONGRESSDISTRICT>01</CONGRESSDISTRICT>
<CONGRESS_DISTRICT_ORG>KS01</CONGRESS_DISTRICT_ORG>
<ORG_UEI_NUM>SSUJB3GSH8A5</ORG_UEI_NUM>
<ORG_LGL_BUS_NAME>UNIVERSITY OF KANSAS CENTER FOR RESEARCH INC</ORG_LGL_BUS_NAME>
<ORG_PRNT_UEI_NUM/>
</Institution>
<Performance_Institution>
<Name><![CDATA[University of Kansas Center for Research Inc]]></Name>
<CityName>Lawrence</CityName>
<StateCode>KS</StateCode>
<ZipCode>660457568</ZipCode>
<StreetAddress><![CDATA[2385 Irving Hill Rd.]]></StreetAddress>
<CountryCode>US</CountryCode>
<CountryName>United States</CountryName>
<StateName>Kansas</StateName>
<CountryFlag>1</CountryFlag>
<CONGRESSDISTRICT>01</CONGRESSDISTRICT>
<CONGRESS_DISTRICT_PERF>KS01</CONGRESS_DISTRICT_PERF>
</Performance_Institution>
<ProgramElement>
<Code>6884</Code>
<Text>Chemical Catalysis</Text>
</ProgramElement>
<ProgramReference>
<Code>8037</Code>
<Text>Advanced Manufacturing</Text>
</ProgramReference>
<ProgramReference>
<Code>9150</Code>
<Text>EXP PROG TO STIM COMP RES</Text>
</ProgramReference>
<ProgramReference>
<Code>9263</Code>
<Text>COMPUTATIONAL SCIENCE &amp; ENGING</Text>
</ProgramReference>
<Appropriation>
<Code>0118</Code>
<Name>NSF RESEARCH &amp; RELATED ACTIVIT</Name>
<APP_SYMB_ID>040100</APP_SYMB_ID>
</Appropriation>
<Fund>
<Code>01001819DB</Code>
<Name><![CDATA[NSF RESEARCH & RELATED ACTIVIT]]></Name>
<FUND_SYMB_ID>040100</FUND_SYMB_ID>
</Fund>
<FUND_OBLG>2018~305084</FUND_OBLG>
</Award>
</rootTag>
