<?xml version="1.0" encoding="UTF-8"?>
<rootTag>
<Award>
<AwardTitle><![CDATA[CDS&amp;E: Collaborative Research: Machine Learning on Dynamical Systems via Topological Features]]></AwardTitle>
<AGENCY>NSF</AGENCY>
<AwardEffectiveDate>08/16/2017</AwardEffectiveDate>
<AwardExpirationDate>08/31/2019</AwardExpirationDate>
<AwardTotalIntnAmount>101672.00</AwardTotalIntnAmount>
<AwardAmount>101672</AwardAmount>
<AwardInstrument>
<Value>Standard Grant</Value>
</AwardInstrument>
<Organization>
<Code>03040000</Code>
<Directorate>
<Abbreviation>MPS</Abbreviation>
<LongName>Direct For Mathematical &amp; Physical Scien</LongName>
</Directorate>
<Division>
<Abbreviation>DMS</Abbreviation>
<LongName>Division Of Mathematical Sciences</LongName>
</Division>
</Organization>
<ProgramOfficer>
<SignBlockName>Christopher Stark</SignBlockName>
<PO_EMAI>cstark@nsf.gov</PO_EMAI>
<PO_PHON>7032924869</PO_PHON>
</ProgramOfficer>
<AbstractNarration><![CDATA[Objects whose state changes over time, known as dynamical systems, describe a large number of natural and engineered processes; therefore, developing a deeper understanding of their behavior is of great importance.  While sometimes it is possible to derive mathematical models that describe the evolution of a dynamical system, these models are almost always an abstraction of the physical system and, therefore, have a limited ability to predict how the system will change in time.  Further, when the system under investigation is large or too complicated with several factors influencing its behavior, it may simply be impossible to describe the system with the corresponding descriptive equations.  Consequently, in the absence of adequate analytical models it becomes necessary to instrument the dynamical system with sensors and use the resulting data to understand its characteristics.  Specifically, the change in the state of a dynamic system is often governed by an underlying skeleton that gives the overall behavior a shape, and thus the shape of the skeleton directly governs the system behavior.  Most of the time, this shape of the underlying skeleton is unknown and can be easily masked by the complicated and rich system signals.  The emergent field of topological data analysis (TDA), a branch of mathematics that quantifies the shape of data, is capable of revealing information that is invisible to other existing methods by providing a high level X-ray of the skeleton governing the dynamics.  However, the information-rich structures provided by TDA still need to be interpreted in order to classify the dynamics and predict future outcomes.  To accomplish this, the principal investigators will leverage ideas from machine learning, a field of study that investigates algorithms that can learn from the data and use the acquired knowledge for classification and prediction.  However, the mathematical theory that elucidates how machine learning can operate on the features extracted using TDA currently does not exist.  Hence, this work will develop the necessary, novel mathematical and computational tools at the intersection of topological data analysis (TDA), dynamical systems, and machine learning.&lt;br/&gt;&lt;br/&gt;The principal investigators seek to understand and formulate the foundations of machine learning when the important features of a dynamical system are summarized by descriptors generated with topological data analysis (TDA).  Although these signatures provide an information-rich structure for the evolution of the dynamics, current literature has only been utilizing a fraction of the available information in order to identify, predict, and classify different dynamic behavior.  One of the current impediments to further exploring the relationship between TDA and dynamical systems is the lack of machine learning theory that can operate on these structures. Therefore, the success of our effort will lead to (1) the establishment of a novel, general, and robust machine learning framework for studying dynamic signals via topological signatures, (2) better understanding of the relationship between TDA and dynamical systems via the use of these methods on real and synthetic data, and (3) the integration of the new knowledge into the investigators' educational programs, which will provide timely training of well-equipped next generation scientists and engineers.]]></AbstractNarration>
<MinAmdLetterDate>11/15/2017</MinAmdLetterDate>
<MaxAmdLetterDate>11/15/2017</MaxAmdLetterDate>
<ARRAAmount/>
<TRAN_TYPE>Grant</TRAN_TYPE>
<CFDA_NUM>47.049</CFDA_NUM>
<NSF_PAR_USE_FLAG>0</NSF_PAR_USE_FLAG>
<FUND_AGCY_CODE>4900</FUND_AGCY_CODE>
<AWDG_AGCY_CODE>4900</AWDG_AGCY_CODE>
<AwardID>1800446</AwardID>
<Investigator>
<FirstName>Elizabeth</FirstName>
<LastName>Munch</LastName>
<PI_MID_INIT>A</PI_MID_INIT>
<PI_SUFX_NAME/>
<PI_FULL_NAME>Elizabeth A Munch</PI_FULL_NAME>
<EmailAddress><![CDATA[muncheli@msu.edu]]></EmailAddress>
<NSF_ID>000659416</NSF_ID>
<StartDate>11/15/2017</StartDate>
<EndDate/>
<RoleCode>Principal Investigator</RoleCode>
</Investigator>
<Institution>
<Name><![CDATA[Michigan State University]]></Name>
<CityName>EAST LANSING</CityName>
<ZipCode>488242600</ZipCode>
<PhoneNumber>5173555040</PhoneNumber>
<StreetAddress><![CDATA[426 AUDITORIUM RD RM 2]]></StreetAddress>
<StreetAddress2/>
<CountryName>United States</CountryName>
<StateName>Michigan</StateName>
<StateCode>MI</StateCode>
<CONGRESSDISTRICT>07</CONGRESSDISTRICT>
<CONGRESS_DISTRICT_ORG>MI07</CONGRESS_DISTRICT_ORG>
<ORG_UEI_NUM>R28EKN92ZTZ9</ORG_UEI_NUM>
<ORG_LGL_BUS_NAME>MICHIGAN STATE UNIVERSITY</ORG_LGL_BUS_NAME>
<ORG_PRNT_UEI_NUM>VJKZC4D1JN36</ORG_PRNT_UEI_NUM>
</Institution>
<Performance_Institution>
<Name><![CDATA[Michigan State University]]></Name>
<CityName/>
<StateCode>MI</StateCode>
<ZipCode>488242600</ZipCode>
<StreetAddress/>
<CountryCode>US</CountryCode>
<CountryName>United States</CountryName>
<StateName>Michigan</StateName>
<CountryFlag>1</CountryFlag>
<CONGRESSDISTRICT>07</CONGRESSDISTRICT>
<CONGRESS_DISTRICT_PERF>MI07</CONGRESS_DISTRICT_PERF>
</Performance_Institution>
<ProgramElement>
<Code>8069</Code>
<Text>CDS&amp;E-MSS</Text>
</ProgramElement>
<ProgramReference>
<Code>8083</Code>
<Text>Big Data Science &amp;Engineering</Text>
</ProgramReference>
<ProgramReference>
<Code>9263</Code>
<Text>COMPUTATIONAL SCIENCE &amp; ENGING</Text>
</ProgramReference>
<Appropriation>
<Code>0116</Code>
<Name>NSF RESEARCH &amp; RELATED ACTIVIT</Name>
<APP_SYMB_ID>040100</APP_SYMB_ID>
</Appropriation>
<Fund>
<Code>01001617DB</Code>
<Name><![CDATA[NSF RESEARCH & RELATED ACTIVIT]]></Name>
<FUND_SYMB_ID>040100</FUND_SYMB_ID>
</Fund>
<FUND_OBLG>2016~101672</FUND_OBLG>
<POR>
<DRECONTENT><![CDATA[<div class="porColContainerWBG"> <div class="porContentCol"><p>Objects whose state changes over time, known as dynamical systems, describe a large number of natural and engineered processes; therefore, developing a deeper understanding of their behavior is of great importance. The emergent field of topological data analysis (TDA), a branch of mathematics that quantifies the shape of data, is capable of revealing information that is invisible to other existing methods by providing a high level summary of the structures governing a dynamical system in a way which is quantifiable and robust to noise. As the field of TDA continues to show success in theory and in applications, there has been increasing interest in using tools from this field with methods for machine learning. Using persistent homology, specifically persistence diagrams, as inputs to machine learning techniques requires some mathematical creativity. The space of persistence diagrams does not have the desirable properties for machine learning, thus methods such as kernel methods and vectorization methods have been developed.<br /><br />This project has created and investigated a new method for featurization of persistence diagrams using continuous, compactly supported functions, referred to as "template functions," which results in a stable vector representation of the persistence diagram. The results of this new framework have been applied to synthetic data sets from standard dynamical systems, as well as to synthetic and real data sets from applications arising in mechanical engineering for understanding chatter in machining processes.<br /><br />The results of the project have broadened the scope of applications for which TDA can be used for the analysis of data in general, and dynamical systems in particular. As part of this project, all code generated has been made part of a open source python package called Teaspoon, allowing for increased ease of use of tools from TDA by domain scientists. The project has provided research and training opportunities for graduate students who have deepened their understanding of the relevant TDA tools, as well as in being members of the broader mathematical research community.</p><br> <p>            Last Modified: 12/17/2019<br>      Modified by: Elizabeth&nbsp;A&nbsp;Munch</p> </div> <div class="porSideCol"></div> </div>]]></DRECONTENT>
<POR_COPY_TXT><![CDATA[ Objects whose state changes over time, known as dynamical systems, describe a large number of natural and engineered processes; therefore, developing a deeper understanding of their behavior is of great importance. The emergent field of topological data analysis (TDA), a branch of mathematics that quantifies the shape of data, is capable of revealing information that is invisible to other existing methods by providing a high level summary of the structures governing a dynamical system in a way which is quantifiable and robust to noise. As the field of TDA continues to show success in theory and in applications, there has been increasing interest in using tools from this field with methods for machine learning. Using persistent homology, specifically persistence diagrams, as inputs to machine learning techniques requires some mathematical creativity. The space of persistence diagrams does not have the desirable properties for machine learning, thus methods such as kernel methods and vectorization methods have been developed.  This project has created and investigated a new method for featurization of persistence diagrams using continuous, compactly supported functions, referred to as "template functions," which results in a stable vector representation of the persistence diagram. The results of this new framework have been applied to synthetic data sets from standard dynamical systems, as well as to synthetic and real data sets from applications arising in mechanical engineering for understanding chatter in machining processes.  The results of the project have broadened the scope of applications for which TDA can be used for the analysis of data in general, and dynamical systems in particular. As part of this project, all code generated has been made part of a open source python package called Teaspoon, allowing for increased ease of use of tools from TDA by domain scientists. The project has provided research and training opportunities for graduate students who have deepened their understanding of the relevant TDA tools, as well as in being members of the broader mathematical research community.       Last Modified: 12/17/2019       Submitted by: Elizabeth A Munch]]></POR_COPY_TXT>
</POR>
</Award>
</rootTag>
