<?xml version="1.0" encoding="UTF-8"?>
<rootTag>
<Award>
<AwardTitle><![CDATA[RAPID: Collaborative Research: Storm Surge Deposition on Salt Marshes: Impacts of Hurricane Irma from Florida to South Carolina]]></AwardTitle>
<AGENCY>NSF</AGENCY>
<AwardEffectiveDate>11/15/2017</AwardEffectiveDate>
<AwardExpirationDate>04/30/2018</AwardExpirationDate>
<AwardTotalIntnAmount>13733.00</AwardTotalIntnAmount>
<AwardAmount>13733</AwardAmount>
<AwardInstrument>
<Value>Standard Grant</Value>
</AwardInstrument>
<Organization>
<Code>06030000</Code>
<Directorate>
<Abbreviation>GEO</Abbreviation>
<LongName>Directorate For Geosciences</LongName>
</Directorate>
<Division>
<Abbreviation>EAR</Abbreviation>
<LongName>Division Of Earth Sciences</LongName>
</Division>
</Organization>
<ProgramOfficer>
<SignBlockName>Marguerite Toscano</SignBlockName>
<PO_EMAI/>
<PO_PHON/>
</ProgramOfficer>
<AbstractNarration><![CDATA[Scientists continue to weigh the net impact of hurricanes on wetlands. These events may be considered beneficial because of net sedimentation that occurs during surge inundation, or detrimental due to erosion of the marsh edge and surface excavation by storm waves. This study will exploit the new sedimentologic record left by Hurricane Irma to examine these paradigms in the salt marshes of the South Atlantic Bight. Sites range from Florida to South Carolina along a latitudinal gradient of increasing spring tidal range (1.7-2.4 m), backbarrier marsh width (5?7 km), and flow-weighted average suspended sediment concentrations in nearby rivers (13?27 mg/l). They exhibit variations in physical characteristics, proximity to fluvial source, and sediment availability that will help constrain the relative role of these factors in contributing sediment to marshes during storms. Understanding marsh sedimentation is of interest to all stewards of low-lying vegetated coastal zones. Quantifying how coastal wetlands accrete in response to relative sea-level rise, and the contributions that storms may play, is paramount to modeling future wetland evolution and long-term resilience to storm impacts. This study has broad societal implications given the recognized importance of the ecosystem services provided by salt marshes, including reducing storm surge height and related socioeconomic costs, and providing nurseries for fish stocks. &lt;br/&gt;&lt;br/&gt;While Hurricane Irma tracked over the west coast of Florida, the wind patterns and size of the storm created strong onshore winds along the southeast coast, producing a large storm&lt;br/&gt;surge up into South Carolina. Tide gauge data indicate that marshes from northern FL to central SC were flooded to a depth of 1 m, and remained so for ~7 to &gt; 17 hrs. Associated storm surge deposits are likely to be significant; their source may be local (marshes or lagoon floor) or from the inner shelf. The project will investigate the nature (lateral extent, thickness, and provenance) of Irma storm deposits (compared to ?background? sedimentation) through the analysis of (1) shallow trenches (~20 cm); (2) surface samples (of identified Irma deposits); and (3) double short cores (each 50-cm long, 8 cm in diameter) collected along two transects at each site from the backbarrier to mainland (5?6 cores/transect; ~45 sampling stations total). We will also map new erosional features, wrack lines, and vegetation damage or burial, related to Irma. Two cores from each transect containing a clear, representative Irma deposit will be sampled for short-lived radioisotope (210Pb, 137Cs) to provide multi-decadal accretion rates for comparison with event-sedimentation thicknesses. Surface (Irma) deposits and ?background? samples from depth in the two accretion cores, will also be used to examine event-sediment provenance signatures through analysis of bulk biogeochemical characteristics (%TOC, C:N, ä13CTOC, ä15NTN), and assemblages of diatoms and organic biomarkers adsorbed to/co-deposited with these sediments to determine source differences (marine, marsh/lagoon, fluvial) between storm and non-storm periods.&lt;br/&gt;]]></AbstractNarration>
<MinAmdLetterDate>11/07/2017</MinAmdLetterDate>
<MaxAmdLetterDate>11/07/2017</MaxAmdLetterDate>
<ARRAAmount/>
<TRAN_TYPE>Grant</TRAN_TYPE>
<CFDA_NUM>47.050</CFDA_NUM>
<NSF_PAR_USE_FLAG>1</NSF_PAR_USE_FLAG>
<FUND_AGCY_CODE>4900</FUND_AGCY_CODE>
<AWDG_AGCY_CODE>4900</AWDG_AGCY_CODE>
<AwardID>1800810</AwardID>
<Investigator>
<FirstName>Duncan</FirstName>
<LastName>FitzGerald</LastName>
<PI_MID_INIT>M</PI_MID_INIT>
<PI_SUFX_NAME/>
<PI_FULL_NAME>Duncan M FitzGerald</PI_FULL_NAME>
<EmailAddress><![CDATA[dunc@bu.edu]]></EmailAddress>
<NSF_ID>000088348</NSF_ID>
<StartDate>11/07/2017</StartDate>
<EndDate/>
<RoleCode>Principal Investigator</RoleCode>
</Investigator>
<Investigator>
<FirstName>Zoe</FirstName>
<LastName>Hughes</LastName>
<PI_MID_INIT/>
<PI_SUFX_NAME/>
<PI_FULL_NAME>Zoe Hughes</PI_FULL_NAME>
<EmailAddress><![CDATA[zjhughes@uh.edu]]></EmailAddress>
<NSF_ID>000674358</NSF_ID>
<StartDate>11/07/2017</StartDate>
<EndDate/>
<RoleCode>Co-Principal Investigator</RoleCode>
</Investigator>
<Institution>
<Name>Trustees of Boston University</Name>
<CityName>BOSTON</CityName>
<ZipCode>022151703</ZipCode>
<PhoneNumber>6173534365</PhoneNumber>
<StreetAddress>1 SILBER WAY</StreetAddress>
<StreetAddress2/>
<CountryName>United States</CountryName>
<StateName>Massachusetts</StateName>
<StateCode>MA</StateCode>
<CONGRESSDISTRICT>07</CONGRESSDISTRICT>
<CONGRESS_DISTRICT_ORG>MA07</CONGRESS_DISTRICT_ORG>
<ORG_UEI_NUM>THL6A6JLE1S7</ORG_UEI_NUM>
<ORG_LGL_BUS_NAME>TRUSTEES OF BOSTON UNIVERSITY</ORG_LGL_BUS_NAME>
<ORG_PRNT_UEI_NUM/>
</Institution>
<Performance_Institution>
<Name><![CDATA[Trustees of Boston University]]></Name>
<CityName>BOSTON</CityName>
<StateCode>MA</StateCode>
<ZipCode>022151300</ZipCode>
<StreetAddress><![CDATA[675 Commomwealth Ave]]></StreetAddress>
<CountryCode>US</CountryCode>
<CountryName>United States</CountryName>
<StateName>Massachusetts</StateName>
<CountryFlag>1</CountryFlag>
<CONGRESSDISTRICT>07</CONGRESSDISTRICT>
<CONGRESS_DISTRICT_PERF>MA07</CONGRESS_DISTRICT_PERF>
</Performance_Institution>
<ProgramElement>
<Code>074Y</Code>
<Text>Hurricane Irma 2017</Text>
</ProgramElement>
<ProgramReference>
<Code>7914</Code>
<Text>RAPID</Text>
</ProgramReference>
<Appropriation>
<Code>0118</Code>
<Name>NSF RESEARCH &amp; RELATED ACTIVIT</Name>
<APP_SYMB_ID>040100</APP_SYMB_ID>
</Appropriation>
<Fund>
<Code>01001819DB</Code>
<Name><![CDATA[NSF RESEARCH & RELATED ACTIVIT]]></Name>
<FUND_SYMB_ID>040100</FUND_SYMB_ID>
</Fund>
<FUND_OBLG>2018~13733</FUND_OBLG>
<POR>
<DRECONTENT><![CDATA[<div class="porColContainerWBG"> <div class="porContentCol"><p>In the Fall of 2017, following Hurricane Irma, we were able to survey marshes ranging from northern Florida to central South Carolina to look for evidence of sediment deposits caused by the storm. The net impact of hurricanes on wetlands is still a topic of debate; they may be beneficial because of sediment deposition during storm surge inundation, or detrimental due to erosion of the marsh edge and surface excavation by storm waves. Hurricane Irma created strong onshore winds along the southeast coast of the US, producing a large storm surge from Florida to South Carolina. We used our funding collect samples across the region impacted by this storm surge by visiting backbarrier marshes at four sites: Amelia Island, FL; Sapelo Island, GA; Hilton Head Island, SC; Cape Romain, SC. These sites were selected based on their varying physical settings and conditions during Irma; for example, each experienced different maximum sustained wind speeds and storm surge heights and lengths. At each site we used shallow trenches (~20 cm) to identify any surface layer associated with the storm, collected surface samples (of mud deposits identified as originating from Hurricane Irma); and took double short cores (each 50-cm long, 8 cm in diameter) for later geotechnical analysis. The samples were collected along two transects at geographic location, from the backbarrier to mainland (4-5 cores per transect) (Figure 1). At two of the sampling locations on each transect, we also took a large (20 cm diameter, 70 cm depth) core for isotopic analyses to provide estimates of long-term accretion rates. We made note of any new erosional features, wrack lines, and vegetation damage related to Irma, although we found little evidence of erosional damage at any of the backbarrier sites. Full analysis of the cores will be undertaken once further funding is secured. However, we determined that a visible storm deposit was detectable at all sites. These were commonly 2-5-cm thick and characterized by oxidized, laminated, organic-poor (lack of rootlets), low-density (&ldquo;fluffy&rdquo;) mud. The Irma-associated deposits typically have bulk density values of 0.4-0.8 g/cm<sup>3</sup> and loss-on-ignition (LOI) values of 15-25%. These are approximately double and half, respectively, of those from the peat units immediately below the storm deposit (the &ldquo;background&rdquo; marsh sedimentation). A general-interest scientific paper detailing these results is presently in preparation.</p><br> <p>            Last Modified: 07/31/2018<br>      Modified by: Duncan&nbsp;M&nbsp;Fitzgerald</p> </div> <div class="porSideCol"> <div class="each-gallery"> <div class="galContent" id="gallery0"> <div class="photoCount" id="photoCount0">          Images (<span id="selectedPhoto0">1</span> of <span class="totalNumber"></span>)           </div> <div class="galControls" id="controls0"></div> <div class="galSlideshow" id="slideshow0"></div> <div class="galEmbox" id="embox"> <div class="image-title"></div> </div> </div> <div class="galNavigation" id="navigation0"> <ul class="thumbs" id="thumbs0"> <li> <a href="/por/images/Reports/POR/2018/1800810/1800810_10524201_1533087475770_StudySites-01--rgov-214x142.jpg" original="/por/images/Reports/POR/2018/1800810/1800810_10524201_1533087475770_StudySites-01--rgov-800width.jpg" title="Study Sites"><img src="/por/images/Reports/POR/2018/1800810/1800810_10524201_1533087475770_StudySites-01--rgov-66x44.jpg" alt="Study Sites"></a> <div class="imageCaptionContainer"> <div class="imageCaption">Study sites in Florida, Georgia and South Carolina, showing the transects, and sample types collected</div> <div class="imageCredit">Chris Hein</div> <div class="imagePermisssions">Copyright owner is an institution with an existing agreement allowing use by NSF</div> <div class="imageSubmitted">Duncan&nbsp;M&nbsp;Fitzgerald</div> <div class="imageTitle">Study Sites</div> </div> </li> <li> <a href="/por/images/Reports/POR/2018/1800810/1800810_10524201_1533087565903_Figure4(IrmaSedimentExample)--rgov-214x142.jpg" original="/por/images/Reports/POR/2018/1800810/1800810_10524201_1533087565903_Figure4(IrmaSedimentExample)--rgov-800width.jpg" title="Example core"><img src="/por/images/Reports/POR/2018/1800810/1800810_10524201_1533087565903_Figure4(IrmaSedimentExample)--rgov-66x44.jpg" alt="Example core"></a> <div class="imageCaptionContainer"> <div class="imageCaption">Example of a short core where the Irma deposit is clearly seen taken at Amelia Island site in Fall 2017.</div> <div class="imageCredit">Duncan FitzGerald</div> <div class="imagePermisssions">Copyright owner is an institution with an existing agreement allowing use by NSF</div> <div class="imageSubmitted">Duncan&nbsp;M&nbsp;Fitzgerald</div> <div class="imageTitle">Example core</div> </div> </li> <li> <a href="/por/images/Reports/POR/2018/1800810/1800810_10524201_1533087761835_SampleIrmaDataFigureJuly2018--rgov-214x142.jpg" original="/por/images/Reports/POR/2018/1800810/1800810_10524201_1533087761835_SampleIrmaDataFigureJuly2018--rgov-800width.jpg" title="Example geotechnical results"><img src="/por/images/Reports/POR/2018/1800810/1800810_10524201_1533087761835_SampleIrmaDataFigureJuly2018--rgov-66x44.jpg" alt="Example geotechnical results"></a> <div class="imageCaptionContainer"> <div class="imageCaption">Down-core loss-on-ignition and bulk density from cores collected from the marshes behind each Amelia Island, FL and Sapelo Island, GA. Note inorganic-rich deposits (~5 cm thick) left by Hurricane Irma in each, characterized by higher bulk density, lower organic content and more oxidized sediments.</div> <div class="imageCredit">Chris Hein</div> <div class="imagePermisssions">Copyright owner is an institution with an existing agreement allowing use by NSF</div> <div class="imageSubmitted">Duncan&nbsp;M&nbsp;Fitzgerald</div> <div class="imageTitle">Example geotechnical results</div> </div> </li> </ul> </div> </div> </div> </div>]]></DRECONTENT>
<POR_COPY_TXT><![CDATA[ In the Fall of 2017, following Hurricane Irma, we were able to survey marshes ranging from northern Florida to central South Carolina to look for evidence of sediment deposits caused by the storm. The net impact of hurricanes on wetlands is still a topic of debate; they may be beneficial because of sediment deposition during storm surge inundation, or detrimental due to erosion of the marsh edge and surface excavation by storm waves. Hurricane Irma created strong onshore winds along the southeast coast of the US, producing a large storm surge from Florida to South Carolina. We used our funding collect samples across the region impacted by this storm surge by visiting backbarrier marshes at four sites: Amelia Island, FL; Sapelo Island, GA; Hilton Head Island, SC; Cape Romain, SC. These sites were selected based on their varying physical settings and conditions during Irma; for example, each experienced different maximum sustained wind speeds and storm surge heights and lengths. At each site we used shallow trenches (~20 cm) to identify any surface layer associated with the storm, collected surface samples (of mud deposits identified as originating from Hurricane Irma); and took double short cores (each 50-cm long, 8 cm in diameter) for later geotechnical analysis. The samples were collected along two transects at geographic location, from the backbarrier to mainland (4-5 cores per transect) (Figure 1). At two of the sampling locations on each transect, we also took a large (20 cm diameter, 70 cm depth) core for isotopic analyses to provide estimates of long-term accretion rates. We made note of any new erosional features, wrack lines, and vegetation damage related to Irma, although we found little evidence of erosional damage at any of the backbarrier sites. Full analysis of the cores will be undertaken once further funding is secured. However, we determined that a visible storm deposit was detectable at all sites. These were commonly 2-5-cm thick and characterized by oxidized, laminated, organic-poor (lack of rootlets), low-density ("fluffy") mud. The Irma-associated deposits typically have bulk density values of 0.4-0.8 g/cm3 and loss-on-ignition (LOI) values of 15-25%. These are approximately double and half, respectively, of those from the peat units immediately below the storm deposit (the "background" marsh sedimentation). A general-interest scientific paper detailing these results is presently in preparation.       Last Modified: 07/31/2018       Submitted by: Duncan M Fitzgerald]]></POR_COPY_TXT>
</POR>
</Award>
</rootTag>
