<?xml version="1.0" encoding="UTF-8"?>
<rootTag>
<Award>
<AwardTitle><![CDATA[Collaborative Research: Mid-Atlantic Seminar On Numbers (MASON)]]></AwardTitle>
<AGENCY>NSF</AGENCY>
<AwardEffectiveDate>01/15/2018</AwardEffectiveDate>
<AwardExpirationDate>12/31/2020</AwardExpirationDate>
<AwardTotalIntnAmount>6000.00</AwardTotalIntnAmount>
<AwardAmount>6000</AwardAmount>
<AwardInstrument>
<Value>Standard Grant</Value>
</AwardInstrument>
<Organization>
<Code>03040000</Code>
<Directorate>
<Abbreviation>MPS</Abbreviation>
<LongName>Direct For Mathematical &amp; Physical Scien</LongName>
</Directorate>
<Division>
<Abbreviation>DMS</Abbreviation>
<LongName>Division Of Mathematical Sciences</LongName>
</Division>
</Organization>
<ProgramOfficer>
<SignBlockName>Andrew Pollington</SignBlockName>
<PO_EMAI>adpollin@nsf.gov</PO_EMAI>
<PO_PHON>7032924878</PO_PHON>
</ProgramOfficer>
<AbstractNarration><![CDATA[This award provides funding for the Mid-Atlantic Seminar On Numbers (MASON) for three years. MASON is a nascent regional conference in number theory whose main goal is to promote and sustain communication and collaboration among number theorists from the Mid-Atlantic region (defined to include the states of Delaware, Maryland, New Jersey, Pennsylvania, Virginia, and West Virginia, plus the District of Columbia). The Mid-Atlantic has a growing and diverse community of number theorists. The need for a regular meeting like MASON is especially acute among students (both graduate and advanced undergraduates) and researchers at the many comprehensive and primarily undergraduate institutions in the region. MASON conferences will bring members of these groups in contact with one another and with distinguished number theorists. Thus, the meetings will be an important venue for professional development and networking for Ph.D. candidates, junior mathematicians and faculty at primarily undergraduate institutions. Moreover, MASON meetings will provide opportunities for the recruitment of students into graduate programs and for contacts between academic and non-academic mathematicians with interests in number theory. The award will be used primarily to support the traveling expenses of students, postdocs, and faculty without institutional travel support to the next three MASON conferences: MASON II in April of 2018 at Towson University; MASON III in the spring of 2019 at James Madison University; and MASON IV in 2020 at Gettysburg College. &lt;br/&gt;&lt;br/&gt;MASON meetings will feature plenary lectures by leading experts in number theory and parallel sessions of contributed talks by participants. Each MASON meeting will feature also a problem session. The scientific focus of the conference will be on the following areas within number theory: algebraic number theory, analytic number theory, arithmetic geometry, automorphic forms and L-functions, elementary and combinatorial number theory, modular forms, and the theory of partitions. The plenary lectures will introduce the audience to recent breakthroughs in these areas, which represent--in broad strokes--the spectrum of interests of researchers in the region. In the contributed talks, participants will have the opportunity to report on their own research and to learn from each other. MASON meetings will also be venues to forge future research collaborations, both among number theorists and between number theorists and research mathematicians in related mathematical fields. &lt;br/&gt;&lt;br/&gt;More information about MASON can be found at the main MASON website: &lt;br/&gt;https://wp.towson.edu/akumchev/mason/.]]></AbstractNarration>
<MinAmdLetterDate>01/09/2018</MinAmdLetterDate>
<MaxAmdLetterDate>01/09/2018</MaxAmdLetterDate>
<ARRAAmount/>
<TRAN_TYPE>Grant</TRAN_TYPE>
<CFDA_NUM>47.049</CFDA_NUM>
<NSF_PAR_USE_FLAG>1</NSF_PAR_USE_FLAG>
<FUND_AGCY_CODE>4900</FUND_AGCY_CODE>
<AWDG_AGCY_CODE>4900</AWDG_AGCY_CODE>
<AwardID>1800449</AwardID>
<Investigator>
<FirstName>Darren</FirstName>
<LastName>Glass</LastName>
<PI_MID_INIT/>
<PI_SUFX_NAME/>
<PI_FULL_NAME>Darren Glass</PI_FULL_NAME>
<EmailAddress><![CDATA[dglass@gettysburg.edu]]></EmailAddress>
<NSF_ID>000676264</NSF_ID>
<StartDate>01/09/2018</StartDate>
<EndDate/>
<RoleCode>Principal Investigator</RoleCode>
</Investigator>
<Investigator>
<FirstName>Ricardo</FirstName>
<LastName>Conceicao</LastName>
<PI_MID_INIT/>
<PI_SUFX_NAME/>
<PI_FULL_NAME>Ricardo Conceicao</PI_FULL_NAME>
<EmailAddress><![CDATA[rconceic@gettysburg.edu]]></EmailAddress>
<NSF_ID>000753656</NSF_ID>
<StartDate>01/09/2018</StartDate>
<EndDate/>
<RoleCode>Co-Principal Investigator</RoleCode>
</Investigator>
<Institution>
<Name><![CDATA[Gettysburg College]]></Name>
<CityName>GETTYSBURG</CityName>
<ZipCode>173251400</ZipCode>
<PhoneNumber>7173376505</PhoneNumber>
<StreetAddress><![CDATA[300 N WASHINGTON ST]]></StreetAddress>
<StreetAddress2/>
<CountryName>United States</CountryName>
<StateName>Pennsylvania</StateName>
<StateCode>PA</StateCode>
<CONGRESSDISTRICT>13</CONGRESSDISTRICT>
<CONGRESS_DISTRICT_ORG>PA13</CONGRESS_DISTRICT_ORG>
<ORG_UEI_NUM>LM61PK5X7HK9</ORG_UEI_NUM>
<ORG_LGL_BUS_NAME>GETTYSBURG COLLEGE</ORG_LGL_BUS_NAME>
<ORG_PRNT_UEI_NUM/>
</Institution>
<Performance_Institution>
<Name><![CDATA[Gettysburg College]]></Name>
<CityName>Gettysburg</CityName>
<StateCode>PA</StateCode>
<ZipCode>173251483</ZipCode>
<StreetAddress><![CDATA[300 North Washington St]]></StreetAddress>
<CountryCode>US</CountryCode>
<CountryName>United States</CountryName>
<StateName>Pennsylvania</StateName>
<CountryFlag>1</CountryFlag>
<CONGRESSDISTRICT>13</CONGRESSDISTRICT>
<CONGRESS_DISTRICT_PERF>PA13</CONGRESS_DISTRICT_PERF>
</Performance_Institution>
<ProgramElement>
<Code>1264</Code>
<Text>ALGEBRA,NUMBER THEORY,AND COM</Text>
</ProgramElement>
<ProgramReference>
<Code>7556</Code>
<Text>CONFERENCE AND WORKSHOPS</Text>
</ProgramReference>
<Appropriation>
<Code>0118</Code>
<Name>NSF RESEARCH &amp; RELATED ACTIVIT</Name>
<APP_SYMB_ID>040100</APP_SYMB_ID>
</Appropriation>
<Fund>
<Code>01001819DB</Code>
<Name><![CDATA[NSF RESEARCH & RELATED ACTIVIT]]></Name>
<FUND_SYMB_ID>040100</FUND_SYMB_ID>
</Fund>
<FUND_OBLG>2018~6000</FUND_OBLG>
<POR>
<DRECONTENT><![CDATA[<div class="porColContainerWBG"> <div class="porContentCol"><div class="page" title="Page 1"> <div class="layoutArea"> <div class="column"> <p><span style="font-size: 12.000000pt; font-family: 'Helvetica';">The fourth edition of the Mid-Atlantic Seminar on Numbers (MASON IV) was held on the historic campus of Gettysburg College during March 7 and 8 of 2020. It attracted over forty-five undergraduate and graduate students, post-docs and faculty from twenty-six different institutions in Maryland, New York, Virginia, Pennsylvania, and other neighboring states. With the generous award from the National Science Foundation, we were able to offset traveling costs of post-docs, junior mathematicians and faculty without institutional travel support. </span></p> <p><span style="font-size: 12.000000pt; font-family: 'Helvetica';">The conference featured three plenary talks, eighteen contributed talks, a problem session and a social event. The well-received plenary talks discussed classical topics in the study of number theory including happy numbers, elliptic curves and zeroes of the Riemann zeta function. In the spirit of the scientific focus of previous MASONs, the contributed talks covered a wide range of sub-areas of number theory such as Diophantine equations, irreducibility of polynomials, partition function, and algebraic and analytic number theory. It also featured several speakers from underrepresented groups in mathematics. During the problem session, mathematicians in the audience shared a few of the current open problems they have been working on. The organizers of MASON IV have recently learned that the problem session resulted in at least one new collaboration among its attendees. </span></p> <p><span style="font-size: 12.000000pt; font-family: 'Helvetica';">As a historical piece of trivia, MASON IV happened in the weekend before several American states went into lockdown and for many of the attendees it was their last in- person conference before the Covid-19 pandemic. </span></p> </div> </div> </div><br> <p>            Last Modified: 05/05/2021<br>      Modified by: Ricardo&nbsp;Conceicao</p> </div> <div class="porSideCol"></div> </div>]]></DRECONTENT>
<POR_COPY_TXT><![CDATA[    The fourth edition of the Mid-Atlantic Seminar on Numbers (MASON IV) was held on the historic campus of Gettysburg College during March 7 and 8 of 2020. It attracted over forty-five undergraduate and graduate students, post-docs and faculty from twenty-six different institutions in Maryland, New York, Virginia, Pennsylvania, and other neighboring states. With the generous award from the National Science Foundation, we were able to offset traveling costs of post-docs, junior mathematicians and faculty without institutional travel support.   The conference featured three plenary talks, eighteen contributed talks, a problem session and a social event. The well-received plenary talks discussed classical topics in the study of number theory including happy numbers, elliptic curves and zeroes of the Riemann zeta function. In the spirit of the scientific focus of previous MASONs, the contributed talks covered a wide range of sub-areas of number theory such as Diophantine equations, irreducibility of polynomials, partition function, and algebraic and analytic number theory. It also featured several speakers from underrepresented groups in mathematics. During the problem session, mathematicians in the audience shared a few of the current open problems they have been working on. The organizers of MASON IV have recently learned that the problem session resulted in at least one new collaboration among its attendees.   As a historical piece of trivia, MASON IV happened in the weekend before several American states went into lockdown and for many of the attendees it was their last in- person conference before the Covid-19 pandemic.           Last Modified: 05/05/2021       Submitted by: Ricardo Conceicao]]></POR_COPY_TXT>
</POR>
</Award>
</rootTag>
