<?xml version="1.0" encoding="UTF-8"?>
<rootTag>
<Award>
<AwardTitle><![CDATA[Photoresponsive Vinyl Azide Crystals]]></AwardTitle>
<AGENCY>NSF</AGENCY>
<AwardEffectiveDate>08/15/2018</AwardEffectiveDate>
<AwardExpirationDate>07/31/2021</AwardExpirationDate>
<AwardTotalIntnAmount>510000.00</AwardTotalIntnAmount>
<AwardAmount>510000</AwardAmount>
<AwardInstrument>
<Value>Standard Grant</Value>
</AwardInstrument>
<Organization>
<Code>03090000</Code>
<Directorate>
<Abbreviation>MPS</Abbreviation>
<LongName>Direct For Mathematical &amp; Physical Scien</LongName>
</Directorate>
<Division>
<Abbreviation>CHE</Abbreviation>
<LongName>Division Of Chemistry</LongName>
</Division>
</Organization>
<ProgramOfficer>
<SignBlockName>Richard Johnson</SignBlockName>
<PO_EMAI>ricjohns@nsf.gov</PO_EMAI>
<PO_PHON>7032928840</PO_PHON>
</ProgramOfficer>
<AbstractNarration><![CDATA[In this project, funded by the Chemical Structure, Dynamics &amp; Mechanisms B Program of the Chemistry Division, Professor Anna D. Gudmundsdottir of the Department of Chemistry at the University of Cincinnati is studying the fundamental science behind "photodynamic" crystals.  These are unusual substances which move as they are exposed to light. When illuminated, photodynamic crystals can twist, bend, leap, crawl or shatter.  This behavior holds the potential for development of new devices in which light is converted into motion, such as actuators and sensors. The interdisciplinary nature of this project, which connects photochemistry and materials science, provides diverse educational training opportunities for students. Through this research, students are prepared as future scientists who can address the technical challenges facing society.  Both high school and college undergraduate students will be recruited from groups underrepresented in science to carry out research in the Gudmundsdottir laboratory. Students will also be provided with educational activities that focus on their professional development.&lt;br/&gt;&lt;br/&gt;The Gudmundsdottir research group investigates photodynamic behavior of crystalline vinyl azide derivatives which, upon light exposure, dissociate to triplet vinylnitrenes and molecular N2. The mode of nitrogen release within the crystal lattice is distinctive for each vinyl azide derivative. Some crystals tolerate a build-up of large N2 bubbles within the lattice before cracking, whereas others release N2 immediately with light exposure.  In this research, structural factors which control the release of N2 molecules within the crystal are identified. As part of this research, solid-state photoreactivity of these compounds is investigated by performing laser flash photolysis of nanocrystals. These studies are designed to characterize the transients formed within the crystals and determine the solid-state kinetics of these transients.  X-ray crystallography and photoproduct identification are critical elements of this study. Solid-state reaction mechanisms are supported by quantum chemical calculations.   Collectively, these data make it possible to elucidate detailed solid-state reaction mechanisms and explain how the crystal lattice controls both the reactivity and the photodynamic behavior of vinyl azide derivatives.&lt;br/&gt;&lt;br/&gt;This award reflects NSF's statutory mission and has been deemed worthy of support through evaluation using the Foundation's intellectual merit and broader impacts review criteria.]]></AbstractNarration>
<MinAmdLetterDate>08/08/2018</MinAmdLetterDate>
<MaxAmdLetterDate>08/08/2018</MaxAmdLetterDate>
<ARRAAmount/>
<TRAN_TYPE>Grant</TRAN_TYPE>
<CFDA_NUM>47.049</CFDA_NUM>
<NSF_PAR_USE_FLAG>1</NSF_PAR_USE_FLAG>
<FUND_AGCY_CODE>4900</FUND_AGCY_CODE>
<AWDG_AGCY_CODE>4900</AWDG_AGCY_CODE>
<AwardID>1800140</AwardID>
<Investigator>
<FirstName>Anna</FirstName>
<LastName>Gudmundsdottir</LastName>
<PI_MID_INIT>D</PI_MID_INIT>
<PI_SUFX_NAME/>
<PI_FULL_NAME>Anna D Gudmundsdottir</PI_FULL_NAME>
<EmailAddress><![CDATA[anna.gudmundsdottir@uc.edu]]></EmailAddress>
<NSF_ID>000319618</NSF_ID>
<StartDate>08/08/2018</StartDate>
<EndDate/>
<RoleCode>Principal Investigator</RoleCode>
</Investigator>
<Institution>
<Name><![CDATA[University of Cincinnati Main Campus]]></Name>
<CityName>CINCINNATI</CityName>
<ZipCode>452202872</ZipCode>
<PhoneNumber>5135564358</PhoneNumber>
<StreetAddress><![CDATA[2600 CLIFTON AVE]]></StreetAddress>
<StreetAddress2/>
<CountryName>United States</CountryName>
<StateName>Ohio</StateName>
<StateCode>OH</StateCode>
<CONGRESSDISTRICT>01</CONGRESSDISTRICT>
<CONGRESS_DISTRICT_ORG>OH01</CONGRESS_DISTRICT_ORG>
<ORG_UEI_NUM>DZ4YCZ3QSPR5</ORG_UEI_NUM>
<ORG_LGL_BUS_NAME>UNIVERSITY OF CINCINNATI</ORG_LGL_BUS_NAME>
<ORG_PRNT_UEI_NUM>DZ4YCZ3QSPR5</ORG_PRNT_UEI_NUM>
</Institution>
<Performance_Institution>
<Name><![CDATA[University of Cincinnati Main Campus]]></Name>
<CityName>Cincinnati</CityName>
<StateCode>OH</StateCode>
<ZipCode>452210172</ZipCode>
<StreetAddress><![CDATA[301 Clifton Court]]></StreetAddress>
<CountryCode>US</CountryCode>
<CountryName>United States</CountryName>
<StateName>Ohio</StateName>
<CountryFlag>1</CountryFlag>
<CONGRESSDISTRICT>01</CONGRESSDISTRICT>
<CONGRESS_DISTRICT_PERF>OH01</CONGRESS_DISTRICT_PERF>
</Performance_Institution>
<ProgramElement>
<Code>9102</Code>
<Text>Chem Struct,Dynmcs&amp;Mechansms B</Text>
</ProgramElement>
<ProgramReference>
<Code>7234</Code>
<Text>SENSORS NON-SOLICITATION RESEA</Text>
</ProgramReference>
<ProgramReference>
<Code>9263</Code>
<Text>COMPUTATIONAL SCIENCE &amp; ENGING</Text>
</ProgramReference>
<Appropriation>
<Code>0118</Code>
<Name>NSF RESEARCH &amp; RELATED ACTIVIT</Name>
<APP_SYMB_ID>040100</APP_SYMB_ID>
</Appropriation>
<Fund>
<Code>01001819DB</Code>
<Name><![CDATA[NSF RESEARCH & RELATED ACTIVIT]]></Name>
<FUND_SYMB_ID>040100</FUND_SYMB_ID>
</Fund>
<FUND_OBLG>2018~510000</FUND_OBLG>
<POR>
<DRECONTENT><![CDATA[<div class="porColContainerWBG"> <div class="porContentCol"><p>This grant made it possible to systematically investigate the solid-state photoreactivity of various vinyl azide derivatives and identify and record their unique photodynamic behavior. Upon exposure to light, the vinyl azides extrude N<sub>2</sub> molecules and form photoproducts. Photoproducts range from dimers to cyclization and ring formation products. The response of each vinyl azide derivative to release of N<sub>2</sub> gas in the solid state is different. Some of the crystals deformed rapidly and instantly jumped, delaminated or shattered upon light exposure, whereas others withstood a buildup of sizable N<sub>2</sub> bubbles within the crystals before disintegrating. These crystals that contained N<sub>2</sub> gas fractured mainly along specific crystallographic faces, before releasing the gas. X-ray structure analysis and lattice energy calculations were used to identify critical features in the crystal structures where elastic energy accumulates during gas release, which corresponds to the direction of the observed cracks. The energy release is sufficient to drive these crystals or mobilize other objects. These studies emphasize the potential of photochemical gas release to promote a photomechanical response and mobility of photoreactive molecular crystals.&nbsp;</p> <p>This project supported a diverse group of high school, undergraduate, and graduate students who received training in synthesis, solid-state photoreactions, growing crystals, and using X-ray diffraction to characterize crystal packing arrangements. &nbsp;Students used optical microscopy to determine the response of the various crystals when exposed to light. In addition, they learned to use transient spectroscopy to elucidate reaction mechanisms and support the proposed mechanisms with theoretical calculations. These theoretical calculations were performed by the students expanding their understanding of computational and theoretical chemistry. The interdisciplinary training of the students was complimented professional developmental training and prepared the students for their future employment as scientist.&nbsp;</p> <p>&nbsp;</p><br> <p>            Last Modified: 02/14/2022<br>      Modified by: Anna&nbsp;D&nbsp;Gudmundsdottir</p> </div> <div class="porSideCol"> <div class="each-gallery"> <div class="galContent" id="gallery0"> <div class="photoCount" id="photoCount0">          Images (<span id="selectedPhoto0">1</span> of <span class="totalNumber"></span>)           </div> <div class="galControls" id="controls0"></div> <div class="galSlideshow" id="slideshow0"></div> <div class="galEmbox" id="embox"> <div class="image-title"></div> </div> </div> <div class="galNavigation" id="navigation0"> <ul class="thumbs" id="thumbs0"> <li> <a href="/por/images/Reports/POR/2022/1800140/1800140_10567551_1644861028831_Before-OME-2a4samanD--rgov-214x142.jpg" original="/por/images/Reports/POR/2022/1800140/1800140_10567551_1644861028831_Before-OME-2a4samanD--rgov-800width.jpg" title="Expanding Crystals"><img src="/por/images/Reports/POR/2022/1800140/1800140_10567551_1644861028831_Before-OME-2a4samanD--rgov-66x44.jpg" alt="Expanding Crystals"></a> <div class="imageCaptionContainer"> <div class="imageCaption">Crystals expanding upon exposure to light and release of nitrogen gas into the crystal lattice</div> <div class="imageCredit">https://doi.org/10.1021/jacs.0c07830</div> <div class="imagePermisssions">Copyrighted</div> <div class="imageSubmitted">Anna&nbsp;D&nbsp;Gudmundsdottir</div> <div class="imageTitle">Expanding Crystals</div> </div> </li> <li> <a href="/por/images/Reports/POR/2022/1800140/1800140_10567551_1644869936337_Spectroscopy-5--rgov-214x142.jpg" original="/por/images/Reports/POR/2022/1800140/1800140_10567551_1644869936337_Spectroscopy-5--rgov-800width.jpg" title="Spectroscopy"><img src="/por/images/Reports/POR/2022/1800140/1800140_10567551_1644869936337_Spectroscopy-5--rgov-66x44.jpg" alt="Spectroscopy"></a> <div class="imageCaptionContainer"> <div class="imageCaption">Scientists use spectroscopy to understand chemical reactions</div> <div class="imageCredit">https://pubs.acs.org/pb-assets/images/_journalCovers/orlef7/orlef7_v021i018-3.jpg?0.48224599287045833</div> <div class="imagePermisssions">Copyrighted</div> <div class="imageSubmitted">Anna&nbsp;D&nbsp;Gudmundsdottir</div> <div class="imageTitle">Spectroscopy</div> </div> </li> <li> <a href="/por/images/Reports/POR/2022/1800140/1800140_10567551_1644870619630_UnsubstittedinOil4-8--rgov-214x142.jpg" original="/por/images/Reports/POR/2022/1800140/1800140_10567551_1644870619630_UnsubstittedinOil4-8--rgov-800width.jpg" title="Fragile crystals in oil"><img src="/por/images/Reports/POR/2022/1800140/1800140_10567551_1644870619630_UnsubstittedinOil4-8--rgov-66x44.jpg" alt="Fragile crystals in oil"></a> <div class="imageCaptionContainer"> <div class="imageCaption">Fragile vinyl azide crystals in oil fracture when nitrogen gas is extruded upon exposure to light</div> <div class="imageCredit">https://pubs.acs.org/doi/10.1021/jacs.0c07830</div> <div class="imagePermisssions">Copyrighted</div> <div class="imageSubmitted">Anna&nbsp;D&nbsp;Gudmundsdottir</div> <div class="imageTitle">Fragile crystals in oil</div> </div> </li> <li> <a href="/por/images/Reports/POR/2022/1800140/1800140_10567551_1644872420092_ESR-2N--rgov-214x142.jpg" original="/por/images/Reports/POR/2022/1800140/1800140_10567551_1644872420092_ESR-2N--rgov-800width.jpg" title="ESR spectra"><img src="/por/images/Reports/POR/2022/1800140/1800140_10567551_1644872420092_ESR-2N--rgov-66x44.jpg" alt="ESR spectra"></a> <div class="imageCaptionContainer"> <div class="imageCaption">ESR spectroscopy was used to verify formation of triplet vinyl nitrene</div> <div class="imageCredit">https://doi.org/10.1021/acs.joc.9b01191</div> <div class="imagePermisssions">Copyrighted</div> <div class="imageSubmitted">Anna&nbsp;D&nbsp;Gudmundsdottir</div> <div class="imageTitle">ESR spectra</div> </div> </li> <li> <a href="/por/images/Reports/POR/2022/1800140/1800140_10567551_1644874277491_nemendur2A--rgov-214x142.jpg" original="/por/images/Reports/POR/2022/1800140/1800140_10567551_1644874277491_nemendur2A--rgov-800width.jpg" title="Presenting the results"><img src="/por/images/Reports/POR/2022/1800140/1800140_10567551_1644874277491_nemendur2A--rgov-66x44.jpg" alt="Presenting the results"></a> <div class="imageCaptionContainer"> <div class="imageCaption">The research team presenting at the ACA meeting 2019</div> <div class="imageCredit">Anna Gudmundsdottir</div> <div class="imagePermisssions">Royalty-free (unrestricted use)</div> <div class="imageSubmitted">Anna&nbsp;D&nbsp;Gudmundsdottir</div> <div class="imageTitle">Presenting the results</div> </div> </li> <li> <a href="/por/images/Reports/POR/2022/1800140/1800140_10567551_1644877559099_Surface-a--rgov-214x142.jpg" original="/por/images/Reports/POR/2022/1800140/1800140_10567551_1644877559099_Surface-a--rgov-800width.jpg" title="Crystal Indexing"><img src="/por/images/Reports/POR/2022/1800140/1800140_10567551_1644877559099_Surface-a--rgov-66x44.jpg" alt="Crystal Indexing"></a> <div class="imageCaptionContainer"> <div class="imageCaption">Correlating crystal indexing and force field calculations, with cracking of the crystals upon light exposure and release of nitrogen gas</div> <div class="imageCredit">https://doi.org/10.1021/jacs.0c07830</div> <div class="imagePermisssions">Copyrighted</div> <div class="imageSubmitted">Anna&nbsp;D&nbsp;Gudmundsdottir</div> <div class="imageTitle">Crystal Indexing</div> </div> </li> </ul> </div> </div> </div> </div>]]></DRECONTENT>
<POR_COPY_TXT><![CDATA[ This grant made it possible to systematically investigate the solid-state photoreactivity of various vinyl azide derivatives and identify and record their unique photodynamic behavior. Upon exposure to light, the vinyl azides extrude N2 molecules and form photoproducts. Photoproducts range from dimers to cyclization and ring formation products. The response of each vinyl azide derivative to release of N2 gas in the solid state is different. Some of the crystals deformed rapidly and instantly jumped, delaminated or shattered upon light exposure, whereas others withstood a buildup of sizable N2 bubbles within the crystals before disintegrating. These crystals that contained N2 gas fractured mainly along specific crystallographic faces, before releasing the gas. X-ray structure analysis and lattice energy calculations were used to identify critical features in the crystal structures where elastic energy accumulates during gas release, which corresponds to the direction of the observed cracks. The energy release is sufficient to drive these crystals or mobilize other objects. These studies emphasize the potential of photochemical gas release to promote a photomechanical response and mobility of photoreactive molecular crystals.   This project supported a diverse group of high school, undergraduate, and graduate students who received training in synthesis, solid-state photoreactions, growing crystals, and using X-ray diffraction to characterize crystal packing arrangements.  Students used optical microscopy to determine the response of the various crystals when exposed to light. In addition, they learned to use transient spectroscopy to elucidate reaction mechanisms and support the proposed mechanisms with theoretical calculations. These theoretical calculations were performed by the students expanding their understanding of computational and theoretical chemistry. The interdisciplinary training of the students was complimented professional developmental training and prepared the students for their future employment as scientist.           Last Modified: 02/14/2022       Submitted by: Anna D Gudmundsdottir]]></POR_COPY_TXT>
</POR>
</Award>
</rootTag>
