<?xml version="1.0" encoding="UTF-8"?>
<rootTag>
<Award>
<AwardTitle><![CDATA[Exploring Hydrogen-Atom- and Hydride-Transfer Non-Innocent Ligands]]></AwardTitle>
<AGENCY>NSF</AGENCY>
<AwardEffectiveDate>09/01/2018</AwardEffectiveDate>
<AwardExpirationDate>08/31/2023</AwardExpirationDate>
<AwardTotalIntnAmount>420000.00</AwardTotalIntnAmount>
<AwardAmount>556303</AwardAmount>
<AwardInstrument>
<Value>Standard Grant</Value>
</AwardInstrument>
<Organization>
<Code>03090000</Code>
<Directorate>
<Abbreviation>MPS</Abbreviation>
<LongName>Direct For Mathematical &amp; Physical Scien</LongName>
</Directorate>
<Division>
<Abbreviation>CHE</Abbreviation>
<LongName>Division Of Chemistry</LongName>
</Division>
</Organization>
<ProgramOfficer>
<SignBlockName>Tingyu Li</SignBlockName>
<PO_EMAI>tli@nsf.gov</PO_EMAI>
<PO_PHON>7032924949</PO_PHON>
</ProgramOfficer>
<AbstractNarration><![CDATA[In this project, funded by the Chemical Structure, Dynamic &amp; Mechanism B Program of the Chemistry Division of NSF, Professor Alan F. Heyduk of the Department of Chemistry at the University of California, Irvine is developing a new class of ligand for use in the development of catalytic reactions. The principal goal of this research program is to understand the fundamental ligand properties that enable hydrogen-atom and hydride transfer reactivity so new coordination complexes can be designed to serve as catalysts in reduction reactions of importance in fine and commodity chemical synthesis and in the recycling of abundant chemical feedstocks such as carbon monoxide and carbon dioxide.  The fundamental nature of the project, which lies at the interface of organic, organometallic and inorganic chemistry, is broadly appealing to chemists at all education levels and is particularly well-suited to advanced levels of chemical education. Towards this end, the project includes a strong component that encourages underrepresented groups to pursue advanced degrees in STEM research areas. &lt;br/&gt;&lt;br/&gt;Redox-active or redox non-innocent ligand platforms are well established in inorganic and organometallic chemistry for their ability to engender adventitious electronic properties in simple coordination complexes. Such properties have been exploited in catalysts for multi-electron reactivity, in photosensitizers for charge-transfer applications, and in the synthesis of materials with advanced electrical and magnetic properties. The work proposed herein will develop a new type of ligand non-innocence that leverages both electron- and proton-transfer abilities of catecholate-type ligands to achieve ligand-centered hydrogen-atom transfer (HAT) and hydride transfer (HT) reactivity. In this project, two related pincer-type ligands will be examined to answer several fundamental question of broad applicability: (a) What are the thermodynamic limits of ligand-based HAT and HT reactivity? (b) What is (are) the molecular-level mechanism(s) of ligand-based HAT and HT reactivity? (c) Can ligand architecture and metal ion selection be used to tailor this ligand-based reactivity to favor selectively HAT or HT reactivity through the manipulation of thermodynamic or kinetic factors?&lt;br/&gt;&lt;br/&gt;This award reflects NSF's statutory mission and has been deemed worthy of support through evaluation using the Foundation's intellectual merit and broader impacts review criteria.]]></AbstractNarration>
<MinAmdLetterDate>08/07/2018</MinAmdLetterDate>
<MaxAmdLetterDate>05/25/2021</MaxAmdLetterDate>
<ARRAAmount/>
<TRAN_TYPE>Grant</TRAN_TYPE>
<CFDA_NUM>47.049</CFDA_NUM>
<NSF_PAR_USE_FLAG>1</NSF_PAR_USE_FLAG>
<FUND_AGCY_CODE>4900</FUND_AGCY_CODE>
<AWDG_AGCY_CODE>4900</AWDG_AGCY_CODE>
<AwardID>1800386</AwardID>
<Investigator>
<FirstName>Alan</FirstName>
<LastName>Heyduk</LastName>
<PI_MID_INIT>F</PI_MID_INIT>
<PI_SUFX_NAME/>
<PI_FULL_NAME>Alan F Heyduk</PI_FULL_NAME>
<EmailAddress><![CDATA[aheyduk@uci.edu]]></EmailAddress>
<NSF_ID>000273444</NSF_ID>
<StartDate>08/07/2018</StartDate>
<EndDate/>
<RoleCode>Principal Investigator</RoleCode>
</Investigator>
<Institution>
<Name><![CDATA[University of California-Irvine]]></Name>
<CityName>IRVINE</CityName>
<ZipCode>926970001</ZipCode>
<PhoneNumber>9498247295</PhoneNumber>
<StreetAddress><![CDATA[160 ALDRICH HALL]]></StreetAddress>
<StreetAddress2/>
<CountryName>United States</CountryName>
<StateName>California</StateName>
<StateCode>CA</StateCode>
<CONGRESSDISTRICT>47</CONGRESSDISTRICT>
<CONGRESS_DISTRICT_ORG>CA47</CONGRESS_DISTRICT_ORG>
<ORG_UEI_NUM>MJC5FCYQTPE6</ORG_UEI_NUM>
<ORG_LGL_BUS_NAME>UNIVERSITY OF CALIFORNIA IRVINE</ORG_LGL_BUS_NAME>
<ORG_PRNT_UEI_NUM/>
</Institution>
<Performance_Institution>
<Name><![CDATA[University of California-Irvine]]></Name>
<CityName>Irvine</CityName>
<StateCode>CA</StateCode>
<ZipCode>926972025</ZipCode>
<StreetAddress><![CDATA[3403 Natural Sciences I]]></StreetAddress>
<CountryCode>US</CountryCode>
<CountryName>United States</CountryName>
<StateName>California</StateName>
<CountryFlag>1</CountryFlag>
<CONGRESSDISTRICT>47</CONGRESSDISTRICT>
<CONGRESS_DISTRICT_PERF>CA47</CONGRESS_DISTRICT_PERF>
</Performance_Institution>
<ProgramElement>
<Code>1253</Code>
<Text>OFFICE OF MULTIDISCIPLINARY AC</Text>
</ProgramElement>
<ProgramElement>
<Code>9102</Code>
<Text>Chem Struct,Dynmcs&amp;Mechansms B</Text>
</ProgramElement>
<ProgramReference>
<Code>102Z</Code>
<Text>COVID-Disproportionate Impcts Inst-Indiv</Text>
</ProgramReference>
<ProgramReference>
<Code>1515</Code>
<Text>MINORITY GRADUATE EDUC ACTIVIT</Text>
</ProgramReference>
<ProgramReference>
<Code>8037</Code>
<Text>Advanced Manufacturing</Text>
</ProgramReference>
<ProgramReference>
<Code>9146</Code>
<Text>MANUFACTURING BASE RESEARCH</Text>
</ProgramReference>
<Appropriation>
<Code>0118</Code>
<Name>NSF RESEARCH &amp; RELATED ACTIVIT</Name>
<APP_SYMB_ID>040100</APP_SYMB_ID>
</Appropriation>
<Appropriation>
<Code>0119</Code>
<Name>NSF RESEARCH &amp; RELATED ACTIVIT</Name>
<APP_SYMB_ID>040100</APP_SYMB_ID>
</Appropriation>
<Appropriation>
<Code>0121</Code>
<Name>NSF RESEARCH &amp; RELATED ACTIVIT</Name>
<APP_SYMB_ID>040100</APP_SYMB_ID>
</Appropriation>
<Fund>
<Code>01001819DB</Code>
<Name><![CDATA[NSF RESEARCH & RELATED ACTIVIT]]></Name>
<FUND_SYMB_ID>040100</FUND_SYMB_ID>
</Fund>
<Fund>
<Code>01001920DB</Code>
<Name><![CDATA[NSF RESEARCH & RELATED ACTIVIT]]></Name>
<FUND_SYMB_ID>040100</FUND_SYMB_ID>
</Fund>
<Fund>
<Code>01002122DB</Code>
<Name><![CDATA[NSF RESEARCH & RELATED ACTIVIT]]></Name>
<FUND_SYMB_ID>040100</FUND_SYMB_ID>
</Fund>
<FUND_OBLG>2018~420000</FUND_OBLG>
<FUND_OBLG>2019~66542</FUND_OBLG>
<FUND_OBLG>2021~69761</FUND_OBLG>
</Award>
</rootTag>
