<?xml version="1.0" encoding="UTF-8"?>
<rootTag>
<Award>
<AwardTitle><![CDATA[Research Initiation Award:  Novel Imidazole Compounds to Investigate the Unfolded Protein Response (UPR)]]></AwardTitle>
<AGENCY>NSF</AGENCY>
<AwardEffectiveDate>04/15/2018</AwardEffectiveDate>
<AwardExpirationDate>09/30/2020</AwardExpirationDate>
<AwardTotalIntnAmount>150000.00</AwardTotalIntnAmount>
<AwardAmount>150000</AwardAmount>
<AwardInstrument>
<Value>Standard Grant</Value>
</AwardInstrument>
<Organization>
<Code>11060000</Code>
<Directorate>
<Abbreviation>EDU</Abbreviation>
<LongName>Directorate for STEM Education</LongName>
</Directorate>
<Division>
<Abbreviation>EES</Abbreviation>
<LongName>Div. of Equity for Excellence in STEM</LongName>
</Division>
</Organization>
<ProgramOfficer>
<SignBlockName>Emanuel WAddell</SignBlockName>
<PO_EMAI/>
<PO_PHON/>
</ProgramOfficer>
<AbstractNarration><![CDATA[Catalyst Projects provide support for Historically Black Colleges and Universities to work towards establishing research capacity of faculty to strengthen science, technology, engineering and mathematics undergraduate education and research. It is expected that the award will further the faculty member's research capability, improve research and teaching at the institution, and involve undergraduate students in research experiences. The award to Bowie State University has potential to broader impact in a number of areas. This proposal aims to synthesize a library of compounds with subtle structural changes to determine how a non-functional binding site on a protein can affect the protein?s function. Gaining an understanding how small molecule affect this protein can help scientists understand and control cell death. Undergraduate students will gain research experience in organic synthesis and biochemistry. &lt;br/&gt;&lt;br/&gt;The cell has many adaptive mechanisms used for the cellular repair during endoplasmic reticulum (ER) stress. If proteostasis is not re-established, unfolded proteins are tagged for clearance through the ubiquitin-proteasome system (UPS). Aberrant cells have been shown to exploit these prosurvival mechanisms as a way to circumvent cell death. However proteasome disruption leads to cell death. Valosin-containing protein (VCP) is a key component of the UPS which may be targeted to investigate its role in proteostasis. Small molecule heterocycles such as imidazoles have the potential to allosterically bind to VCP to disrupt the UPS in rogue cells. The utilization of a two-step synthesis of a library of novel imidazole compounds through microwave-assisted multicomponent reactions will allow a variety of imidazole compounds to be rapidly synthesized. Ultimately these compounds will be used to identify the structural features which are key for allosteric binding to VCP.&lt;br/&gt;&lt;br/&gt;This award reflects NSF's statutory mission and has been deemed worthy of support through evaluation using the Foundation's intellectual merit and broader impacts review criteria.]]></AbstractNarration>
<MinAmdLetterDate>03/27/2018</MinAmdLetterDate>
<MaxAmdLetterDate>03/27/2018</MaxAmdLetterDate>
<ARRAAmount/>
<TRAN_TYPE>Grant</TRAN_TYPE>
<CFDA_NUM>47.076</CFDA_NUM>
<NSF_PAR_USE_FLAG>1</NSF_PAR_USE_FLAG>
<FUND_AGCY_CODE>4900</FUND_AGCY_CODE>
<AWDG_AGCY_CODE>4900</AWDG_AGCY_CODE>
<AwardID>1800165</AwardID>
<Investigator>
<FirstName>Jacqueline</FirstName>
<LastName>Smith</LastName>
<PI_MID_INIT>A</PI_MID_INIT>
<PI_SUFX_NAME/>
<PI_FULL_NAME>Jacqueline A Smith</PI_FULL_NAME>
<EmailAddress><![CDATA[smithjacqueline83@gmail.com]]></EmailAddress>
<NSF_ID>000727737</NSF_ID>
<StartDate>03/27/2018</StartDate>
<EndDate/>
<RoleCode>Principal Investigator</RoleCode>
</Investigator>
<Institution>
<Name><![CDATA[Bowie State University]]></Name>
<CityName>BOWIE</CityName>
<ZipCode>207159465</ZipCode>
<PhoneNumber>3018604399</PhoneNumber>
<StreetAddress><![CDATA[14000 JERICHO PARK RD]]></StreetAddress>
<StreetAddress2/>
<CountryName>United States</CountryName>
<StateName>Maryland</StateName>
<StateCode>MD</StateCode>
<CONGRESSDISTRICT>05</CONGRESSDISTRICT>
<CONGRESS_DISTRICT_ORG>MD05</CONGRESS_DISTRICT_ORG>
<ORG_UEI_NUM>WMEEHCAPGR65</ORG_UEI_NUM>
<ORG_LGL_BUS_NAME>BOWIE STATE UNIVERSITY</ORG_LGL_BUS_NAME>
<ORG_PRNT_UEI_NUM/>
</Institution>
<Performance_Institution>
<Name><![CDATA[Bowie State University]]></Name>
<CityName>Bowie</CityName>
<StateCode>MD</StateCode>
<ZipCode>207159465</ZipCode>
<StreetAddress/>
<CountryCode>US</CountryCode>
<CountryName>United States</CountryName>
<StateName>Maryland</StateName>
<CountryFlag>1</CountryFlag>
<CONGRESSDISTRICT>05</CONGRESSDISTRICT>
<CONGRESS_DISTRICT_PERF>MD05</CONGRESS_DISTRICT_PERF>
</Performance_Institution>
<ProgramElement>
<Code>1594</Code>
<Text>Hist Black Colleges and Univ</Text>
</ProgramElement>
<ProgramReference>
<Code>9178</Code>
<Text>UNDERGRADUATE EDUCATION</Text>
</ProgramReference>
<ProgramReference>
<Code>9264</Code>
<Text>RESEARCH INITIATION AWARD</Text>
</ProgramReference>
<Appropriation>
<Code>0418</Code>
<Name>NSF Education &amp; Human Resource</Name>
<APP_SYMB_ID>040106</APP_SYMB_ID>
</Appropriation>
<Fund>
<Code>04001819DB</Code>
<Name><![CDATA[NSF Education & Human Resource]]></Name>
<FUND_SYMB_ID>040106</FUND_SYMB_ID>
</Fund>
<FUND_OBLG>2018~150000</FUND_OBLG>
<POR>
<DRECONTENT><![CDATA[<div class="porColContainerWBG"> <div class="porContentCol"><p>This project successfully produced 18 new compounds to target the protein VCP which is proposed to be responsible for cell death.&nbsp; This was accomplished through a microwave-assisted multi-component reaction where three or more reagents were used to do several reactions at one time.&nbsp; Microwave energy helped these reactions occur very rapidly through the use of high heat and pressure.&nbsp; This method can be used to generate numerous other compounds to target VCP or other protein targets.&nbsp; The funding awarded for this project has elevated the research capabilities and student experience at Bowie State University.&nbsp; A state-of-the art microwave reactor was purchased in order to conduct these syntheses.&nbsp; Also underrepresented minority students of Bowie State University have been highly trained in organic synthesis in the process of making these compounds.&nbsp; They have learned about the drug discovery process and conducted in-depth literature reviews of VCP and its associate system.&nbsp; In addition, students have been able to present their work both orally and in poster presentations at conferences all around the country.&nbsp; Through collaborations with local high schools, our undergrads have also mentored 12th graders during their time in the lab.&nbsp; Overall this project has not only impacted the scientific community but has exposed minority students from high school through college to several areas of scientific research including organic chemistry, biochemistry, bioinformatics and biology.</p><br> <p>            Last Modified: 01/22/2021<br>      Modified by: Jacqueline&nbsp;A&nbsp;Smith</p> </div> <div class="porSideCol"> <div class="each-gallery"> <div class="galContent" id="gallery0"> <div class="photoCount" id="photoCount0">          Images (<span id="selectedPhoto0">1</span> of <span class="totalNumber"></span>)           </div> <div class="galControls" id="controls0"></div> <div class="galSlideshow" id="slideshow0"></div> <div class="galEmbox" id="embox"> <div class="image-title"></div> </div> </div> <div class="galNavigation" id="navigation0"> <ul class="thumbs" id="thumbs0"> <li> <a href="/por/images/Reports/POR/2021/1800165/1800165_10536266_1611344808738_ike--rgov-214x142.jpg" original="/por/images/Reports/POR/2021/1800165/1800165_10536266_1611344808738_ike--rgov-800width.jpg" title="Ikechi Nwadike at ABRCMS"><img src="/por/images/Reports/POR/2021/1800165/1800165_10536266_1611344808738_ike--rgov-66x44.jpg" alt="Ikechi Nwadike at ABRCMS"></a> <div class="imageCaptionContainer"> <div class="imageCaption">Student presenting at the Annual Biomedical Research Conference for Minority Students</div> <div class="imageCredit">Ikechi Nwadike</div> <div class="imagePermisssions">Public Domain</div> <div class="imageSubmitted">Jacqueline&nbsp;A&nbsp;Smith</div> <div class="imageTitle">Ikechi Nwadike at ABRCMS</div> </div> </li> <li> <a href="/por/images/Reports/POR/2021/1800165/1800165_10536266_1611344904437_Brenda--rgov-214x142.jpg" original="/por/images/Reports/POR/2021/1800165/1800165_10536266_1611344904437_Brenda--rgov-800width.jpg" title="Brenda Tankeu at Poster Presentation"><img src="/por/images/Reports/POR/2021/1800165/1800165_10536266_1611344904437_Brenda--rgov-66x44.jpg" alt="Brenda Tankeu at Poster Presentation"></a> <div class="imageCaptionContainer"> <div class="imageCaption">Student presenting their work at a conference</div> <div class="imageCredit">Jacqueline Smith</div> <div class="imagePermisssions">Public Domain</div> <div class="imageSubmitted">Jacqueline&nbsp;A&nbsp;Smith</div> <div class="imageTitle">Brenda Tankeu at Poster Presentation</div> </div> </li> </ul> </div> </div> </div> </div>]]></DRECONTENT>
<POR_COPY_TXT><![CDATA[ This project successfully produced 18 new compounds to target the protein VCP which is proposed to be responsible for cell death.  This was accomplished through a microwave-assisted multi-component reaction where three or more reagents were used to do several reactions at one time.  Microwave energy helped these reactions occur very rapidly through the use of high heat and pressure.  This method can be used to generate numerous other compounds to target VCP or other protein targets.  The funding awarded for this project has elevated the research capabilities and student experience at Bowie State University.  A state-of-the art microwave reactor was purchased in order to conduct these syntheses.  Also underrepresented minority students of Bowie State University have been highly trained in organic synthesis in the process of making these compounds.  They have learned about the drug discovery process and conducted in-depth literature reviews of VCP and its associate system.  In addition, students have been able to present their work both orally and in poster presentations at conferences all around the country.  Through collaborations with local high schools, our undergrads have also mentored 12th graders during their time in the lab.  Overall this project has not only impacted the scientific community but has exposed minority students from high school through college to several areas of scientific research including organic chemistry, biochemistry, bioinformatics and biology.       Last Modified: 01/22/2021       Submitted by: Jacqueline A Smith]]></POR_COPY_TXT>
</POR>
</Award>
</rootTag>
