<?xml version="1.0" encoding="UTF-8"?>
<rootTag>
<Award>
<AwardTitle><![CDATA[Computable Structure Theory]]></AwardTitle>
<AGENCY>NSF</AGENCY>
<AwardEffectiveDate>07/01/2018</AwardEffectiveDate>
<AwardExpirationDate>06/30/2022</AwardExpirationDate>
<AwardTotalIntnAmount>160260.00</AwardTotalIntnAmount>
<AwardAmount>220260</AwardAmount>
<AwardInstrument>
<Value>Continuing Grant</Value>
</AwardInstrument>
<Organization>
<Code>03040000</Code>
<Directorate>
<Abbreviation>MPS</Abbreviation>
<LongName>Direct For Mathematical &amp; Physical Scien</LongName>
</Directorate>
<Division>
<Abbreviation>DMS</Abbreviation>
<LongName>Division Of Mathematical Sciences</LongName>
</Division>
</Organization>
<ProgramOfficer>
<SignBlockName>Tomek Bartoszynski</SignBlockName>
<PO_EMAI>tbartosz@nsf.gov</PO_EMAI>
<PO_PHON>7032924885</PO_PHON>
</ProgramOfficer>
<AbstractNarration><![CDATA[Knight works in computability theory, a branch of mathematical logic.  There is a body of work designing procedures for computing certain functions, and there is work designing useful approximation procedures for other functions.  There are many real-world functions (involving population, revenue, location of objects in space or events in time, etc.) that we can know only through approximations.  Knight is particularly interested in computability and computable approximation in number systems and other algebraic structures.  Traditionally, computability theory has dealt with countable objects.  However, important algebraic structures such as the field of real numbers are uncountable.  Some of the problems that interest Knight involve computability in uncountable structures.                      &lt;br/&gt;&lt;br/&gt;With Karen Lange and Reed Solomon, Knight is trying to measure the complexity of the process of finding roots of polynomials in fields of generalized power series.  Some of the ideas go back to Newton.  With Uri Andrews, Knight is interested in the problem of when an elementary first order theory that is well-behaved from the point of view of model theory has a computable model.  Andrews and Knight have a result for "strongly minimal" theories, with conditions on the complexity of fragments of the theory guaranteeing that the countable models all have computable copies.  For some cases, the models are produced by "workers" constructions, involving nested approximations.  Knight is interested in applying the techniques of computability to uncountable structures.  There are different approaches.  Some involve changing the definition of what is computable.  Noah Schweber defined a reducibility that allows us to compare the computing power of structures of arbitrary cardinality, using the standard computability notions.  The idea is to collapse cardinals so that the structures being compared become countable.&lt;br/&gt;&lt;br/&gt;This award reflects NSF's statutory mission and has been deemed worthy of support through evaluation using the Foundation's intellectual merit and broader impacts review criteria.]]></AbstractNarration>
<MinAmdLetterDate>03/19/2018</MinAmdLetterDate>
<MaxAmdLetterDate>08/10/2021</MaxAmdLetterDate>
<ARRAAmount/>
<TRAN_TYPE>Grant</TRAN_TYPE>
<CFDA_NUM>47.049</CFDA_NUM>
<NSF_PAR_USE_FLAG>1</NSF_PAR_USE_FLAG>
<FUND_AGCY_CODE>4900</FUND_AGCY_CODE>
<AWDG_AGCY_CODE>4900</AWDG_AGCY_CODE>
<AwardID>1800692</AwardID>
<Investigator>
<FirstName>Julia</FirstName>
<LastName>Knight</LastName>
<PI_MID_INIT>F</PI_MID_INIT>
<PI_SUFX_NAME/>
<PI_FULL_NAME>Julia F Knight</PI_FULL_NAME>
<EmailAddress><![CDATA[knight.1@nd.edu]]></EmailAddress>
<NSF_ID>000424175</NSF_ID>
<StartDate>03/19/2018</StartDate>
<EndDate/>
<RoleCode>Principal Investigator</RoleCode>
</Investigator>
<Institution>
<Name><![CDATA[University of Notre Dame]]></Name>
<CityName>NOTRE DAME</CityName>
<ZipCode>465565708</ZipCode>
<PhoneNumber>5746317432</PhoneNumber>
<StreetAddress><![CDATA[940 Grace Hall]]></StreetAddress>
<StreetAddress2/>
<CountryName>United States</CountryName>
<StateName>Indiana</StateName>
<StateCode>IN</StateCode>
<CONGRESSDISTRICT>02</CONGRESSDISTRICT>
<CONGRESS_DISTRICT_ORG>IN02</CONGRESS_DISTRICT_ORG>
<ORG_UEI_NUM>FPU6XGFXMBE9</ORG_UEI_NUM>
<ORG_LGL_BUS_NAME>UNIVERSITY OF NOTRE DAME DU LAC</ORG_LGL_BUS_NAME>
<ORG_PRNT_UEI_NUM>KKBMKNFZ5PJ4</ORG_PRNT_UEI_NUM>
</Institution>
<Performance_Institution>
<Name><![CDATA[University of Notre Dame]]></Name>
<CityName>Notre Dame</CityName>
<StateCode>IN</StateCode>
<ZipCode>465565708</ZipCode>
<StreetAddress><![CDATA[940 Grace Hall]]></StreetAddress>
<CountryCode>US</CountryCode>
<CountryName>United States</CountryName>
<StateName>Indiana</StateName>
<CountryFlag>1</CountryFlag>
<CONGRESSDISTRICT>02</CONGRESSDISTRICT>
<CONGRESS_DISTRICT_PERF>IN02</CONGRESS_DISTRICT_PERF>
</Performance_Institution>
<ProgramElement>
<Code>1268</Code>
<Text>FOUNDATIONS</Text>
</ProgramElement>
<ProgramReference>
<Code>102Z</Code>
<Text>COVID-Disproportionate Impcts Inst-Indiv</Text>
</ProgramReference>
<Appropriation>
<Code>0118</Code>
<Name>NSF RESEARCH &amp; RELATED ACTIVIT</Name>
<APP_SYMB_ID>040100</APP_SYMB_ID>
</Appropriation>
<Appropriation>
<Code>0120</Code>
<Name>NSF RESEARCH &amp; RELATED ACTIVIT</Name>
<APP_SYMB_ID>040100</APP_SYMB_ID>
</Appropriation>
<Appropriation>
<Code>0121</Code>
<Name>NSF RESEARCH &amp; RELATED ACTIVIT</Name>
<APP_SYMB_ID>040100</APP_SYMB_ID>
</Appropriation>
<Fund>
<Code>01001819DB</Code>
<Name><![CDATA[NSF RESEARCH & RELATED ACTIVIT]]></Name>
<FUND_SYMB_ID>040100</FUND_SYMB_ID>
</Fund>
<Fund>
<Code>01002021DB</Code>
<Name><![CDATA[NSF RESEARCH & RELATED ACTIVIT]]></Name>
<FUND_SYMB_ID>040100</FUND_SYMB_ID>
</Fund>
<Fund>
<Code>01002122DB</Code>
<Name><![CDATA[NSF RESEARCH & RELATED ACTIVIT]]></Name>
<FUND_SYMB_ID>040100</FUND_SYMB_ID>
</Fund>
<FUND_OBLG>2018~105326</FUND_OBLG>
<FUND_OBLG>2020~54934</FUND_OBLG>
<FUND_OBLG>2021~60000</FUND_OBLG>
<POR>
<DRECONTENT><![CDATA[<div class="porColContainerWBG"> <div class="porContentCol"><p>The grant provided partial support for three of Knight's graduate students.&nbsp; Rose Weisshaar and Rachael Alvir completed their PhD's.&nbsp; Grant Goodman left the program.&nbsp; Knight believes that it is valuable for students to have experience in collaborative research.&nbsp; All three of her students contributed to the paper ``Interpreting a field in its Heisenberg group.''&nbsp; The paper had further collaborators from the U.S., Russia, and Bulgaria.&nbsp;</p> <p>Both Weisshaar and Alvir had further collaborators.&nbsp; Weisshaar's research measured complexity of certain kinds of sets---generics of different kinds, theories of arithmetic, and ``omega-models'' of a weak version of set theory.&nbsp; Alvir's research focused on ``Scott complexity.''&nbsp; Some of her results are abstract---they apply to all structures.&nbsp; Other results concern specific kinds of structures, groups or linear orderings.&nbsp; Together with Dino Rossegger, she studied ``scattered'' linear orderings, giving sharp bounds on the Scott complexity in terms of the Hausdorff rank.&nbsp;</p> <p>Alvir helped Knight to mentor an undergraduate, Hannah Burchfield.&nbsp; Burchfield's senior thesis involved saying when there is an effective procedure that, given copies of two structures $A$ and $B$, but not told which is which, always gives a copy of $A$.&nbsp; Burchfield found some sufficient conditions.&nbsp; It seemed likely that for most pairs of structures, there is no such procedure, but it was difficult to produce an example.&nbsp; The project became joint.&nbsp; The example that we found involved two kinds of forcing.&nbsp; Burchfield thought of, and managed to prove, some very interesting lemmas toward this.&nbsp; &nbsp; &nbsp; &nbsp; &nbsp; &nbsp; &nbsp; &nbsp; &nbsp;</p> <p>A covid supplement provided partial support for further logic students at Notre Dame, and also for a postdoc, Ben Castle, whose plans had been derailed by Covid.&nbsp;&nbsp;</p><br> <p>            Last Modified: 07/18/2022<br>      Modified by: Julia&nbsp;F&nbsp;Knight</p> </div> <div class="porSideCol"></div> </div>]]></DRECONTENT>
<POR_COPY_TXT><![CDATA[ The grant provided partial support for three of Knight's graduate students.  Rose Weisshaar and Rachael Alvir completed their PhD's.  Grant Goodman left the program.  Knight believes that it is valuable for students to have experience in collaborative research.  All three of her students contributed to the paper ``Interpreting a field in its Heisenberg group.''  The paper had further collaborators from the U.S., Russia, and Bulgaria.   Both Weisshaar and Alvir had further collaborators.  Weisshaar's research measured complexity of certain kinds of sets---generics of different kinds, theories of arithmetic, and ``omega-models'' of a weak version of set theory.  Alvir's research focused on ``Scott complexity.''  Some of her results are abstract---they apply to all structures.  Other results concern specific kinds of structures, groups or linear orderings.  Together with Dino Rossegger, she studied ``scattered'' linear orderings, giving sharp bounds on the Scott complexity in terms of the Hausdorff rank.   Alvir helped Knight to mentor an undergraduate, Hannah Burchfield.  Burchfield's senior thesis involved saying when there is an effective procedure that, given copies of two structures $A$ and $B$, but not told which is which, always gives a copy of $A$.  Burchfield found some sufficient conditions.  It seemed likely that for most pairs of structures, there is no such procedure, but it was difficult to produce an example.  The project became joint.  The example that we found involved two kinds of forcing.  Burchfield thought of, and managed to prove, some very interesting lemmas toward this.                   A covid supplement provided partial support for further logic students at Notre Dame, and also for a postdoc, Ben Castle, whose plans had been derailed by Covid.         Last Modified: 07/18/2022       Submitted by: Julia F Knight]]></POR_COPY_TXT>
</POR>
</Award>
</rootTag>
