<?xml version="1.0" encoding="UTF-8"?>
<rootTag>
<Award>
<AwardTitle><![CDATA[Metal Catalyzed Methods for the Preparation of Organosilanes and Related Reactions]]></AwardTitle>
<AGENCY>NSF</AGENCY>
<AwardEffectiveDate>07/01/2018</AwardEffectiveDate>
<AwardExpirationDate>06/30/2022</AwardExpirationDate>
<AwardTotalIntnAmount>479676.00</AwardTotalIntnAmount>
<AwardAmount>479676</AwardAmount>
<AwardInstrument>
<Value>Standard Grant</Value>
</AwardInstrument>
<Organization>
<Code>03090000</Code>
<Directorate>
<Abbreviation>MPS</Abbreviation>
<LongName>Direct For Mathematical &amp; Physical Scien</LongName>
</Directorate>
<Division>
<Abbreviation>CHE</Abbreviation>
<LongName>Division Of Chemistry</LongName>
</Division>
</Organization>
<ProgramOfficer>
<SignBlockName>George Richter-Addo</SignBlockName>
<PO_EMAI>grichter@nsf.gov</PO_EMAI>
<PO_PHON>7032927528</PO_PHON>
</ProgramOfficer>
<AbstractNarration><![CDATA[This award from the Chemical Synthesis Program in the Division of Chemistry supports the work of Professor Donald A. Watson of the University of Delaware. Professor Watson is developing methods that allow for the synthesis of new organic molecules that contain silicon atoms. These types of molecules have broad application to both chemical synthesis and the development of consumer products such as plastics, non-stick coatings, and personal care products. The methodology being pursued by Professor Watson and his students is enabling the synthesis of these important products from simple, cheap, and readily available starting materials. Professor Watson is also developing an integrated undergraduate research program that provides students from underrepresented groups the opportunity to pursue cutting-edge chemical research. This program is allowing students to better connect with their field of study, offering them increased opportunities for mentorship, and developing their research skills so that they can excel in either graduate school or their future employment. In addition, Professor Watson and his research group are engaging in outreach activities that introduce preschool and early school age children to the chemical sciences. &lt;br/&gt;&lt;br/&gt;&lt;br/&gt;Professor Donald A Watson and his research group are examining the use of electrophilic silicon reagents (silyl halides and triflates) with carbon nucleophiles using nickel and palladium catalysis. The Watson group is seeking improved methods for the synthesis of hindered alkyl-, allyl-, and vinyl-silanes using straightforward cross-coupling approaches. The goal of this effort is to increase the scope of these transformations compared to known processes, increase reactivity though the design of new catalytic systems, and to explore the mechanisms of the transformations we develop. Professor Watson and his group are also exploring stereocontrol in these reactions using asymmetric catalysts. In total, this program is leading to new, powerful, and useful methods for organosilane synthesis.&lt;br/&gt;&lt;br/&gt;This award reflects NSF's statutory mission and has been deemed worthy of support through evaluation using the Foundation's intellectual merit and broader impacts review criteria.]]></AbstractNarration>
<MinAmdLetterDate>05/31/2018</MinAmdLetterDate>
<MaxAmdLetterDate>05/31/2018</MaxAmdLetterDate>
<ARRAAmount/>
<TRAN_TYPE>Grant</TRAN_TYPE>
<CFDA_NUM>47.049</CFDA_NUM>
<NSF_PAR_USE_FLAG>1</NSF_PAR_USE_FLAG>
<FUND_AGCY_CODE>4900</FUND_AGCY_CODE>
<AWDG_AGCY_CODE>4900</AWDG_AGCY_CODE>
<AwardID>1800011</AwardID>
<Investigator>
<FirstName>Donald</FirstName>
<LastName>Watson</LastName>
<PI_MID_INIT>A</PI_MID_INIT>
<PI_SUFX_NAME/>
<PI_FULL_NAME>Donald A Watson</PI_FULL_NAME>
<EmailAddress><![CDATA[dawatson@udel.edu]]></EmailAddress>
<NSF_ID>000596141</NSF_ID>
<StartDate>05/31/2018</StartDate>
<EndDate/>
<RoleCode>Principal Investigator</RoleCode>
</Investigator>
<Institution>
<Name><![CDATA[University of Delaware]]></Name>
<CityName>NEWARK</CityName>
<ZipCode>197160099</ZipCode>
<PhoneNumber>3028312136</PhoneNumber>
<StreetAddress><![CDATA[220 HULLIHEN HALL]]></StreetAddress>
<StreetAddress2/>
<CountryName>United States</CountryName>
<StateName>Delaware</StateName>
<StateCode>DE</StateCode>
<CONGRESSDISTRICT>00</CONGRESSDISTRICT>
<CONGRESS_DISTRICT_ORG>DE00</CONGRESS_DISTRICT_ORG>
<ORG_UEI_NUM>T72NHKM259N3</ORG_UEI_NUM>
<ORG_LGL_BUS_NAME>UNIVERSITY OF DELAWARE</ORG_LGL_BUS_NAME>
<ORG_PRNT_UEI_NUM/>
</Institution>
<Performance_Institution>
<Name><![CDATA[University of Delaware]]></Name>
<CityName/>
<StateCode>DE</StateCode>
<ZipCode>197162522</ZipCode>
<StreetAddress/>
<CountryCode>US</CountryCode>
<CountryName>United States</CountryName>
<StateName>Delaware</StateName>
<CountryFlag>1</CountryFlag>
<CONGRESSDISTRICT>00</CONGRESSDISTRICT>
<CONGRESS_DISTRICT_PERF>DE00</CONGRESS_DISTRICT_PERF>
</Performance_Institution>
<ProgramElement>
<Code>6878</Code>
<Text>Chemical Synthesis</Text>
</ProgramElement>
<ProgramReference>
<Code>8037</Code>
<Text>Advanced Manufacturing</Text>
</ProgramReference>
<ProgramReference>
<Code>8650</Code>
<Text>Sustainable Chemistry</Text>
</ProgramReference>
<ProgramReference>
<Code>9150</Code>
<Text>EXP PROG TO STIM COMP RES</Text>
</ProgramReference>
<Appropriation>
<Code>0118</Code>
<Name>NSF RESEARCH &amp; RELATED ACTIVIT</Name>
<APP_SYMB_ID>040100</APP_SYMB_ID>
</Appropriation>
<Fund>
<Code>01001819DB</Code>
<Name><![CDATA[NSF RESEARCH & RELATED ACTIVIT]]></Name>
<FUND_SYMB_ID>040100</FUND_SYMB_ID>
</Fund>
<FUND_OBLG>2018~479676</FUND_OBLG>
<POR>
<DRECONTENT><![CDATA[<div class="porColContainerWBG"> <div class="porContentCol"><p>This research program sought to advance the fundamental understanding of organosilicon chemistry by exploring and developing transition metal catalyzed transformations of silyl halides. With this award, we have been able to develop new ways to prepare cyclic organosilanes bearing alkene via the development of intramolecular cyclizations of unsaturated chlorosilanes using palladium catalysis. Likewise, we also discovered that internal alkynes can undergo silylation in a three-component reaction with silyl halides and organometallic nucleophiles to prepare both cis- and trans-vinyl silanes with outstanding control of the molecule geometry of the product. These later reactions are highly dependent on nature of the phosphine ligand that supports the metal catalyst.&nbsp;</p> <p>In related work, we showed for the first time that tetrasubstituted vinyl silanes can be cross-coupled to aryl halides without need for pre-activation of the silane. The key was the identification of 5-methylfurylsilanes, which we were also able to develop a method to prepare.&nbsp;</p> <p>In this project, we also developed new reactions for preparing organoboranes. First, we were able to show that 1,1-diborylalkenes could be prepared from simple terminal alkenes using boryl bromides and a palladium-catalyst. This was the first time that such a process was shown to work with both alpha olefins and styrenes using the same catalyst conditions. Finally, in collaboration with Prof. Tim Clark at University of San Diego, we were able to demonstrate ortho C-H borylation of aryl phosphonates using iridium catalysis.&nbsp;</p> <p>Overall, this research has advanced knowledge of how to prepare organo-boron and -silicon compounds, as well as uncovered new reactivity and understanding of transition metal catalysis.&nbsp;&nbsp;</p> <p>&nbsp;</p><br> <p>            Last Modified: 01/14/2023<br>      Modified by: Donald&nbsp;A&nbsp;Watson</p> </div> <div class="porSideCol"></div> </div>]]></DRECONTENT>
<POR_COPY_TXT><![CDATA[ This research program sought to advance the fundamental understanding of organosilicon chemistry by exploring and developing transition metal catalyzed transformations of silyl halides. With this award, we have been able to develop new ways to prepare cyclic organosilanes bearing alkene via the development of intramolecular cyclizations of unsaturated chlorosilanes using palladium catalysis. Likewise, we also discovered that internal alkynes can undergo silylation in a three-component reaction with silyl halides and organometallic nucleophiles to prepare both cis- and trans-vinyl silanes with outstanding control of the molecule geometry of the product. These later reactions are highly dependent on nature of the phosphine ligand that supports the metal catalyst.   In related work, we showed for the first time that tetrasubstituted vinyl silanes can be cross-coupled to aryl halides without need for pre-activation of the silane. The key was the identification of 5-methylfurylsilanes, which we were also able to develop a method to prepare.   In this project, we also developed new reactions for preparing organoboranes. First, we were able to show that 1,1-diborylalkenes could be prepared from simple terminal alkenes using boryl bromides and a palladium-catalyst. This was the first time that such a process was shown to work with both alpha olefins and styrenes using the same catalyst conditions. Finally, in collaboration with Prof. Tim Clark at University of San Diego, we were able to demonstrate ortho C-H borylation of aryl phosphonates using iridium catalysis.   Overall, this research has advanced knowledge of how to prepare organo-boron and -silicon compounds, as well as uncovered new reactivity and understanding of transition metal catalysis.            Last Modified: 01/14/2023       Submitted by: Donald A Watson]]></POR_COPY_TXT>
</POR>
</Award>
</rootTag>
