<?xml version="1.0" encoding="UTF-8"?>
<rootTag>
<Award>
<AwardTitle><![CDATA[Development of New Catalytic Reactions for the Synthesis of Natural Products]]></AwardTitle>
<AGENCY>NSF</AGENCY>
<AwardEffectiveDate>06/15/2018</AwardEffectiveDate>
<AwardExpirationDate>01/31/2022</AwardExpirationDate>
<AwardTotalIntnAmount>450000.00</AwardTotalIntnAmount>
<AwardAmount>473200</AwardAmount>
<AwardInstrument>
<Value>Continuing Grant</Value>
</AwardInstrument>
<Organization>
<Code>03090000</Code>
<Directorate>
<Abbreviation>MPS</Abbreviation>
<LongName>Direct For Mathematical &amp; Physical Scien</LongName>
</Directorate>
<Division>
<Abbreviation>CHE</Abbreviation>
<LongName>Division Of Chemistry</LongName>
</Division>
</Organization>
<ProgramOfficer>
<SignBlockName>Jin Cha</SignBlockName>
<PO_EMAI/>
<PO_PHON/>
</ProgramOfficer>
<AbstractNarration><![CDATA[Chemical synthesis plays an important and often rate-limiting role in the fields of molecular medicine, agrochemicals, flavors and fragrances, and materials science. The development and application of new, selective, and efficient processes for the synthesis of functional molecules is therefore a fundamental area of research with broad societal impact. Dr. Sarah Reisman's research funded by this award is investigating new catalytic reactions as key carbon-carbon bond constructions for the synthesis of complex molecules with improved efficiency using the inexpensive and abundant metal, nickel. The research team is developing new reactions that couple different reaction partners as strategic steps in the synthesis of biologically active molecules. These investigations are providing more efficient and sustainable access to molecules with applications in medicine and agrochemicals. Dr. Reisman is engaged in outreach activities focused on improving curriculum for science, technology, engineering and mathematics (STEM) education in the Pasadena Unified School District, with a specific interest in encouraging young women to pursue STEM careers. &lt;br/&gt;&lt;br/&gt;With funding from the Chemical Synthesis Program of the Chemistry Division, Dr. Sarah Reisman at the California Institute of Technology is developing Ni-catalyzed cross-electrophile coupling (CEC) reactions as strategic reactions for natural product total synthesis. Advances in the synthesis of structurally complex, functional molecules are driven by the development of new synthetic methods to prepare carbon-carbon and carbon-heteroatom bonds, and the incorporation of these methods into increasingly sophisticated synthetic strategies. Dr. Reisman and her research team are developing new Ni-catalyzed double asymmetric reductive alkenylation reactions to prepare macrocycles, and Ni-catalyzed convergent fragment coupling reactions to prepare diterpenoid natural products. This research is contributing fundamental studies of Ni-catalyzed cross- electrophile coupling reactions, and demonstrating how Ni-catalyzed C(sp2)-C(sp3) bond constructions can be incorporated into synthetic strategy. In partnership with the Caltech Center for Teaching, Learning, and Outreach and the Community Science Academy, Dr. Reisman is developing organic chemistry experiments to enhance high school science curriculum in the Pasadena Unified School District (PUSD).&lt;br/&gt;&lt;br/&gt;This award reflects NSF's statutory mission and has been deemed worthy of support through evaluation using the Foundation's intellectual merit and broader impacts review criteria.]]></AbstractNarration>
<MinAmdLetterDate>06/12/2018</MinAmdLetterDate>
<MaxAmdLetterDate>07/15/2021</MaxAmdLetterDate>
<ARRAAmount/>
<TRAN_TYPE>Grant</TRAN_TYPE>
<CFDA_NUM>47.049</CFDA_NUM>
<NSF_PAR_USE_FLAG>1</NSF_PAR_USE_FLAG>
<FUND_AGCY_CODE>4900</FUND_AGCY_CODE>
<AWDG_AGCY_CODE>4900</AWDG_AGCY_CODE>
<AwardID>1800536</AwardID>
<Investigator>
<FirstName>Sarah</FirstName>
<LastName>Reisman</LastName>
<PI_MID_INIT>E</PI_MID_INIT>
<PI_SUFX_NAME/>
<PI_FULL_NAME>Sarah E Reisman</PI_FULL_NAME>
<EmailAddress><![CDATA[reisman@caltech.edu]]></EmailAddress>
<NSF_ID>000537586</NSF_ID>
<StartDate>06/12/2018</StartDate>
<EndDate/>
<RoleCode>Principal Investigator</RoleCode>
</Investigator>
<Institution>
<Name>California Institute of Technology</Name>
<CityName>PASADENA</CityName>
<ZipCode>911250001</ZipCode>
<PhoneNumber>6263956219</PhoneNumber>
<StreetAddress>1200 E CALIFORNIA BLVD</StreetAddress>
<StreetAddress2/>
<CountryName>United States</CountryName>
<StateName>California</StateName>
<StateCode>CA</StateCode>
<CONGRESSDISTRICT>28</CONGRESSDISTRICT>
<CONGRESS_DISTRICT_ORG>CA28</CONGRESS_DISTRICT_ORG>
<ORG_UEI_NUM>U2JMKHNS5TG4</ORG_UEI_NUM>
<ORG_LGL_BUS_NAME>CALIFORNIA INSTITUTE OF TECHNOLOGY</ORG_LGL_BUS_NAME>
<ORG_PRNT_UEI_NUM/>
</Institution>
<Performance_Institution>
<Name><![CDATA[California Institute of Technology]]></Name>
<CityName>PASADENA</CityName>
<StateCode>CA</StateCode>
<ZipCode>911250001</ZipCode>
<StreetAddress><![CDATA[Mail Code 101-20]]></StreetAddress>
<CountryCode>US</CountryCode>
<CountryName>United States</CountryName>
<StateName>California</StateName>
<CountryFlag>1</CountryFlag>
<CONGRESSDISTRICT>28</CONGRESSDISTRICT>
<CONGRESS_DISTRICT_PERF>CA28</CONGRESS_DISTRICT_PERF>
</Performance_Institution>
<ProgramElement>
<Code>6878</Code>
<Text>Chemical Synthesis</Text>
</ProgramElement>
<ProgramReference>
<Code>102Z</Code>
<Text>COVID-Disproportionate Impcts Inst-Indiv</Text>
</ProgramReference>
<ProgramReference>
<Code>8037</Code>
<Text>Advanced Manufacturing</Text>
</ProgramReference>
<ProgramReference>
<Code>8676</Code>
<Text>Critical Elements</Text>
</ProgramReference>
<Appropriation>
<Code>0118</Code>
<Name>NSF RESEARCH &amp; RELATED ACTIVIT</Name>
<APP_SYMB_ID>040100</APP_SYMB_ID>
</Appropriation>
<Appropriation>
<Code>0119</Code>
<Name>NSF RESEARCH &amp; RELATED ACTIVIT</Name>
<APP_SYMB_ID>040100</APP_SYMB_ID>
</Appropriation>
<Appropriation>
<Code>0121</Code>
<Name>NSF RESEARCH &amp; RELATED ACTIVIT</Name>
<APP_SYMB_ID>040100</APP_SYMB_ID>
</Appropriation>
<Fund>
<Code>01001819DB</Code>
<Name><![CDATA[NSF RESEARCH & RELATED ACTIVIT]]></Name>
<FUND_SYMB_ID>040100</FUND_SYMB_ID>
</Fund>
<Fund>
<Code>01001920DB</Code>
<Name><![CDATA[NSF RESEARCH & RELATED ACTIVIT]]></Name>
<FUND_SYMB_ID>040100</FUND_SYMB_ID>
</Fund>
<Fund>
<Code>01002122DB</Code>
<Name><![CDATA[NSF RESEARCH & RELATED ACTIVIT]]></Name>
<FUND_SYMB_ID>040100</FUND_SYMB_ID>
</Fund>
<FUND_OBLG>2018~300000</FUND_OBLG>
<FUND_OBLG>2019~150000</FUND_OBLG>
<FUND_OBLG>2021~23200</FUND_OBLG>
<POR>
<DRECONTENT><![CDATA[<div class="porColContainerWBG"> <div class="porContentCol"><p>This award to Sarah Reisman at the California Institute of Technology supported studies aimed at inventing new chemical reactions to enable the chemical synthesis of complex molecules. The invention of new chemical reactions is important to any field that requires the synthesis of organic molecules, including medicine, biology, agrochemistry, and materials science. This award resulted in the discovery of a new reaction that uses a Pd catalyst to sequentially form carbon&ndash;carbon and carbon&ndash;nitrogen bonds, giving products with a core structure found in biologically active compounds. A second project identified conditions that use a Ni catalyst to form a challenging carbon&ndash;carbon bond that connects two rings. These studies applied this reaction toward the synthesis of a natural product that has been challenging to prepare by other methods. These foundational studies provide new synthetic tools that can be applied in broad contexts beyond the scope of the projects investigated in this three-year project.</p> <p>This award helped support the research activities of six PhD students. Three PhD students completed their studies: two obtained positions in the pharmaceutical industry as medicinal chemists, and the third obtained a position at a consulting firm. Three graduate students are continuing research towards their PhD degrees and are on track to complete their studies. This award supported a number of outreach activities aimed at recruiting female and under-represented minority (URM) students into STEM fields. These activities included 1) graduate students visiting an LAUSD high-school to talk with students about the connection between chemistry and medicine, 2) the PI speaking to participants in the Summer Research Connection about careers in science, 3) the PI speaking with Women in Chemistry organizations at several universities and conferences, 4) the PI serving as a co-founder of the Empowering Women in Organic Chemistry SoCal Chapter and co-hosting several virtual events that support female early career researchers.</p> <p>&nbsp;</p> <p>&nbsp;</p> <p>&nbsp;</p><br> <p>            Last Modified: 05/31/2022<br>      Modified by: Sarah&nbsp;E&nbsp;Reisman</p> </div> <div class="porSideCol"></div> </div>]]></DRECONTENT>
<POR_COPY_TXT><![CDATA[ This award to Sarah Reisman at the California Institute of Technology supported studies aimed at inventing new chemical reactions to enable the chemical synthesis of complex molecules. The invention of new chemical reactions is important to any field that requires the synthesis of organic molecules, including medicine, biology, agrochemistry, and materials science. This award resulted in the discovery of a new reaction that uses a Pd catalyst to sequentially form carbon&ndash;carbon and carbon&ndash;nitrogen bonds, giving products with a core structure found in biologically active compounds. A second project identified conditions that use a Ni catalyst to form a challenging carbon&ndash;carbon bond that connects two rings. These studies applied this reaction toward the synthesis of a natural product that has been challenging to prepare by other methods. These foundational studies provide new synthetic tools that can be applied in broad contexts beyond the scope of the projects investigated in this three-year project.  This award helped support the research activities of six PhD students. Three PhD students completed their studies: two obtained positions in the pharmaceutical industry as medicinal chemists, and the third obtained a position at a consulting firm. Three graduate students are continuing research towards their PhD degrees and are on track to complete their studies. This award supported a number of outreach activities aimed at recruiting female and under-represented minority (URM) students into STEM fields. These activities included 1) graduate students visiting an LAUSD high-school to talk with students about the connection between chemistry and medicine, 2) the PI speaking to participants in the Summer Research Connection about careers in science, 3) the PI speaking with Women in Chemistry organizations at several universities and conferences, 4) the PI serving as a co-founder of the Empowering Women in Organic Chemistry SoCal Chapter and co-hosting several virtual events that support female early career researchers.                Last Modified: 05/31/2022       Submitted by: Sarah E Reisman]]></POR_COPY_TXT>
</POR>
</Award>
</rootTag>
