<?xml version="1.0" encoding="UTF-8"?>
<rootTag>
<Award>
<AwardTitle><![CDATA[Synthetic Methods to Access Aromatic Molecular Belts]]></AwardTitle>
<AGENCY>NSF</AGENCY>
<AwardEffectiveDate>08/01/2018</AwardEffectiveDate>
<AwardExpirationDate>07/31/2021</AwardExpirationDate>
<AwardTotalIntnAmount>450000.00</AwardTotalIntnAmount>
<AwardAmount>450000</AwardAmount>
<AwardInstrument>
<Value>Standard Grant</Value>
</AwardInstrument>
<Organization>
<Code>03090000</Code>
<Directorate>
<Abbreviation>MPS</Abbreviation>
<LongName>Direct For Mathematical &amp; Physical Scien</LongName>
</Directorate>
<Division>
<Abbreviation>CHE</Abbreviation>
<LongName>Division Of Chemistry</LongName>
</Division>
</Organization>
<ProgramOfficer>
<SignBlockName>Jin Cha</SignBlockName>
<PO_EMAI/>
<PO_PHON/>
</ProgramOfficer>
<AbstractNarration><![CDATA[The Chemical Synthesis Program of the Chemistry Division supports the project by Professor Ramesh Jasti. Professor Jasti is a faculty member in the Department of Chemistry and Biochemistry at the University of Oregon.  The research being pursued is developing new synthetic methods and strategies to access a wide array of aromatic molecular ?belts?, structures that have eluded synthesis for decades. These targets are of fundamental interest for their structural, photophysical and electronic properties, supramolecular chemistry, as well as their potential to lead to the uniform synthesis of carbon nanotubes (CNTs). This research program, deeply rooted in organic synthesis and new synthetic methods, is also relevant to the fields of materials science, biology, and physics. The PI?s choice of challenging synthetic targets provides graduate and undergraduate students with a thorough background in synthetic organic strategy, methodology development, and reaction mechanism. In addition, these targets provide students with opportunities to collaborate with physicists, engineers, and theorists to measure, utilize, and understand the physical properties of the newly created nanomaterials.  &lt;br/&gt;&lt;br/&gt;Molecules with radially oriented pi-systems have been appreciated by chemists for decades, but have recently undergone a renaissance in that new developments in synthetic methodology have rendered what were previously mostly theoretical curiosities into now accessible structures. In this project, the Jasti research group aims to push the synthetic boundaries to the next logical class of structures in this intriguing field ? aromatic molecular belts. These structures are also molecules with radially oriented pi systems, but they are distinguished from their predecessors by the presence of upper and lower edges that are conjugated but never coincide. As opposed to the rotational freedom associated with previous structures in this class, these molecules are rigid and conformationally locked, features that are anticipated to lead to new optoelectronic and host-guest properties. In addition, these aromatic belt compounds are envisioned as suitable templates for chemical vapor deposition or Diels-Alder growth of carbon nanotubes, thus potentially leading to single chirality CNTs. The PI also partners with the UO Summer Science program to provide educational experiences that highlight interdisciplinary research and hands-on science to groups of students that are traditionally underserved in the state of Oregon.&lt;br/&gt;&lt;br/&gt;This award reflects NSF's statutory mission and has been deemed worthy of support through evaluation using the Foundation's intellectual merit and broader impacts review criteria.]]></AbstractNarration>
<MinAmdLetterDate>06/06/2018</MinAmdLetterDate>
<MaxAmdLetterDate>06/06/2018</MaxAmdLetterDate>
<ARRAAmount/>
<TRAN_TYPE>Grant</TRAN_TYPE>
<CFDA_NUM>47.049</CFDA_NUM>
<NSF_PAR_USE_FLAG>1</NSF_PAR_USE_FLAG>
<FUND_AGCY_CODE>4900</FUND_AGCY_CODE>
<AWDG_AGCY_CODE>4900</AWDG_AGCY_CODE>
<AwardID>1800586</AwardID>
<Investigator>
<FirstName>Ramesh</FirstName>
<LastName>Jasti</LastName>
<PI_MID_INIT/>
<PI_SUFX_NAME/>
<PI_FULL_NAME>Ramesh Jasti</PI_FULL_NAME>
<EmailAddress><![CDATA[rjasti@uoregon.edu]]></EmailAddress>
<NSF_ID>000528990</NSF_ID>
<StartDate>06/06/2018</StartDate>
<EndDate/>
<RoleCode>Principal Investigator</RoleCode>
</Investigator>
<Institution>
<Name>University of Oregon Eugene</Name>
<CityName>EUGENE</CityName>
<ZipCode>974031905</ZipCode>
<PhoneNumber>5413465131</PhoneNumber>
<StreetAddress>1776 E 13TH AVE</StreetAddress>
<StreetAddress2/>
<CountryName>United States</CountryName>
<StateName>Oregon</StateName>
<StateCode>OR</StateCode>
<CONGRESSDISTRICT>04</CONGRESSDISTRICT>
<CONGRESS_DISTRICT_ORG>OR04</CONGRESS_DISTRICT_ORG>
<ORG_UEI_NUM>Z3FGN9MF92U2</ORG_UEI_NUM>
<ORG_LGL_BUS_NAME>UNIVERSITY OF OREGON</ORG_LGL_BUS_NAME>
<ORG_PRNT_UEI_NUM>Z3FGN9MF92U2</ORG_PRNT_UEI_NUM>
</Institution>
<Performance_Institution>
<Name><![CDATA[University of Oregon Eugene]]></Name>
<CityName>Eugene</CityName>
<StateCode>OR</StateCode>
<ZipCode>974031253</ZipCode>
<StreetAddress><![CDATA[1253 University of Oregon]]></StreetAddress>
<CountryCode>US</CountryCode>
<CountryName>United States</CountryName>
<StateName>Oregon</StateName>
<CountryFlag>1</CountryFlag>
<CONGRESSDISTRICT>04</CONGRESSDISTRICT>
<CONGRESS_DISTRICT_PERF>OR04</CONGRESS_DISTRICT_PERF>
</Performance_Institution>
<ProgramElement>
<Code>6878</Code>
<Text>Chemical Synthesis</Text>
</ProgramElement>
<ProgramReference>
<Code>7237</Code>
<Text>NANO NON-SOLIC SCI &amp; ENG AWD</Text>
</ProgramReference>
<ProgramReference>
<Code>8037</Code>
<Text>Advanced Manufacturing</Text>
</ProgramReference>
<Appropriation>
<Code>0118</Code>
<Name>NSF RESEARCH &amp; RELATED ACTIVIT</Name>
<APP_SYMB_ID>040100</APP_SYMB_ID>
</Appropriation>
<Fund>
<Code>01001819DB</Code>
<Name><![CDATA[NSF RESEARCH & RELATED ACTIVIT]]></Name>
<FUND_SYMB_ID>040100</FUND_SYMB_ID>
</Fund>
<FUND_OBLG>2018~450000</FUND_OBLG>
<POR>
<DRECONTENT><![CDATA[<div class="porColContainerWBG"> <div class="porContentCol"><p><span>Carbon nanotubes (CNTs) have remarkable properties that depend upon their exact diameter and atomic arrangement.&nbsp; For example, some carbon nanotubes can be metallic with conductivities far superior to copper, whereas other carbon nanotubes can behave like semiconductors with varying band gaps depending on the exact structure.&nbsp; Therefore, controlling the precise structure of carbon nanotubes is essential to realizing their possible applications.</span></p> <p><span>The Jasti group approach to this problem is to use organic synthesis to prepare short fragments of carbon nanotubes and then study the structure-property relationships of these unusual pi-conjugated molecules.&nbsp; The ?bottom-up? precision synthesis allows for the probing of properties of the structures in an unprecedented manner.&nbsp;&nbsp;In this grant period, one of the main goals of the project was to extend these nanohoop structures along the long axis of the CNT. In other words, we aimed to synthesize larger fragments of carbon nanotubes using functionalized versions of cycloparaphenylenes.&nbsp;&nbsp; With this in mind, we developed two new methods in which functionalized CPPs undergo late stage reactions that then would convert a CPP into a larger pi-extended CNT fragment.&nbsp; We also surmised that the development of methods to prepare functionalized CPPs would also allow for investigations of these structures for various applications.&nbsp;&nbsp;For example, the functionalization of the CPPs allowed for the first water-soluble versions of these structures to be made and allowed for their use in biological imaging.&nbsp;&nbsp;Moreover, our investigations into nitrogen-doped nanohoops also allowed for us to investigate their use as new types of non-innocent ligands.&nbsp;&nbsp;</span></p> <p><span>From a broader impacts perspective, one of the central missions of this grant was to provide educational experiences that bring interdisciplinary science and nanoscience to a broad range of students. Over the course of the grant period, seven graduate students worked on the proposal (to varying degrees) and have gone on to receive their PhDs.&nbsp; A total of five undergraduates have also worked on various aspects of this proposal. Finally, as is the case for many target-oriented synthesis endeavors, one of the goals of our work was to develop synthetic methods and strategies that could be applied by us and others more broadly than the initial targets. We also anticipated that the chosen targets, conjugated molecules with unique geometric structure, would lead to new optoelectronic properties and applications. Numerous research groups all over the world have utilized our methods to prepare nanohoop-like structures and other nonplanar aromatics with unprecedented properties. CPPs and their derivatives are being widely studied across many fields including coordination chemistry, supramolecular chemistry, theoretical chemistry, photophysics, and most recently, biology. The synthetic strategies and methods developed under the mission of this proposal will continue to have widespread impact on a variety of allied disciplines.</span></p> <p>&nbsp;</p><br> <p>            Last Modified: 11/29/2021<br>      Modified by: Ramesh&nbsp;Jasti</p> </div> <div class="porSideCol"></div> </div>]]></DRECONTENT>
<POR_COPY_TXT><![CDATA[ Carbon nanotubes (CNTs) have remarkable properties that depend upon their exact diameter and atomic arrangement.  For example, some carbon nanotubes can be metallic with conductivities far superior to copper, whereas other carbon nanotubes can behave like semiconductors with varying band gaps depending on the exact structure.  Therefore, controlling the precise structure of carbon nanotubes is essential to realizing their possible applications.  The Jasti group approach to this problem is to use organic synthesis to prepare short fragments of carbon nanotubes and then study the structure-property relationships of these unusual pi-conjugated molecules.  The ?bottom-up? precision synthesis allows for the probing of properties of the structures in an unprecedented manner.  In this grant period, one of the main goals of the project was to extend these nanohoop structures along the long axis of the CNT. In other words, we aimed to synthesize larger fragments of carbon nanotubes using functionalized versions of cycloparaphenylenes.   With this in mind, we developed two new methods in which functionalized CPPs undergo late stage reactions that then would convert a CPP into a larger pi-extended CNT fragment.  We also surmised that the development of methods to prepare functionalized CPPs would also allow for investigations of these structures for various applications.  For example, the functionalization of the CPPs allowed for the first water-soluble versions of these structures to be made and allowed for their use in biological imaging.  Moreover, our investigations into nitrogen-doped nanohoops also allowed for us to investigate their use as new types of non-innocent ligands.    From a broader impacts perspective, one of the central missions of this grant was to provide educational experiences that bring interdisciplinary science and nanoscience to a broad range of students. Over the course of the grant period, seven graduate students worked on the proposal (to varying degrees) and have gone on to receive their PhDs.  A total of five undergraduates have also worked on various aspects of this proposal. Finally, as is the case for many target-oriented synthesis endeavors, one of the goals of our work was to develop synthetic methods and strategies that could be applied by us and others more broadly than the initial targets. We also anticipated that the chosen targets, conjugated molecules with unique geometric structure, would lead to new optoelectronic properties and applications. Numerous research groups all over the world have utilized our methods to prepare nanohoop-like structures and other nonplanar aromatics with unprecedented properties. CPPs and their derivatives are being widely studied across many fields including coordination chemistry, supramolecular chemistry, theoretical chemistry, photophysics, and most recently, biology. The synthetic strategies and methods developed under the mission of this proposal will continue to have widespread impact on a variety of allied disciplines.          Last Modified: 11/29/2021       Submitted by: Ramesh Jasti]]></POR_COPY_TXT>
</POR>
</Award>
</rootTag>
