<?xml version="1.0" encoding="UTF-8"?>
<rootTag>
<Award>
<AwardTitle><![CDATA[Probing catalyst-support interactions via experiment and theory]]></AwardTitle>
<AGENCY>NSF</AGENCY>
<AwardEffectiveDate>09/01/2018</AwardEffectiveDate>
<AwardExpirationDate>08/31/2022</AwardExpirationDate>
<AwardTotalIntnAmount>435203.00</AwardTotalIntnAmount>
<AwardAmount>448748</AwardAmount>
<AwardInstrument>
<Value>Standard Grant</Value>
</AwardInstrument>
<Organization>
<Code>03090000</Code>
<Directorate>
<Abbreviation>MPS</Abbreviation>
<LongName>Direct For Mathematical &amp; Physical Scien</LongName>
</Directorate>
<Division>
<Abbreviation>CHE</Abbreviation>
<LongName>Division Of Chemistry</LongName>
</Division>
</Organization>
<ProgramOfficer>
<SignBlockName>Kenneth Moloy</SignBlockName>
<PO_EMAI>kmoloy@nsf.gov</PO_EMAI>
<PO_PHON>7032928441</PO_PHON>
</ProgramOfficer>
<AbstractNarration><![CDATA[Industrial catalysts often use precious metal nanoparticles on supporting surfaces to speed up a wide range of chemical reactions that are important in the chemical industry. Carbon-based materials that contains small amounts of nitrogen represent a class of materials for catalyst supports that offer an opportunity to improve the performance of current nanoparticle catalysts. Scientists do not yet  understand the fundamental interactions between the nanoparticle catalysts and these nitrogen-doped carbon supports. In this project, the research groups of Dr. Svitlana Pylypenko and Dr. Shubham Vyas of the Colorado School of Mines are using both targeted experiments and chemical computations to improve the interaction between nanoparticle catalysts and these nitrogen-doped carbon supports. Their results may produce less expensive and more earth-abundant catalysts while improving the yield of the desired product (no by-products). Drs. Pylypenko and Vyas are engaged in a multi-level outreach and educational program that involves K-12 students and teachers, as well as undergraduate and graduate researchers. Their recent developments blending experimental and computational approaches are discussed during a distinctive summer field session at the Colorado School of Mines. The insights gained by this research may advance the improve the performance of a wide range of catalytic applications that are vital to the chemical industry and domestic economy.&lt;br/&gt;&lt;br/&gt;With funding from the Chemical Catalysis Program of the Chemistry Division, Drs. Pylypenko and Vyas are developing a fundamental understanding of catalyst-support interactions by investigating nanoparticle catalysts supported on nitrogen-doped carbons. Despite abundant reports of the advantageous impact of nitrogen functional groups on catalyst nucleation, stability, and, in some instances, catalytic activity, the underlying phenomena associated with catalyst-support interactions for these systems has not yet been elucidated - mainly due to the overall complexity of the system.  The team is using a synergistic approach that includes electronic structure calculations, controlled synthesis with targeted composition and morphology, and advanced ex situ and in situ characterization to decrease the cost of metal catalysts, reduce national dependence on precious metals, and lower the environmental impact associated with mining and processing.&lt;br/&gt;&lt;br/&gt;This award reflects NSF's statutory mission and has been deemed worthy of support through evaluation using the Foundation's intellectual merit and broader impacts review criteria.]]></AbstractNarration>
<MinAmdLetterDate>07/19/2018</MinAmdLetterDate>
<MaxAmdLetterDate>07/08/2019</MaxAmdLetterDate>
<ARRAAmount/>
<TRAN_TYPE>Grant</TRAN_TYPE>
<CFDA_NUM>47.049</CFDA_NUM>
<NSF_PAR_USE_FLAG>1</NSF_PAR_USE_FLAG>
<FUND_AGCY_CODE>4900</FUND_AGCY_CODE>
<AWDG_AGCY_CODE>4900</AWDG_AGCY_CODE>
<AwardID>1800585</AwardID>
<Investigator>
<FirstName>Svitlana</FirstName>
<LastName>Pylypenko</LastName>
<PI_MID_INIT/>
<PI_SUFX_NAME/>
<PI_FULL_NAME>Svitlana Pylypenko</PI_FULL_NAME>
<EmailAddress><![CDATA[spylypen@mines.edu]]></EmailAddress>
<NSF_ID>000664916</NSF_ID>
<StartDate>07/19/2018</StartDate>
<EndDate/>
<RoleCode>Principal Investigator</RoleCode>
</Investigator>
<Investigator>
<FirstName>Shubham</FirstName>
<LastName>Vyas</LastName>
<PI_MID_INIT/>
<PI_SUFX_NAME/>
<PI_FULL_NAME>Shubham Vyas</PI_FULL_NAME>
<EmailAddress><![CDATA[svyas@mines.edu]]></EmailAddress>
<NSF_ID>000675886</NSF_ID>
<StartDate>07/19/2018</StartDate>
<EndDate/>
<RoleCode>Co-Principal Investigator</RoleCode>
</Investigator>
<Institution>
<Name><![CDATA[Colorado School of Mines]]></Name>
<CityName>GOLDEN</CityName>
<ZipCode>804011887</ZipCode>
<PhoneNumber>3032733000</PhoneNumber>
<StreetAddress><![CDATA[1500 ILLINOIS ST]]></StreetAddress>
<StreetAddress2/>
<CountryName>United States</CountryName>
<StateName>Colorado</StateName>
<StateCode>CO</StateCode>
<CONGRESSDISTRICT>07</CONGRESSDISTRICT>
<CONGRESS_DISTRICT_ORG>CO07</CONGRESS_DISTRICT_ORG>
<ORG_UEI_NUM>JW2NGMP4NMA3</ORG_UEI_NUM>
<ORG_LGL_BUS_NAME>TRUSTEES OF THE COLORADO SCHOOL OF MINES</ORG_LGL_BUS_NAME>
<ORG_PRNT_UEI_NUM>JW2NGMP4NMA3</ORG_PRNT_UEI_NUM>
</Institution>
<Performance_Institution>
<Name><![CDATA[Colorado School of Mines]]></Name>
<CityName>Golden</CityName>
<StateCode>CO</StateCode>
<ZipCode>804011887</ZipCode>
<StreetAddress><![CDATA[1500 Illinois Street]]></StreetAddress>
<CountryCode>US</CountryCode>
<CountryName>United States</CountryName>
<StateName>Colorado</StateName>
<CountryFlag>1</CountryFlag>
<CONGRESSDISTRICT>07</CONGRESSDISTRICT>
<CONGRESS_DISTRICT_PERF>CO07</CONGRESS_DISTRICT_PERF>
</Performance_Institution>
<ProgramElement>
<Code>6884</Code>
<Text>Chemical Catalysis</Text>
</ProgramElement>
<ProgramReference>
<Code>7237</Code>
<Text>NANO NON-SOLIC SCI &amp; ENG AWD</Text>
</ProgramReference>
<ProgramReference>
<Code>8037</Code>
<Text>Advanced Manufacturing</Text>
</ProgramReference>
<ProgramReference>
<Code>9263</Code>
<Text>COMPUTATIONAL SCIENCE &amp; ENGING</Text>
</ProgramReference>
<Appropriation>
<Code>0118</Code>
<Name>NSF RESEARCH &amp; RELATED ACTIVIT</Name>
<APP_SYMB_ID>040100</APP_SYMB_ID>
</Appropriation>
<Appropriation>
<Code>0119</Code>
<Name>NSF RESEARCH &amp; RELATED ACTIVIT</Name>
<APP_SYMB_ID>040100</APP_SYMB_ID>
</Appropriation>
<Fund>
<Code>01001819DB</Code>
<Name><![CDATA[NSF RESEARCH & RELATED ACTIVIT]]></Name>
<FUND_SYMB_ID>040100</FUND_SYMB_ID>
</Fund>
<Fund>
<Code>01001920DB</Code>
<Name><![CDATA[NSF RESEARCH & RELATED ACTIVIT]]></Name>
<FUND_SYMB_ID>040100</FUND_SYMB_ID>
</Fund>
<FUND_OBLG>2018~435203</FUND_OBLG>
<FUND_OBLG>2019~13545</FUND_OBLG>
<POR>
<DRECONTENT><![CDATA[<div class="porColContainerWBG"> <div class="porContentCol"><p>Functionalized carbon nanostructures have attracted significant interest for a myriad of catalytic reactions in energy applications.&nbsp; The fundamental understanding of these materials is limited due to the challenges in identifying chemical speciation and distribution of different functionalities within a carbon support and relating them to performance. The objective of the project was to conduct a systematic investigation of the parameter space associated with carbon supports functionalized with nitrogen dopants and their effect on catalyst-support interactions using synergistic computational and experimental efforts. We have synthesized and characterized a carefully selected series of N-doped carbons, as well as N-doped carbons functionalized with metal.&nbsp; Transmission electron microscopy (TEM), energy dispersive X-ray spectroscopy (EDS), and X-ray photoelectron spectroscopy (XPS) were instrumental in verifying the morphology of the materials, 2D spatial distribution of nitrogen heteroatoms, and the chemical distribution of nitrogen functionalities. Variable energy XPS was used to demonstrate that certain nitrogen functionalities were more surface enriched than others. Opportunities and challenges of 3D characterization of N-doped carbon materials with atom probe tomography (APT) were considered and included both sample preparation and analysis of data. Next, we have investigated catalyst-support interactions as a function of electronic structure of metal by varying valence shell electrons and location of the valence shell and have studied the effect of functionality of nitrogen groups and their quantity on nucleation and stability of metal. Specifically, we computationally examined location of metal adsorption and the electronic structure of metals for a series of 12 transition metals located in groups 8-11 and periods 4-6 over various graphene models with graphitic and pyridinic nitrogen defects. Nitrogen was shown to improve the metal-support interactions promoting electronic rearrangements that increased adsorption, and trends between metals from different groups were identified. Down selected systems were investigated experimentally with STEM-EDS confirming enhanced interactions demonstrating that nature of the defect influences the metal-support interactions. Finally, through high throughput machine-learning-based imaging analysis paired with identical location microscopy we gained mechanistic insights into effects of N functionalities onto the dispersion and stability of externally grown metal nanoparticles, using Pt nanoparticles as a model system. The computational and experimental framework established in this project can be expanded to other dopants and metals to further study catalyst-support interactions for a variety of catalytic applications. Graduate students who worked on this project successfully completed their Ph.D. &nbsp;degrees. Several undergraduate students obtained training under this project, and some went onto pursue graduate studies. Most of undergraduate students exposed to research under this project came from underrepresented groups.&nbsp; The results of this work have been disseminated through publications and participation in scientific conferences. PIs contributed to the training of high school teachers through involvement in the Science Educators Workshop (SEW), a two-day workshop for high school science teachers offered annually during the AVS International Symposium and Exhibition, and education of K-5 students through the Summer Camp for Dyslexic Kids. PI also served as the faculty adviser of the Mines AVS student chapter, which allows local students to further their education, professional development and outreach efforts through various activities conducted throughout the year.&nbsp;&nbsp;</p> <p>&nbsp;</p><br> <p>            Last Modified: 01/06/2023<br>      Modified by: Svitlana&nbsp;Pylypenko</p> </div> <div class="porSideCol"></div> </div>]]></DRECONTENT>
<POR_COPY_TXT><![CDATA[ Functionalized carbon nanostructures have attracted significant interest for a myriad of catalytic reactions in energy applications.  The fundamental understanding of these materials is limited due to the challenges in identifying chemical speciation and distribution of different functionalities within a carbon support and relating them to performance. The objective of the project was to conduct a systematic investigation of the parameter space associated with carbon supports functionalized with nitrogen dopants and their effect on catalyst-support interactions using synergistic computational and experimental efforts. We have synthesized and characterized a carefully selected series of N-doped carbons, as well as N-doped carbons functionalized with metal.  Transmission electron microscopy (TEM), energy dispersive X-ray spectroscopy (EDS), and X-ray photoelectron spectroscopy (XPS) were instrumental in verifying the morphology of the materials, 2D spatial distribution of nitrogen heteroatoms, and the chemical distribution of nitrogen functionalities. Variable energy XPS was used to demonstrate that certain nitrogen functionalities were more surface enriched than others. Opportunities and challenges of 3D characterization of N-doped carbon materials with atom probe tomography (APT) were considered and included both sample preparation and analysis of data. Next, we have investigated catalyst-support interactions as a function of electronic structure of metal by varying valence shell electrons and location of the valence shell and have studied the effect of functionality of nitrogen groups and their quantity on nucleation and stability of metal. Specifically, we computationally examined location of metal adsorption and the electronic structure of metals for a series of 12 transition metals located in groups 8-11 and periods 4-6 over various graphene models with graphitic and pyridinic nitrogen defects. Nitrogen was shown to improve the metal-support interactions promoting electronic rearrangements that increased adsorption, and trends between metals from different groups were identified. Down selected systems were investigated experimentally with STEM-EDS confirming enhanced interactions demonstrating that nature of the defect influences the metal-support interactions. Finally, through high throughput machine-learning-based imaging analysis paired with identical location microscopy we gained mechanistic insights into effects of N functionalities onto the dispersion and stability of externally grown metal nanoparticles, using Pt nanoparticles as a model system. The computational and experimental framework established in this project can be expanded to other dopants and metals to further study catalyst-support interactions for a variety of catalytic applications. Graduate students who worked on this project successfully completed their Ph.D.  degrees. Several undergraduate students obtained training under this project, and some went onto pursue graduate studies. Most of undergraduate students exposed to research under this project came from underrepresented groups.  The results of this work have been disseminated through publications and participation in scientific conferences. PIs contributed to the training of high school teachers through involvement in the Science Educators Workshop (SEW), a two-day workshop for high school science teachers offered annually during the AVS International Symposium and Exhibition, and education of K-5 students through the Summer Camp for Dyslexic Kids. PI also served as the faculty adviser of the Mines AVS student chapter, which allows local students to further their education, professional development and outreach efforts through various activities conducted throughout the year.            Last Modified: 01/06/2023       Submitted by: Svitlana Pylypenko]]></POR_COPY_TXT>
</POR>
</Award>
</rootTag>
