<?xml version="1.0" encoding="UTF-8"?>
<rootTag>
<Award>
<AwardTitle><![CDATA[Research Initiation Award: Mechanisms of Interaction of Glyco-gag with Restriction Factors]]></AwardTitle>
<AGENCY>NSF</AGENCY>
<AwardEffectiveDate>04/01/2018</AwardEffectiveDate>
<AwardExpirationDate>03/31/2023</AwardExpirationDate>
<AwardTotalIntnAmount>299961.00</AwardTotalIntnAmount>
<AwardAmount>299961</AwardAmount>
<AwardInstrument>
<Value>Standard Grant</Value>
</AwardInstrument>
<Organization>
<Code>11060000</Code>
<Directorate>
<Abbreviation>EDU</Abbreviation>
<LongName>Directorate for STEM Education</LongName>
</Directorate>
<Division>
<Abbreviation>EES</Abbreviation>
<LongName>Div. of Equity for Excellence in STEM</LongName>
</Division>
</Organization>
<ProgramOfficer>
<SignBlockName>Leroy Jones II</SignBlockName>
<PO_EMAI>ljones@nsf.gov</PO_EMAI>
<PO_PHON>7032924684</PO_PHON>
</ProgramOfficer>
<AbstractNarration><![CDATA[Research Initiation Awards provide support for junior and mid-career faculty at Historically Black Colleges and Universities who are building new research programs or redirecting and rebuilding existing programs. It is expected that the award helps to further the faculty member's research capability and effectiveness, improves research and teaching at the home institution, and involves undergraduate students in research experiences. The award to Savannah State University will provide significant broader impacts by providing hands-on research training and career development opportunities to underrepresented minority (URM) students through strong mentor-mentee interactions, by advancing research capability of the biology department, and by adding new topics and activities in several classes. &lt;br/&gt;&lt;br/&gt;As a consequence of the continuous arms race between hosts and viruses, both hosts and viruses show signatures of adoption in their genome. While hosts have developed restriction factors that limit viral replication in the infected cells, some viruses have acquired their own unique accessory proteins that could counteract the host restriction factors. Recent reports have demonstrated that one accessory protein in a mouse gammaretrovirus can facilitate its replication by counteracting two host restriction factors through unknown mechanisms, and it will be a powerful tool to clarify novel mechanisms in host-viral interactions. The long-term goal of this project is to clarify the detailed mechanisms of host-virus interactions, and determine how viral accessory proteins regulate viral replication at cellular and organismal levels. The proposal aims to identify and characterize new viral proteins that can counteract host factors, clarify how the retroviral proteins interact with the host factors, and describe host-virus co-evolution through computational analysis. The expected outcomes will advance knowledge on fundamental aspects of innate-immunity and host-virus co-evolution, and thus will substantially enhance understanding and advance fundamental knowledge in genetics, virology and cell biology.&lt;br/&gt;&lt;br/&gt;This award reflects NSF's statutory mission and has been deemed worthy of support through evaluation using the Foundation's intellectual merit and broader impacts review criteria.]]></AbstractNarration>
<MinAmdLetterDate>03/20/2018</MinAmdLetterDate>
<MaxAmdLetterDate>03/20/2018</MaxAmdLetterDate>
<ARRAAmount/>
<TRAN_TYPE>Grant</TRAN_TYPE>
<CFDA_NUM>47.076</CFDA_NUM>
<NSF_PAR_USE_FLAG>1</NSF_PAR_USE_FLAG>
<FUND_AGCY_CODE>4900</FUND_AGCY_CODE>
<AWDG_AGCY_CODE>4900</AWDG_AGCY_CODE>
<AwardID>1800683</AwardID>
<Investigator>
<FirstName>Takayuki</FirstName>
<LastName>Nitta</LastName>
<PI_MID_INIT/>
<PI_SUFX_NAME/>
<PI_FULL_NAME>Takayuki Nitta</PI_FULL_NAME>
<EmailAddress><![CDATA[nittat@savannahstate.edu]]></EmailAddress>
<NSF_ID>000699263</NSF_ID>
<StartDate>03/20/2018</StartDate>
<EndDate/>
<RoleCode>Principal Investigator</RoleCode>
</Investigator>
<Institution>
<Name><![CDATA[Savannah State University]]></Name>
<CityName>SAVANNAH</CityName>
<ZipCode>314045254</ZipCode>
<PhoneNumber>9123584277</PhoneNumber>
<StreetAddress><![CDATA[3219 COLLEGE ST]]></StreetAddress>
<StreetAddress2/>
<CountryName>United States</CountryName>
<StateName>Georgia</StateName>
<StateCode>GA</StateCode>
<CONGRESSDISTRICT>01</CONGRESSDISTRICT>
<CONGRESS_DISTRICT_ORG>GA01</CONGRESS_DISTRICT_ORG>
<ORG_UEI_NUM>WUHNDWEE8WB7</ORG_UEI_NUM>
<ORG_LGL_BUS_NAME>SAVANNAH STATE UNIVERSITY</ORG_LGL_BUS_NAME>
<ORG_PRNT_UEI_NUM>SMV4HJLNJLP3</ORG_PRNT_UEI_NUM>
</Institution>
<Performance_Institution>
<Name><![CDATA[Savannah State University]]></Name>
<CityName>Savannah</CityName>
<StateCode>GA</StateCode>
<ZipCode>314049703</ZipCode>
<StreetAddress><![CDATA[3219 College St, Drew-Griffith R]]></StreetAddress>
<CountryCode>US</CountryCode>
<CountryName>United States</CountryName>
<StateName>Georgia</StateName>
<CountryFlag>1</CountryFlag>
<CONGRESSDISTRICT>01</CONGRESSDISTRICT>
<CONGRESS_DISTRICT_PERF>GA01</CONGRESS_DISTRICT_PERF>
</Performance_Institution>
<ProgramElement>
<Code>1594</Code>
<Text>Hist Black Colleges and Univ</Text>
</ProgramElement>
<ProgramReference>
<Code>9178</Code>
<Text>UNDERGRADUATE EDUCATION</Text>
</ProgramReference>
<ProgramReference>
<Code>9264</Code>
<Text>RESEARCH INITIATION AWARD</Text>
</ProgramReference>
<Appropriation>
<Code>0418</Code>
<Name>NSF Education &amp; Human Resource</Name>
<APP_SYMB_ID>040106</APP_SYMB_ID>
</Appropriation>
<Fund>
<Code>04001819DB</Code>
<Name><![CDATA[NSF Education & Human Resource]]></Name>
<FUND_SYMB_ID>040106</FUND_SYMB_ID>
</Fund>
<FUND_OBLG>2018~299961</FUND_OBLG>
<POR>
<DRECONTENT><![CDATA[<div class="porColContainerWBG"> <div class="porContentCol"><p>Savannah State University (SSU) received the NSF Research Initiation Awards entitled Mechanisms of Interaction of Glyco-gag with Restriction Factors in 2018. The award provided support for junior and mid-career faculty at Historically Black Colleges and Universities who are building new research programs or redirecting and rebuilding existing programs. The project established and maintained a new facility with biosafety level two in SSU through formation of a new biosafety committee and registration of the university to NIH IBC-RMS. In collaboration with the Office of Sponsored Research Administration, the project introduced a CITI online course that covers the principles of biosafety.</p> <p>As a consequence of the continuous arms race between hosts and viruses, both hosts and viruses show signatures of adoption in their genome. The project aimed to identify and characterize new viral proteins that can counteract host factors, clarify how the retroviral proteins interact with the host factors, and describe host-virus co-evolution through computational analysis. The project found that some genes involved in lipid synthesis were determinants of virus release and infection. The project also found that a viral protein glyco-gag affected gene expression and lipid composition in cells and viruses. The computational analysis investigating host-virus co-evolution showed that some DNA in host genes were selected positively during their evolution, implying requirement of nucleotide changes during co-evolution. &nbsp;These findings advanced knowledge on fundamental aspects of innate-immunity and host-virus co-evolution and thus will substantially enhance understanding and advance fundamental knowledge in genetics, virology and cell biology. The project disseminated the research findings in regional and national conferences.</p> <p>The project provided hands-on research training and career development opportunities to underrepresented minority students through strong mentor-mentee interactions, by advancing research capability of the biology department, and by adding new topics, activities and an online biosafety course in several biology classes. Some research students who experienced hands-on activities in the lab gave presentations in the conferences, published a paper, joined external summer research programs, post-bac programs and graduated programs (M.S., Ph.D., D.O., M.D).</p> <p>In summary, the awarded project gave significant broader impacts by advancing research capability of the university, by advancing understanding in host-virus interaction and by providing training and career development opportunities to underrepresented minority students.</p> <p>&nbsp;</p> <p>&nbsp;</p> <p>&nbsp;</p> <p>&nbsp;</p><br> <p>            Last Modified: 04/09/2023<br>      Modified by: Takayuki&nbsp;Nitta</p> </div> <div class="porSideCol"></div> </div>]]></DRECONTENT>
<POR_COPY_TXT><![CDATA[ Savannah State University (SSU) received the NSF Research Initiation Awards entitled Mechanisms of Interaction of Glyco-gag with Restriction Factors in 2018. The award provided support for junior and mid-career faculty at Historically Black Colleges and Universities who are building new research programs or redirecting and rebuilding existing programs. The project established and maintained a new facility with biosafety level two in SSU through formation of a new biosafety committee and registration of the university to NIH IBC-RMS. In collaboration with the Office of Sponsored Research Administration, the project introduced a CITI online course that covers the principles of biosafety.  As a consequence of the continuous arms race between hosts and viruses, both hosts and viruses show signatures of adoption in their genome. The project aimed to identify and characterize new viral proteins that can counteract host factors, clarify how the retroviral proteins interact with the host factors, and describe host-virus co-evolution through computational analysis. The project found that some genes involved in lipid synthesis were determinants of virus release and infection. The project also found that a viral protein glyco-gag affected gene expression and lipid composition in cells and viruses. The computational analysis investigating host-virus co-evolution showed that some DNA in host genes were selected positively during their evolution, implying requirement of nucleotide changes during co-evolution.  These findings advanced knowledge on fundamental aspects of innate-immunity and host-virus co-evolution and thus will substantially enhance understanding and advance fundamental knowledge in genetics, virology and cell biology. The project disseminated the research findings in regional and national conferences.  The project provided hands-on research training and career development opportunities to underrepresented minority students through strong mentor-mentee interactions, by advancing research capability of the biology department, and by adding new topics, activities and an online biosafety course in several biology classes. Some research students who experienced hands-on activities in the lab gave presentations in the conferences, published a paper, joined external summer research programs, post-bac programs and graduated programs (M.S., Ph.D., D.O., M.D).  In summary, the awarded project gave significant broader impacts by advancing research capability of the university, by advancing understanding in host-virus interaction and by providing training and career development opportunities to underrepresented minority students.                   Last Modified: 04/09/2023       Submitted by: Takayuki Nitta]]></POR_COPY_TXT>
</POR>
</Award>
</rootTag>
