<?xml version="1.0" encoding="UTF-8"?>
<rootTag>
<Award>
<AwardTitle><![CDATA[Extremal Combinatorics and Ramsey Theory in Structured Settings]]></AwardTitle>
<AGENCY>NSF</AGENCY>
<AwardEffectiveDate>07/01/2018</AwardEffectiveDate>
<AwardExpirationDate>06/30/2023</AwardExpirationDate>
<AwardTotalIntnAmount>180000.00</AwardTotalIntnAmount>
<AwardAmount>195984</AwardAmount>
<AwardInstrument>
<Value>Continuing Grant</Value>
</AwardInstrument>
<Organization>
<Code>03040000</Code>
<Directorate>
<Abbreviation>MPS</Abbreviation>
<LongName>Direct For Mathematical &amp; Physical Scien</LongName>
</Directorate>
<Division>
<Abbreviation>DMS</Abbreviation>
<LongName>Division Of Mathematical Sciences</LongName>
</Division>
</Organization>
<ProgramOfficer>
<SignBlockName>Stefaan De Winter</SignBlockName>
<PO_EMAI>sgdewint@nsf.gov</PO_EMAI>
<PO_PHON>7032922599</PO_PHON>
</ProgramOfficer>
<AbstractNarration><![CDATA[This research project focuses broadly on the area of combinatorics, and the questions under consideration are characterized by their connections to several different fields of mathematics. One of the main aims of this project is to explore these connections, and to synthesize techniques from different areas and bring them to bear on some longstanding open problems. Much of the planned work is concerned with the properties of large discrete structures, and the questions of interest in this project are relevant to the study of disordered systems that may be modeled by such structures, such as collections of interacting particles, large networks like the internet, or the human brain.&lt;br/&gt;&lt;br/&gt;There are two primary areas under investigation, namely extremal combinatorics and Ramsey theory. The project will investigate questions in extremal combinatorics that involve additional structure, with a focus on algebraic, number-theoretic, and topological structure. The project will also address questions of a Ramsey-theoretic nature that additionally have additive-combinatorial, algebraic, and ergodic-theoretic connections. Finally, the project will pursue various connections between problems in these areas. Specific questions to be attacked include a topological Dirac-type theorem for hypergraphs, investigating product-free sets living inside free structures, improving bounds for a few Ramsey-theoretic results of an additive-combinatorial flavor, and investigating the Ramsey-theoretic properties of non-abelian groups.&lt;br/&gt;&lt;br/&gt;This award reflects NSF's statutory mission and has been deemed worthy of support through evaluation using the Foundation's intellectual merit and broader impacts review criteria.]]></AbstractNarration>
<MinAmdLetterDate>04/25/2018</MinAmdLetterDate>
<MaxAmdLetterDate>04/10/2020</MaxAmdLetterDate>
<ARRAAmount/>
<TRAN_TYPE>Grant</TRAN_TYPE>
<CFDA_NUM>47.049</CFDA_NUM>
<NSF_PAR_USE_FLAG>1</NSF_PAR_USE_FLAG>
<FUND_AGCY_CODE>4900</FUND_AGCY_CODE>
<AWDG_AGCY_CODE>4900</AWDG_AGCY_CODE>
<AwardID>1800521</AwardID>
<Investigator>
<FirstName>Bhargav</FirstName>
<LastName>Narayanan</LastName>
<PI_MID_INIT>P</PI_MID_INIT>
<PI_SUFX_NAME/>
<PI_FULL_NAME>Bhargav P Narayanan</PI_FULL_NAME>
<EmailAddress><![CDATA[narayanan@math.rutgers.edu]]></EmailAddress>
<NSF_ID>000758645</NSF_ID>
<StartDate>04/25/2018</StartDate>
<EndDate/>
<RoleCode>Principal Investigator</RoleCode>
</Investigator>
<Institution>
<Name><![CDATA[Rutgers University New Brunswick]]></Name>
<CityName>NEW BRUNSWICK</CityName>
<ZipCode>089018559</ZipCode>
<PhoneNumber>8489320150</PhoneNumber>
<StreetAddress><![CDATA[3 RUTGERS PLZ]]></StreetAddress>
<StreetAddress2/>
<CountryName>United States</CountryName>
<StateName>New Jersey</StateName>
<StateCode>NJ</StateCode>
<CONGRESSDISTRICT>12</CONGRESSDISTRICT>
<CONGRESS_DISTRICT_ORG>NJ12</CONGRESS_DISTRICT_ORG>
<ORG_UEI_NUM>M1LVPE5GLSD9</ORG_UEI_NUM>
<ORG_LGL_BUS_NAME>RUTGERS, THE STATE UNIVERSITY</ORG_LGL_BUS_NAME>
<ORG_PRNT_UEI_NUM/>
</Institution>
<Performance_Institution>
<Name><![CDATA[Rutgers, the College of New Jersey]]></Name>
<CityName>Piscataway</CityName>
<StateCode>NJ</StateCode>
<ZipCode>088548019</ZipCode>
<StreetAddress><![CDATA[110 Frelinghuysen Road]]></StreetAddress>
<CountryCode>US</CountryCode>
<CountryName>United States</CountryName>
<StateName>New Jersey</StateName>
<CountryFlag>1</CountryFlag>
<CONGRESSDISTRICT>06</CONGRESSDISTRICT>
<CONGRESS_DISTRICT_PERF>NJ06</CONGRESS_DISTRICT_PERF>
</Performance_Institution>
<ProgramElement>
<Code>7970</Code>
<Text>Combinatorics</Text>
</ProgramElement>
<ProgramReference>
<Code>9251</Code>
<Text>REU SUPP-Res Exp for Ugrd Supp</Text>
</ProgramReference>
<Appropriation>
<Code>0118</Code>
<Name>NSF RESEARCH &amp; RELATED ACTIVIT</Name>
<APP_SYMB_ID>040100</APP_SYMB_ID>
</Appropriation>
<Appropriation>
<Code>0119</Code>
<Name>NSF RESEARCH &amp; RELATED ACTIVIT</Name>
<APP_SYMB_ID>040100</APP_SYMB_ID>
</Appropriation>
<Appropriation>
<Code>0120</Code>
<Name>NSF RESEARCH &amp; RELATED ACTIVIT</Name>
<APP_SYMB_ID>040100</APP_SYMB_ID>
</Appropriation>
<Fund>
<Code>01001819DB</Code>
<Name><![CDATA[NSF RESEARCH & RELATED ACTIVIT]]></Name>
<FUND_SYMB_ID>040100</FUND_SYMB_ID>
</Fund>
<Fund>
<Code>01001920DB</Code>
<Name><![CDATA[NSF RESEARCH & RELATED ACTIVIT]]></Name>
<FUND_SYMB_ID>040100</FUND_SYMB_ID>
</Fund>
<Fund>
<Code>01002021DB</Code>
<Name><![CDATA[NSF RESEARCH & RELATED ACTIVIT]]></Name>
<FUND_SYMB_ID>040100</FUND_SYMB_ID>
</Fund>
<FUND_OBLG>2018~92375</FUND_OBLG>
<FUND_OBLG>2019~15984</FUND_OBLG>
<FUND_OBLG>2020~87625</FUND_OBLG>
<POR>
<DRECONTENT><![CDATA[<div class="porColContainerWBG"> <div class="porContentCol"><p>The primary goal of this project was to investigate problems in extremal combinatorics and Ramsey theory in structured settings. At a very high level, this involved understanding and answering various basic questions of the form "how large can a combinatorial object X be subject to constraints Y on its structure?"&nbsp;</p> <p>The successful execution of the project bore multiple significant results, many of which were forecasted at the inception, but some of which surfaced unexpectedly as the research progressed. Some of the prominent highlights of the project are listed as follows:</p> <ol> <li><span style="font-size: 12px;">a new abstract (purely combinatorial) version of Halasz's theorem about arithmetic structure and anticoncentration,</span></li> <li><span style="font-size: 12px;">the resolution of Talagrand's threshold conjecture, and the refutation of a closely related conjecture regarding downset thresholds,</span></li> <li><span style="font-size: 12px;">a proof of a conjecture of Furedi from 1988 (appearing as Problem 91 in Ben Green's list of 100 open problems) about bisecting random graphs,</span></li> <li><span style="font-size: 12px;">a solution to a problem raised by Gowers in 2005 on topological analogues of Dirac's theorem,</span></li> <li><span style="font-size: 12px;">an answer to Linial's question from 2006 about topological Turan numbers</span></li> <li><span style="font-size: 12px;">the resolution of a problem of Alon--Kleitman--Thomassen--Saks--Seymour from 1987 about chromatic number andgraph connectivity, and</span></li> <li><span style="font-size: 12px;">the solution to a classical 1980's measure partitioning problem from algebraic topology using combinatorial methods.</span></li> </ol> <p>The grant's financial support enabled the cultivation and training of two doctoral students, both of whom contributed significantly to the project's success. Furthermore, it provided the opportunity for eleven undergraduate students to engage in summertime research via the DIMACS REU program.</p> <p>The findings and novel methodologies developed in the project were extensively communicated through various talks and lectures. Moreover, this funding paved the way for the creation of new lecture courses, which were developed and subsequently imparted at Rutgers. These teaching engagements have not only spread the newfound knowledge more broadly, but have also enriched the academic community and inspired potential future explorations in the field.</p> <p>In conclusion, this project was a step forward in unraveling the mysteries of extremal combinatorics and Ramsey theory, contributing greatly to the body of mathematical knowledge and offering several pathways for future research.</p> <p>&nbsp;</p><br> <p>            Last Modified: 07/05/2023<br>      Modified by: Bhargav&nbsp;P&nbsp;Narayanan</p> </div> <div class="porSideCol"></div> </div>]]></DRECONTENT>
<POR_COPY_TXT><![CDATA[ The primary goal of this project was to investigate problems in extremal combinatorics and Ramsey theory in structured settings. At a very high level, this involved understanding and answering various basic questions of the form "how large can a combinatorial object X be subject to constraints Y on its structure?"   The successful execution of the project bore multiple significant results, many of which were forecasted at the inception, but some of which surfaced unexpectedly as the research progressed. Some of the prominent highlights of the project are listed as follows:  a new abstract (purely combinatorial) version of Halasz's theorem about arithmetic structure and anticoncentration, the resolution of Talagrand's threshold conjecture, and the refutation of a closely related conjecture regarding downset thresholds, a proof of a conjecture of Furedi from 1988 (appearing as Problem 91 in Ben Green's list of 100 open problems) about bisecting random graphs, a solution to a problem raised by Gowers in 2005 on topological analogues of Dirac's theorem, an answer to Linial's question from 2006 about topological Turan numbers the resolution of a problem of Alon--Kleitman--Thomassen--Saks--Seymour from 1987 about chromatic number andgraph connectivity, and the solution to a classical 1980's measure partitioning problem from algebraic topology using combinatorial methods.   The grant's financial support enabled the cultivation and training of two doctoral students, both of whom contributed significantly to the project's success. Furthermore, it provided the opportunity for eleven undergraduate students to engage in summertime research via the DIMACS REU program.  The findings and novel methodologies developed in the project were extensively communicated through various talks and lectures. Moreover, this funding paved the way for the creation of new lecture courses, which were developed and subsequently imparted at Rutgers. These teaching engagements have not only spread the newfound knowledge more broadly, but have also enriched the academic community and inspired potential future explorations in the field.  In conclusion, this project was a step forward in unraveling the mysteries of extremal combinatorics and Ramsey theory, contributing greatly to the body of mathematical knowledge and offering several pathways for future research.          Last Modified: 07/05/2023       Submitted by: Bhargav P Narayanan]]></POR_COPY_TXT>
</POR>
</Award>
</rootTag>
