<?xml version="1.0" encoding="UTF-8"?>
<rootTag>
<Award>
<AwardTitle><![CDATA[Research Data Centers: Wasatch Front Research Data Center]]></AwardTitle>
<AGENCY>NSF</AGENCY>
<AwardEffectiveDate>07/15/2018</AwardEffectiveDate>
<AwardExpirationDate>06/30/2024</AwardExpirationDate>
<AwardTotalIntnAmount>298625.00</AwardTotalIntnAmount>
<AwardAmount>298625</AwardAmount>
<AwardInstrument>
<Value>Standard Grant</Value>
</AwardInstrument>
<Organization>
<Code>04050000</Code>
<Directorate>
<Abbreviation>SBE</Abbreviation>
<LongName>Direct For Social, Behav &amp; Economic Scie</LongName>
</Directorate>
<Division>
<Abbreviation>SES</Abbreviation>
<LongName>Divn Of Social and Economic Sciences</LongName>
</Division>
</Organization>
<ProgramOfficer>
<SignBlockName>Cheryl Eavey</SignBlockName>
<PO_EMAI>ceavey@nsf.gov</PO_EMAI>
<PO_PHON>7032927269</PO_PHON>
</ProgramOfficer>
<AbstractNarration><![CDATA[This award will support the establishment of the Wasatch Front Research Data Center (WFRDC), which will be based at the University of Utah in Salt Lake City. The WFRDC will provide social and medical scientists a cost-effective, secure research facility where they will have greater access to restricted statistical data collected by the federal government.  The organizations that will support and benefit from the WFRDC include the University of Utah, Utah State University, Brigham Young University, Huntsman Cancer Institute (a National Cancer Institute Comprehensive Cancer Center), departments within the Utah state government, and the University of Utah Health Sciences Center.  The WFRDC will facilitate collaborations between scientists in Utah and the Intermountain region. It will allow researchers to explore novel questions in areas such as health, medical care, work force trends, population dynamics, and environmental issues. The insights created from these investigations will advance scientific knowledge and provide benefits to residents in the Intermountain West, local government agencies, and the federal statistical system. The long-term effects of the WFRDC will include enhanced educational and employment development, collaborations between institutions and disciplines, and better informed government agencies. Researchers and students receiving training through the WFRDC will promote workforce development and provide opportunities for students to gain expertise in data science and other novel methods.  This will create a large pool of technically trained individuals who will make contributions to the academic, public, and private sectors.&lt;br/&gt;&lt;br/&gt;The WFRDC will provide more cost-effective access to restricted data that will be of value to scientists from fields that include demography, sociology, economics, human development, geography, public health, and epidemiology.  The WFRDC plans to link the data contained within the Utah Population Database (UPDB) to other federal statistical records. The UPDB holds one of the largest research databases in the world linking genealogies with medical records.  WFRDC scientists will address fundamental questions about the role of early life factors (socioeconomic, geographic, biomedical) and their influence on health later in life as well as socioeconomic differentials in adult health.  Using data from the Agency for Healthcare Research and Quality along with population estimates derived from the decennial census and the American Community Survey, researchers will address questions related to the interaction between the economy and the health of its members.  Geographers and spatial scientists will use restricted U.S. Census data that provide counts of small geographic areas to study social vulnerability to hazards such as air pollution and its role in promoting health disparities. WFRDC scientists also will examine how economic forces affect individual and family outcomes and social and economic mobility using various datasets from the U.S. Census Bureau.&lt;br/&gt;&lt;br/&gt;This award reflects NSF's statutory mission and has been deemed worthy of support through evaluation using the Foundation's intellectual merit and broader impacts review criteria.]]></AbstractNarration>
<MinAmdLetterDate>07/02/2018</MinAmdLetterDate>
<MaxAmdLetterDate>06/20/2023</MaxAmdLetterDate>
<ARRAAmount/>
<TRAN_TYPE>Grant</TRAN_TYPE>
<CFDA_NUM>47.075</CFDA_NUM>
<NSF_PAR_USE_FLAG>1</NSF_PAR_USE_FLAG>
<FUND_AGCY_CODE>4900</FUND_AGCY_CODE>
<AWDG_AGCY_CODE>4900</AWDG_AGCY_CODE>
<AwardID>1800563</AwardID>
<Investigator>
<FirstName>Thomas</FirstName>
<LastName>Cova</LastName>
<PI_MID_INIT>J</PI_MID_INIT>
<PI_SUFX_NAME/>
<PI_FULL_NAME>Thomas J Cova</PI_FULL_NAME>
<EmailAddress><![CDATA[cova@geog.utah.edu]]></EmailAddress>
<NSF_ID>000468941</NSF_ID>
<StartDate>07/02/2018</StartDate>
<EndDate/>
<RoleCode>Co-Principal Investigator</RoleCode>
</Investigator>
<Investigator>
<FirstName>Norman</FirstName>
<LastName>Waitzman</LastName>
<PI_MID_INIT/>
<PI_SUFX_NAME/>
<PI_FULL_NAME>Norman Waitzman</PI_FULL_NAME>
<EmailAddress><![CDATA[waitzman@economics.utah.edu]]></EmailAddress>
<NSF_ID>000616979</NSF_ID>
<StartDate>07/02/2018</StartDate>
<EndDate/>
<RoleCode>Co-Principal Investigator</RoleCode>
</Investigator>
<Investigator>
<FirstName>Ken</FirstName>
<LastName>Smith</LastName>
<PI_MID_INIT/>
<PI_SUFX_NAME/>
<PI_FULL_NAME>Ken Smith</PI_FULL_NAME>
<EmailAddress><![CDATA[ken.smith@fcs.utah.edu]]></EmailAddress>
<NSF_ID>000757786</NSF_ID>
<StartDate>06/20/2023</StartDate>
<EndDate/>
<RoleCode>Co-Principal Investigator</RoleCode>
</Investigator>
<Investigator>
<FirstName>Pamela</FirstName>
<LastName>Perlich</LastName>
<PI_MID_INIT/>
<PI_SUFX_NAME/>
<PI_FULL_NAME>Pamela Perlich</PI_FULL_NAME>
<EmailAddress><![CDATA[pam.perlich@utah.edu]]></EmailAddress>
<NSF_ID>000758649</NSF_ID>
<StartDate>07/02/2018</StartDate>
<EndDate/>
<RoleCode>Co-Principal Investigator</RoleCode>
</Investigator>
<Investigator>
<FirstName>Ken</FirstName>
<LastName>Smith</LastName>
<PI_MID_INIT/>
<PI_SUFX_NAME/>
<PI_FULL_NAME>Ken Smith</PI_FULL_NAME>
<EmailAddress><![CDATA[ken.smith@fcs.utah.edu]]></EmailAddress>
<NSF_ID>000757786</NSF_ID>
<StartDate>07/02/2018</StartDate>
<EndDate>06/20/2023</EndDate>
<RoleCode>Former Principal Investigator</RoleCode>
</Investigator>
<Investigator>
<FirstName>Lori</FirstName>
<LastName>Kowaleski-Jones</LastName>
<PI_MID_INIT/>
<PI_SUFX_NAME/>
<PI_FULL_NAME>Lori Kowaleski-Jones</PI_FULL_NAME>
<EmailAddress><![CDATA[lk2700@fcs.utah.edu]]></EmailAddress>
<NSF_ID>000758652</NSF_ID>
<StartDate>06/20/2023</StartDate>
<EndDate/>
<RoleCode>Principal Investigator</RoleCode>
</Investigator>
<Investigator>
<FirstName>Lori</FirstName>
<LastName>Kowaleski-Jones</LastName>
<PI_MID_INIT/>
<PI_SUFX_NAME/>
<PI_FULL_NAME>Lori Kowaleski-Jones</PI_FULL_NAME>
<EmailAddress><![CDATA[lk2700@fcs.utah.edu]]></EmailAddress>
<NSF_ID>000758652</NSF_ID>
<StartDate>07/02/2018</StartDate>
<EndDate>06/20/2023</EndDate>
<RoleCode>Former Co-Principal Investigator</RoleCode>
</Investigator>
<Institution>
<Name><![CDATA[University of Utah]]></Name>
<CityName>SALT LAKE CITY</CityName>
<ZipCode>841129049</ZipCode>
<PhoneNumber>8015816903</PhoneNumber>
<StreetAddress><![CDATA[201 PRESIDENTS CIR]]></StreetAddress>
<StreetAddress2/>
<CountryName>United States</CountryName>
<StateName>Utah</StateName>
<StateCode>UT</StateCode>
<CONGRESSDISTRICT>01</CONGRESSDISTRICT>
<CONGRESS_DISTRICT_ORG>UT01</CONGRESS_DISTRICT_ORG>
<ORG_UEI_NUM>LL8GLEVH6MG3</ORG_UEI_NUM>
<ORG_LGL_BUS_NAME>UNIVERSITY OF UTAH</ORG_LGL_BUS_NAME>
<ORG_PRNT_UEI_NUM/>
</Institution>
<Performance_Institution>
<Name><![CDATA[University of Utah]]></Name>
<CityName>Salt Lake City</CityName>
<StateCode>UT</StateCode>
<ZipCode>841120080</ZipCode>
<StreetAddress><![CDATA[225 South 1400 East, Rm 228]]></StreetAddress>
<CountryCode>US</CountryCode>
<CountryName>United States</CountryName>
<StateName>Utah</StateName>
<CountryFlag>1</CountryFlag>
<CONGRESSDISTRICT>01</CONGRESSDISTRICT>
<CONGRESS_DISTRICT_PERF>UT01</CONGRESS_DISTRICT_PERF>
</Performance_Institution>
<ProgramElement>
<Code>1320</Code>
<Text>Economics</Text>
</ProgramElement>
<ProgramElement>
<Code>1331</Code>
<Text>Sociology</Text>
</ProgramElement>
<ProgramElement>
<Code>1333</Code>
<Text>Methodology, Measuremt &amp; Stats</Text>
</ProgramElement>
<ProgramElement>
<Code>1352</Code>
<Text>Geography and Spatial Sciences</Text>
</ProgramElement>
<ProgramReference>
<Code>040Z</Code>
<Text>Robust and Reliable Science</Text>
</ProgramReference>
<Appropriation>
<Code>0118</Code>
<Name>NSF RESEARCH &amp; RELATED ACTIVIT</Name>
<APP_SYMB_ID>040100</APP_SYMB_ID>
</Appropriation>
<Fund>
<Code>01001819DB</Code>
<Name><![CDATA[NSF RESEARCH & RELATED ACTIVIT]]></Name>
<FUND_SYMB_ID>040100</FUND_SYMB_ID>
</Fund>
<FUND_OBLG>2018~298625</FUND_OBLG>
</Award>
</rootTag>
