<?xml version="1.0" encoding="UTF-8"?>
<rootTag>
<Award>
<AwardTitle><![CDATA[Photoionization and Photoelectron Spectroscopy of Transient Organometallic Complexes]]></AwardTitle>
<AGENCY>NSF</AGENCY>
<AwardEffectiveDate>08/15/2018</AwardEffectiveDate>
<AwardExpirationDate>07/31/2022</AwardExpirationDate>
<AwardTotalIntnAmount>390000.00</AwardTotalIntnAmount>
<AwardAmount>390000</AwardAmount>
<AwardInstrument>
<Value>Standard Grant</Value>
</AwardInstrument>
<Organization>
<Code>03090000</Code>
<Directorate>
<Abbreviation>MPS</Abbreviation>
<LongName>Direct For Mathematical &amp; Physical Scien</LongName>
</Directorate>
<Division>
<Abbreviation>CHE</Abbreviation>
<LongName>Division Of Chemistry</LongName>
</Division>
</Organization>
<ProgramOfficer>
<SignBlockName>Colby Foss</SignBlockName>
<PO_EMAI>cfoss@nsf.gov</PO_EMAI>
<PO_PHON>7032925327</PO_PHON>
</ProgramOfficer>
<AbstractNarration><![CDATA[Saturated hydrocarbons or alkanes constitute the most abundant feedstock for organic chemicals. Controlling which bonds in hydrocarbons react with other molecules (also known as "selective activation and functionalization") remains one of the grand challenges in the chemical sciences. In this project funded by the Chemical Structure, Dynamics and Mechanisms A (CSDM-A) Program of the Chemistry Division, Professor Dong-Sheng Yang of the University of Kentucky contributes to this task by examining the way metal atoms interact with the hydrocarbon compounds and detecting reactive chemical species in these reactions using laboratory-made instruments and sophisticated laser spectroscopic techniques. Professor Yang-s research shows how the hydrocarbons are activated by metals and converted into other chemicals. This work improves the fundamental understanding about how metal catalysts increase the rate of a chemical reaction and reduce the energy required for hydrocarbon conversion. The project provides technically challenging training for a diverse group of students at all levels and prepares them for careers in industry, academia, or the public sector.&lt;br/&gt;&lt;br/&gt;The projects focuses on spectroscopic characterization of transient organometallic complexes formed in metal-mediated alkane activation reactions. Emphasis is placed on the C-H and C-C bond activation of small alkanes and the remote functionalization of alkyl nitriles, amines, and alcohols by lanthanide metals. Expected results are the accurate ionization energies, metal-ligand and ligand-based vibrational frequencies, electronic states, spin-orbit splitting, and molecular structures of the short-lived species. The plan is to examine the electron configuration effects of the lanthanide elements and the reactivity-structural relationships of the linear, branched, and cyclic alkanes and functionalized alkane derivatives. Experimental methods include laser-assisted molecular beam reactions; time-of-flight mass spectrometry; mass-analyzed threshold ionization, zero electron kinetic energy, and infrared-ultraviolet photoionization spectroscopy; and slow electron velocity-map imaging. The experimental measurements are supplemented with quantum chemical calculations. The students engaged in this project are being trained not only in the aforementioned experimental techniques, but also quantum chemistry calculations, namely density functional theory, as well as other advanced tools through collaboration with other experts (e.g., Prof. Michael Schmidt, Iowa State).&lt;br/&gt;&lt;br/&gt;This award reflects NSF's statutory mission and has been deemed worthy of support through evaluation using the Foundation's intellectual merit and broader impacts review criteria.]]></AbstractNarration>
<MinAmdLetterDate>07/27/2018</MinAmdLetterDate>
<MaxAmdLetterDate>07/27/2018</MaxAmdLetterDate>
<ARRAAmount/>
<TRAN_TYPE>Grant</TRAN_TYPE>
<CFDA_NUM>47.049</CFDA_NUM>
<NSF_PAR_USE_FLAG>1</NSF_PAR_USE_FLAG>
<FUND_AGCY_CODE>4900</FUND_AGCY_CODE>
<AWDG_AGCY_CODE>4900</AWDG_AGCY_CODE>
<AwardID>1800316</AwardID>
<Investigator>
<FirstName>Dong-Sheng</FirstName>
<LastName>Yang</LastName>
<PI_MID_INIT/>
<PI_SUFX_NAME/>
<PI_FULL_NAME>Dong-Sheng Yang</PI_FULL_NAME>
<EmailAddress><![CDATA[dyang0@uky.edu]]></EmailAddress>
<NSF_ID>000345081</NSF_ID>
<StartDate>07/27/2018</StartDate>
<EndDate/>
<RoleCode>Principal Investigator</RoleCode>
</Investigator>
<Institution>
<Name><![CDATA[University of Kentucky Research Foundation]]></Name>
<CityName>LEXINGTON</CityName>
<ZipCode>405260001</ZipCode>
<PhoneNumber>8592579420</PhoneNumber>
<StreetAddress><![CDATA[500 S LIMESTONE]]></StreetAddress>
<StreetAddress2><![CDATA[109 KINKEAD HALL]]></StreetAddress2>
<CountryName>United States</CountryName>
<StateName>Kentucky</StateName>
<StateCode>KY</StateCode>
<CONGRESSDISTRICT>06</CONGRESSDISTRICT>
<CONGRESS_DISTRICT_ORG>KY06</CONGRESS_DISTRICT_ORG>
<ORG_UEI_NUM>H1HYA8Z1NTM5</ORG_UEI_NUM>
<ORG_LGL_BUS_NAME>UNIVERSITY OF KENTUCKY RESEARCH FOUNDATION, THE</ORG_LGL_BUS_NAME>
<ORG_PRNT_UEI_NUM/>
</Institution>
<Performance_Institution>
<Name><![CDATA[University of Kentucky Research Foundation]]></Name>
<CityName>Lexington</CityName>
<StateCode>KY</StateCode>
<ZipCode>405260001</ZipCode>
<StreetAddress><![CDATA[500 S Limestone 109 Kinkead Hall]]></StreetAddress>
<CountryCode>US</CountryCode>
<CountryName>United States</CountryName>
<StateName>Kentucky</StateName>
<CountryFlag>1</CountryFlag>
<CONGRESSDISTRICT>06</CONGRESSDISTRICT>
<CONGRESS_DISTRICT_PERF>KY06</CONGRESS_DISTRICT_PERF>
</Performance_Institution>
<ProgramElement>
<Code>9101</Code>
<Text>Chem Struct,Dynmcs&amp;Mechansms A</Text>
</ProgramElement>
<ProgramReference>
<Code>9150</Code>
<Text>EXP PROG TO STIM COMP RES</Text>
</ProgramReference>
<ProgramReference>
<Code>9263</Code>
<Text>COMPUTATIONAL SCIENCE &amp; ENGING</Text>
</ProgramReference>
<Appropriation>
<Code>0118</Code>
<Name>NSF RESEARCH &amp; RELATED ACTIVIT</Name>
<APP_SYMB_ID>040100</APP_SYMB_ID>
</Appropriation>
<Fund>
<Code>01001819DB</Code>
<Name><![CDATA[NSF RESEARCH & RELATED ACTIVIT]]></Name>
<FUND_SYMB_ID>040100</FUND_SYMB_ID>
</Fund>
<FUND_OBLG>2018~390000</FUND_OBLG>
<POR>
<DRECONTENT><![CDATA[<div class="porColContainerWBG"> <div class="porContentCol"><p>Hydrocarbons are the major constituents of petroleum and natural gas. The conversion of hydrocarbons into functionalized chemicals for daily or industrial uses is an important commercial process. Metal catalysis reduces energy consumptions and speeds up the process under mild conditions. This work discovered the way metal atoms interacted with hydrocarbons and their derivatives and showed how they were converted into other chemicals. The new knowledge from this work shall provide guidance for the design of selective and efficient catalysts. A catalyst is a substance that increases the rate of a chemical reaction without itself be consumed in the process. The project provided technically challenging training for a diverse group of students at all levels and prepares them for careers in industry, academia, or the public sector.</p> <p>Results from this project produced numerous publications in professional journals and national or international professional conferences.&nbsp; Specific scientific outcomes are the accurate ionization energies, metal-ligand and ligand-based vibrational energies, spin-orbit coupling, electronic states, molecular structures of short-lived metal-hydrocarbon complexes, and reaction pathways for the formation of the metal intermediates and products. The ionization energy is a basic thermochemical property of a molecule and is used to obtain the metal-ligand bond energy of the uncharged molecule through a thermodynamic relation. The metal-ligand vibrational energies give a direct evidence about the metal-ligand bonding, whereas the ligand-based vibrational frequencies probe the geometry of the metal-activated hydrocarbon fragments. The degree of the charge effect reveals the nature of the electron bonding in the highest molecular orbital. The knowledge about the formation, &nbsp;bonding, structures, spin-orbit coupling, and electronic states of these reactive specie gives new insight into the dynamics and mechanisms of metal-activation reactions with hydrocarbons and provide benchmarks to test new or improved computational modelling on molecular properties.</p> <p>The project trained young students in technically challenging fields and prepared them effectively in diverse sectors of technology-driven economy. The students have been trained in sophisticated instrumentation, state-of-the-art laser spectroscopy and imaging, and modern computational chemistry. They have been equipped with skills in the design, operation, and interpretation of scientific experiments and in the presentation and communication of research discoveries.</p> <p>&nbsp;</p><br> <p>            Last Modified: 09/06/2022<br>      Modified by: Dong-Sheng&nbsp;Yang</p> </div> <div class="porSideCol"></div> </div>]]></DRECONTENT>
<POR_COPY_TXT><![CDATA[ Hydrocarbons are the major constituents of petroleum and natural gas. The conversion of hydrocarbons into functionalized chemicals for daily or industrial uses is an important commercial process. Metal catalysis reduces energy consumptions and speeds up the process under mild conditions. This work discovered the way metal atoms interacted with hydrocarbons and their derivatives and showed how they were converted into other chemicals. The new knowledge from this work shall provide guidance for the design of selective and efficient catalysts. A catalyst is a substance that increases the rate of a chemical reaction without itself be consumed in the process. The project provided technically challenging training for a diverse group of students at all levels and prepares them for careers in industry, academia, or the public sector.  Results from this project produced numerous publications in professional journals and national or international professional conferences.  Specific scientific outcomes are the accurate ionization energies, metal-ligand and ligand-based vibrational energies, spin-orbit coupling, electronic states, molecular structures of short-lived metal-hydrocarbon complexes, and reaction pathways for the formation of the metal intermediates and products. The ionization energy is a basic thermochemical property of a molecule and is used to obtain the metal-ligand bond energy of the uncharged molecule through a thermodynamic relation. The metal-ligand vibrational energies give a direct evidence about the metal-ligand bonding, whereas the ligand-based vibrational frequencies probe the geometry of the metal-activated hydrocarbon fragments. The degree of the charge effect reveals the nature of the electron bonding in the highest molecular orbital. The knowledge about the formation,  bonding, structures, spin-orbit coupling, and electronic states of these reactive specie gives new insight into the dynamics and mechanisms of metal-activation reactions with hydrocarbons and provide benchmarks to test new or improved computational modelling on molecular properties.  The project trained young students in technically challenging fields and prepared them effectively in diverse sectors of technology-driven economy. The students have been trained in sophisticated instrumentation, state-of-the-art laser spectroscopy and imaging, and modern computational chemistry. They have been equipped with skills in the design, operation, and interpretation of scientific experiments and in the presentation and communication of research discoveries.          Last Modified: 09/06/2022       Submitted by: Dong-Sheng Yang]]></POR_COPY_TXT>
</POR>
</Award>
</rootTag>
