<?xml version="1.0" encoding="UTF-8"?>
<rootTag>
<Award>
<AwardTitle><![CDATA[Conformationally-flexible, reactive manganese clusters to probe possible mechanisms of oxygen-oxygen bond formation in photosystem II]]></AwardTitle>
<AGENCY>NSF</AGENCY>
<AwardEffectiveDate>09/01/2018</AwardEffectiveDate>
<AwardExpirationDate>08/31/2022</AwardExpirationDate>
<AwardTotalIntnAmount>420000.00</AwardTotalIntnAmount>
<AwardAmount>488766</AwardAmount>
<AwardInstrument>
<Value>Continuing Grant</Value>
</AwardInstrument>
<Organization>
<Code>03090000</Code>
<Directorate>
<Abbreviation>MPS</Abbreviation>
<LongName>Direct For Mathematical &amp; Physical Scien</LongName>
</Directorate>
<Division>
<Abbreviation>CHE</Abbreviation>
<LongName>Division Of Chemistry</LongName>
</Division>
</Organization>
<ProgramOfficer>
<SignBlockName>Tong Ren</SignBlockName>
<PO_EMAI>tren@nsf.gov</PO_EMAI>
<PO_PHON>7032928840</PO_PHON>
</ProgramOfficer>
<AbstractNarration><![CDATA[In the early stages of the development of life on earth, perhaps the most significant evolutionary breakthrough was the sunlight-driven oxidation of water to oxygen (O2) by the ancient ancestors of cyanobacteria and modern plants. These organisms discovered a way to make their own food using the virtually limitless supply of water and sunlight available near the surface of the oceans.  As far as science knows, organisms have found only one way to perform this water oxidation process, and it is possible that modern plants and photosynthetic organisms are still using that same evolutionary innovation from billions of years ago, although presumably significantly evolved. The enzyme that performs this reaction is called Photosystem II, and despite the central importance of this reaction to the fields of biology and energy, many questions remain about how this enzyme works. Professor Zdilla is working to build molecular models of the enzyme active site, which is a cube-shaped cluster of metal atoms containing manganese and calcium. The working models developed by Professor Zdilla may lead to insights on how photosynthetic organisms are able to perform this important reaction. Professor Zdilla continues his community engagement of youth and adult communities through talks during the Philadelphia Science Festival and at Philadelphia elementary schools. Professor Zdilla also develops the Database of Educational Crystallographic Online Resources (DECOR), a free, downloadable source of educational materials for the study of crystallography. &lt;br/&gt;&lt;br/&gt;The primary source of cellular energy on earth is the sun, whose visible light energy is harvested by photosynthetic organisms to drive the oxidation of water to O2 and drive the concomitant reduction of carbon dioxide(CO2) to organic molecules, which are then used as fuel and as raw materials for the construction of living things. Photocatalytic water oxidation coupled to proton reduction is also an important goal for the generation of sustainable solar fuels. The enzyme responsible for the biological water oxidation reaction is photosystem II (PSII), a multi-subunit enzyme containing a tetramanganese-calcium-oxo cluster as the catalytic active site. Since enzymes are often a challenge to study directly due to their complexity, bioinorganic chemists frequently turn to biomimetic model complexes. Despite hundreds of examples of synthetic manganese oxo-cluster, very few show compelling reactivity that models PSII. Professor Zdilla and his group develop new approaches to designing biomimetic manganese clusters by prioritizing low-coordination number(to provide water binding sites) and cluster flexibility (to promote molecular rearrangement). These approaches have resulted in clusters that perform a diverse set of difficult reactions including N-N, C-H, C-N, and O=O bond making/breaking reactions, and catalytic water oxidation. This project seeks to further mechanistically investigate their molecular mechanisms, which may inform understanding of the function of the enzyme, and provide clues on how to design superior water oxidation catalysts for energy purposes. Professor Zdilla continues his community engagement of youth and adult communities through talks during the Philadelphia Science Festival and at Philadelphia elementary schools. Professor Zdilla also develops the Database of Educational Crystallographic Online Resources (DECOR), a free source of educational materials for the study of crystallography.&lt;br/&gt;&lt;br/&gt;This award reflects NSF's statutory mission and has been deemed worthy of support through evaluation using the Foundation's intellectual merit and broader impacts review criteria.]]></AbstractNarration>
<MinAmdLetterDate>04/16/2018</MinAmdLetterDate>
<MaxAmdLetterDate>06/21/2021</MaxAmdLetterDate>
<ARRAAmount/>
<TRAN_TYPE>Grant</TRAN_TYPE>
<CFDA_NUM>47.049</CFDA_NUM>
<NSF_PAR_USE_FLAG>1</NSF_PAR_USE_FLAG>
<FUND_AGCY_CODE>4900</FUND_AGCY_CODE>
<AWDG_AGCY_CODE>4900</AWDG_AGCY_CODE>
<AwardID>1800105</AwardID>
<Investigator>
<FirstName>Michael</FirstName>
<LastName>Zdilla</LastName>
<PI_MID_INIT>J</PI_MID_INIT>
<PI_SUFX_NAME/>
<PI_FULL_NAME>Michael J Zdilla</PI_FULL_NAME>
<EmailAddress><![CDATA[mzdilla@temple.edu]]></EmailAddress>
<NSF_ID>000539045</NSF_ID>
<StartDate>04/16/2018</StartDate>
<EndDate/>
<RoleCode>Principal Investigator</RoleCode>
</Investigator>
<Institution>
<Name><![CDATA[Temple University]]></Name>
<CityName>PHILADELPHIA</CityName>
<ZipCode>191226003</ZipCode>
<PhoneNumber>2157077547</PhoneNumber>
<StreetAddress><![CDATA[1801 N BROAD ST]]></StreetAddress>
<StreetAddress2/>
<CountryName>United States</CountryName>
<StateName>Pennsylvania</StateName>
<StateCode>PA</StateCode>
<CONGRESSDISTRICT>02</CONGRESSDISTRICT>
<CONGRESS_DISTRICT_ORG>PA02</CONGRESS_DISTRICT_ORG>
<ORG_UEI_NUM>QD4MGHFDJKU1</ORG_UEI_NUM>
<ORG_LGL_BUS_NAME>TEMPLE UNIVERSITY-OF THE COMMONWEALTH SYSTEM OF HIGHER EDUCATION</ORG_LGL_BUS_NAME>
<ORG_PRNT_UEI_NUM>QD4MGHFDJKU1</ORG_PRNT_UEI_NUM>
</Institution>
<Performance_Institution>
<Name><![CDATA[Temple University]]></Name>
<CityName>Philadelphia</CityName>
<StateCode>PA</StateCode>
<ZipCode>191226018</ZipCode>
<StreetAddress><![CDATA[1901 N. 13th St]]></StreetAddress>
<CountryCode>US</CountryCode>
<CountryName>United States</CountryName>
<StateName>Pennsylvania</StateName>
<CountryFlag>1</CountryFlag>
<CONGRESSDISTRICT>02</CONGRESSDISTRICT>
<CONGRESS_DISTRICT_PERF>PA02</CONGRESS_DISTRICT_PERF>
</Performance_Institution>
<ProgramElement>
<Code>6884</Code>
<Text>Chemical Catalysis</Text>
</ProgramElement>
<ProgramReference>
<Code>068Z</Code>
<Text>URoL-Understanding Rules of Life</Text>
</ProgramReference>
<ProgramReference>
<Code>102Z</Code>
<Text>COVID-Disproportionate Impcts Inst-Indiv</Text>
</ProgramReference>
<ProgramReference>
<Code>8037</Code>
<Text>Advanced Manufacturing</Text>
</ProgramReference>
<ProgramReference>
<Code>8396</Code>
<Text>Clean Energy Technology</Text>
</ProgramReference>
<ProgramReference>
<Code>8397</Code>
<Text>Hydrogen Storage or Generation</Text>
</ProgramReference>
<ProgramReference>
<Code>8609</Code>
<Text>Other Energy Research</Text>
</ProgramReference>
<ProgramReference>
<Code>8650</Code>
<Text>Sustainable Chemistry</Text>
</ProgramReference>
<Appropriation>
<Code>0118</Code>
<Name>NSF RESEARCH &amp; RELATED ACTIVIT</Name>
<APP_SYMB_ID>040100</APP_SYMB_ID>
</Appropriation>
<Appropriation>
<Code>0119</Code>
<Name>NSF RESEARCH &amp; RELATED ACTIVIT</Name>
<APP_SYMB_ID>040100</APP_SYMB_ID>
</Appropriation>
<Appropriation>
<Code>0121</Code>
<Name>NSF RESEARCH &amp; RELATED ACTIVIT</Name>
<APP_SYMB_ID>040100</APP_SYMB_ID>
</Appropriation>
<Fund>
<Code>01001819DB</Code>
<Name><![CDATA[NSF RESEARCH & RELATED ACTIVIT]]></Name>
<FUND_SYMB_ID>040100</FUND_SYMB_ID>
</Fund>
<Fund>
<Code>01001920DB</Code>
<Name><![CDATA[NSF RESEARCH & RELATED ACTIVIT]]></Name>
<FUND_SYMB_ID>040100</FUND_SYMB_ID>
</Fund>
<Fund>
<Code>01002122DB</Code>
<Name><![CDATA[NSF RESEARCH & RELATED ACTIVIT]]></Name>
<FUND_SYMB_ID>040100</FUND_SYMB_ID>
</Fund>
<FUND_OBLG>2018~140000</FUND_OBLG>
<FUND_OBLG>2019~280000</FUND_OBLG>
<FUND_OBLG>2021~68766</FUND_OBLG>
<POR>
<DRECONTENT><![CDATA[<div class="porColContainerWBG"> <div class="porContentCol"><p>The generation of oxygen by higher plants from sunlight and water is the most important fundamental process for fueling the complex life that exists on earth. The high-energy electrons extracted from water ultimately are used by the plants to make food for themselves, and for heterotrophs that consume plants, which form the base of the food web that extends across the planet. The generation of oxygen gas and hydrogen fuel from water and sunlight is also an important goal for humanity to achieve a renewable energy economy, and catalysts to achieve this may be inspired by nature's oxygen evolving catalyst. Our work has made important strides in the last three years towards understanding how nature achieves This goal by generating reactive molecules similar in structure and reactivity to nature's catalyst, the Oxygen Evolving Complex (OEC, Figure 1, center). The OEC is a cube-shaped cluster with manganese metal ions at three corners, and a calcium at the fourth corner. A fourth "dangler" manganese atom forms the back of a chair-like structure. While many groups have prepared structural models or catalysts that perform this reaction, we have striven to generate synthetic models of this cluster in the lab that are similar structurally AND reactively.</p> <p>&nbsp;</p> <p>During this award period, we performed new experiments on a manganese cubane cluster with a "dangler" manganese ion (Compound 1, Figure 1, left). We showed previously that despite it's similarity to the OEC and it's unique dangler manganese-oxygen group, this cluster does not oxidize water or generate oxygen. However, we showed that by removing one of the three oxygen atoms on the dangler, we generate a more reduced version of the cluster that does spontaneously evolve oxygen. This is the first example of a synthetic cubane cluster with a dangler manganese that evolves O2, and it does so from a state of oxidation similar to nature's cluster (one manganese(V) ion and the rest are manganese(IV) ions; this means one manganese has a formal 5+ charge and the others have a formal 4+ charge).</p> <p>&nbsp;</p> <p>In another objective, we can generated a different cluster. This one is a manganese-calcium cluster very similar in structure to the OEC, Cluster 2 (Figure 1 right). This cluster is an improvement over cluster 1 in that it has both calcium and manganese, and in that it has bridging oxygen atoms between the metal ions. However, it is much more reduced (has more electrons) than nature's cluster. Nevertheless, this cluster, when oxidized by an electrode, activates water molecules when they are in a dilute solution of organic solvent, showing that this structural and compositional analog of the OEC can activate water for oxidation reactions. However, rather than generating oxygen, this molecule oxidized the organic solvent in which the system was dissolved.</p> <p>&nbsp;</p> <p>In the third objective, we sought to make versions of compound 2 that are soluble in pure water, so that we can avoid the undesirable reaction with the solvent. In the final year of the project, we achieved this, and isolated two water soluble molecules: compounds 13 and 14, shown in Figure 2. These may be dissolved in polar solvent like water, and we will propose to study their biomimetic reactivity in our future work.</p> <p>&nbsp;</p> <p>With support from NSF, we have demonstrated the generation of synthetic clusters that possess BOTH structural and reactive similarity to the OEC, which is rare. These are important steps toward understanding how nature achieves the generation of oxygen from water, and possibly to inform design of catalysts that can achieve humanity's goal of solar water splitting.</p> <p>&nbsp;</p><br> <p>            Last Modified: 12/30/2022<br>      Modified by: Michael&nbsp;J&nbsp;Zdilla</p> </div> <div class="porSideCol"> <div class="each-gallery"> <div class="galContent" id="gallery0"> <div class="photoCount" id="photoCount0">          Images (<span id="selectedPhoto0">1</span> of <span class="totalNumber"></span>)           </div> <div class="galControls" id="controls0"></div> <div class="galSlideshow" id="slideshow0"></div> <div class="galEmbox" id="embox"> <div class="image-title"></div> </div> </div> <div class="galNavigation" id="navigation0"> <ul class="thumbs" id="thumbs0"> <li> <a href="/por/images/Reports/POR/2022/1800105/1800105_10539303_1672433296980_Fig1--rgov-214x142.jpg" original="/por/images/Reports/POR/2022/1800105/1800105_10539303_1672433296980_Fig1--rgov-800width.jpg" title="OEC and Model Clusters"><img src="/por/images/Reports/POR/2022/1800105/1800105_10539303_1672433296980_Fig1--rgov-66x44.jpg" alt="OEC and Model Clusters"></a> <div class="imageCaptionContainer"> <div class="imageCaption">Figure 1. Compounds 1 and 2, forming the foundation for the studies in this proposal, and their comparison to the active site of the OEC (center). Left: 1, possesses a biomimetic �dangler� Mn=O moiety. Right: Compound 2, models the structure of the OEC, and electrocatalytically activates water.</div> <div class="imageCredit">Michael J. Zdilla</div> <div class="imagePermisssions">Public Domain</div> <div class="imageSubmitted">Michael&nbsp;J&nbsp;Zdilla</div> <div class="imageTitle">OEC and Model Clusters</div> </div> </li> <li> <a href="/por/images/Reports/POR/2022/1800105/1800105_10539303_1672433588407_Fig2--rgov-214x142.jpg" original="/por/images/Reports/POR/2022/1800105/1800105_10539303_1672433588407_Fig2--rgov-800width.jpg" title="Water Soluble Clusters"><img src="/por/images/Reports/POR/2022/1800105/1800105_10539303_1672433588407_Fig2--rgov-66x44.jpg" alt="Water Soluble Clusters"></a> <div class="imageCaptionContainer"> <div class="imageCaption">Figure 2. New water soluble clusters.</div> <div class="imageCredit">Michael J. Zdilla</div> <div class="imagePermisssions">Public Domain</div> <div class="imageSubmitted">Michael&nbsp;J&nbsp;Zdilla</div> <div class="imageTitle">Water Soluble Clusters</div> </div> </li> </ul> </div> </div> </div> </div>]]></DRECONTENT>
<POR_COPY_TXT><![CDATA[ The generation of oxygen by higher plants from sunlight and water is the most important fundamental process for fueling the complex life that exists on earth. The high-energy electrons extracted from water ultimately are used by the plants to make food for themselves, and for heterotrophs that consume plants, which form the base of the food web that extends across the planet. The generation of oxygen gas and hydrogen fuel from water and sunlight is also an important goal for humanity to achieve a renewable energy economy, and catalysts to achieve this may be inspired by nature's oxygen evolving catalyst. Our work has made important strides in the last three years towards understanding how nature achieves This goal by generating reactive molecules similar in structure and reactivity to nature's catalyst, the Oxygen Evolving Complex (OEC, Figure 1, center). The OEC is a cube-shaped cluster with manganese metal ions at three corners, and a calcium at the fourth corner. A fourth "dangler" manganese atom forms the back of a chair-like structure. While many groups have prepared structural models or catalysts that perform this reaction, we have striven to generate synthetic models of this cluster in the lab that are similar structurally AND reactively.     During this award period, we performed new experiments on a manganese cubane cluster with a "dangler" manganese ion (Compound 1, Figure 1, left). We showed previously that despite it's similarity to the OEC and it's unique dangler manganese-oxygen group, this cluster does not oxidize water or generate oxygen. However, we showed that by removing one of the three oxygen atoms on the dangler, we generate a more reduced version of the cluster that does spontaneously evolve oxygen. This is the first example of a synthetic cubane cluster with a dangler manganese that evolves O2, and it does so from a state of oxidation similar to nature's cluster (one manganese(V) ion and the rest are manganese(IV) ions; this means one manganese has a formal 5+ charge and the others have a formal 4+ charge).     In another objective, we can generated a different cluster. This one is a manganese-calcium cluster very similar in structure to the OEC, Cluster 2 (Figure 1 right). This cluster is an improvement over cluster 1 in that it has both calcium and manganese, and in that it has bridging oxygen atoms between the metal ions. However, it is much more reduced (has more electrons) than nature's cluster. Nevertheless, this cluster, when oxidized by an electrode, activates water molecules when they are in a dilute solution of organic solvent, showing that this structural and compositional analog of the OEC can activate water for oxidation reactions. However, rather than generating oxygen, this molecule oxidized the organic solvent in which the system was dissolved.     In the third objective, we sought to make versions of compound 2 that are soluble in pure water, so that we can avoid the undesirable reaction with the solvent. In the final year of the project, we achieved this, and isolated two water soluble molecules: compounds 13 and 14, shown in Figure 2. These may be dissolved in polar solvent like water, and we will propose to study their biomimetic reactivity in our future work.     With support from NSF, we have demonstrated the generation of synthetic clusters that possess BOTH structural and reactive similarity to the OEC, which is rare. These are important steps toward understanding how nature achieves the generation of oxygen from water, and possibly to inform design of catalysts that can achieve humanity's goal of solar water splitting.          Last Modified: 12/30/2022       Submitted by: Michael J Zdilla]]></POR_COPY_TXT>
</POR>
</Award>
</rootTag>
