<?xml version="1.0" encoding="UTF-8"?>
<rootTag>
<Award>
<AwardTitle><![CDATA[GP-IMPACT: The University of Hawaii Geology, Environmental/Earth, and Ocean (GEO)-Sciences Pathway]]></AwardTitle>
<AGENCY>NSF</AGENCY>
<AwardEffectiveDate>08/15/2018</AwardEffectiveDate>
<AwardExpirationDate>05/31/2023</AwardExpirationDate>
<AwardTotalIntnAmount>468763.00</AwardTotalIntnAmount>
<AwardAmount>562454</AwardAmount>
<AwardInstrument>
<Value>Standard Grant</Value>
</AwardInstrument>
<Organization>
<Code>06010000</Code>
<Directorate>
<Abbreviation>GEO</Abbreviation>
<LongName>Directorate For Geosciences</LongName>
</Directorate>
<Division>
<Abbreviation>RISE</Abbreviation>
<LongName>Div of Res, Innovation, Synergies, &amp; Edu</LongName>
</Division>
</Organization>
<ProgramOfficer>
<SignBlockName>Brandon Jones</SignBlockName>
<PO_EMAI>mbjones@nsf.gov</PO_EMAI>
<PO_PHON>7032924713</PO_PHON>
</ProgramOfficer>
<AbstractNarration><![CDATA[The University of Hawaii GP-IMPACT project seeks to address the challenges of securing the future geoscience workforce in the U.S. by investigating geoscience student pathways, especially for diverse student participants. This project introduces and develops a Geoscience, Earth/Environmental Science, Ocean Science (GEO) Pathway at the University of Hawaii, that provides students with a clear academic goal and support services as they navigate their way to their intended Baccalaureate STEM major. The GEO STEM Pathway incorporates specifically designed student learning outcomes at all critical junctures of the students' progress. The pathway is designed for stop-out/move-in, so that students facing external, unanticipated challenges can leave the program with an academic credential and an established set of skills attractive to industry and rejoin the path later, once they are ready.  This pathway is more than a recommended progression of required and elective coursework and academic curriculum. The pathway employs selected high impact practices in education aimed at native Hawaiian and other STEM students at critical junctures in the pathway to support student retention and persistence.&lt;br/&gt;&lt;br/&gt;The Primary goal of the University of Hawaii (UH) GP-IMPACT project is to increase the number and diversity of undergraduate students who enroll, persist, and complete a degree program in the Geology, Environmental/Earth, and Ocean (GEO) Sciences at the University of Hawaii. To accomplish this goal the UH will create a formal GEO academic pathway and college collaboration between UH Manoa School of Ocean, Earth and Science Technology (SOESTS) and the two largest community colleges in the State. This partnership will: 1. Develop engaging and sustained academic and career pathways in Geosciences from K-12 to higher education and between 2- and 4-year colleges. 2. Build capacity for career relevant geoscience programs in Hawaii; 3. Broaden participation in GEO Sciences by leveraging high impact practices for engagement of underrepresented groups, particularly native Hawaiians. 4. Provide opportunities for UH GEO students, faculty, and staff to engage in effective strategies that ensure learning, support teaching and strengthen undergraduate research experiences. The Hawaii GEO Pathway consortium envisions sustained inter-campus and UH system partnerships, a collaboratively developed and rigorous geoscience curriculum, effective recruitment, retention, and cohort experiences with strong support services and engaged learning opportunities.&lt;br/&gt;&lt;br/&gt;This award reflects NSF's statutory mission and has been deemed worthy of support through evaluation using the Foundation's intellectual merit and broader impacts review criteria.]]></AbstractNarration>
<MinAmdLetterDate>08/27/2018</MinAmdLetterDate>
<MaxAmdLetterDate>04/07/2022</MaxAmdLetterDate>
<ARRAAmount/>
<TRAN_TYPE>Grant</TRAN_TYPE>
<CFDA_NUM>47.050</CFDA_NUM>
<NSF_PAR_USE_FLAG>1</NSF_PAR_USE_FLAG>
<FUND_AGCY_CODE>4900</FUND_AGCY_CODE>
<AWDG_AGCY_CODE>4900</AWDG_AGCY_CODE>
<AwardID>1801529</AwardID>
<Investigator>
<FirstName>Herve</FirstName>
<LastName>Collin</LastName>
<PI_MID_INIT/>
<PI_SUFX_NAME/>
<PI_FULL_NAME>Herve Collin</PI_FULL_NAME>
<EmailAddress><![CDATA[herve@hawaii.edu]]></EmailAddress>
<NSF_ID>000693681</NSF_ID>
<StartDate>11/30/2021</StartDate>
<EndDate/>
<RoleCode>Principal Investigator</RoleCode>
</Investigator>
<Investigator>
<FirstName>Joshua</FirstName>
<LastName>Kaakua</LastName>
<PI_MID_INIT>K</PI_MID_INIT>
<PI_SUFX_NAME/>
<PI_FULL_NAME>Joshua K Kaakua</PI_FULL_NAME>
<EmailAddress><![CDATA[jkaakua@hawaii.edu]]></EmailAddress>
<NSF_ID>000474335</NSF_ID>
<StartDate>08/27/2018</StartDate>
<EndDate/>
<RoleCode>Co-Principal Investigator</RoleCode>
</Investigator>
<Investigator>
<FirstName>John</FirstName>
<LastName>Rand</LastName>
<PI_MID_INIT>D</PI_MID_INIT>
<PI_SUFX_NAME/>
<PI_FULL_NAME>John D Rand</PI_FULL_NAME>
<EmailAddress><![CDATA[jrand@hawaii.edu]]></EmailAddress>
<NSF_ID>000088019</NSF_ID>
<StartDate>08/27/2018</StartDate>
<EndDate>11/30/2021</EndDate>
<RoleCode>Former Principal Investigator</RoleCode>
</Investigator>
<Institution>
<Name><![CDATA[University of Hawaii]]></Name>
<CityName>HONOLULU</CityName>
<ZipCode>968222247</ZipCode>
<PhoneNumber>8089567800</PhoneNumber>
<StreetAddress><![CDATA[2425 CAMPUS RD SINCLAIR RM 1]]></StreetAddress>
<StreetAddress2/>
<CountryName>United States</CountryName>
<StateName>Hawaii</StateName>
<StateCode>HI</StateCode>
<CONGRESSDISTRICT>01</CONGRESSDISTRICT>
<CONGRESS_DISTRICT_ORG>HI01</CONGRESS_DISTRICT_ORG>
<ORG_UEI_NUM>NSCKLFSSABF2</ORG_UEI_NUM>
<ORG_LGL_BUS_NAME>UNIVERSITY OF HAWAII</ORG_LGL_BUS_NAME>
<ORG_PRNT_UEI_NUM/>
</Institution>
<Performance_Institution>
<Name><![CDATA[University of Hawaii]]></Name>
<CityName>Honolulu</CityName>
<StateCode>HI</StateCode>
<ZipCode>968222234</ZipCode>
<StreetAddress><![CDATA[2440 Campus Road, Box 368]]></StreetAddress>
<CountryCode>US</CountryCode>
<CountryName>United States</CountryName>
<StateName>Hawaii</StateName>
<CountryFlag>1</CountryFlag>
<CONGRESSDISTRICT>01</CONGRESSDISTRICT>
<CONGRESS_DISTRICT_PERF>HI01</CONGRESS_DISTRICT_PERF>
</Performance_Institution>
<ProgramElement>
<Code>0619</Code>
<Text>SPECIAL EMPHASIS PROGRAM</Text>
</ProgramElement>
<ProgramElement>
<Code>1998</Code>
<Text>IUSE</Text>
</ProgramElement>
<ProgramReference>
<Code>8209</Code>
<Text>Improv Undergrad STEM Ed(IUSE)</Text>
</ProgramReference>
<Appropriation>
<Code/>
<Name/>
<APP_SYMB_ID/>
</Appropriation>
<Appropriation>
<Code>0118</Code>
<Name>NSF RESEARCH &amp; RELATED ACTIVIT</Name>
<APP_SYMB_ID>040100</APP_SYMB_ID>
</Appropriation>
<Fund>
<Code>01002223DB</Code>
<Name><![CDATA[NSF RESEARCH & RELATED ACTIVIT]]></Name>
<FUND_SYMB_ID>040100</FUND_SYMB_ID>
</Fund>
<Fund>
<Code>01001819DB</Code>
<Name><![CDATA[NSF RESEARCH & RELATED ACTIVIT]]></Name>
<FUND_SYMB_ID>040100</FUND_SYMB_ID>
</Fund>
<FUND_OBLG>2018~468763</FUND_OBLG>
<FUND_OBLG>2022~93691</FUND_OBLG>
<POR>
<DRECONTENT><![CDATA[<div class="porColContainerWBG"> <div class="porContentCol"><p>The GEO STEM Pathway project intended to build a sustained, fully-articulated geoscience pathway through institutional collaborations between the University of Hawaii (UH) two-year community colleges and the UH research institution at Manoa. It also aimed to increase the geoscience teaching and research capacity at two-year community colleges. <br />While creating a specific two-year degree in STEM with a concentration in geosciences has yet to be accomplished, key components have been initiated to facilitate its future implementation. A new Natural Hazards course has been institutionalized at the two largest UH community colleges, Kapiolani and Leeward Community College. This lecture course aims to expand the awareness of Earth issues and inspire and recruit students in the geosciences. Kapiolani Community College has implemented two additional initiatives: 1) to further increase students' retention, a second lecture-lab course on climate change with a unique laboratory emphasis on computational science to solve real-world problems in geosciences; and 2) to broaden participation with high-impact practices, a STEM research course in geosciences for students to be engaged in undergraduate research experience projects. Both course institutionalizations aimed to provide students with the necessary skills to be successful after transferring to a research institution such as the University of Hawaii at Manoa. Similarly, a strong partnership has been established between Leeward Community College and the Pacific Islands Fisheries Science Center to provide early aina-based research opportunities to students with challenges specific to the Hawaiian islands. These research opportunities have been designed so that students starting research at Leeward may continue on the same project after transferring to UH Manoa until they graduate with a bachelor's in geosciences.</p><br> <p>            Last Modified: 06/27/2023<br>      Modified by: Herve&nbsp;Collin</p> </div> <div class="porSideCol"></div> </div>]]></DRECONTENT>
<POR_COPY_TXT><![CDATA[ The GEO STEM Pathway project intended to build a sustained, fully-articulated geoscience pathway through institutional collaborations between the University of Hawaii (UH) two-year community colleges and the UH research institution at Manoa. It also aimed to increase the geoscience teaching and research capacity at two-year community colleges.  While creating a specific two-year degree in STEM with a concentration in geosciences has yet to be accomplished, key components have been initiated to facilitate its future implementation. A new Natural Hazards course has been institutionalized at the two largest UH community colleges, Kapiolani and Leeward Community College. This lecture course aims to expand the awareness of Earth issues and inspire and recruit students in the geosciences. Kapiolani Community College has implemented two additional initiatives: 1) to further increase students' retention, a second lecture-lab course on climate change with a unique laboratory emphasis on computational science to solve real-world problems in geosciences; and 2) to broaden participation with high-impact practices, a STEM research course in geosciences for students to be engaged in undergraduate research experience projects. Both course institutionalizations aimed to provide students with the necessary skills to be successful after transferring to a research institution such as the University of Hawaii at Manoa. Similarly, a strong partnership has been established between Leeward Community College and the Pacific Islands Fisheries Science Center to provide early aina-based research opportunities to students with challenges specific to the Hawaiian islands. These research opportunities have been designed so that students starting research at Leeward may continue on the same project after transferring to UH Manoa until they graduate with a bachelor's in geosciences.       Last Modified: 06/27/2023       Submitted by: Herve Collin]]></POR_COPY_TXT>
</POR>
</Award>
</rootTag>
