<?xml version="1.0" encoding="UTF-8"?>
<rootTag>
<Award>
<AwardTitle><![CDATA[The Internet of Things Education Project]]></AwardTitle>
<AGENCY>NSF</AGENCY>
<AwardEffectiveDate>10/01/2018</AwardEffectiveDate>
<AwardExpirationDate>09/30/2023</AwardExpirationDate>
<AwardTotalIntnAmount>599388.00</AwardTotalIntnAmount>
<AwardAmount>599388</AwardAmount>
<AwardInstrument>
<Value>Standard Grant</Value>
</AwardInstrument>
<Organization>
<Code>11040100</Code>
<Directorate>
<Abbreviation>EDU</Abbreviation>
<LongName>Directorate for STEM Education</LongName>
</Directorate>
<Division>
<Abbreviation>DUE</Abbreviation>
<LongName>Division Of Undergraduate Education</LongName>
</Division>
</Organization>
<ProgramOfficer>
<SignBlockName>Paul Tymann</SignBlockName>
<PO_EMAI>ptymann@nsf.gov</PO_EMAI>
<PO_PHON>7032922832</PO_PHON>
</ProgramOfficer>
<AbstractNarration><![CDATA[A convergence of technologies has given rise to cyber-physical systems known as the Internet of Things (IoT). IoT applications incorporate networks of advanced sensors and actuators, embedded intelligence, and networking technologies to provide control that were not previously possible. IoT technology has the potential to affect nearly every aspect of human endeavor and commerce by increasing system efficiency and reducing energy consumption. It also can provide real-time monitoring of the nation's infrastructure and environment and has the potential to improve public health, safety, and national security. This project has four objectives. First, it will create and test interdisciplinary IoT learning material in electronics, computing, and networking. Second, it will broadly disseminate the materials through established networks such as the Advanced Technological Education Centers. Third, the project will develop teacher and faculty expertise in IoT and active-learner technologies. Fourth, it will interest under-represented groups in STEM fields by recruiting K-12 students into summer workshops. It is vitally important that the United States be at the forefront of the development of this technology and has a workforce that can install, maintain, and update this emerging technology. This project has the potential to provide the necessary curricula and training to teachers, who can educate the IoT technicians needed to work in this critical and evolving area. &lt;br/&gt;&lt;br/&gt;This multi-interdisciplinary project aims to improve STEM-related undergraduate education in electronics, computing, and networking technology areas. It also aims to improve education in non-electronics-based technologies that use cyber-physical systems to provide advanced automation and control functions and enhance system efficiency, safety, and security. The project will develop courses, modules, labs, and simulations. These teaching resources will focus on advanced manufacturing or Industrial IoT, IoT cybersecurity, e-healthcare IoT applications, and IoT based advanced automotive technologies. The project will create an IoT Systems Field Technician option or certificate under existing electronics, computing, and networking programs. The certificate has the potential to benefit incumbent workers and is expected to be of greater benefit to students pursuing degrees in areas such as Biomedical Equipment Repair or Mechanical Engineering Technology than a standalone IoT degree. Broad dissemination of the results and an emphasis on cultivating high school teacher and college faculty expertise will support broad impact. The project impact is broadened further by recruitment of diverse K-12 students to participate in summer workshops. These workshops will expose K-12 students to coding, sensors, data acquisition, interactive virtual labs, simulations, and low-cost computing platforms.&lt;br/&gt;&lt;br/&gt;This award reflects NSF's statutory mission and has been deemed worthy of support through evaluation using the Foundation's intellectual merit and broader impacts review criteria.]]></AbstractNarration>
<MinAmdLetterDate>08/21/2018</MinAmdLetterDate>
<MaxAmdLetterDate>08/21/2018</MaxAmdLetterDate>
<ARRAAmount/>
<TRAN_TYPE>Grant</TRAN_TYPE>
<CFDA_NUM>47.076</CFDA_NUM>
<NSF_PAR_USE_FLAG>1</NSF_PAR_USE_FLAG>
<FUND_AGCY_CODE>4900</FUND_AGCY_CODE>
<AWDG_AGCY_CODE>4900</AWDG_AGCY_CODE>
<AwardID>1801090</AwardID>
<Investigator>
<FirstName>Edward</FirstName>
<LastName>Bigos</LastName>
<PI_MID_INIT/>
<PI_SUFX_NAME/>
<PI_FULL_NAME>Edward Bigos</PI_FULL_NAME>
<EmailAddress><![CDATA[Bigos@stcc.edu]]></EmailAddress>
<NSF_ID>000067712</NSF_ID>
<StartDate>08/21/2018</StartDate>
<EndDate/>
<RoleCode>Co-Principal Investigator</RoleCode>
</Investigator>
<Investigator>
<FirstName>Yakov</FirstName>
<LastName>Cherner</LastName>
<PI_MID_INIT>E</PI_MID_INIT>
<PI_SUFX_NAME/>
<PI_FULL_NAME>Yakov E Cherner</PI_FULL_NAME>
<EmailAddress><![CDATA[ycherner@ATeLearning.com]]></EmailAddress>
<NSF_ID>000104043</NSF_ID>
<StartDate>08/21/2018</StartDate>
<EndDate/>
<RoleCode>Co-Principal Investigator</RoleCode>
</Investigator>
<Investigator>
<FirstName>Aura</FirstName>
<LastName>Ganz</LastName>
<PI_MID_INIT/>
<PI_SUFX_NAME/>
<PI_FULL_NAME>Aura Ganz</PI_FULL_NAME>
<EmailAddress><![CDATA[ganz@ecs.umass.edu]]></EmailAddress>
<NSF_ID>000099379</NSF_ID>
<StartDate>08/21/2018</StartDate>
<EndDate/>
<RoleCode>Co-Principal Investigator</RoleCode>
</Investigator>
<Investigator>
<FirstName>Gary</FirstName>
<LastName>Mullett</LastName>
<PI_MID_INIT>J</PI_MID_INIT>
<PI_SUFX_NAME/>
<PI_FULL_NAME>Gary J Mullett</PI_FULL_NAME>
<EmailAddress><![CDATA[gmullett@stcc.edu]]></EmailAddress>
<NSF_ID>000091953</NSF_ID>
<StartDate>08/21/2018</StartDate>
<EndDate/>
<RoleCode>Principal Investigator</RoleCode>
</Investigator>
<Institution>
<Name><![CDATA[Springfield Technical Community College]]></Name>
<CityName>SPRINGFIELD</CityName>
<ZipCode>011051700</ZipCode>
<PhoneNumber>4137817822</PhoneNumber>
<StreetAddress><![CDATA[1 ARMORY SQ]]></StreetAddress>
<StreetAddress2/>
<CountryName>United States</CountryName>
<StateName>Massachusetts</StateName>
<StateCode>MA</StateCode>
<CONGRESSDISTRICT>01</CONGRESSDISTRICT>
<CONGRESS_DISTRICT_ORG>MA01</CONGRESS_DISTRICT_ORG>
<ORG_UEI_NUM>TMJXBJPDLX95</ORG_UEI_NUM>
<ORG_LGL_BUS_NAME>SPRINGFIELD TECHNICAL COMMUNITY COLLEGE</ORG_LGL_BUS_NAME>
<ORG_PRNT_UEI_NUM/>
</Institution>
<Performance_Institution>
<Name><![CDATA[Springfield Technical Community College]]></Name>
<CityName>Springfield</CityName>
<StateCode>MA</StateCode>
<ZipCode>011029000</ZipCode>
<StreetAddress><![CDATA[One Armory Square]]></StreetAddress>
<CountryCode>US</CountryCode>
<CountryName>United States</CountryName>
<StateName>Massachusetts</StateName>
<CountryFlag>1</CountryFlag>
<CONGRESSDISTRICT>01</CONGRESSDISTRICT>
<CONGRESS_DISTRICT_PERF>MA01</CONGRESS_DISTRICT_PERF>
</Performance_Institution>
<ProgramElement>
<Code>7412</Code>
<Text>Advanced Tech Education Prog</Text>
</ProgramElement>
<ProgramReference>
<Code>1032</Code>
<Text>ADVANCED TECHNOLOGY EDUCATION</Text>
</ProgramReference>
<ProgramReference>
<Code>9178</Code>
<Text>UNDERGRADUATE EDUCATION</Text>
</ProgramReference>
<ProgramReference>
<Code>SMET</Code>
<Text>SCIENCE, MATH, ENG &amp; TECH EDUCATION</Text>
</ProgramReference>
<Appropriation>
<Code>0418</Code>
<Name>NSF Education &amp; Human Resource</Name>
<APP_SYMB_ID>040106</APP_SYMB_ID>
</Appropriation>
<Fund>
<Code>04001819DB</Code>
<Name><![CDATA[NSF Education & Human Resource]]></Name>
<FUND_SYMB_ID>040106</FUND_SYMB_ID>
</Fund>
<FUND_OBLG>2018~599388</FUND_OBLG>
</Award>
</rootTag>
