<?xml version="1.0" encoding="UTF-8"?>
<rootTag>
<Award>
<AwardTitle><![CDATA[Collaborative Proposal: GP-IMPACT: Ambassadors for STEM Training to Enhance Participation (A-STEP)]]></AwardTitle>
<AGENCY>NSF</AGENCY>
<AwardEffectiveDate>07/01/2018</AwardEffectiveDate>
<AwardExpirationDate>06/30/2024</AwardExpirationDate>
<AwardTotalIntnAmount>172620.00</AwardTotalIntnAmount>
<AwardAmount>172620</AwardAmount>
<AwardInstrument>
<Value>Standard Grant</Value>
</AwardInstrument>
<Organization>
<Code>06010000</Code>
<Directorate>
<Abbreviation>GEO</Abbreviation>
<LongName>Directorate For Geosciences</LongName>
</Directorate>
<Division>
<Abbreviation>RISE</Abbreviation>
<LongName>Div of Res, Innovation, Synergies, &amp; Edu</LongName>
</Division>
</Organization>
<ProgramOfficer>
<SignBlockName>Aisha Morris</SignBlockName>
<PO_EMAI>armorris@nsf.gov</PO_EMAI>
<PO_PHON>7032927081</PO_PHON>
</ProgramOfficer>
<AbstractNarration><![CDATA[Geoscientists work on the front lines of issues affecting human communities worldwide, requiring an educated public positioned to help decision-makers understand Earth's complex workings and ensure the safety of its billions of inhabitants. Expanding diversity and inclusivity in the geosciences is critical as decision-making informed by geosciences is a matter of both social justice and critical national need. Recent research on social vulnerability, particularly the vulnerability of communities to extreme natural events based on social factors such as income, race, ethnicity, and housing, finds that communities of color are often among those most vulnerable to these natural events. To address this challenge head-on, the Ambassadors for STEM Training to Enhance Participation (A-STEP) program will provide a transformative seagoing experience to cohorts of students from underrepresented communities who will be equipped with both solid science background and science communication skills. This experience will broaden perspectives on the role of the oceans as a driver of global and environmental change and is expected to empower ambassadors to communicate that change within their own diverse communities. The project will leverage transits of U.S.-operated marine research vessels to train diverse STEM and non-STEM students in science communication. Under the guidance of instructors and science mentors, these students will become effective ambassadors to disseminate exciting and relevant geoscience information across broad audiences.  &lt;br/&gt; &lt;br/&gt;The goals of the A-STEP project are to: (1) Raise the profile of geosciences and geoscience-related careers among under-represented groups nationwide; (2) Produce a series of engaging multimedia products to contribute towards this goal; (3) Draw from scientific ocean drilling and related research to develop educational storyboard modules aimed at K-12 audiences showing the impacts of global change on marine and terrestrial systems; and (4) Contribute to increased diversity of knowledge across geoscience-related fields and career choices by drawing greater attention to the relevance of climate and environmental change for all citizens.&lt;br/&gt;To achieve these goals, cohorts of 16 students annually from talented pools of STEM and non-STEM majors will join scientists and science education/communication professionals on short transit cruises on the JOIDES Resolution and UNOLS vessels. Students will learn first-hand in the scientifically-rich environment of an oceanographic cruise the significance of data gleaned from marine sediments, marine organisms, marine pollution, water chemistry, weather and climate patterns, and seafloor dynamics. Subsequently, these newly-minted ambassadors will be deployed across their communities and the nation to transmit the importance and relevance of geoscience information and careers, create innovative products and presentations about their experiences, and make linkages between climate and environmental change and people's daily lives. A-STEP cohorts will become a rich nationwide resource for inspiring the next generation of geoscientists. As ambassadors tasked with promoting STEM knowledge and careers, program participants will bring meaning and value to information, demonstrating how climate and environmental change is affecting all citizens, urban and rural. Citizens with few direct connections to science and scientists, who unfortunately are disproportionately African American, Latino, and Native American communities, are often more vulnerable to misinformation and will especially benefit from interactions with A-STEP students.&lt;br/&gt;&lt;br/&gt;This award reflects NSF's statutory mission and has been deemed worthy of support through evaluation using the Foundation's intellectual merit and broader impacts review criteria.]]></AbstractNarration>
<MinAmdLetterDate>07/11/2018</MinAmdLetterDate>
<MaxAmdLetterDate>05/26/2023</MaxAmdLetterDate>
<ARRAAmount/>
<TRAN_TYPE>Grant</TRAN_TYPE>
<CFDA_NUM>47.050</CFDA_NUM>
<NSF_PAR_USE_FLAG>1</NSF_PAR_USE_FLAG>
<FUND_AGCY_CODE>4900</FUND_AGCY_CODE>
<AWDG_AGCY_CODE>4900</AWDG_AGCY_CODE>
<AwardID>1801634</AwardID>
<Investigator>
<FirstName>Sharon</FirstName>
<LastName>Cooper</LastName>
<PI_MID_INIT/>
<PI_SUFX_NAME/>
<PI_FULL_NAME>Sharon Cooper</PI_FULL_NAME>
<EmailAddress><![CDATA[sharon.cooper@columbia.edu]]></EmailAddress>
<NSF_ID>000559416</NSF_ID>
<StartDate>07/11/2018</StartDate>
<EndDate/>
<RoleCode>Principal Investigator</RoleCode>
</Investigator>
<Institution>
<Name><![CDATA[Columbia University]]></Name>
<CityName>NEW YORK</CityName>
<ZipCode>100277922</ZipCode>
<PhoneNumber>2128546851</PhoneNumber>
<StreetAddress><![CDATA[615 W 131ST ST]]></StreetAddress>
<StreetAddress2><![CDATA[MC 8741]]></StreetAddress2>
<CountryName>United States</CountryName>
<StateName>New York</StateName>
<StateCode>NY</StateCode>
<CONGRESSDISTRICT>13</CONGRESSDISTRICT>
<CONGRESS_DISTRICT_ORG>NY13</CONGRESS_DISTRICT_ORG>
<ORG_UEI_NUM>F4N1QNPB95M4</ORG_UEI_NUM>
<ORG_LGL_BUS_NAME>THE TRUSTEES OF COLUMBIA UNIVERSITY IN THE CITY OF NEW YORK</ORG_LGL_BUS_NAME>
<ORG_PRNT_UEI_NUM/>
</Institution>
<Performance_Institution>
<Name><![CDATA[Columbia University Lamont Doherty Earth Observatory]]></Name>
<CityName>Palisades</CityName>
<StateCode>NY</StateCode>
<ZipCode>109641000</ZipCode>
<StreetAddress><![CDATA[61 Route 9W]]></StreetAddress>
<CountryCode>US</CountryCode>
<CountryName>United States</CountryName>
<StateName>New York</StateName>
<CountryFlag>1</CountryFlag>
<CONGRESSDISTRICT>17</CONGRESSDISTRICT>
<CONGRESS_DISTRICT_PERF>NY17</CONGRESS_DISTRICT_PERF>
</Performance_Institution>
<ProgramElement>
<Code>1998</Code>
<Text>IUSE</Text>
</ProgramElement>
<ProgramReference>
<Code>8209</Code>
<Text>Improv Undergrad STEM Ed(IUSE)</Text>
</ProgramReference>
<Appropriation>
<Code>0118</Code>
<Name>NSF RESEARCH &amp; RELATED ACTIVIT</Name>
<APP_SYMB_ID>040100</APP_SYMB_ID>
</Appropriation>
<Fund>
<Code>01001819DB</Code>
<Name><![CDATA[NSF RESEARCH & RELATED ACTIVIT]]></Name>
<FUND_SYMB_ID>040100</FUND_SYMB_ID>
</Fund>
<FUND_OBLG>2018~172620</FUND_OBLG>
</Award>
</rootTag>
