<?xml version="1.0" encoding="UTF-8"?>
<rootTag>
<Award>
<AwardTitle><![CDATA[Unmanned Aerial Systems Technology Curriculum to Meet Industry Demand]]></AwardTitle>
<AGENCY>NSF</AGENCY>
<AwardEffectiveDate>07/01/2018</AwardEffectiveDate>
<AwardExpirationDate>06/30/2022</AwardExpirationDate>
<AwardTotalIntnAmount>364334.00</AwardTotalIntnAmount>
<AwardAmount>364334</AwardAmount>
<AwardInstrument>
<Value>Standard Grant</Value>
</AwardInstrument>
<Organization>
<Code>11040100</Code>
<Directorate>
<Abbreviation>EDU</Abbreviation>
<LongName>Directorate for STEM Education</LongName>
</Directorate>
<Division>
<Abbreviation>DUE</Abbreviation>
<LongName>Division Of Undergraduate Education</LongName>
</Division>
</Organization>
<ProgramOfficer>
<SignBlockName>Eric Sheppard</SignBlockName>
<PO_EMAI>esheppar@nsf.gov</PO_EMAI>
<PO_PHON>7032922589</PO_PHON>
</ProgramOfficer>
<AbstractNarration><![CDATA[Careers involving the understanding and use of Unmanned Aerial Systems (UAS), commonly known as drones, are developing rapidly. A wide range of careers, from precision agriculture and crop insurance to real estate and police work, need trained UAS technicians. In addition, industries are discovering new needs for UAS and industries that use UAS are finding new ways to benefit from the data and imagery gathered by UAS. To meet these increasing demands, Parkland College will develop UAS courses and certificates with a focus on agricultural applications. This project will include the participation of five other community colleges, three four-year institutions, and industry partners. The new curriculum will advance UAS technician education so that students earn relevant credentials that will prepare them for jobs after completion. The project will focus on recruiting women and veterans into the UAS program, and will engage high schools and universities to enhance educational avenues into UAS technology careers. Students who graduate with credentials in UAS technologies should be able to enter a high-growth STEM industry that is expected to need many workers in the next decade. &lt;br/&gt;&lt;br/&gt;The central goal of the project is to develop UAS curricula at Parkland College that meet industry needs in the major agricultural hub of Central Illinois and its surrounding area, which is expanding the use of UAS technologies. The newly-developed courses will be based on existing courses from partnering community colleges but with an emphasis on UAS applications for agricultural industries. Topics covered in the courses will include flight controllers, aerodynamics, managing data, regulations, and safety and operational considerations. The courses will be combined to create 6-credit and 18-credit UAS certificates. Industry input about curricular content will be integrated into designing the credentials so that the credentials appropriately prepare technicians for jobs in the UAS sector. The project team also aims to develop articulation agreements with universities offering UAS degrees. These connections will ensure that the new curriculum will be transferable for students wishing to continue their education. Project outreach activities will focus on recruiting women and veterans into the program, and foster associations with regional high schools. The products and best practices from the project will be disseminated through coordination with community college and university partners as well as online at multiple NSF-ATE Centers, including the National Geospatial Technology Center of Excellence.&lt;br/&gt;&lt;br/&gt;This award reflects NSF's statutory mission and has been deemed worthy of support through evaluation using the Foundation's intellectual merit and broader impacts review criteria.]]></AbstractNarration>
<MinAmdLetterDate>04/09/2018</MinAmdLetterDate>
<MaxAmdLetterDate>09/18/2020</MaxAmdLetterDate>
<ARRAAmount/>
<TRAN_TYPE>Grant</TRAN_TYPE>
<CFDA_NUM>47.076</CFDA_NUM>
<NSF_PAR_USE_FLAG>1</NSF_PAR_USE_FLAG>
<FUND_AGCY_CODE>4900</FUND_AGCY_CODE>
<AWDG_AGCY_CODE>4900</AWDG_AGCY_CODE>
<AwardID>1801094</AwardID>
<Investigator>
<FirstName>Amanda</FirstName>
<LastName>Briggs</LastName>
<PI_MID_INIT/>
<PI_SUFX_NAME/>
<PI_FULL_NAME>Amanda Briggs</PI_FULL_NAME>
<EmailAddress><![CDATA[abriggs@parkland.edu]]></EmailAddress>
<NSF_ID>000757078</NSF_ID>
<StartDate>04/09/2018</StartDate>
<EndDate/>
<RoleCode>Principal Investigator</RoleCode>
</Investigator>
<Investigator>
<FirstName>Donald</FirstName>
<LastName>Talleur</LastName>
<PI_MID_INIT/>
<PI_SUFX_NAME/>
<PI_FULL_NAME>Donald Talleur</PI_FULL_NAME>
<EmailAddress><![CDATA[dtalleur@parkland.edu]]></EmailAddress>
<NSF_ID>000759581</NSF_ID>
<StartDate>04/09/2018</StartDate>
<EndDate>09/18/2020</EndDate>
<RoleCode>Former Co-Principal Investigator</RoleCode>
</Investigator>
<Investigator>
<FirstName>Arthur</FirstName>
<LastName>Earl</LastName>
<PI_MID_INIT>J</PI_MID_INIT>
<PI_SUFX_NAME/>
<PI_FULL_NAME>Arthur J Earl</PI_FULL_NAME>
<EmailAddress><![CDATA[aearl@parkland.edu]]></EmailAddress>
<NSF_ID>000787267</NSF_ID>
<StartDate>11/13/2018</StartDate>
<EndDate/>
<RoleCode>Co-Principal Investigator</RoleCode>
</Investigator>
<Investigator>
<FirstName>Wendy</FirstName>
<LastName>Evans</LastName>
<PI_MID_INIT>L</PI_MID_INIT>
<PI_SUFX_NAME/>
<PI_FULL_NAME>Wendy L Evans</PI_FULL_NAME>
<EmailAddress><![CDATA[wevans@parkland.edu]]></EmailAddress>
<NSF_ID>000836882</NSF_ID>
<StartDate>09/18/2020</StartDate>
<EndDate/>
<RoleCode>Co-Principal Investigator</RoleCode>
</Investigator>
<Institution>
<Name>Parkland College</Name>
<CityName>CHAMPAIGN</CityName>
<ZipCode>618211806</ZipCode>
<PhoneNumber>2173532167</PhoneNumber>
<StreetAddress>2400 W BRADLEY AVE</StreetAddress>
<StreetAddress2/>
<CountryName>United States</CountryName>
<StateName>Illinois</StateName>
<StateCode>IL</StateCode>
<CONGRESSDISTRICT>13</CONGRESSDISTRICT>
<CONGRESS_DISTRICT_ORG>IL13</CONGRESS_DISTRICT_ORG>
<ORG_UEI_NUM>JJ67LYFKNYK2</ORG_UEI_NUM>
<ORG_LGL_BUS_NAME>PARKLAND COLLEGE DISTRICT 505</ORG_LGL_BUS_NAME>
<ORG_PRNT_UEI_NUM/>
</Institution>
<Performance_Institution>
<Name><![CDATA[Parkland College]]></Name>
<CityName>Champaign</CityName>
<StateCode>IL</StateCode>
<ZipCode>618211899</ZipCode>
<StreetAddress><![CDATA[2400 W. Bradley Ave]]></StreetAddress>
<CountryCode>US</CountryCode>
<CountryName>United States</CountryName>
<StateName>Illinois</StateName>
<CountryFlag>1</CountryFlag>
<CONGRESSDISTRICT>13</CONGRESSDISTRICT>
<CONGRESS_DISTRICT_PERF>IL13</CONGRESS_DISTRICT_PERF>
</Performance_Institution>
<ProgramElement>
<Code>7412</Code>
<Text>Advanced Tech Education Prog</Text>
</ProgramElement>
<ProgramReference>
<Code>1032</Code>
<Text>ADVANCED TECHNOLOGY EDUCATION</Text>
</ProgramReference>
<ProgramReference>
<Code>9178</Code>
<Text>UNDERGRADUATE EDUCATION</Text>
</ProgramReference>
<ProgramReference>
<Code>SMET</Code>
<Text>SCIENCE, MATH, ENG &amp; TECH EDUCATION</Text>
</ProgramReference>
<Appropriation>
<Code>0418</Code>
<Name>NSF Education &amp; Human Resource</Name>
<APP_SYMB_ID>040106</APP_SYMB_ID>
</Appropriation>
<Fund>
<Code>04001819DB</Code>
<Name><![CDATA[NSF Education & Human Resource]]></Name>
<FUND_SYMB_ID>040106</FUND_SYMB_ID>
</Fund>
<FUND_OBLG>2018~364334</FUND_OBLG>
<POR>
<DRECONTENT><![CDATA[<div class="porColContainerWBG"> <div class="porContentCol"><p>The UCID project, or Unmanned Curriculum for Industry Demand, provided funding for Parkland College to create an Unmanned Aircraft Systems (UAS) program to meet the growing demands of a rapidly expanding industry. Over the course of the project, three new courses and two certificates were created to produce qualified workers.&nbsp; An advisory board was created that played an instrumental role in assuring that the curriculum aligns with industry needs as well as offering internship positions and employment opportunities for program graduates.&nbsp;</p> <p>The UAS program saw a steady increase in enrollment, despite the impacts of COVID.&nbsp; The program goal of enrolling 50 unique students was well exceeded with an enrollment of 134 unique students.&nbsp;&nbsp; The project has also shown an increase in program diversity through the enrollment of minority students, particularly female students.&nbsp; Marketing materials were created as well as targeted outreach events to attract a more diverse student population.&nbsp; Throughout the four years of the grant, female enrollment averaged 19%, well above the project goal of 10%.&nbsp;</p> <p>To help create a pathway for high school students, UAS training workshops were offered to teachers that resulted in the implementation of UAS in high school classrooms across the state of Illinois.&nbsp; Through these workshops, teachers were provided training to obtain their commercial UAS certificate and received hands on training to fly drones as well as using simulation software.&nbsp; For students looking to continue their education beyond a certificate or associate degree, an articulation agreement was created between Parkland College and Lewis University, a 4-year institution.&nbsp;&nbsp;</p> <p>The UCID project has had a demonstrable impact by creating a UAS program to serve as a model to other institutions, positive overall enrollment numbers as well as increased diversity, performing outreach to high schools, and creating a path to continuing education at a 4-year institution.</p> <p>&nbsp;</p><br> <p>            Last Modified: 09/22/2022<br>      Modified by: Amanda&nbsp;Briggs</p> </div> <div class="porSideCol"></div> </div>]]></DRECONTENT>
<POR_COPY_TXT><![CDATA[ The UCID project, or Unmanned Curriculum for Industry Demand, provided funding for Parkland College to create an Unmanned Aircraft Systems (UAS) program to meet the growing demands of a rapidly expanding industry. Over the course of the project, three new courses and two certificates were created to produce qualified workers.  An advisory board was created that played an instrumental role in assuring that the curriculum aligns with industry needs as well as offering internship positions and employment opportunities for program graduates.   The UAS program saw a steady increase in enrollment, despite the impacts of COVID.  The program goal of enrolling 50 unique students was well exceeded with an enrollment of 134 unique students.   The project has also shown an increase in program diversity through the enrollment of minority students, particularly female students.  Marketing materials were created as well as targeted outreach events to attract a more diverse student population.  Throughout the four years of the grant, female enrollment averaged 19%, well above the project goal of 10%.   To help create a pathway for high school students, UAS training workshops were offered to teachers that resulted in the implementation of UAS in high school classrooms across the state of Illinois.  Through these workshops, teachers were provided training to obtain their commercial UAS certificate and received hands on training to fly drones as well as using simulation software.  For students looking to continue their education beyond a certificate or associate degree, an articulation agreement was created between Parkland College and Lewis University, a 4-year institution.    The UCID project has had a demonstrable impact by creating a UAS program to serve as a model to other institutions, positive overall enrollment numbers as well as increased diversity, performing outreach to high schools, and creating a path to continuing education at a 4-year institution.          Last Modified: 09/22/2022       Submitted by: Amanda Briggs]]></POR_COPY_TXT>
</POR>
</Award>
</rootTag>
