<?xml version="1.0" encoding="UTF-8"?>
<rootTag>
<Award>
<AwardTitle><![CDATA[RUI: Structure and Representations of Finite Groups]]></AwardTitle>
<AGENCY>NSF</AGENCY>
<AwardEffectiveDate>08/01/2018</AwardEffectiveDate>
<AwardExpirationDate>07/31/2022</AwardExpirationDate>
<AwardTotalIntnAmount>109995.00</AwardTotalIntnAmount>
<AwardAmount>109995</AwardAmount>
<AwardInstrument>
<Value>Standard Grant</Value>
</AwardInstrument>
<Organization>
<Code>03040000</Code>
<Directorate>
<Abbreviation>MPS</Abbreviation>
<LongName>Direct For Mathematical &amp; Physical Scien</LongName>
</Directorate>
<Division>
<Abbreviation>DMS</Abbreviation>
<LongName>Division Of Mathematical Sciences</LongName>
</Division>
</Organization>
<ProgramOfficer>
<SignBlockName>James Matthew Douglass</SignBlockName>
<PO_EMAI>mdouglas@nsf.gov</PO_EMAI>
<PO_PHON>7032922467</PO_PHON>
</ProgramOfficer>
<AbstractNarration><![CDATA[This project is in the area of group theory and the representation theory of finite groups.  The study of group theory is motivated by the desire to understand the symmetry of an object, whether it be in nature, art, communication networks, or any other place that symmetry might play a role.  Finite group representation theory has applications in physics, chemistry, and other natural sciences, and in recent years, research in group theory and other algebraic areas has also had a significant impact on technological advances, such as in cryptography and coding theory. Representation theory is a tool used to better understand the structure of a group and the symmetries it represents. Roughly speaking, representations provide a way to view an abstract group as a collection of matrices whose structure is often easier to understand. This project focuses on a number of problems that seek to relate the representation theory of a finite group to the structure of the group, which in turn may give more insight into the real-world objects whose symmetries are encoded in these groups and have implications for the various applications of group theory. Several of the problems under consideration involve computations and other components that are well-suited for involving undergraduate students and introducing them to group theory and mathematical research, and the investigator will recruit, encourage, and mentor students to pursuing research activities related to this project.&lt;br/&gt;&lt;br/&gt;More specifically, this project is focused on irreducible characters of finite groups of Lie type, which make up the largest collection of finite simple groups.  It involves relating the character theory of a group to that of certain subgroups, through local-global conjectures and irreducible character restrictions, in addition to relating character fields of values to properties of conjugacy classes of the group. Several of the questions in the project aim to further the current knowledge in the field regarding the action of Galois automorphisms on characters of groups of Lie type.  Since the effect of various group actions on parametrizations of these characters is an especially problematic component in a number of local-global conjectures and other main problems regarding the representations of groups of Lie type, this is of interest to many other problems in the area. In particular, part of the project concerns Navarro's Galois-McKay conjecture for groups of Lie type, as well as studying reality for conjugacy classes and characters of groups of Lie type.&lt;br/&gt;&lt;br/&gt;This award reflects NSF's statutory mission and has been deemed worthy of support through evaluation using the Foundation's intellectual merit and broader impacts review criteria.]]></AbstractNarration>
<MinAmdLetterDate>04/18/2018</MinAmdLetterDate>
<MaxAmdLetterDate>04/18/2018</MaxAmdLetterDate>
<ARRAAmount/>
<TRAN_TYPE>Grant</TRAN_TYPE>
<CFDA_NUM>47.049</CFDA_NUM>
<NSF_PAR_USE_FLAG>1</NSF_PAR_USE_FLAG>
<FUND_AGCY_CODE>4900</FUND_AGCY_CODE>
<AWDG_AGCY_CODE>4900</AWDG_AGCY_CODE>
<AwardID>1801156</AwardID>
<Investigator>
<FirstName>Mandi</FirstName>
<LastName>Schaeffer Fry</LastName>
<PI_MID_INIT/>
<PI_SUFX_NAME/>
<PI_FULL_NAME>Mandi Schaeffer Fry</PI_FULL_NAME>
<EmailAddress><![CDATA[mandi.schaefferfry@du.edu]]></EmailAddress>
<NSF_ID>000685281</NSF_ID>
<StartDate>04/18/2018</StartDate>
<EndDate/>
<RoleCode>Principal Investigator</RoleCode>
</Investigator>
<Institution>
<Name><![CDATA[Metropolitan State University of Denver]]></Name>
<CityName>DENVER</CityName>
<ZipCode>802041806</ZipCode>
<PhoneNumber>3033527004</PhoneNumber>
<StreetAddress><![CDATA[890 AURARIA PKWY]]></StreetAddress>
<StreetAddress2/>
<CountryName>United States</CountryName>
<StateName>Colorado</StateName>
<StateCode>CO</StateCode>
<CONGRESSDISTRICT>01</CONGRESSDISTRICT>
<CONGRESS_DISTRICT_ORG>CO01</CONGRESS_DISTRICT_ORG>
<ORG_UEI_NUM>UP9BGM1JEM81</ORG_UEI_NUM>
<ORG_LGL_BUS_NAME>METROPOLITAN STATE UNIVERSITY OF DENVER</ORG_LGL_BUS_NAME>
<ORG_PRNT_UEI_NUM>UP9BGM1JEM81</ORG_PRNT_UEI_NUM>
</Institution>
<Performance_Institution>
<Name><![CDATA[Metropolitan State University of Denver]]></Name>
<CityName/>
<StateCode>CO</StateCode>
<ZipCode>802173362</ZipCode>
<StreetAddress/>
<CountryCode>US</CountryCode>
<CountryName>United States</CountryName>
<StateName>Colorado</StateName>
<CountryFlag>1</CountryFlag>
<CONGRESSDISTRICT>01</CONGRESSDISTRICT>
<CONGRESS_DISTRICT_PERF>CO01</CONGRESS_DISTRICT_PERF>
</Performance_Institution>
<ProgramElement>
<Code>1264</Code>
<Text>ALGEBRA,NUMBER THEORY,AND COM</Text>
</ProgramElement>
<ProgramReference>
<Code>9229</Code>
<Text>RES IN UNDERGRAD INST-RESEARCH</Text>
</ProgramReference>
<Appropriation>
<Code>0118</Code>
<Name>NSF RESEARCH &amp; RELATED ACTIVIT</Name>
<APP_SYMB_ID>040100</APP_SYMB_ID>
</Appropriation>
<Fund>
<Code>01001819DB</Code>
<Name><![CDATA[NSF RESEARCH & RELATED ACTIVIT]]></Name>
<FUND_SYMB_ID>040100</FUND_SYMB_ID>
</Fund>
<FUND_OBLG>2018~109995</FUND_OBLG>
<POR>
<DRECONTENT><![CDATA[<div class="porColContainerWBG"> <div class="porContentCol"><div> <p class="p1">The research under NSF RUI grant DMS-1801156&nbsp;was in the area of&nbsp;group theory and the&nbsp;representation theory of finite groups, especially from a character-theoretic perspective. The goal&nbsp;of the research was to make progress on a number&nbsp;of problems that relate the structural properties of finite groups to their character-theoretic&nbsp;invariants, especially involving the irreducible characters of finite groups of Lie type.&nbsp;</p> <p class="p1">The PI worked with several collaborators throughout the course of the grant. &nbsp;She made progress on several of the key conjectures in the area, including the McKay--Navarro and Alperin--McKay conjectures, which are Galois- and blockwise- versions of a well-known conjecture of McKay. In particular, the PI's work on this project furthered the knowledge in the area about the action of Galois automorphisms on characters and fields of values of characters for groups of Lie type, and added to the list of structural group-theoretic properties that are known to be determined by a group's character table. Many of these properties contribute to Brauer's famous "Problem 12", which asks what information about a Sylow subgroup can be determined from the character table of a finite group.</p> <p class="p1">Part of the PI's activities under the&nbsp;RUI grant involved mentoring undergraduate research&nbsp;projects. She published joint work with four undergraduates regarding irreducible restrictions in classical groups in&nbsp;<em>Involve;</em>&nbsp;one of her students published a paper on group theory in music in the first edition of MSU Denver's undergraduate journal&nbsp;<em>The Rowdy Scholar,&nbsp;</em>which the PI also helped found; and seven addtional students prepared two preprints on their work proving small examples of consequences of the McKay--Navarro conjecture. The PI's student mentees presented at 8 conferences, including both local and national conferences and worked extensively on their mathematical writing and presentation skills.</p> <p class="p1">&nbsp;</p> </div> <p class="p1"><br /><br /></p><br> <p>            Last Modified: 08/11/2022<br>      Modified by: Amanda&nbsp;Schaeffer Fry</p> </div> <div class="porSideCol"></div> </div>]]></DRECONTENT>
<POR_COPY_TXT><![CDATA[ The research under NSF RUI grant DMS-1801156 was in the area of group theory and the representation theory of finite groups, especially from a character-theoretic perspective. The goal of the research was to make progress on a number of problems that relate the structural properties of finite groups to their character-theoretic invariants, especially involving the irreducible characters of finite groups of Lie type.  The PI worked with several collaborators throughout the course of the grant.  She made progress on several of the key conjectures in the area, including the McKay--Navarro and Alperin--McKay conjectures, which are Galois- and blockwise- versions of a well-known conjecture of McKay. In particular, the PI's work on this project furthered the knowledge in the area about the action of Galois automorphisms on characters and fields of values of characters for groups of Lie type, and added to the list of structural group-theoretic properties that are known to be determined by a group's character table. Many of these properties contribute to Brauer's famous "Problem 12", which asks what information about a Sylow subgroup can be determined from the character table of a finite group. Part of the PI's activities under the RUI grant involved mentoring undergraduate research projects. She published joint work with four undergraduates regarding irreducible restrictions in classical groups in Involve; one of her students published a paper on group theory in music in the first edition of MSU Denver's undergraduate journal The Rowdy Scholar, which the PI also helped found; and seven addtional students prepared two preprints on their work proving small examples of consequences of the McKay--Navarro conjecture. The PI's student mentees presented at 8 conferences, including both local and national conferences and worked extensively on their mathematical writing and presentation skills.             Last Modified: 08/11/2022       Submitted by: Amanda Schaeffer Fry]]></POR_COPY_TXT>
</POR>
</Award>
</rootTag>
