<?xml version="1.0" encoding="UTF-8"?>
<rootTag>
<Award>
<AwardTitle><![CDATA[Creating Learning Opportunities for Undergraduates in Developing Technologies: Expansion Project]]></AwardTitle>
<AGENCY>NSF</AGENCY>
<AwardEffectiveDate>10/01/2018</AwardEffectiveDate>
<AwardExpirationDate>08/31/2022</AwardExpirationDate>
<AwardTotalIntnAmount>568374.00</AwardTotalIntnAmount>
<AwardAmount>568374</AwardAmount>
<AwardInstrument>
<Value>Standard Grant</Value>
</AwardInstrument>
<Organization>
<Code>11040100</Code>
<Directorate>
<Abbreviation>EDU</Abbreviation>
<LongName>Directorate for STEM Education</LongName>
</Directorate>
<Division>
<Abbreviation>DUE</Abbreviation>
<LongName>Division Of Undergraduate Education</LongName>
</Division>
</Organization>
<ProgramOfficer>
<SignBlockName>Paul Tymann</SignBlockName>
<PO_EMAI>ptymann@nsf.gov</PO_EMAI>
<PO_PHON>7032922832</PO_PHON>
</ProgramOfficer>
<AbstractNarration><![CDATA[The use of cloud technology and virtualization is a growing trend both nationally and locally. Employers are increasingly moving their information technology data to the cloud. This project will develop educational resources in Cloud Computing Technology to address a critical industry need. Due to the emerging and evolving nature of cloud technology, institutions of higher education have not yet widely created curricula and supporting labs to effectively educate technicians who can manage, troubleshoot, and support cloud infrastructure. The project aims to advance knowledge in cloud technologies, including virtualization, storage, network/cybersecurity, programming, and automation. It plans to implement a new cloud infrastructure that will support secure remote access to a live cloud environment. This access will enable interested faculty from other institutions to learn how to create and use the environment. The project will also strive to engage K-12 students in STEM learning through outreach activities. Through dissemination, these cloud curricular resources will have the potential to expand educational and career pathways, prepare students for high-skill/high-demand occupations in information technology, and promote the development of STEM education.&lt;br/&gt;&lt;br/&gt;The primary goal of this project is to advance the national knowledge base of virtualization and cloud technology curriculum and hands-on lab activities to meet industry needs. A secondary goal is to strengthen the STEM pipeline in information technology through K-12 outreach and the development of transfer pathways. This project will create a robust Cloud Computing Environment that features a fully functional OpenStack Cloud. Within that environment and an existing virtualized cloud lab environment, students will be able to create cloud instances for programming language environments, learn how to migrate cloud instances from this private cloud to a public cloud provider, develop and deploy applications to the cloud, and be introduced to software development and operations concepts and skills. In addition, students will learn to use scripting languages to maintain and secure software-defined datacenters and evaluate operating system and data storage models to design efficient applications. The project will build on prior work with an Infrastructure as a Service cloud development model to add curriculum related to Platform as a Service and Software as a Service models. Broad dissemination of the curriculum, labs, and other materials developed by the project, including a User's Guide to facilitate adaptation, have the potential to improve technical education at postsecondary institutions on a national scale.&lt;br/&gt;&lt;br/&gt;This award reflects NSF's statutory mission and has been deemed worthy of support through evaluation using the Foundation's intellectual merit and broader impacts review criteria.]]></AbstractNarration>
<MinAmdLetterDate>08/21/2018</MinAmdLetterDate>
<MaxAmdLetterDate>07/09/2019</MaxAmdLetterDate>
<ARRAAmount/>
<TRAN_TYPE>Grant</TRAN_TYPE>
<CFDA_NUM>47.076</CFDA_NUM>
<NSF_PAR_USE_FLAG>1</NSF_PAR_USE_FLAG>
<FUND_AGCY_CODE>4900</FUND_AGCY_CODE>
<AWDG_AGCY_CODE>4900</AWDG_AGCY_CODE>
<AwardID>1801164</AwardID>
<Investigator>
<FirstName>Carter</FirstName>
<LastName>Burns</LastName>
<PI_MID_INIT/>
<PI_SUFX_NAME/>
<PI_FULL_NAME>Carter Burns</PI_FULL_NAME>
<EmailAddress><![CDATA[carter.burns@tridenttech.edu]]></EmailAddress>
<NSF_ID>000757764</NSF_ID>
<StartDate>08/21/2018</StartDate>
<EndDate/>
<RoleCode>Co-Principal Investigator</RoleCode>
</Investigator>
<Investigator>
<FirstName>Terry</FirstName>
<LastName>Richburg</LastName>
<PI_MID_INIT>W</PI_MID_INIT>
<PI_SUFX_NAME>Jr</PI_SUFX_NAME>
<PI_FULL_NAME>Terry W Richburg</PI_FULL_NAME>
<EmailAddress><![CDATA[terry.richburg@tridenttech.edu]]></EmailAddress>
<NSF_ID>000757765</NSF_ID>
<StartDate>07/09/2019</StartDate>
<EndDate/>
<RoleCode>Principal Investigator</RoleCode>
</Investigator>
<Investigator>
<FirstName>Steven</FirstName>
<LastName>Woodside</LastName>
<PI_MID_INIT/>
<PI_SUFX_NAME/>
<PI_FULL_NAME>Steven Woodside</PI_FULL_NAME>
<EmailAddress><![CDATA[steven.woodside@tridenttech.edu]]></EmailAddress>
<NSF_ID>000800570</NSF_ID>
<StartDate>07/09/2019</StartDate>
<EndDate/>
<RoleCode>Co-Principal Investigator</RoleCode>
</Investigator>
<Investigator>
<FirstName>Dane</FirstName>
<LastName>Schupbach</LastName>
<PI_MID_INIT/>
<PI_SUFX_NAME/>
<PI_FULL_NAME>Dane Schupbach</PI_FULL_NAME>
<EmailAddress><![CDATA[dane.schupbach@tridenttech.edu]]></EmailAddress>
<NSF_ID>000704520</NSF_ID>
<StartDate>08/21/2018</StartDate>
<EndDate>07/09/2019</EndDate>
<RoleCode>Former Principal Investigator</RoleCode>
</Investigator>
<Investigator>
<FirstName>Terry</FirstName>
<LastName>Richburg</LastName>
<PI_MID_INIT>W</PI_MID_INIT>
<PI_SUFX_NAME>Jr</PI_SUFX_NAME>
<PI_FULL_NAME>Terry W Richburg</PI_FULL_NAME>
<EmailAddress><![CDATA[terry.richburg@tridenttech.edu]]></EmailAddress>
<NSF_ID>000757765</NSF_ID>
<StartDate>08/21/2018</StartDate>
<EndDate>07/09/2019</EndDate>
<RoleCode>Former Co-Principal Investigator</RoleCode>
</Investigator>
<Institution>
<Name><![CDATA[Trident Technical College]]></Name>
<CityName>NORTH CHARLESTON</CityName>
<ZipCode>294064607</ZipCode>
<PhoneNumber>8435746241</PhoneNumber>
<StreetAddress><![CDATA[7000 RIVERS AVE]]></StreetAddress>
<StreetAddress2/>
<CountryName>United States</CountryName>
<StateName>South Carolina</StateName>
<StateCode>SC</StateCode>
<CONGRESSDISTRICT>06</CONGRESSDISTRICT>
<CONGRESS_DISTRICT_ORG>SC06</CONGRESS_DISTRICT_ORG>
<ORG_UEI_NUM>JTNDE6EBHL41</ORG_UEI_NUM>
<ORG_LGL_BUS_NAME>TRIDENT TECHNICAL COLLEGE</ORG_LGL_BUS_NAME>
<ORG_PRNT_UEI_NUM/>
</Institution>
<Performance_Institution>
<Name><![CDATA[Trident Technical College]]></Name>
<CityName>North Charleston</CityName>
<StateCode>SC</StateCode>
<ZipCode>294064607</ZipCode>
<StreetAddress><![CDATA[7000 Rivers Avenue]]></StreetAddress>
<CountryCode>US</CountryCode>
<CountryName>United States</CountryName>
<StateName>South Carolina</StateName>
<CountryFlag>1</CountryFlag>
<CONGRESSDISTRICT>06</CONGRESSDISTRICT>
<CONGRESS_DISTRICT_PERF>SC06</CONGRESS_DISTRICT_PERF>
</Performance_Institution>
<ProgramElement>
<Code>7412</Code>
<Text>Advanced Tech Education Prog</Text>
</ProgramElement>
<ProgramReference>
<Code>1032</Code>
<Text>ADVANCED TECHNOLOGY EDUCATION</Text>
</ProgramReference>
<ProgramReference>
<Code>9150</Code>
<Text>EXP PROG TO STIM COMP RES</Text>
</ProgramReference>
<ProgramReference>
<Code>9178</Code>
<Text>UNDERGRADUATE EDUCATION</Text>
</ProgramReference>
<ProgramReference>
<Code>SMET</Code>
<Text>SCIENCE, MATH, ENG &amp; TECH EDUCATION</Text>
</ProgramReference>
<Appropriation>
<Code>0418</Code>
<Name>NSF Education &amp; Human Resource</Name>
<APP_SYMB_ID>040106</APP_SYMB_ID>
</Appropriation>
<Fund>
<Code>04001819DB</Code>
<Name><![CDATA[NSF Education & Human Resource]]></Name>
<FUND_SYMB_ID>040106</FUND_SYMB_ID>
</Fund>
<FUND_OBLG>2018~568374</FUND_OBLG>
<POR>
<DRECONTENT><![CDATA[<div class="porColContainerWBG"> <div class="porContentCol"><p class="paragraph" style="text-align: center;"><strong>CLOUDTech Expansion Project Outcomes Report</strong></p> <p class="paragraph">&nbsp;</p> <p class="paragraph">Through the Creating Learning Opportunities Utilizing Developing Technologies (CLOUDTech) Expansion Project, Trident Technical College developed curriculum and labs for a series of virtualization and&nbsp;Cloud&nbsp;Computing courses that lead to an academic certificate in Virtualization and Cloud with stackable credentials toward an AAS Network Systems degree, AAS Cybersecurity degree and AAS Computer Technology degree? Information Systems Specialist. These career paths benefits students and employers by addressing a skills gap in an area that has proven to be an emerging technology that will only expand industry usage in near future. This project fostered the development and sharing of curriculum and NETLAB focused hands-on&nbsp;lab&nbsp;exercises with Regional Advanced Technical Education (ATEs) such as Center for Systems Security and Information Assurance (CSSIA), CyberWatch, and Cyber Security Education Consortium (CSEC). The project team participated in a Convergence College Network (CCN) quarterly meeting/webinar that assisted in sharing dissemination opportunities with several colleges nationwide. In addition to curriculum development, professional development opportunities were created for faculty&nbsp;in the areas of Cloud and IT foundational technologies, including Linux, Docker/Containers, VMware and network security. Trident Technical College strengthened industry partnerships through collaboration in developing and reviewing Cloud technology curriculum, laboratories and student learning objectives. Broad dissemination of the curriculum, labs, and other materials developed by the project, including a User's Guide to facilitate adaptation, will impact technical education at post-secondary institutions on a national scale.&nbsp;</p> <p class="paragraph">&nbsp;</p> <p class="paragraph">Key accomplishments of the CLOUDTech Expansion Project:</p> <p class="Pa4">&nbsp;</p> <p class="Pa4">60 hands-on labs were developed utilizing the Red Hat OpenStack, Docker/Containerization and AWS platforms. Faculty development was implemented for PIs, Co-PIs, and other members of faculty focusing on various cloud related technologies. The development and implementation of Cloud workshops were made possible by the grant which promoted exposure of Cloud technologies and opportunities for further training. Trident Technical College maintained its AWS Academy status which will continue to expose students to additional curriculum and lab activities that prepares them for the AWS Cloud Practitioner certification. TTC remains the only two-year public college in South Carolina to become an AWS Academy. Students that major in AAS. Network Systems Management no get at least six credit hours of cloud infrastructure education. Students that major in the Virtualization and Cloud Computing certificate are now also required to take an entry-level Docker/Containers courses before graduating. A 2+2 articulation agreement was created with a local ECPI University which included the two cloud courses that were developed as a result of the CLOUDTech Expansion Grant. The TTC to ECPI Articulation agreement allows students that graduate with the AAS Network Systems Management to transfer to ECPI and earn a BS in Cyber and Network Security. An additional transfer option was created with Charleston Southern University (CSU). Students that complete the AAS. Network Systems Management program that contains 6 credit hours of cloud related courses can continue their education at CSU for 5 additional semesters and obtain a Bachelor of Technology degree. Project team members were able to present demos and literature to high school students at various career fairs in TTC?s service area. This project also allowed the project team to showcase CLOUDTech during 4 NSF ATE PI Conferences. Trident Technical College has also maintained its membership with College Convergence Network (CCN) which created additional dissemination opportunities, while fostering stronger relationships with faculty from similar disciplines across the country.</p> <p>&nbsp;</p> <p>&nbsp;</p><br> <p>            Last Modified: 12/07/2022<br>      Modified by: Terry&nbsp;W&nbsp;Richburg</p> </div> <div class="porSideCol"></div> </div>]]></DRECONTENT>
<POR_COPY_TXT><![CDATA[CLOUDTech Expansion Project Outcomes Report   Through the Creating Learning Opportunities Utilizing Developing Technologies (CLOUDTech) Expansion Project, Trident Technical College developed curriculum and labs for a series of virtualization and Cloud Computing courses that lead to an academic certificate in Virtualization and Cloud with stackable credentials toward an AAS Network Systems degree, AAS Cybersecurity degree and AAS Computer Technology degree? Information Systems Specialist. These career paths benefits students and employers by addressing a skills gap in an area that has proven to be an emerging technology that will only expand industry usage in near future. This project fostered the development and sharing of curriculum and NETLAB focused hands-on lab exercises with Regional Advanced Technical Education (ATEs) such as Center for Systems Security and Information Assurance (CSSIA), CyberWatch, and Cyber Security Education Consortium (CSEC). The project team participated in a Convergence College Network (CCN) quarterly meeting/webinar that assisted in sharing dissemination opportunities with several colleges nationwide. In addition to curriculum development, professional development opportunities were created for faculty in the areas of Cloud and IT foundational technologies, including Linux, Docker/Containers, VMware and network security. Trident Technical College strengthened industry partnerships through collaboration in developing and reviewing Cloud technology curriculum, laboratories and student learning objectives. Broad dissemination of the curriculum, labs, and other materials developed by the project, including a User's Guide to facilitate adaptation, will impact technical education at post-secondary institutions on a national scale.    Key accomplishments of the CLOUDTech Expansion Project:   60 hands-on labs were developed utilizing the Red Hat OpenStack, Docker/Containerization and AWS platforms. Faculty development was implemented for PIs, Co-PIs, and other members of faculty focusing on various cloud related technologies. The development and implementation of Cloud workshops were made possible by the grant which promoted exposure of Cloud technologies and opportunities for further training. Trident Technical College maintained its AWS Academy status which will continue to expose students to additional curriculum and lab activities that prepares them for the AWS Cloud Practitioner certification. TTC remains the only two-year public college in South Carolina to become an AWS Academy. Students that major in AAS. Network Systems Management no get at least six credit hours of cloud infrastructure education. Students that major in the Virtualization and Cloud Computing certificate are now also required to take an entry-level Docker/Containers courses before graduating. A 2+2 articulation agreement was created with a local ECPI University which included the two cloud courses that were developed as a result of the CLOUDTech Expansion Grant. The TTC to ECPI Articulation agreement allows students that graduate with the AAS Network Systems Management to transfer to ECPI and earn a BS in Cyber and Network Security. An additional transfer option was created with Charleston Southern University (CSU). Students that complete the AAS. Network Systems Management program that contains 6 credit hours of cloud related courses can continue their education at CSU for 5 additional semesters and obtain a Bachelor of Technology degree. Project team members were able to present demos and literature to high school students at various career fairs in TTC?s service area. This project also allowed the project team to showcase CLOUDTech during 4 NSF ATE PI Conferences. Trident Technical College has also maintained its membership with College Convergence Network (CCN) which created additional dissemination opportunities, while fostering stronger relationships with faculty from similar disciplines across the country.             Last Modified: 12/07/2022       Submitted by: Terry W Richburg]]></POR_COPY_TXT>
</POR>
</Award>
</rootTag>
