<?xml version="1.0" encoding="UTF-8"?>
<rootTag>
<Award>
<AwardTitle><![CDATA[Professional Development to Enhance Skills of Manufacturing Instructors]]></AwardTitle>
<AGENCY>NSF</AGENCY>
<AwardEffectiveDate>07/01/2018</AwardEffectiveDate>
<AwardExpirationDate>11/30/2022</AwardExpirationDate>
<AwardTotalIntnAmount>600000.00</AwardTotalIntnAmount>
<AwardAmount>719871</AwardAmount>
<AwardInstrument>
<Value>Standard Grant</Value>
</AwardInstrument>
<Organization>
<Code>11040100</Code>
<Directorate>
<Abbreviation>EDU</Abbreviation>
<LongName>Directorate for STEM Education</LongName>
</Directorate>
<Division>
<Abbreviation>DUE</Abbreviation>
<LongName>Division Of Undergraduate Education</LongName>
</Division>
</Organization>
<ProgramOfficer>
<SignBlockName>Virginia Carter</SignBlockName>
<PO_EMAI>vccarter@nsf.gov</PO_EMAI>
<PO_PHON>7032924651</PO_PHON>
</ProgramOfficer>
<AbstractNarration><![CDATA[The need for skilled manufacturing technicians has led to expansion of quality manufacturing technology programs in community colleges. State funding and a US Department of Labor Trade Adjustment Assistance Community College Career Training Grant provided Connecticut Community Colleges with the facilities and equipment to expand their manufacturing programs and serve more students. The ATE Regional Center for Next Generation Manufacturing has supported program and curriculum development in this area.  In addition, it has supported professional development opportunities for current faculty and instructors across the state and New England. However, the rate of expansion industry's need for skilled technicians has exceeded the ability of the community colleges to find qualified instructors who have both industry and educational experience. Many potential instructors have over twenty years of industry experience but lack the skills associated with different methodologies used in classroom teaching and course management, including assessment. Faculty need expertise on methods that integrate professional skills into classrooms and laboratories. This Skills for Manufacturing Instructors project will address these needs for professional development for community college manufacturing technology instructors.&lt;br/&gt;&lt;br/&gt;The project will engage all twelve Connecticut public community colleges and their Advanced Manufacturing Technology Centers. The project will develop modules and a new course that will provide faculty with the skills needed to enhance their teaching effectiveness, improve classroom management, develop high quality student assessments of learning, and strategies to increase student persistence. The proposed course and modules will assist newly hired manufacturing technicians from industry as well as provide opportunities for current instructors to learn new teaching methodologies in a higher education academic environment. Additionally, the project will organize two workshops annually on essential technical skills for the manufacturing instructors and faculty, as well as provide opportunities for certification in widely used technologies. Examples of certifications that would be supported are the National Institute for Metalworking Skills, SolidWorks Computer-Aided Design software, and SME's Additive Manufacturing Certification. Additional workshops will be offered that provide strategies for increasing the persistence of underrepresented populations in the manufacturing programs.&lt;br/&gt;&lt;br/&gt;This award reflects NSF's statutory mission and has been deemed worthy of support through evaluation using the Foundation's intellectual merit and broader impacts review criteria.]]></AbstractNarration>
<MinAmdLetterDate>04/03/2018</MinAmdLetterDate>
<MaxAmdLetterDate>06/02/2020</MaxAmdLetterDate>
<ARRAAmount/>
<TRAN_TYPE>Grant</TRAN_TYPE>
<CFDA_NUM>47.076</CFDA_NUM>
<NSF_PAR_USE_FLAG>1</NSF_PAR_USE_FLAG>
<FUND_AGCY_CODE>4900</FUND_AGCY_CODE>
<AWDG_AGCY_CODE>4900</AWDG_AGCY_CODE>
<AwardID>1801041</AwardID>
<Investigator>
<FirstName>Karen</FirstName>
<LastName>Wosczyna Birch</LastName>
<PI_MID_INIT/>
<PI_SUFX_NAME/>
<PI_FULL_NAME>Karen Wosczyna Birch</PI_FULL_NAME>
<EmailAddress><![CDATA[karenlee@snet.net]]></EmailAddress>
<NSF_ID>000117704</NSF_ID>
<StartDate>04/03/2018</StartDate>
<EndDate/>
<RoleCode>Principal Investigator</RoleCode>
</Investigator>
<Investigator>
<FirstName>Olusegun</FirstName>
<LastName>Odesina</LastName>
<PI_MID_INIT/>
<PI_SUFX_NAME/>
<PI_FULL_NAME>Olusegun Odesina</PI_FULL_NAME>
<EmailAddress><![CDATA[odesina@ccsu.edu]]></EmailAddress>
<NSF_ID>000082690</NSF_ID>
<StartDate>04/03/2018</StartDate>
<EndDate/>
<RoleCode>Co-Principal Investigator</RoleCode>
</Investigator>
<Investigator>
<FirstName>Frank</FirstName>
<LastName>Gulluni</LastName>
<PI_MID_INIT/>
<PI_SUFX_NAME/>
<PI_FULL_NAME>Frank Gulluni</PI_FULL_NAME>
<EmailAddress><![CDATA[fgulluni@acc.commnet.edu]]></EmailAddress>
<NSF_ID>000093068</NSF_ID>
<StartDate>04/03/2018</StartDate>
<EndDate>06/02/2020</EndDate>
<RoleCode>Former Co-Principal Investigator</RoleCode>
</Investigator>
<Investigator>
<FirstName>James</FirstName>
<LastName>Gibson</LastName>
<PI_MID_INIT>A</PI_MID_INIT>
<PI_SUFX_NAME/>
<PI_FULL_NAME>James A Gibson</PI_FULL_NAME>
<EmailAddress><![CDATA[jim_gibson@ivcc.edu]]></EmailAddress>
<NSF_ID>000305754</NSF_ID>
<StartDate>04/03/2018</StartDate>
<EndDate/>
<RoleCode>Co-Principal Investigator</RoleCode>
</Investigator>
<Investigator>
<FirstName>J. Craig</FirstName>
<LastName>McAtee</LastName>
<PI_MID_INIT/>
<PI_SUFX_NAME/>
<PI_FULL_NAME>J. Craig McAtee</PI_FULL_NAME>
<EmailAddress><![CDATA[craig.mcatee@tri-c.edu]]></EmailAddress>
<NSF_ID>000248114</NSF_ID>
<StartDate>04/03/2018</StartDate>
<EndDate/>
<RoleCode>Co-Principal Investigator</RoleCode>
</Investigator>
<Institution>
<Name><![CDATA[Tunxis Community-Technical College]]></Name>
<CityName>FARMINGTON</CityName>
<ZipCode>060323187</ZipCode>
<PhoneNumber>8607230625</PhoneNumber>
<StreetAddress><![CDATA[271 SCOTT SWAMP RD]]></StreetAddress>
<StreetAddress2/>
<CountryName>United States</CountryName>
<StateName>Connecticut</StateName>
<StateCode>CT</StateCode>
<CONGRESSDISTRICT>05</CONGRESSDISTRICT>
<CONGRESS_DISTRICT_ORG>CT05</CONGRESS_DISTRICT_ORG>
<ORG_UEI_NUM>F3JKS4BK7SY6</ORG_UEI_NUM>
<ORG_LGL_BUS_NAME>TUNXIS COMMUNITY COLLEGE</ORG_LGL_BUS_NAME>
<ORG_PRNT_UEI_NUM>D9SNFDRCW3W7</ORG_PRNT_UEI_NUM>
</Institution>
<Performance_Institution>
<Name><![CDATA[Tunxis Community-Technical College]]></Name>
<CityName/>
<StateCode>CT</StateCode>
<ZipCode>060322324</ZipCode>
<StreetAddress/>
<CountryCode>US</CountryCode>
<CountryName>United States</CountryName>
<StateName>Connecticut</StateName>
<CountryFlag>1</CountryFlag>
<CONGRESSDISTRICT>05</CONGRESSDISTRICT>
<CONGRESS_DISTRICT_PERF>CT05</CONGRESS_DISTRICT_PERF>
</Performance_Institution>
<ProgramElement>
<Code>054Y</Code>
<Text>GVF - Global Venture Fund</Text>
</ProgramElement>
<ProgramElement>
<Code>7412</Code>
<Text>Advanced Tech Education Prog</Text>
</ProgramElement>
<ProgramReference>
<Code>1032</Code>
<Text>ADVANCED TECHNOLOGY EDUCATION</Text>
</ProgramReference>
<ProgramReference>
<Code>5918</Code>
<Text>FRANCE</Text>
</ProgramReference>
<ProgramReference>
<Code>9178</Code>
<Text>UNDERGRADUATE EDUCATION</Text>
</ProgramReference>
<ProgramReference>
<Code>SMET</Code>
<Text>SCIENCE, MATH, ENG &amp; TECH EDUCATION</Text>
</ProgramReference>
<Appropriation>
<Code>0119</Code>
<Name>NSF RESEARCH &amp; RELATED ACTIVIT</Name>
<APP_SYMB_ID>040100</APP_SYMB_ID>
</Appropriation>
<Appropriation>
<Code>0418</Code>
<Name>NSF Education &amp; Human Resource</Name>
<APP_SYMB_ID>040106</APP_SYMB_ID>
</Appropriation>
<Appropriation>
<Code>0419</Code>
<Name>NSF Education &amp; Human Resource</Name>
<APP_SYMB_ID>040106</APP_SYMB_ID>
</Appropriation>
<Fund>
<Code>01001920DB</Code>
<Name><![CDATA[NSF RESEARCH & RELATED ACTIVIT]]></Name>
<FUND_SYMB_ID>040100</FUND_SYMB_ID>
</Fund>
<Fund>
<Code>04001819DB</Code>
<Name><![CDATA[NSF Education & Human Resource]]></Name>
<FUND_SYMB_ID>040106</FUND_SYMB_ID>
</Fund>
<Fund>
<Code>04001920DB</Code>
<Name><![CDATA[NSF Education & Human Resource]]></Name>
<FUND_SYMB_ID>040106</FUND_SYMB_ID>
</Fund>
<FUND_OBLG>2018~434590</FUND_OBLG>
<FUND_OBLG>2019~119871</FUND_OBLG>
</Award>
</rootTag>
