<?xml version="1.0" encoding="UTF-8"?>
<rootTag>
<Award>
<AwardTitle><![CDATA[SaTC: CORE: Medium: Collaborative: Towards Trustworthy Deep Neural Network Based AI: A Systems Approach]]></AwardTitle>
<AGENCY>NSF</AGENCY>
<AwardEffectiveDate>08/01/2018</AwardEffectiveDate>
<AwardExpirationDate>07/31/2022</AwardExpirationDate>
<AwardTotalIntnAmount>899990.00</AwardTotalIntnAmount>
<AwardAmount>899990</AwardAmount>
<AwardInstrument>
<Value>Standard Grant</Value>
</AwardInstrument>
<Organization>
<Code>05050000</Code>
<Directorate>
<Abbreviation>CSE</Abbreviation>
<LongName>Direct For Computer &amp; Info Scie &amp; Enginr</LongName>
</Directorate>
<Division>
<Abbreviation>CNS</Abbreviation>
<LongName>Division Of Computer and Network Systems</LongName>
</Division>
</Organization>
<ProgramOfficer>
<SignBlockName>Daniela Oliveira</SignBlockName>
<PO_EMAI>doliveir@nsf.gov</PO_EMAI>
<PO_PHON>7032924352</PO_PHON>
</ProgramOfficer>
<AbstractNarration><![CDATA[Artificial intelligence (AI) is poised to revolutionize the world in fields ranging from technology to medicine, physics and the social sciences. Yet as AI is deployed in these domains, recent work has shown that systems may be vulnerable to different types of attacks that cause them to misbehave; for instance, attacks that cause an AI system to recognize a stop sign as a speed-limit sign. The project seeks to develop methodologies for testing, verifying and debugging AI systems, with a specific focus on deep neural network (DNN)-based AI systems, to ensure their safety and security. &lt;br/&gt;&lt;br/&gt;The intellectual merits of the proposed research are encompassed in four new software tools that will be developed: (1) DeepXplore, a tool for automated and systematic testing of DNNs that discovers erroneous behavior that might be either inadvertently or maliciously introduced; (2) BadNets, a framework that automatically generated DNNs with known and stealthy misbehaviours in order to stress-test DeepXplore; (3) SafetyNets; a low-overhead scheme for safe and verifiable execution of DNNs in the cloud; and (4) VisualBackProp; a visual debugging tool for DNNs. The synergistic use of these tools for secure deployment of an AI system for autonomous driving will be demonstrated.&lt;br/&gt;&lt;br/&gt;The project outcomes will significantly improve the security and safety of AI systems and increase their deployment in safety- and security-critical settings, resulting in broad societal impact. The results of the project will be widely disseminated via publications, talks, open access code, and competitions hosted on sites such as Kaggle and NYU's annual Cyber-Security Awareness Week (CSAW). Furthermore, students from under-represented minority groups in science, technology, engineering and mathematics (STEM) will be actively recruited and mentored to be leaders in this critical area.  &lt;br/&gt;&lt;br/&gt;The code for this project will be made publicly available via github.com. Preliminary code for the tools that will be developed is already hosted on this website, including DeepXplore (https://github.com/peikexin9/deepxplore) and BadNets (https://github.com/Kooscii/BadNets/). These repositories will be linked to from a homepage that describes the entire project. The project homepage will be hosted on wp.nyu.edu/mlsecproject.&lt;br/&gt;&lt;br/&gt;This award reflects NSF's statutory mission and has been deemed worthy of support through evaluation using the Foundation's intellectual merit and broader impacts review criteria.]]></AbstractNarration>
<MinAmdLetterDate>07/20/2018</MinAmdLetterDate>
<MaxAmdLetterDate>07/20/2018</MaxAmdLetterDate>
<ARRAAmount/>
<TRAN_TYPE>Grant</TRAN_TYPE>
<CFDA_NUM>47.070</CFDA_NUM>
<NSF_PAR_USE_FLAG>1</NSF_PAR_USE_FLAG>
<FUND_AGCY_CODE>4900</FUND_AGCY_CODE>
<AWDG_AGCY_CODE>4900</AWDG_AGCY_CODE>
<AwardID>1801495</AwardID>
<Investigator>
<FirstName>Siddharth</FirstName>
<LastName>Garg</LastName>
<PI_MID_INIT/>
<PI_SUFX_NAME/>
<PI_FULL_NAME>Siddharth Garg</PI_FULL_NAME>
<EmailAddress><![CDATA[sg175@nyu.edu]]></EmailAddress>
<NSF_ID>000680915</NSF_ID>
<StartDate>07/20/2018</StartDate>
<EndDate/>
<RoleCode>Principal Investigator</RoleCode>
</Investigator>
<Investigator>
<FirstName>Brendan</FirstName>
<LastName>Dolan-Gavitt</LastName>
<PI_MID_INIT/>
<PI_SUFX_NAME/>
<PI_FULL_NAME>Brendan Dolan-Gavitt</PI_FULL_NAME>
<EmailAddress><![CDATA[bd52@nyu.edu]]></EmailAddress>
<NSF_ID>000701772</NSF_ID>
<StartDate>07/20/2018</StartDate>
<EndDate/>
<RoleCode>Co-Principal Investigator</RoleCode>
</Investigator>
<Investigator>
<FirstName>Anna</FirstName>
<LastName>Choromanska</LastName>
<PI_MID_INIT>E</PI_MID_INIT>
<PI_SUFX_NAME/>
<PI_FULL_NAME>Anna E Choromanska</PI_FULL_NAME>
<EmailAddress><![CDATA[ac5455@nyu.edu]]></EmailAddress>
<NSF_ID>000736446</NSF_ID>
<StartDate>07/20/2018</StartDate>
<EndDate/>
<RoleCode>Co-Principal Investigator</RoleCode>
</Investigator>
<Institution>
<Name><![CDATA[New York University]]></Name>
<CityName>NEW YORK</CityName>
<ZipCode>100121019</ZipCode>
<PhoneNumber>2129982121</PhoneNumber>
<StreetAddress><![CDATA[70 WASHINGTON SQ S]]></StreetAddress>
<StreetAddress2/>
<CountryName>United States</CountryName>
<StateName>New York</StateName>
<StateCode>NY</StateCode>
<CONGRESSDISTRICT>10</CONGRESSDISTRICT>
<CONGRESS_DISTRICT_ORG>NY10</CONGRESS_DISTRICT_ORG>
<ORG_UEI_NUM>NX9PXMKW5KW8</ORG_UEI_NUM>
<ORG_LGL_BUS_NAME>NEW YORK UNIVERSITY</ORG_LGL_BUS_NAME>
<ORG_PRNT_UEI_NUM/>
</Institution>
<Performance_Institution>
<Name><![CDATA[New York University]]></Name>
<CityName>New York</CityName>
<StateCode>NY</StateCode>
<ZipCode>100121019</ZipCode>
<StreetAddress><![CDATA[70 Washington Square S]]></StreetAddress>
<CountryCode>US</CountryCode>
<CountryName>United States</CountryName>
<StateName>New York</StateName>
<CountryFlag>1</CountryFlag>
<CONGRESSDISTRICT>10</CONGRESSDISTRICT>
<CONGRESS_DISTRICT_PERF>NY10</CONGRESS_DISTRICT_PERF>
</Performance_Institution>
<ProgramElement>
<Code>8060</Code>
<Text>Secure &amp;Trustworthy Cyberspace</Text>
</ProgramElement>
<ProgramReference>
<Code>025Z</Code>
<Text>SaTC: Secure and Trustworthy Cyberspace</Text>
</ProgramReference>
<ProgramReference>
<Code>7434</Code>
<Text>CNCI</Text>
</ProgramReference>
<ProgramReference>
<Code>7924</Code>
<Text>MEDIUM PROJECT</Text>
</ProgramReference>
<Appropriation>
<Code>0118</Code>
<Name>NSF RESEARCH &amp; RELATED ACTIVIT</Name>
<APP_SYMB_ID>040100</APP_SYMB_ID>
</Appropriation>
<Fund>
<Code>01001819DB</Code>
<Name><![CDATA[NSF RESEARCH & RELATED ACTIVIT]]></Name>
<FUND_SYMB_ID>040100</FUND_SYMB_ID>
</Fund>
<FUND_OBLG>2018~899990</FUND_OBLG>
<POR>
<DRECONTENT><![CDATA[<div class="porColContainerWBG"> <div class="porContentCol"><p>The projects goals were to secure AI against hackers who can, via even subtle modifications to the data on which AI is trained or its inputs, cause the AI to misbehave with potentially disastrous consequences. To this end, our project aimed to develop methods for the design of robust AI technologies to ensure that the AI behaves safely and securely, especially when deployed in applications that can impact human health and safety, for example, autonomous driving.</p> <p>The project has made significant progress in achieving thse goals. We have developed new ways of detecting and quarantining malicious inputs to deep networks, and demonstrated how these quarantined inputs can be used to repair vulnerable nets. We have also demonstrated new attack vectors and corresponding defenses on autonomous driving systems, for instance, how an attacker can deploy bildboards near traffic signs in a city and fool an autonomous driving system to incorrectly identify specific billboard ads as correlates for red/green traffic signals. In parallel, we stuidied the robustness of deep learning methods used in the domain of AI-enbabled chip design, and demonstrated new attacks and defenses.</p> <p>A number of PHD students have been trained via this project, three of whom have graduated (one of these three is a woman). We have conducted an annual AI/ML summer school for K-2 students, and help ML hacking competitions at NYU's Cyber-security Awareness Week.</p> <p>&nbsp;</p> <p>&nbsp;</p> <p>&nbsp;</p><br> <p>            Last Modified: 01/16/2023<br>      Modified by: Siddharth&nbsp;Garg</p> </div> <div class="porSideCol"></div> </div>]]></DRECONTENT>
<POR_COPY_TXT><![CDATA[ The projects goals were to secure AI against hackers who can, via even subtle modifications to the data on which AI is trained or its inputs, cause the AI to misbehave with potentially disastrous consequences. To this end, our project aimed to develop methods for the design of robust AI technologies to ensure that the AI behaves safely and securely, especially when deployed in applications that can impact human health and safety, for example, autonomous driving.  The project has made significant progress in achieving thse goals. We have developed new ways of detecting and quarantining malicious inputs to deep networks, and demonstrated how these quarantined inputs can be used to repair vulnerable nets. We have also demonstrated new attack vectors and corresponding defenses on autonomous driving systems, for instance, how an attacker can deploy bildboards near traffic signs in a city and fool an autonomous driving system to incorrectly identify specific billboard ads as correlates for red/green traffic signals. In parallel, we stuidied the robustness of deep learning methods used in the domain of AI-enbabled chip design, and demonstrated new attacks and defenses.  A number of PHD students have been trained via this project, three of whom have graduated (one of these three is a woman). We have conducted an annual AI/ML summer school for K-2 students, and help ML hacking competitions at NYU's Cyber-security Awareness Week.                Last Modified: 01/16/2023       Submitted by: Siddharth Garg]]></POR_COPY_TXT>
</POR>
</Award>
</rootTag>
