<?xml version="1.0" encoding="UTF-8"?>
<rootTag>
<Award>
<AwardTitle><![CDATA[Contextualizing Algebra for STEM Technicians]]></AwardTitle>
<AGENCY>NSF</AGENCY>
<AwardEffectiveDate>07/01/2018</AwardEffectiveDate>
<AwardExpirationDate>06/30/2023</AwardExpirationDate>
<AwardTotalIntnAmount>457409.00</AwardTotalIntnAmount>
<AwardAmount>457409</AwardAmount>
<AwardInstrument>
<Value>Standard Grant</Value>
</AwardInstrument>
<Organization>
<Code>11040100</Code>
<Directorate>
<Abbreviation>EDU</Abbreviation>
<LongName>Directorate for STEM Education</LongName>
</Directorate>
<Division>
<Abbreviation>DUE</Abbreviation>
<LongName>Division Of Undergraduate Education</LongName>
</Division>
</Organization>
<ProgramOfficer>
<SignBlockName>Virginia Carter</SignBlockName>
<PO_EMAI>vccarter@nsf.gov</PO_EMAI>
<PO_PHON>7032924651</PO_PHON>
</ProgramOfficer>
<AbstractNarration><![CDATA[Fewer than 40% of students who intend to major in STEM complete a STEM degree, and more than two-thirds of students pursuing STEM associate degrees do not complete their STEM programs within four years.  One barrier faced by prospective STEM majors is the failure to successfully complete the mathematics requirements. To address the mathematics barrier that impedes students' persistence and success in STEM associate degree technician programs, Lehigh Carbon Community College (LCCC) will redesign Intermediate Algebra and College Algebra to answer the question students continually ask: "Why do I need math?"&lt;br/&gt;&lt;br/&gt;Mathematics faculty will work with an advisory committee of faculty and industry professionals from various engineering, technology, computing, and science fields to develop real-world applications that mimic those encountered in industry. Through multi-disciplinary, collaborative, and discovery-based learning, the students will increase their awareness of the relevance of algebra to STEM disciplines. It is expected that the revised mathematics courses will support an increase in the percentage of STEM students successfully passing algebra courses, and increase fall-to-fall retention in targeted STEM technician programs. The project has the potential to positively affect the teaching of algebra beyond LCCC. A professional development program will provide workshops for LCCC's full-time, part-time, and adjunct faculty and faculty at other colleges in the region and for secondary instructors who teach dual enrollment college algebra for high school students seeking college credit. Participants will receive kits of instructional materials to take back to their classrooms. A project website will be created to share the course materials and project results, and materials developed will be archived with ATE Central.&lt;br/&gt;&lt;br/&gt;This award reflects NSF's statutory mission and has been deemed worthy of support through evaluation using the Foundation's intellectual merit and broader impacts review criteria.]]></AbstractNarration>
<MinAmdLetterDate>05/31/2018</MinAmdLetterDate>
<MaxAmdLetterDate>05/31/2018</MaxAmdLetterDate>
<ARRAAmount/>
<TRAN_TYPE>Grant</TRAN_TYPE>
<CFDA_NUM>47.076</CFDA_NUM>
<NSF_PAR_USE_FLAG>1</NSF_PAR_USE_FLAG>
<FUND_AGCY_CODE>4900</FUND_AGCY_CODE>
<AWDG_AGCY_CODE>4900</AWDG_AGCY_CODE>
<AwardID>1801113</AwardID>
<Investigator>
<FirstName>Erik</FirstName>
<LastName>Csikos</LastName>
<PI_MID_INIT>J</PI_MID_INIT>
<PI_SUFX_NAME/>
<PI_FULL_NAME>Erik J Csikos</PI_FULL_NAME>
<EmailAddress><![CDATA[ecsikos@lccc.edu]]></EmailAddress>
<NSF_ID>000757637</NSF_ID>
<StartDate>05/31/2018</StartDate>
<EndDate/>
<RoleCode>Principal Investigator</RoleCode>
</Investigator>
<Investigator>
<FirstName>Eric</FirstName>
<LastName>Werley</LastName>
<PI_MID_INIT>M</PI_MID_INIT>
<PI_SUFX_NAME/>
<PI_FULL_NAME>Eric M Werley</PI_FULL_NAME>
<EmailAddress><![CDATA[ewerley@lccc.edu]]></EmailAddress>
<NSF_ID>000758089</NSF_ID>
<StartDate>05/31/2018</StartDate>
<EndDate/>
<RoleCode>Co-Principal Investigator</RoleCode>
</Investigator>
<Investigator>
<FirstName>Sherrie</FirstName>
<LastName>Fenner</LastName>
<PI_MID_INIT>D</PI_MID_INIT>
<PI_SUFX_NAME/>
<PI_FULL_NAME>Sherrie D Fenner</PI_FULL_NAME>
<EmailAddress><![CDATA[sfenner1@lccc.edu]]></EmailAddress>
<NSF_ID>000757988</NSF_ID>
<StartDate>05/31/2018</StartDate>
<EndDate/>
<RoleCode>Co-Principal Investigator</RoleCode>
</Investigator>
<Institution>
<Name><![CDATA[Lehigh Carbon Community College]]></Name>
<CityName>SCHNECKSVILLE</CityName>
<ZipCode>180782502</ZipCode>
<PhoneNumber>6107991585</PhoneNumber>
<StreetAddress><![CDATA[4525 EDUCATION PARK DR]]></StreetAddress>
<StreetAddress2/>
<CountryName>United States</CountryName>
<StateName>Pennsylvania</StateName>
<StateCode>PA</StateCode>
<CONGRESSDISTRICT>07</CONGRESSDISTRICT>
<CONGRESS_DISTRICT_ORG>PA07</CONGRESS_DISTRICT_ORG>
<ORG_UEI_NUM>NEYTKEM6HN99</ORG_UEI_NUM>
<ORG_LGL_BUS_NAME>LEHIGH CARBON COMMUNITY COLLEGE</ORG_LGL_BUS_NAME>
<ORG_PRNT_UEI_NUM>PG9YED2KU3L9</ORG_PRNT_UEI_NUM>
</Institution>
<Performance_Institution>
<Name><![CDATA[Lehigh Carbon Community College]]></Name>
<CityName/>
<StateCode>PA</StateCode>
<ZipCode>180782598</ZipCode>
<StreetAddress/>
<CountryCode>US</CountryCode>
<CountryName>United States</CountryName>
<StateName>Pennsylvania</StateName>
<CountryFlag>1</CountryFlag>
<CONGRESSDISTRICT>07</CONGRESSDISTRICT>
<CONGRESS_DISTRICT_PERF>PA07</CONGRESS_DISTRICT_PERF>
</Performance_Institution>
<ProgramElement>
<Code>7412</Code>
<Text>Advanced Tech Education Prog</Text>
</ProgramElement>
<ProgramReference>
<Code>1032</Code>
<Text>ADVANCED TECHNOLOGY EDUCATION</Text>
</ProgramReference>
<ProgramReference>
<Code>9178</Code>
<Text>UNDERGRADUATE EDUCATION</Text>
</ProgramReference>
<ProgramReference>
<Code>SMET</Code>
<Text>SCIENCE, MATH, ENG &amp; TECH EDUCATION</Text>
</ProgramReference>
<Appropriation>
<Code>0418</Code>
<Name>NSF Education &amp; Human Resource</Name>
<APP_SYMB_ID>040106</APP_SYMB_ID>
</Appropriation>
<Fund>
<Code>04001819DB</Code>
<Name><![CDATA[NSF Education & Human Resource]]></Name>
<FUND_SYMB_ID>040106</FUND_SYMB_ID>
</Fund>
<FUND_OBLG>2018~457409</FUND_OBLG>
<POR>
<DRECONTENT><![CDATA[<div class="porColContainerWBG"> <div class="porContentCol"><p>Our main goal for this project was to improve success and retention of college level intermediate algebra courses for students enrolled in previously identified technician programs.&nbsp; This was to be done by providing students with activities, based on real-life applications, that would provide academic reinforcement and also demonstrate the practical benefit of this material.&nbsp; The original vision was to create actual simulations for students to work with, potentially in the form of a makerspace, to be included in the course content.</p> <p>As the project progressed, several issues with this approach arose.&nbsp; First, it became clear that the in-class time to engage in these simulations would not be available, due to the density of content in the course.&nbsp; Secondly, these resources would not have been available to the increasing number of students taking this course off-site, either at a satellite campus or through dual enrollment in a high school setting.&nbsp; The second issue was further exacerbated following the Covid pandemic, when the use of both synchronous and asynchronous online instruction was emphasized.</p> <p>Because of these issues, the project team pivoted our direction and moved toward creating virtual simulations which could be incorporated directly into a learning management system and thus accessible to all students, regardless of the location or modality of instruction.&nbsp; Following this decision, an external partner was identified to create the virtual simulations based on our specifications.</p> <p>The end result of the process was eight virtual simulations, build around real-life applications and focused on course content with which students typically struggle.&nbsp; The simulations were designed to provide maximum flexibility for individual instructors in how they may be used in a particular section of the course.&nbsp; They may be used as graded activities for students to complete or as ungraded supplemental aides to provide added reinforcement.</p> <p>The time lost during the pandemic, along with the drastic change in direction from physical to virtual simulations, caused a significant delay in progress with this project.&nbsp; As a result, we do not yet have significant data regarding any improvements to success or retention, based on the use of the simulations.&nbsp; Even though from this point of view the project is concluding, the project team views our work as moving into a next phase.&nbsp; We will continue with our plans to monitor and evaluate the use of the simulations in the intermediate algebra courses.&nbsp; Our study of relevant success and retention data will continue, as will our plan to report any findings in an appropriate forum (article, conference presentation, etc.).&nbsp; At this point in time, we are expecting to see some improvement but the depth and scope is yet to be determined.</p> <p>While there was some disappointment among the team, as a result of the need to refocus the project and the corresponding delays in progress, the team is satisfied with the project output in the form of the virtual simulations that were developed.&nbsp; We believe they are a satisfactory alternative to the physical activities originally conceived and are hopeful that the data we collect over the next several years will support that belief in the form of measurable improved outcomes.</p> <p>&nbsp;</p><br> <p>            Last Modified: 10/25/2023<br>      Modified by: Erik&nbsp;J&nbsp;Csikos</p> </div> <div class="porSideCol"></div> </div>]]></DRECONTENT>
<POR_COPY_TXT><![CDATA[ Our main goal for this project was to improve success and retention of college level intermediate algebra courses for students enrolled in previously identified technician programs.  This was to be done by providing students with activities, based on real-life applications, that would provide academic reinforcement and also demonstrate the practical benefit of this material.  The original vision was to create actual simulations for students to work with, potentially in the form of a makerspace, to be included in the course content.  As the project progressed, several issues with this approach arose.  First, it became clear that the in-class time to engage in these simulations would not be available, due to the density of content in the course.  Secondly, these resources would not have been available to the increasing number of students taking this course off-site, either at a satellite campus or through dual enrollment in a high school setting.  The second issue was further exacerbated following the Covid pandemic, when the use of both synchronous and asynchronous online instruction was emphasized.  Because of these issues, the project team pivoted our direction and moved toward creating virtual simulations which could be incorporated directly into a learning management system and thus accessible to all students, regardless of the location or modality of instruction.  Following this decision, an external partner was identified to create the virtual simulations based on our specifications.  The end result of the process was eight virtual simulations, build around real-life applications and focused on course content with which students typically struggle.  The simulations were designed to provide maximum flexibility for individual instructors in how they may be used in a particular section of the course.  They may be used as graded activities for students to complete or as ungraded supplemental aides to provide added reinforcement.  The time lost during the pandemic, along with the drastic change in direction from physical to virtual simulations, caused a significant delay in progress with this project.  As a result, we do not yet have significant data regarding any improvements to success or retention, based on the use of the simulations.  Even though from this point of view the project is concluding, the project team views our work as moving into a next phase.  We will continue with our plans to monitor and evaluate the use of the simulations in the intermediate algebra courses.  Our study of relevant success and retention data will continue, as will our plan to report any findings in an appropriate forum (article, conference presentation, etc.).  At this point in time, we are expecting to see some improvement but the depth and scope is yet to be determined.  While there was some disappointment among the team, as a result of the need to refocus the project and the corresponding delays in progress, the team is satisfied with the project output in the form of the virtual simulations that were developed.  We believe they are a satisfactory alternative to the physical activities originally conceived and are hopeful that the data we collect over the next several years will support that belief in the form of measurable improved outcomes.          Last Modified: 10/25/2023       Submitted by: Erik J Csikos]]></POR_COPY_TXT>
</POR>
</Award>
</rootTag>
