<?xml version="1.0" encoding="UTF-8"?>
<rootTag>
<Award>
<AwardTitle><![CDATA[L-functions, Fourier Transforms, and Gamma Factors]]></AwardTitle>
<AGENCY>NSF</AGENCY>
<AwardEffectiveDate>06/01/2018</AwardEffectiveDate>
<AwardExpirationDate>11/30/2022</AwardExpirationDate>
<AwardTotalIntnAmount>275000.00</AwardTotalIntnAmount>
<AwardAmount>324457</AwardAmount>
<AwardInstrument>
<Value>Continuing Grant</Value>
</AwardInstrument>
<Organization>
<Code>03040000</Code>
<Directorate>
<Abbreviation>MPS</Abbreviation>
<LongName>Direct For Mathematical &amp; Physical Scien</LongName>
</Directorate>
<Division>
<Abbreviation>DMS</Abbreviation>
<LongName>Division Of Mathematical Sciences</LongName>
</Division>
</Organization>
<ProgramOfficer>
<SignBlockName>James Matthew Douglass</SignBlockName>
<PO_EMAI>mdouglas@nsf.gov</PO_EMAI>
<PO_PHON>7032922467</PO_PHON>
</ProgramOfficer>
<AbstractNarration><![CDATA[An important goal in any mathematical theory is to understand one set of objects by means of another one. When the two sets are in a one-to-one correspondence, then one may call the correspondence a reciprocity law. One deep example of a reciprocity law is that of Artin and Langlands, which is a vast generalization of Quadratic Reciprocity Law discovered by Gauss that is important for solving equations over the integers modulo a prime, and which is the genesis of the more general Langlands Program. While a general reciprocity law within the Langlands program is still far from properly formulated, even for objects over rational numbers, one can consider the "Langlands Functoriality Principle," which is a consequence of Artin-Langlands reciprocity and is a conjecture that is currently at the core of Langlands program. This project deals with both reciprocity and functoriality and will establish new techniques and tools to study them.&lt;br/&gt;&lt;br/&gt;In more detail, the PI will compare the Fourier transform defined by Braverman-Kazhdan and the Hankel transform defined by Ngo, for the standard L-functions for classical groups. In the long run this will lead to a full theory of L-functions for cusp forms on any reductive group and any irreducible representation of its L-group. This will not only lead to fairly general cases of functoriality through converse theorems, but will also provide suitable Poisson summation formulas that are needed in the Beyond Endoscopy approach to functoriality. In terms of reciprocity, a number of cases where the equality of Artin factors with the factors defined by the Langlands-Shahidi method through the local Langlands correspondence (local reciprocity) for GL(n) will be established, following the techniques used in the cases of exterior and symmetric square factors for GL(n) proved earlier. Projects involving p-adic L-functions, local coefficients matrices for covering groups, and Rankin products of L-functions for GSpin groups will also be pursued.&lt;br/&gt;&lt;br/&gt;This award reflects NSF's statutory mission and has been deemed worthy of support through evaluation using the Foundation's intellectual merit and broader impacts review criteria.]]></AbstractNarration>
<MinAmdLetterDate>04/19/2018</MinAmdLetterDate>
<MaxAmdLetterDate>06/10/2021</MaxAmdLetterDate>
<ARRAAmount/>
<TRAN_TYPE>Grant</TRAN_TYPE>
<CFDA_NUM>47.049</CFDA_NUM>
<NSF_PAR_USE_FLAG>1</NSF_PAR_USE_FLAG>
<FUND_AGCY_CODE>4900</FUND_AGCY_CODE>
<AWDG_AGCY_CODE>4900</AWDG_AGCY_CODE>
<AwardID>1801273</AwardID>
<Investigator>
<FirstName>Freydoon</FirstName>
<LastName>Shahidi</LastName>
<PI_MID_INIT/>
<PI_SUFX_NAME/>
<PI_FULL_NAME>Freydoon Shahidi</PI_FULL_NAME>
<EmailAddress><![CDATA[shahidi@math.purdue.edu]]></EmailAddress>
<NSF_ID>000234744</NSF_ID>
<StartDate>04/19/2018</StartDate>
<EndDate/>
<RoleCode>Principal Investigator</RoleCode>
</Investigator>
<Institution>
<Name><![CDATA[Purdue University]]></Name>
<CityName>WEST LAFAYETTE</CityName>
<ZipCode>479061332</ZipCode>
<PhoneNumber>7654941055</PhoneNumber>
<StreetAddress><![CDATA[2550 NORTHWESTERN AVE # 1100]]></StreetAddress>
<StreetAddress2/>
<CountryName>United States</CountryName>
<StateName>Indiana</StateName>
<StateCode>IN</StateCode>
<CONGRESSDISTRICT>04</CONGRESSDISTRICT>
<CONGRESS_DISTRICT_ORG>IN04</CONGRESS_DISTRICT_ORG>
<ORG_UEI_NUM>YRXVL4JYCEF5</ORG_UEI_NUM>
<ORG_LGL_BUS_NAME>PURDUE UNIVERSITY</ORG_LGL_BUS_NAME>
<ORG_PRNT_UEI_NUM/>
</Institution>
<Performance_Institution>
<Name><![CDATA[Purdue University]]></Name>
<CityName>West Lafayette</CityName>
<StateCode>IN</StateCode>
<ZipCode>479072067</ZipCode>
<StreetAddress><![CDATA[150 N University Street]]></StreetAddress>
<CountryCode>US</CountryCode>
<CountryName>United States</CountryName>
<StateName>Indiana</StateName>
<CountryFlag>1</CountryFlag>
<CONGRESSDISTRICT>04</CONGRESSDISTRICT>
<CONGRESS_DISTRICT_PERF>IN04</CONGRESS_DISTRICT_PERF>
</Performance_Institution>
<ProgramElement>
<Code>1264</Code>
<Text>ALGEBRA,NUMBER THEORY,AND COM</Text>
</ProgramElement>
<ProgramReference>
<Code>102Z</Code>
<Text>COVID-Disproportionate Impcts Inst-Indiv</Text>
</ProgramReference>
<Appropriation>
<Code>0118</Code>
<Name>NSF RESEARCH &amp; RELATED ACTIVIT</Name>
<APP_SYMB_ID>040100</APP_SYMB_ID>
</Appropriation>
<Appropriation>
<Code>0119</Code>
<Name>NSF RESEARCH &amp; RELATED ACTIVIT</Name>
<APP_SYMB_ID>040100</APP_SYMB_ID>
</Appropriation>
<Appropriation>
<Code>0120</Code>
<Name>NSF RESEARCH &amp; RELATED ACTIVIT</Name>
<APP_SYMB_ID>040100</APP_SYMB_ID>
</Appropriation>
<Appropriation>
<Code>0121</Code>
<Name>NSF RESEARCH &amp; RELATED ACTIVIT</Name>
<APP_SYMB_ID>040100</APP_SYMB_ID>
</Appropriation>
<Fund>
<Code>01001819DB</Code>
<Name><![CDATA[NSF RESEARCH & RELATED ACTIVIT]]></Name>
<FUND_SYMB_ID>040100</FUND_SYMB_ID>
</Fund>
<Fund>
<Code>01001920DB</Code>
<Name><![CDATA[NSF RESEARCH & RELATED ACTIVIT]]></Name>
<FUND_SYMB_ID>040100</FUND_SYMB_ID>
</Fund>
<Fund>
<Code>01002021DB</Code>
<Name><![CDATA[NSF RESEARCH & RELATED ACTIVIT]]></Name>
<FUND_SYMB_ID>040100</FUND_SYMB_ID>
</Fund>
<Fund>
<Code>01002122DB</Code>
<Name><![CDATA[NSF RESEARCH & RELATED ACTIVIT]]></Name>
<FUND_SYMB_ID>040100</FUND_SYMB_ID>
</Fund>
<FUND_OBLG>2018~91322</FUND_OBLG>
<FUND_OBLG>2019~90752</FUND_OBLG>
<FUND_OBLG>2020~92926</FUND_OBLG>
<FUND_OBLG>2021~49457</FUND_OBLG>
<POR>
<DRECONTENT><![CDATA[<div class="porColContainerWBG"> <div class="porContentCol"><p>During the term of this award the following results were obtained. Among them was the study of new generalized Fourier transforms needed for the&nbsp;developement&nbsp;of a general theory of L-functions within the&nbsp;Langlands&nbsp;program. This theory generalizes Tate-Godement-Jacquet's&nbsp;approach in the cases of general linear groups to the&nbsp;arbitray&nbsp;reductive groups. Among the ingredients in the theory are gamma factors which are needed for functional equations, an important component of the theory. In a joint paper with my student, William&nbsp;Sokurski, published in the Journal of Number Theory, we established the&nbsp;multiplicativity&nbsp;of these factors in general but under suitable working hypothesis for these factors. The remaining results constituted&nbsp;Sokurski's&nbsp;thesis who is now a&nbsp;postdoc&nbsp;at the University of Toronto. These are parts of the new program initiated by&nbsp;Braverman-Kazhdan/Ngo. The second project was a joint work with my former&nbsp;postdocs&nbsp;Fan&nbsp;Gao&nbsp;and Dani&nbsp;Szpruch&nbsp;during which we addressed several questions concerning covering groups. In particular, we addressed the lack of multiplicity one for their Whittaker&nbsp;functionals&nbsp;by introducing "local coefficients&nbsp;matrices" among other things. This is a long 116-page paper which is&nbsp;now&nbsp;accepted to appear as a monograph in the Memoirs of AMS. Our second paper which is as long as the other one answers the issues of restrictions of representations and the study of their R-groups. This paper is now submitted and is under review. The&nbsp;project on p-adic&nbsp;L-functions&nbsp;was&nbsp;performed by my&nbsp;student, Razan Taha, who has successfully extended the work by Gelbart-Miller-Panchishkin-Shahidi from Q to totally real fields following Deligne-Ribet theory of these p-adic L-functions, relating inverses of these L-functions to non-constant Fourier coefficients of suitable Eisenstein series. Her thesis is now accepted for publication. Finally as a new project, the investigator has been studying as a joint work with Baiying&nbsp;Liu, the local Jiang's conjecture for classical groups. This is a conjecture which generalizes a conjecture of the investigator on the existence of representations with Whittaker models in every tempered L-packet to local Arthur packets which treat non-tempered representations. It predicts what the wave front sets of their local character expansions via Harish-Chandra/Howe must be.&nbsp;</p> <p>During the term of this award, the investigator has graduated 4 students(two domestic and one woman) and have been advising or co-advising another 4 students (two demestic). I have also been teaching advanced and qualifying courses in our department and been mentor to one faculty and one postdoc. These courses are foundational in number theory and with Purdue's Algebra/Number Theory/Algebraic Geometry group's recent high ranking (15th with Cornall) by US News, is bound to attract more students to number theory and arithmetic geometry within the Langlands Program, where our strength lies.</p><br> <p>            Last Modified: 12/30/2022<br>      Modified by: Freydoon&nbsp;Shahidi</p> </div> <div class="porSideCol"></div> </div>]]></DRECONTENT>
<POR_COPY_TXT><![CDATA[ During the term of this award the following results were obtained. Among them was the study of new generalized Fourier transforms needed for the developement of a general theory of L-functions within the Langlands program. This theory generalizes Tate-Godement-Jacquet's approach in the cases of general linear groups to the arbitray reductive groups. Among the ingredients in the theory are gamma factors which are needed for functional equations, an important component of the theory. In a joint paper with my student, William Sokurski, published in the Journal of Number Theory, we established the multiplicativity of these factors in general but under suitable working hypothesis for these factors. The remaining results constituted Sokurski's thesis who is now a postdoc at the University of Toronto. These are parts of the new program initiated by Braverman-Kazhdan/Ngo. The second project was a joint work with my former postdocs Fan Gao and Dani Szpruch during which we addressed several questions concerning covering groups. In particular, we addressed the lack of multiplicity one for their Whittaker functionals by introducing "local coefficients matrices" among other things. This is a long 116-page paper which is now accepted to appear as a monograph in the Memoirs of AMS. Our second paper which is as long as the other one answers the issues of restrictions of representations and the study of their R-groups. This paper is now submitted and is under review. The project on p-adic L-functions was performed by my student, Razan Taha, who has successfully extended the work by Gelbart-Miller-Panchishkin-Shahidi from Q to totally real fields following Deligne-Ribet theory of these p-adic L-functions, relating inverses of these L-functions to non-constant Fourier coefficients of suitable Eisenstein series. Her thesis is now accepted for publication. Finally as a new project, the investigator has been studying as a joint work with Baiying Liu, the local Jiang's conjecture for classical groups. This is a conjecture which generalizes a conjecture of the investigator on the existence of representations with Whittaker models in every tempered L-packet to local Arthur packets which treat non-tempered representations. It predicts what the wave front sets of their local character expansions via Harish-Chandra/Howe must be.   During the term of this award, the investigator has graduated 4 students(two domestic and one woman) and have been advising or co-advising another 4 students (two demestic). I have also been teaching advanced and qualifying courses in our department and been mentor to one faculty and one postdoc. These courses are foundational in number theory and with Purdue's Algebra/Number Theory/Algebraic Geometry group's recent high ranking (15th with Cornall) by US News, is bound to attract more students to number theory and arithmetic geometry within the Langlands Program, where our strength lies.       Last Modified: 12/30/2022       Submitted by: Freydoon Shahidi]]></POR_COPY_TXT>
</POR>
</Award>
</rootTag>
