<?xml version="1.0" encoding="UTF-8"?>
<rootTag>
<Award>
<AwardTitle><![CDATA[SaTC: CORE: Medium: Towards Mechanized Proofs of Composable Security Properties]]></AwardTitle>
<AGENCY>NSF</AGENCY>
<AwardEffectiveDate>08/15/2018</AwardEffectiveDate>
<AwardExpirationDate>07/31/2024</AwardExpirationDate>
<AwardTotalIntnAmount>1199484.00</AwardTotalIntnAmount>
<AwardAmount>1199484</AwardAmount>
<AwardInstrument>
<Value>Continuing Grant</Value>
</AwardInstrument>
<Organization>
<Code>05050000</Code>
<Directorate>
<Abbreviation>CSE</Abbreviation>
<LongName>Direct For Computer &amp; Info Scie &amp; Enginr</LongName>
</Directorate>
<Division>
<Abbreviation>CNS</Abbreviation>
<LongName>Division Of Computer and Network Systems</LongName>
</Division>
</Organization>
<ProgramOfficer>
<SignBlockName>Sol Greenspan</SignBlockName>
<PO_EMAI>sgreensp@nsf.gov</PO_EMAI>
<PO_PHON>7032927841</PO_PHON>
</ProgramOfficer>
<AbstractNarration><![CDATA[Securing computing systems is a formidable task that becomes harder as systems become more complex, widespread and intertwined with our daily lives. This is especially true for protection mechanisms that use cryptographic schemes and protocols. This interdisciplinary project strives to combine two complementary approaches to analyzing the security of complex protocols. The first is modularity: The ability to deduce the security of a complex system from the security of its simpler components. The second is mechanization: the use of computer tools in which mathematical proofs are formalized on the computer, eliminating the errors that may lurk in paper-and-pencil proofs. More broadly, the project is working to foster deeper connections between the cryptography community and the programming languages and formal methods community. In particular, it is training graduate students from both sides of this divide in the methodologies of the other side.&lt;br/&gt;&lt;br/&gt;Specifically, the project is combining the universally composable (UC) security framework with the EasyCrypt cryptographic proof assistant, so as to obtain a proof assistant and related tools and methodologies enabling security proofs that are rigorous and cryptographically sound, as well as mechanized and modular. In order to find common ground between the UC framework, which was not designed for automation, and the EasyCrypt mechanized proof assistant, the project brings together an interdisciplinary team with expertise in theoretical cryptography, programming languages, and the design and implementation of proof assistants. The project is bridging the gap between the coroutine-based execution model of the UC framework and the traditional procedural execution model of EasyCrypt, developing a domain-specific extension of the EasyCrypt programming language for representing UC protocols and security specifications, and implementing the UC composition operation and theorem within EasyCrypt. The project is progressing through a series of stages, first developing an EasyCrypt architecture supporting UC, and testing this architecture by hand via simple case studies, and then gradually moving toward greater ease of protocol expression and proof automation. The tools and methodologies developed during the project are being evaluated via a series of increasingly complex case studies, working up to real-world systems that combine algorithmic and systems security, such as the Signal messaging system, the OpenStack cloud management framework, and secure multi-party computation systems. Outreach events such as hackathons and tutorials are being used to increase the impact of the developed technology to students and the research community.&lt;br/&gt;&lt;br/&gt;This award reflects NSF's statutory mission and has been deemed worthy of support through evaluation using the Foundation's intellectual merit and broader impacts review criteria.]]></AbstractNarration>
<MinAmdLetterDate>08/03/2018</MinAmdLetterDate>
<MaxAmdLetterDate>07/13/2021</MaxAmdLetterDate>
<ARRAAmount/>
<TRAN_TYPE>Grant</TRAN_TYPE>
<CFDA_NUM>47.070</CFDA_NUM>
<NSF_PAR_USE_FLAG>1</NSF_PAR_USE_FLAG>
<FUND_AGCY_CODE>4900</FUND_AGCY_CODE>
<AWDG_AGCY_CODE>4900</AWDG_AGCY_CODE>
<AwardID>1801564</AwardID>
<Investigator>
<FirstName>Ran</FirstName>
<LastName>Canetti</LastName>
<PI_MID_INIT/>
<PI_SUFX_NAME/>
<PI_FULL_NAME>Ran Canetti</PI_FULL_NAME>
<EmailAddress><![CDATA[canetti@bu.edu]]></EmailAddress>
<NSF_ID>000611117</NSF_ID>
<StartDate>08/03/2018</StartDate>
<EndDate/>
<RoleCode>Co-Principal Investigator</RoleCode>
</Investigator>
<Investigator>
<FirstName>Mayank</FirstName>
<LastName>Varia</LastName>
<PI_MID_INIT/>
<PI_SUFX_NAME/>
<PI_FULL_NAME>Mayank Varia</PI_FULL_NAME>
<EmailAddress><![CDATA[varia@bu.edu]]></EmailAddress>
<NSF_ID>000703604</NSF_ID>
<StartDate>08/03/2018</StartDate>
<EndDate/>
<RoleCode>Co-Principal Investigator</RoleCode>
</Investigator>
<Investigator>
<FirstName>Assaf</FirstName>
<LastName>Kfoury</LastName>
<PI_MID_INIT>J</PI_MID_INIT>
<PI_SUFX_NAME/>
<PI_FULL_NAME>Assaf J Kfoury</PI_FULL_NAME>
<EmailAddress><![CDATA[kfoury@bu.edu]]></EmailAddress>
<NSF_ID>000106770</NSF_ID>
<StartDate>08/03/2018</StartDate>
<EndDate/>
<RoleCode>Co-Principal Investigator</RoleCode>
</Investigator>
<Investigator>
<FirstName>Alley</FirstName>
<LastName>Stoughton</LastName>
<PI_MID_INIT/>
<PI_SUFX_NAME/>
<PI_FULL_NAME>Alley Stoughton</PI_FULL_NAME>
<EmailAddress><![CDATA[stough@bu.edu]]></EmailAddress>
<NSF_ID>000759077</NSF_ID>
<StartDate>08/03/2018</StartDate>
<EndDate/>
<RoleCode>Principal Investigator</RoleCode>
</Investigator>
<Institution>
<Name><![CDATA[Trustees of Boston University]]></Name>
<CityName>BOSTON</CityName>
<ZipCode>022151703</ZipCode>
<PhoneNumber>6173534365</PhoneNumber>
<StreetAddress><![CDATA[1 SILBER WAY]]></StreetAddress>
<StreetAddress2/>
<CountryName>United States</CountryName>
<StateName>Massachusetts</StateName>
<StateCode>MA</StateCode>
<CONGRESSDISTRICT>07</CONGRESSDISTRICT>
<CONGRESS_DISTRICT_ORG>MA07</CONGRESS_DISTRICT_ORG>
<ORG_UEI_NUM>THL6A6JLE1S7</ORG_UEI_NUM>
<ORG_LGL_BUS_NAME>TRUSTEES OF BOSTON UNIVERSITY</ORG_LGL_BUS_NAME>
<ORG_PRNT_UEI_NUM/>
</Institution>
<Performance_Institution>
<Name><![CDATA[Trustees of Boston University]]></Name>
<CityName>Boston</CityName>
<StateCode>MA</StateCode>
<ZipCode>022151300</ZipCode>
<StreetAddress><![CDATA[111 Cummington Mall]]></StreetAddress>
<CountryCode>US</CountryCode>
<CountryName>United States</CountryName>
<StateName>Massachusetts</StateName>
<CountryFlag>1</CountryFlag>
<CONGRESSDISTRICT>07</CONGRESSDISTRICT>
<CONGRESS_DISTRICT_PERF>MA07</CONGRESS_DISTRICT_PERF>
</Performance_Institution>
<ProgramElement>
<Code>8060</Code>
<Text>Secure &amp;Trustworthy Cyberspace</Text>
</ProgramElement>
<ProgramReference>
<Code>025Z</Code>
<Text>SaTC: Secure and Trustworthy Cyberspace</Text>
</ProgramReference>
<ProgramReference>
<Code>7434</Code>
<Text>CNCI</Text>
</ProgramReference>
<ProgramReference>
<Code>7924</Code>
<Text>MEDIUM PROJECT</Text>
</ProgramReference>
<ProgramReference>
<Code>9102</Code>
<Text>WOMEN, MINORITY, DISABLED, NEC</Text>
</ProgramReference>
<Appropriation>
<Code>0118</Code>
<Name>NSF RESEARCH &amp; RELATED ACTIVIT</Name>
<APP_SYMB_ID>040100</APP_SYMB_ID>
</Appropriation>
<Appropriation>
<Code>0119</Code>
<Name>NSF RESEARCH &amp; RELATED ACTIVIT</Name>
<APP_SYMB_ID>040100</APP_SYMB_ID>
</Appropriation>
<Appropriation>
<Code>0120</Code>
<Name>NSF RESEARCH &amp; RELATED ACTIVIT</Name>
<APP_SYMB_ID>040100</APP_SYMB_ID>
</Appropriation>
<Appropriation>
<Code>0121</Code>
<Name>NSF RESEARCH &amp; RELATED ACTIVIT</Name>
<APP_SYMB_ID>040100</APP_SYMB_ID>
</Appropriation>
<Fund>
<Code>01001819DB</Code>
<Name><![CDATA[NSF RESEARCH & RELATED ACTIVIT]]></Name>
<FUND_SYMB_ID>040100</FUND_SYMB_ID>
</Fund>
<Fund>
<Code>01001920DB</Code>
<Name><![CDATA[NSF RESEARCH & RELATED ACTIVIT]]></Name>
<FUND_SYMB_ID>040100</FUND_SYMB_ID>
</Fund>
<Fund>
<Code>01002021DB</Code>
<Name><![CDATA[NSF RESEARCH & RELATED ACTIVIT]]></Name>
<FUND_SYMB_ID>040100</FUND_SYMB_ID>
</Fund>
<Fund>
<Code>01002122DB</Code>
<Name><![CDATA[NSF RESEARCH & RELATED ACTIVIT]]></Name>
<FUND_SYMB_ID>040100</FUND_SYMB_ID>
</Fund>
<FUND_OBLG>2018~270485</FUND_OBLG>
<FUND_OBLG>2019~301143</FUND_OBLG>
<FUND_OBLG>2020~309581</FUND_OBLG>
<FUND_OBLG>2021~318275</FUND_OBLG>
</Award>
</rootTag>
