<?xml version="1.0" encoding="UTF-8"?>
<rootTag>
<Award>
<AwardTitle><![CDATA[NNA: NSFGEO-NERC: Collaborative Research: The Integrated Characterization of Energy, Clouds, Atmospheric state, and Precipitation at Summit, Aerosol-Cloud Experiment (ICECAPS-ACE)]]></AwardTitle>
<AGENCY>NSF</AGENCY>
<AwardEffectiveDate>08/01/2018</AwardEffectiveDate>
<AwardExpirationDate>07/31/2022</AwardExpirationDate>
<AwardTotalIntnAmount>225674.00</AwardTotalIntnAmount>
<AwardAmount>270514</AwardAmount>
<AwardInstrument>
<Value>Standard Grant</Value>
</AwardInstrument>
<Organization>
<Code>06090100</Code>
<Directorate>
<Abbreviation>GEO</Abbreviation>
<LongName>Directorate For Geosciences</LongName>
</Directorate>
<Division>
<Abbreviation>OPP</Abbreviation>
<LongName>Office of Polar Programs (OPP)</LongName>
</Division>
</Organization>
<ProgramOfficer>
<SignBlockName>Roberto Delgado</SignBlockName>
<PO_EMAI>robdelga@nsf.gov</PO_EMAI>
<PO_PHON>7032922397</PO_PHON>
</ProgramOfficer>
<AbstractNarration><![CDATA[The Greenland Ice Sheet is a unique location in the Arctic. It rises from sea level to over 10,000 feet in elevation and is, by far, the largest topographic feature north of the Arctic Circle. Scientists have determined that the ice sheet is sensitive to climatic fluctuations. In spite of its uniqueness and importance, it is relatively under-studied compared to other locations on Earth. The Integrated Characterization of Energy, Clouds, Atmospheric state, and Precipitation at Summit (ICECAPS) project has been measuring properties of the surface and atmosphere over Greenland since 2010. This long-term field campaign has allowed researchers to better understand how the atmosphere affects the ice sheet. In particular, the project has helped to determine the role that clouds and precipitation over Greenland play in modulating the mass and energy budgets of the ice sheet. These processes are essential for properly quantifying how much melt water is produced by the Greenland Ice Sheet, and how this contributes to global sea-level rise. As part of this new project, the instrument suite will be expanded to include an Aerosol-Cloud Experiment (ACE) through a partnership with researchers at the U.K. Natural Environment Research Council. ICECAPS-ACE will continue to make routine observations of the atmosphere, but includes two new major goals. First, ICECAPS-ACE will provide a better understanding of aerosol-cloud interactions over the Greenland Ice Sheet. Summit Station is a unique location to study such interactions because there are no significant local sources of cloud-active aerosols. Aerosols are tiny particles in the atmosphere that play a significant role in cloud formation. Knowledge of the interaction between aerosols and clouds is important for providing more accurate models of weather and climate over Greenland. Secondly, ICECAPS-ACE will provide a comprehensive suite of observations as part of the Year of Polar Prediction (YOPP) that can be used for the assessment of numerical models. It will also overlap with field activities of the Multidisciplinary drifting Observatory for the Study of Arctic Climate (MOSAiC) project, which offers an unprecedented focus by the operational modeling community on the Arctic system. The continuation of the ICECAPS field campaign will create a valuable 10-year dataset that documents changes from year-to-year from this unique location in Greenland.&lt;br/&gt;&lt;br/&gt;The Greenland Ice Sheet (GrIS) is of critical importance to human society because of its role in global sea-level rise, and it is melting at an accelerating rate. Providing a better understanding of the interactions between aerosols and clouds is of direct societal value because of their ultimate impact on the GrIS mass and energy budgets. Since 2010 ICECAPS has significantly advanced understanding of cloud properties, radiation and surface energy, and precipitation processes over the GrIS, while also supporting process-based model evaluation, development of new measurement techniques, ground comparisons for multiple satellite measurements and aircraft missions, and operational radiosonde data for weather forecast models. The new ICECAPS-ACE will provide insight into the role that advective aerosol sources play in cloud and precipitation processes. The addition of the aerosol measurements will allow, for the first time, an investigation of how aerosols impact the surface energy and mass budgets of the central GrIS. Because of the importance of the GrIS to the Arctic, the ICECAPS project has been endorsed as a YOPP activity and will archive high-resolution data to be used for physical process-based model evaluation and verification that will focus on the surface energy budget, precipitation, and cloud-aerosol interactions.&lt;br/&gt;&lt;br/&gt;This award reflects NSF's statutory mission and has been deemed worthy of support through evaluation using the Foundation's intellectual merit and broader impacts review criteria.]]></AbstractNarration>
<MinAmdLetterDate>06/19/2018</MinAmdLetterDate>
<MaxAmdLetterDate>05/20/2021</MaxAmdLetterDate>
<ARRAAmount/>
<TRAN_TYPE>Grant</TRAN_TYPE>
<CFDA_NUM>47.050, 47.078</CFDA_NUM>
<NSF_PAR_USE_FLAG>1</NSF_PAR_USE_FLAG>
<FUND_AGCY_CODE>4900</FUND_AGCY_CODE>
<AWDG_AGCY_CODE>4900</AWDG_AGCY_CODE>
<AwardID>1801477</AwardID>
<Investigator>
<FirstName>Matthew</FirstName>
<LastName>Shupe</LastName>
<PI_MID_INIT>D</PI_MID_INIT>
<PI_SUFX_NAME/>
<PI_FULL_NAME>Matthew D Shupe</PI_FULL_NAME>
<EmailAddress><![CDATA[matthew.shupe@colorado.edu]]></EmailAddress>
<NSF_ID>000242543</NSF_ID>
<StartDate>06/19/2018</StartDate>
<EndDate/>
<RoleCode>Principal Investigator</RoleCode>
</Investigator>
<Institution>
<Name><![CDATA[University of Colorado at Boulder]]></Name>
<CityName>Boulder</CityName>
<ZipCode>803090001</ZipCode>
<PhoneNumber>3034926221</PhoneNumber>
<StreetAddress><![CDATA[3100 MARINE ST]]></StreetAddress>
<StreetAddress2><![CDATA[STE 481 572 UCB]]></StreetAddress2>
<CountryName>United States</CountryName>
<StateName>Colorado</StateName>
<StateCode>CO</StateCode>
<CONGRESSDISTRICT>02</CONGRESSDISTRICT>
<CONGRESS_DISTRICT_ORG>CO02</CONGRESS_DISTRICT_ORG>
<ORG_UEI_NUM>SPVKK1RC2MZ3</ORG_UEI_NUM>
<ORG_LGL_BUS_NAME>THE REGENTS OF THE UNIVERSITY OF COLORADO</ORG_LGL_BUS_NAME>
<ORG_PRNT_UEI_NUM/>
</Institution>
<Performance_Institution>
<Name><![CDATA[University of Colorado at Boulder]]></Name>
<CityName>Boulder</CityName>
<StateCode>CO</StateCode>
<ZipCode>803031058</ZipCode>
<StreetAddress><![CDATA[3100 Marine Street, Room 481 572]]></StreetAddress>
<CountryCode>US</CountryCode>
<CountryName>United States</CountryName>
<StateName>Colorado</StateName>
<CountryFlag>1</CountryFlag>
<CONGRESSDISTRICT>02</CONGRESSDISTRICT>
<CONGRESS_DISTRICT_PERF>CO02</CONGRESS_DISTRICT_PERF>
</Performance_Institution>
<ProgramElement>
<Code>5293</Code>
<Text>AON-Arctic Observing Network</Text>
</ProgramElement>
<ProgramReference>
<Code>072Z</Code>
<Text>NNA-Navigating the New Arctic</Text>
</ProgramReference>
<ProgramReference>
<Code>097Z</Code>
<Text>COVID-19 Impacts on Existing Activities</Text>
</ProgramReference>
<ProgramReference>
<Code>1079</Code>
<Text>ARCTIC RESEARCH</Text>
</ProgramReference>
<Appropriation>
<Code>02XX</Code>
<Name>NSF RESEARCH &amp; RELATED ACTIVIT</Name>
<APP_SYMB_ID>040100</APP_SYMB_ID>
</Appropriation>
<Fund>
<Code>0100XXXXDB</Code>
<Name><![CDATA[NSF RESEARCH & RELATED ACTIVIT]]></Name>
<FUND_SYMB_ID>040100</FUND_SYMB_ID>
</Fund>
<FUND_OBLG>2018~225674</FUND_OBLG>
<FUND_OBLG>2021~44840</FUND_OBLG>
<POR>
<DRECONTENT><![CDATA[<div class="porColContainerWBG"> <div class="porContentCol"><p>The Integrated Characterization of Energy, Clouds, Atmospheric state, and Precipitation at Summit, Aerosol-Cloud Experiment (ICECAPS-ACE) project includes operation of a suite of atmospheric instruments that have continuously observed clouds, precipitation, atmospheric structure, and radiation over Summit, Greenland since 2010, with key additions of surface energy budget and aerosol measurements added in 2019. This first-of-its-kind deployment has provided many ground-breaking observations that have contributed to a wealth of scientific research, instrument and technique development, operational support, education, and personnel development.</p> <p>&nbsp;</p> <p>Scientifically, ICECAPS has provided many new insights into atmospheric processes that impact the atmosphere and surface energy and mass budgets of the Greenland Ice Sheet. Research into atmospheric gases has focused on deriving and evaluating information on vertical profiles of ozone and assessing the drivers of its variability both vertically and over time. Aerosol research has provided the first detailed view of the annual variability of aerosol properties at Summit, and importantly has linked the annual and synoptic variation in aerosol concentrations to circulation patterns, precipitation, the occurrence of fog, and other processes. Extensive cloud research has examined numerous topics including the impact of ice crystal orientation on cloud radiative effects, the overall occurrence and radiative effects of fog over the central ice sheet, and model studies examining the impact and interactions of clouds at multiple levels on the cloud phase, radiative effects, and transitions. ICECAPS cloud and radiation observations have also provided important evaluation for satellite-derived cloud products over bright surfaces, and for climate model representations of cloud radiative effects over the ice sheet. ICECAPS results have been central to a number of additional studies that help to expand the knowledge developed at Summit to the broader Greenland Ice Sheet. Circulation classification techniques have been adapted to understand how clouds, precipitation, radiative effects, and surface temperature vary both at Summit and across the ice sheet as a function of large-scale circulation regime. Similar analyses have examined the spatial distribution of snowfall and its relation to features like large-scale atmospheric ?blocking? events that channel warm, moist air towards Greenland. Collectively, these larger-scale studies are revealing key details about the seasonal and spatial impacts of atmospheric processes on ice sheet mass loss (through melt) and mass gain (through precipitation) that are essential for understanding the fate of the ice sheet. Over the project period from summer 2018 to summer 2022, the ICECAPS team has produced about 20 scientific publications using ICECAPS data, and numerous other publications have resulted via collaborators and other partners.</p> <p>&nbsp;</p> <p>ICECAPS has also achieved numerous broad impacts on science and society. First, data from the project has contributed to operational weather forecast models on a daily basis and has informed numerous stakeholders, such as airlines, of conditions over Greenland. Observations have been used to evaluate model parameterizations that will help those models to better represent the atmosphere, clouds, and surface interactions over the Greenland Ice Sheet where forecasting is challenging. The data has also been used by multiple space agencies for evaluation of their satellite measurements and by collaborators at numerous institutions that are developing new instrumentation for observing atmospheric phenomena. Beyond science, the project has supported a unique outreach effort that involves hand-held instruments that emulate some of the more sophisticated observations made in the field. These instruments are the basis for working with K-12 communities on related scientific concepts. Many details of the project have also been incorporated in public seminars, mentorship programs, classroom lectures, and more. Lastly, the project has featured prominent roles for numerous students and early career researchers, who have been involved in field work, instrument oversight, data processing, and analysis. Three PhD degrees have been earned by ICECAPS-funded researchers, while ICECAPS team members and data sets have supported multiple other students participating via collaborating institutions.</p><br> <p>            Last Modified: 12/05/2022<br>      Modified by: Matthew&nbsp;D&nbsp;Shupe</p> </div> <div class="porSideCol"></div> </div>]]></DRECONTENT>
<POR_COPY_TXT><![CDATA[ The Integrated Characterization of Energy, Clouds, Atmospheric state, and Precipitation at Summit, Aerosol-Cloud Experiment (ICECAPS-ACE) project includes operation of a suite of atmospheric instruments that have continuously observed clouds, precipitation, atmospheric structure, and radiation over Summit, Greenland since 2010, with key additions of surface energy budget and aerosol measurements added in 2019. This first-of-its-kind deployment has provided many ground-breaking observations that have contributed to a wealth of scientific research, instrument and technique development, operational support, education, and personnel development.     Scientifically, ICECAPS has provided many new insights into atmospheric processes that impact the atmosphere and surface energy and mass budgets of the Greenland Ice Sheet. Research into atmospheric gases has focused on deriving and evaluating information on vertical profiles of ozone and assessing the drivers of its variability both vertically and over time. Aerosol research has provided the first detailed view of the annual variability of aerosol properties at Summit, and importantly has linked the annual and synoptic variation in aerosol concentrations to circulation patterns, precipitation, the occurrence of fog, and other processes. Extensive cloud research has examined numerous topics including the impact of ice crystal orientation on cloud radiative effects, the overall occurrence and radiative effects of fog over the central ice sheet, and model studies examining the impact and interactions of clouds at multiple levels on the cloud phase, radiative effects, and transitions. ICECAPS cloud and radiation observations have also provided important evaluation for satellite-derived cloud products over bright surfaces, and for climate model representations of cloud radiative effects over the ice sheet. ICECAPS results have been central to a number of additional studies that help to expand the knowledge developed at Summit to the broader Greenland Ice Sheet. Circulation classification techniques have been adapted to understand how clouds, precipitation, radiative effects, and surface temperature vary both at Summit and across the ice sheet as a function of large-scale circulation regime. Similar analyses have examined the spatial distribution of snowfall and its relation to features like large-scale atmospheric ?blocking? events that channel warm, moist air towards Greenland. Collectively, these larger-scale studies are revealing key details about the seasonal and spatial impacts of atmospheric processes on ice sheet mass loss (through melt) and mass gain (through precipitation) that are essential for understanding the fate of the ice sheet. Over the project period from summer 2018 to summer 2022, the ICECAPS team has produced about 20 scientific publications using ICECAPS data, and numerous other publications have resulted via collaborators and other partners.     ICECAPS has also achieved numerous broad impacts on science and society. First, data from the project has contributed to operational weather forecast models on a daily basis and has informed numerous stakeholders, such as airlines, of conditions over Greenland. Observations have been used to evaluate model parameterizations that will help those models to better represent the atmosphere, clouds, and surface interactions over the Greenland Ice Sheet where forecasting is challenging. The data has also been used by multiple space agencies for evaluation of their satellite measurements and by collaborators at numerous institutions that are developing new instrumentation for observing atmospheric phenomena. Beyond science, the project has supported a unique outreach effort that involves hand-held instruments that emulate some of the more sophisticated observations made in the field. These instruments are the basis for working with K-12 communities on related scientific concepts. Many details of the project have also been incorporated in public seminars, mentorship programs, classroom lectures, and more. Lastly, the project has featured prominent roles for numerous students and early career researchers, who have been involved in field work, instrument oversight, data processing, and analysis. Three PhD degrees have been earned by ICECAPS-funded researchers, while ICECAPS team members and data sets have supported multiple other students participating via collaborating institutions.       Last Modified: 12/05/2022       Submitted by: Matthew D Shupe]]></POR_COPY_TXT>
</POR>
</Award>
</rootTag>
