<?xml version="1.0" encoding="UTF-8"?>
<rootTag>
<Award>
<AwardTitle><![CDATA[SaTC: CORE: Medium: Collaborative: Bridging the Gap between Protocol Design and Implementation through Automated Mapping]]></AwardTitle>
<AGENCY>NSF</AGENCY>
<AwardEffectiveDate>09/15/2018</AwardEffectiveDate>
<AwardExpirationDate>08/31/2023</AwardExpirationDate>
<AwardTotalIntnAmount>240000.00</AwardTotalIntnAmount>
<AwardAmount>240000</AwardAmount>
<AwardInstrument>
<Value>Continuing Grant</Value>
</AwardInstrument>
<Organization>
<Code>05050000</Code>
<Directorate>
<Abbreviation>CSE</Abbreviation>
<LongName>Direct For Computer &amp; Info Scie &amp; Enginr</LongName>
</Directorate>
<Division>
<Abbreviation>CNS</Abbreviation>
<LongName>Division Of Computer and Network Systems</LongName>
</Division>
</Organization>
<ProgramOfficer>
<SignBlockName>Sol Greenspan</SignBlockName>
<PO_EMAI>sgreensp@nsf.gov</PO_EMAI>
<PO_PHON>7032927841</PO_PHON>
</ProgramOfficer>
<AbstractNarration><![CDATA[Computer networking and the internet have revolutionized our societies, but are plagued with security problems which are difficult to tame.  Serious vulnerabilities are constantly being discovered in network protocols that affect the work and lives of millions. Even some protocols that have been carefully scrutinized by their designers and by the computer engineering community have been shown to be vulnerable afterwards.  Why is developing secure protocols so hard? This project seeks to address this question by developing novel design and implementation methods for network protocols that allow to identify and fix security vulnerabilities semi-automatically. The project serves the national interest as cyber-security costs the United States many billions of dollars annually.  Besides making technical advances to the field, this project will also have broader impacts in education and curriculum development, as well as in helping to bridge the gap between several somewhat fragmented scientific communities working on the problem.&lt;br/&gt;&lt;br/&gt;Technically, the project will follow a formal approach building upon a novel combination of techniques from security modeling, automated software synthesis, and program analysis to bridge the gap between an abstract protocol design and a low-level implementation. In particular, the methodology of the project will be based on a new formal behavioral model of software that explicitly captures how the choice of a mapping from a protocol design onto an implementation platform may result in different security vulnerabilities. Building on this model, this project will provide (1) a modeling approach that cleanly separates the descriptions of an abstract design from a concrete platform, and allows the platform to be modeled just once and reused, (2) a synthesis tool that will automatically construct a secure mapping from the abstract protocol to the appropriate choice of platform features, and (3) a program analysis tool that leverages platform-specific information to check that an implementation satisfies a desired property of the protocol. In addition, the project will develop a library of reusable platform models, and demonstrate the effectiveness of the methodology in a series of case studies.&lt;br/&gt;&lt;br/&gt;This award reflects NSF's statutory mission and has been deemed worthy of support through evaluation using the Foundation's intellectual merit and broader impacts review criteria.]]></AbstractNarration>
<MinAmdLetterDate>09/04/2018</MinAmdLetterDate>
<MaxAmdLetterDate>07/17/2020</MaxAmdLetterDate>
<ARRAAmount/>
<TRAN_TYPE>Grant</TRAN_TYPE>
<CFDA_NUM>47.070</CFDA_NUM>
<NSF_PAR_USE_FLAG>1</NSF_PAR_USE_FLAG>
<FUND_AGCY_CODE>4900</FUND_AGCY_CODE>
<AWDG_AGCY_CODE>4900</AWDG_AGCY_CODE>
<AwardID>1801399</AwardID>
<Investigator>
<FirstName>Daniel</FirstName>
<LastName>Jackson</LastName>
<PI_MID_INIT/>
<PI_SUFX_NAME/>
<PI_FULL_NAME>Daniel Jackson</PI_FULL_NAME>
<EmailAddress><![CDATA[dnj@csail.mit.edu]]></EmailAddress>
<NSF_ID>000460161</NSF_ID>
<StartDate>09/04/2018</StartDate>
<EndDate/>
<RoleCode>Principal Investigator</RoleCode>
</Investigator>
<Institution>
<Name>Massachusetts Institute of Technology</Name>
<CityName>CAMBRIDGE</CityName>
<ZipCode>021394301</ZipCode>
<PhoneNumber>6172531000</PhoneNumber>
<StreetAddress>77 MASSACHUSETTS AVE</StreetAddress>
<StreetAddress2/>
<CountryName>United States</CountryName>
<StateName>Massachusetts</StateName>
<StateCode>MA</StateCode>
<CONGRESSDISTRICT>07</CONGRESSDISTRICT>
<CONGRESS_DISTRICT_ORG>MA07</CONGRESS_DISTRICT_ORG>
<ORG_UEI_NUM>E2NYLCDML6V1</ORG_UEI_NUM>
<ORG_LGL_BUS_NAME>MASSACHUSETTS INSTITUTE OF TECHNOLOGY</ORG_LGL_BUS_NAME>
<ORG_PRNT_UEI_NUM>E2NYLCDML6V1</ORG_PRNT_UEI_NUM>
</Institution>
<Performance_Institution>
<Name><![CDATA[Massachusetts Institute of Technology]]></Name>
<CityName>Cambridge</CityName>
<StateCode>MA</StateCode>
<ZipCode>021394301</ZipCode>
<StreetAddress><![CDATA[77 Massachusetts Ave]]></StreetAddress>
<CountryCode>US</CountryCode>
<CountryName>United States</CountryName>
<StateName>Massachusetts</StateName>
<CountryFlag>1</CountryFlag>
<CONGRESSDISTRICT>07</CONGRESSDISTRICT>
<CONGRESS_DISTRICT_PERF>MA07</CONGRESS_DISTRICT_PERF>
</Performance_Institution>
<ProgramElement>
<Code>8060</Code>
<Text>Secure &amp;Trustworthy Cyberspace</Text>
</ProgramElement>
<ProgramReference>
<Code>025Z</Code>
<Text>SaTC: Secure and Trustworthy Cyberspace</Text>
</ProgramReference>
<ProgramReference>
<Code>7434</Code>
<Text>CNCI</Text>
</ProgramReference>
<ProgramReference>
<Code>7924</Code>
<Text>MEDIUM PROJECT</Text>
</ProgramReference>
<Appropriation>
<Code>0118</Code>
<Name>NSF RESEARCH &amp; RELATED ACTIVIT</Name>
<APP_SYMB_ID>040100</APP_SYMB_ID>
</Appropriation>
<Appropriation>
<Code>0119</Code>
<Name>NSF RESEARCH &amp; RELATED ACTIVIT</Name>
<APP_SYMB_ID>040100</APP_SYMB_ID>
</Appropriation>
<Appropriation>
<Code>0120</Code>
<Name>NSF RESEARCH &amp; RELATED ACTIVIT</Name>
<APP_SYMB_ID>040100</APP_SYMB_ID>
</Appropriation>
<Fund>
<Code>01001819DB</Code>
<Name><![CDATA[NSF RESEARCH & RELATED ACTIVIT]]></Name>
<FUND_SYMB_ID>040100</FUND_SYMB_ID>
</Fund>
<Fund>
<Code>01001920DB</Code>
<Name><![CDATA[NSF RESEARCH & RELATED ACTIVIT]]></Name>
<FUND_SYMB_ID>040100</FUND_SYMB_ID>
</Fund>
<Fund>
<Code>01002021DB</Code>
<Name><![CDATA[NSF RESEARCH & RELATED ACTIVIT]]></Name>
<FUND_SYMB_ID>040100</FUND_SYMB_ID>
</Fund>
<FUND_OBLG>2018~80000</FUND_OBLG>
<FUND_OBLG>2019~80000</FUND_OBLG>
<FUND_OBLG>2020~80000</FUND_OBLG>
</Award>
</rootTag>
