<?xml version="1.0" encoding="UTF-8"?>
<rootTag>
<Award>
<AwardTitle><![CDATA[Consortium for Advanced Manufacturing of Cell and Tissue-Based Products]]></AwardTitle>
<AGENCY>NSF</AGENCY>
<AwardEffectiveDate>09/01/2018</AwardEffectiveDate>
<AwardExpirationDate>07/31/2022</AwardExpirationDate>
<AwardTotalIntnAmount>570200.00</AwardTotalIntnAmount>
<AwardAmount>570200</AwardAmount>
<AwardInstrument>
<Value>Standard Grant</Value>
</AwardInstrument>
<Organization>
<Code>11040100</Code>
<Directorate>
<Abbreviation>EDU</Abbreviation>
<LongName>Directorate for STEM Education</LongName>
</Directorate>
<Division>
<Abbreviation>DUE</Abbreviation>
<LongName>Division Of Undergraduate Education</LongName>
</Division>
</Organization>
<ProgramOfficer>
<SignBlockName>Virginia Carter</SignBlockName>
<PO_EMAI>vccarter@nsf.gov</PO_EMAI>
<PO_PHON>7032924651</PO_PHON>
</ProgramOfficer>
<AbstractNarration><![CDATA[This project aims to coordinate a network of stakeholders that will promote economic growth through workforce development in Advanced Manufacturing of Cell and Tissue-based Products (AMCTP). AMCTP requires a new kind of manufacturing that uses robotics, microfluidics, 3-D printing, computational modeling, and novel types of engineering to construct biologically relevant products composed of living cells in combination with natural or synthetic materials. The field is built upon advances in stem cell biology, genome editing, synthetic biology, computational modeling, micro- and nano-fabrication, tissue engineering, and 3-D additive manufacturing. The products of AMCTP have the potential to extend our understanding of disorders and may provide effective methods for treating conditions such as Parkinson's disease, spinal cord injury, macular degeneration, diabetes, and heart disease. There are expanding career opportunities in this field, as well as unmet needs to develop a workforce that has the required skills. By creating a network of stakeholders from education, government, and industry, the goal of the Coordination Network is to develop a skilled, diverse workforce for AMCTP and inform the public about AMCTP.&lt;br/&gt; &lt;br/&gt;This coordination network will use the experience, expertise, and perspectives of diverse stakeholders to unify efforts and scale up the progress in preparation of entry, middle-skill, and senior level career tracks in AMCTP.  Madison area Technical College will work with stakeholders to ensure that project activities include principles of inclusion, equity, equality, and diversity. The lessons learned in this project have the potential to serve as a model for similar efforts in other emerging technology areas. The project aims to accomplish four objectives:  (i) establish a national consortium and a system of governance based on shared interest and public-private partnerships to enable workforce development for AMCTP; (ii) conduct annual meetings of the AMCTP consortium and focused Special Interest Group meetings; (iii) identify/develop/disseminate industry-based AMCTP core competencies and identify and disseminate information about relevant workforce education/training options; and (iv) create a structure for sustainability based on public-private partnerships, investments, and commitments.&lt;br/&gt;&lt;br/&gt;This award reflects NSF's statutory mission and has been deemed worthy of support through evaluation using the Foundation's intellectual merit and broader impacts review criteria.]]></AbstractNarration>
<MinAmdLetterDate>04/09/2018</MinAmdLetterDate>
<MaxAmdLetterDate>04/09/2018</MaxAmdLetterDate>
<ARRAAmount/>
<TRAN_TYPE>Grant</TRAN_TYPE>
<CFDA_NUM>47.076</CFDA_NUM>
<NSF_PAR_USE_FLAG>1</NSF_PAR_USE_FLAG>
<FUND_AGCY_CODE>4900</FUND_AGCY_CODE>
<AWDG_AGCY_CODE>4900</AWDG_AGCY_CODE>
<AwardID>1801123</AwardID>
<Investigator>
<FirstName>James</FirstName>
<LastName>DeKloe</LastName>
<PI_MID_INIT>D</PI_MID_INIT>
<PI_SUFX_NAME/>
<PI_FULL_NAME>James D DeKloe</PI_FULL_NAME>
<EmailAddress><![CDATA[james.dekloe@solano.edu]]></EmailAddress>
<NSF_ID>000631873</NSF_ID>
<StartDate>04/09/2018</StartDate>
<EndDate/>
<RoleCode>Co-Principal Investigator</RoleCode>
</Investigator>
<Investigator>
<FirstName>Thomas</FirstName>
<LastName>Tubon</LastName>
<PI_MID_INIT>C</PI_MID_INIT>
<PI_SUFX_NAME/>
<PI_FULL_NAME>Thomas C Tubon</PI_FULL_NAME>
<EmailAddress><![CDATA[tctubon@biomade.org]]></EmailAddress>
<NSF_ID>000065379</NSF_ID>
<StartDate>04/09/2018</StartDate>
<EndDate/>
<RoleCode>Principal Investigator</RoleCode>
</Investigator>
<Investigator>
<FirstName>Bryan</FirstName>
<LastName>Woodhouse</LastName>
<PI_MID_INIT>M</PI_MID_INIT>
<PI_SUFX_NAME/>
<PI_FULL_NAME>Bryan M Woodhouse</PI_FULL_NAME>
<EmailAddress><![CDATA[woodhouse@madisoncollege.edu]]></EmailAddress>
<NSF_ID>000759283</NSF_ID>
<StartDate>04/09/2018</StartDate>
<EndDate/>
<RoleCode>Co-Principal Investigator</RoleCode>
</Investigator>
<Investigator>
<FirstName>Lisa</FirstName>
<LastName>Seidman</LastName>
<PI_MID_INIT>A</PI_MID_INIT>
<PI_SUFX_NAME/>
<PI_FULL_NAME>Lisa A Seidman</PI_FULL_NAME>
<EmailAddress><![CDATA[lseidman@madisoncollege.edu]]></EmailAddress>
<NSF_ID>000306637</NSF_ID>
<StartDate>04/09/2018</StartDate>
<EndDate/>
<RoleCode>Co-Principal Investigator</RoleCode>
</Investigator>
<Investigator>
<FirstName>Jeanette</FirstName>
<LastName>Mowery</LastName>
<PI_MID_INIT/>
<PI_SUFX_NAME/>
<PI_FULL_NAME>Jeanette Mowery</PI_FULL_NAME>
<EmailAddress><![CDATA[jmowery@madisoncollege.edu]]></EmailAddress>
<NSF_ID>000361968</NSF_ID>
<StartDate>04/09/2018</StartDate>
<EndDate/>
<RoleCode>Co-Principal Investigator</RoleCode>
</Investigator>
<Institution>
<Name><![CDATA[Madison Area Technical College]]></Name>
<CityName>MADISON</CityName>
<ZipCode>537042599</ZipCode>
<PhoneNumber>6082466676</PhoneNumber>
<StreetAddress><![CDATA[1701 WRIGHT ST]]></StreetAddress>
<StreetAddress2/>
<CountryName>United States</CountryName>
<StateName>Wisconsin</StateName>
<StateCode>WI</StateCode>
<CONGRESSDISTRICT>02</CONGRESSDISTRICT>
<CONGRESS_DISTRICT_ORG>WI02</CONGRESS_DISTRICT_ORG>
<ORG_UEI_NUM>TK2SQD3B8M44</ORG_UEI_NUM>
<ORG_LGL_BUS_NAME>MADISON AREA TECHNICAL COLLEGE DISTRICT</ORG_LGL_BUS_NAME>
<ORG_PRNT_UEI_NUM>H9W3B71EFTM8</ORG_PRNT_UEI_NUM>
</Institution>
<Performance_Institution>
<Name><![CDATA[Madison Area Technical College]]></Name>
<CityName/>
<StateCode>WI</StateCode>
<ZipCode>537042599</ZipCode>
<StreetAddress/>
<CountryCode>US</CountryCode>
<CountryName>United States</CountryName>
<StateName>Wisconsin</StateName>
<CountryFlag>1</CountryFlag>
<CONGRESSDISTRICT>02</CONGRESSDISTRICT>
<CONGRESS_DISTRICT_PERF>WI02</CONGRESS_DISTRICT_PERF>
</Performance_Institution>
<ProgramElement>
<Code>7412</Code>
<Text>Advanced Tech Education Prog</Text>
</ProgramElement>
<ProgramReference>
<Code>1032</Code>
<Text>ADVANCED TECHNOLOGY EDUCATION</Text>
</ProgramReference>
<ProgramReference>
<Code>9178</Code>
<Text>UNDERGRADUATE EDUCATION</Text>
</ProgramReference>
<ProgramReference>
<Code>SMET</Code>
<Text>SCIENCE, MATH, ENG &amp; TECH EDUCATION</Text>
</ProgramReference>
<Appropriation>
<Code>0418</Code>
<Name>NSF Education &amp; Human Resource</Name>
<APP_SYMB_ID>040106</APP_SYMB_ID>
</Appropriation>
<Fund>
<Code>04001819DB</Code>
<Name><![CDATA[NSF Education & Human Resource]]></Name>
<FUND_SYMB_ID>040106</FUND_SYMB_ID>
</Fund>
<FUND_OBLG>2018~336009</FUND_OBLG>
</Award>
</rootTag>
