<?xml version="1.0" encoding="UTF-8"?>
<rootTag>
<Award>
<AwardTitle><![CDATA[SaTC: CORE: Medium: Collaborative: Understanding Security in the Software Development Lifecycle: A Holistic, Mixed-Methods Approach]]></AwardTitle>
<AGENCY>NSF</AGENCY>
<AwardEffectiveDate>09/01/2018</AwardEffectiveDate>
<AwardExpirationDate>08/31/2022</AwardExpirationDate>
<AwardTotalIntnAmount>698957.00</AwardTotalIntnAmount>
<AwardAmount>698957</AwardAmount>
<AwardInstrument>
<Value>Continuing Grant</Value>
</AwardInstrument>
<Organization>
<Code>05050000</Code>
<Directorate>
<Abbreviation>CSE</Abbreviation>
<LongName>Direct For Computer &amp; Info Scie &amp; Enginr</LongName>
</Directorate>
<Division>
<Abbreviation>CNS</Abbreviation>
<LongName>Division Of Computer and Network Systems</LongName>
</Division>
</Organization>
<ProgramOfficer>
<SignBlockName>Sara Kiesler</SignBlockName>
<PO_EMAI>skiesler@nsf.gov</PO_EMAI>
<PO_PHON>7032928643</PO_PHON>
</ProgramOfficer>
<AbstractNarration><![CDATA[As software now pervades nearly every aspect of modern life, securing software is widely acknowledged as a critical problem. Although significant effort has gone into identifying flaws in software, as well as developing tools, libraries, and processes for detecting and mitigating these flaws during software development and maintenance, security problems remain pervasive. There has been comparatively little effort to empirically assess the effectiveness of existing tools and processes in realistic settings, and almost no effort to understand the root causes of professional developers making security errors. This lack of knowledge hinders the advancement of secure programming techniques that can effectively reduce the number of security bugs in deployed software. This research focuses on measuring and evaluating the effectiveness of particular approaches to securing software as carried out by typical developers. By combining anthropological observation of industrial development practice with experimental evaluation of tools and processes, this project will identify new or underappreciated approaches to improving software security in practice.&lt;br/&gt;&lt;br/&gt;The research includes four interdependent approaches: anthropological observation via long-term embedding in partner industrial software development teams; conducting and analyzing results from secure-programming contests that serve as quasi-experiments; controlled lab experiments; and analysis of open-source software artifacts. The anthropological approach produces deep insights through zero-proximity observation and reflection by fieldworkers, and competitions illuminate how differences in approach (language, tools, etc.) to a substantive problem correlate (quantitatively and qualitatively) with success or failure. Both of these approaches will generate hypotheses, which can then be tested via controlled lab experiments, as well as additional field, contest, and artifact observations. This combination of approaches leverages the strength of each in order to maximize both ecological and internal validity, offering the best chance to understand the real causes of (in)secure software development and offer effective guidance.&lt;br/&gt;&lt;br/&gt;This award reflects NSF's statutory mission and has been deemed worthy of support through evaluation using the Foundation's intellectual merit and broader impacts review criteria.]]></AbstractNarration>
<MinAmdLetterDate>08/24/2018</MinAmdLetterDate>
<MaxAmdLetterDate>09/13/2018</MaxAmdLetterDate>
<ARRAAmount/>
<TRAN_TYPE>Grant</TRAN_TYPE>
<CFDA_NUM>47.070</CFDA_NUM>
<NSF_PAR_USE_FLAG>1</NSF_PAR_USE_FLAG>
<FUND_AGCY_CODE>4900</FUND_AGCY_CODE>
<AWDG_AGCY_CODE>4900</AWDG_AGCY_CODE>
<AwardID>1801545</AwardID>
<Investigator>
<FirstName>Michael</FirstName>
<LastName>Hicks</LastName>
<PI_MID_INIT>W</PI_MID_INIT>
<PI_SUFX_NAME/>
<PI_FULL_NAME>Michael W Hicks</PI_FULL_NAME>
<EmailAddress><![CDATA[mwh@cs.umd.edu]]></EmailAddress>
<NSF_ID>000116426</NSF_ID>
<StartDate>08/24/2018</StartDate>
<EndDate/>
<RoleCode>Co-Principal Investigator</RoleCode>
</Investigator>
<Investigator>
<FirstName>Michelle</FirstName>
<LastName>Mazurek</LastName>
<PI_MID_INIT>L</PI_MID_INIT>
<PI_SUFX_NAME/>
<PI_FULL_NAME>Michelle L Mazurek</PI_FULL_NAME>
<EmailAddress><![CDATA[mmazurek@umd.edu]]></EmailAddress>
<NSF_ID>000677388</NSF_ID>
<StartDate>08/24/2018</StartDate>
<EndDate/>
<RoleCode>Principal Investigator</RoleCode>
</Investigator>
<Institution>
<Name>University of Maryland, College Park</Name>
<CityName>COLLEGE PARK</CityName>
<ZipCode>207425100</ZipCode>
<PhoneNumber>3014056269</PhoneNumber>
<StreetAddress>3112 LEE BUILDING</StreetAddress>
<StreetAddress2/>
<CountryName>United States</CountryName>
<StateName>Maryland</StateName>
<StateCode>MD</StateCode>
<CONGRESSDISTRICT>04</CONGRESSDISTRICT>
<CONGRESS_DISTRICT_ORG>MD04</CONGRESS_DISTRICT_ORG>
<ORG_UEI_NUM>NPU8ULVAAS23</ORG_UEI_NUM>
<ORG_LGL_BUS_NAME>UNIVERSITY OF MARYLAND, COLLEGE PARK</ORG_LGL_BUS_NAME>
<ORG_PRNT_UEI_NUM>NPU8ULVAAS23</ORG_PRNT_UEI_NUM>
</Institution>
<Performance_Institution>
<Name><![CDATA[University of Maryland College Park]]></Name>
<CityName/>
<StateCode>MD</StateCode>
<ZipCode>207425141</ZipCode>
<StreetAddress/>
<CountryCode>US</CountryCode>
<CountryName>United States</CountryName>
<StateName>Maryland</StateName>
<CountryFlag>1</CountryFlag>
<CONGRESSDISTRICT>04</CONGRESSDISTRICT>
<CONGRESS_DISTRICT_PERF>MD04</CONGRESS_DISTRICT_PERF>
</Performance_Institution>
<ProgramElement>
<Code>8060</Code>
<Text>Secure &amp;Trustworthy Cyberspace</Text>
</ProgramElement>
<ProgramReference>
<Code>025Z</Code>
<Text>SaTC: Secure and Trustworthy Cyberspace</Text>
</ProgramReference>
<ProgramReference>
<Code>063Z</Code>
<Text>FW-HTF Futr Wrk Hum-Tech Frntr</Text>
</ProgramReference>
<ProgramReference>
<Code>065Z</Code>
<Text>Human factors for security research</Text>
</ProgramReference>
<ProgramReference>
<Code>7434</Code>
<Text>CNCI</Text>
</ProgramReference>
<ProgramReference>
<Code>7487</Code>
<Text>BROADENING PARTICIPATION</Text>
</ProgramReference>
<ProgramReference>
<Code>7924</Code>
<Text>MEDIUM PROJECT</Text>
</ProgramReference>
<ProgramReference>
<Code>9102</Code>
<Text>WOMEN, MINORITY, DISABLED, NEC</Text>
</ProgramReference>
<Appropriation>
<Code>0118</Code>
<Name>NSF RESEARCH &amp; RELATED ACTIVIT</Name>
<APP_SYMB_ID>040100</APP_SYMB_ID>
</Appropriation>
<Fund>
<Code>01001819DB</Code>
<Name><![CDATA[NSF RESEARCH & RELATED ACTIVIT]]></Name>
<FUND_SYMB_ID>040100</FUND_SYMB_ID>
</Fund>
<FUND_OBLG>2018~698957</FUND_OBLG>
<POR>
<DRECONTENT><![CDATA[<div class="porColContainerWBG"> <div class="porContentCol"><p id="docs-internal-guid-8fe2806f-7fff-0fc5-d86b-9eecf7711f33" style="line-height: 1.38; margin-top: 0pt; margin-bottom: 0pt;" dir="ltr"><span style="font-size: 11pt; font-family: Arial; color: #000000; background-color: transparent; font-weight: 400; font-style: normal; font-variant: normal; text-decoration: none; vertical-align: baseline; white-space: pre-wrap;">The main goal of this project was to measure and understand how tools and processes for secure software development do and do not work in practice. We focused on human and organizational factors that support or impede secure software development, and how these factors ultimately affect the software security ecosystem.&nbsp;</span></p> <p>&nbsp;</p> <p style="line-height: 1.38; margin-top: 0pt; margin-bottom: 0pt;" dir="ltr"><span style="font-size: 11pt; font-family: Arial; color: #000000; background-color: transparent; font-weight: 400; font-style: normal; font-variant: normal; text-decoration: none; vertical-align: baseline; white-space: pre-wrap;">Our work has had several key outcomes:</span></p> <p>&nbsp;</p> <p style="line-height: 1.38; margin-top: 0pt; margin-bottom: 0pt;" dir="ltr"><span style="font-size: 11pt; font-family: Arial; color: #000000; background-color: transparent; font-weight: 400; font-style: normal; font-variant: normal; text-decoration: none; vertical-align: baseline; white-space: pre-wrap;">(1) Using a unique secure-programming contest that we designed as an experimental platform, we identified and characterized three key classes of software errors: missing implementations, misunderstandings, and simple mistakes. We found that simple mistakes, which are easiest to find and correct both via manual code review and automated analysis, are less common than misunderstandings or entirely missing implementation of some security requirements, which are more frequent but more difficult to mitigate. We found that advance planning and building security in from the start do correlate with better security outcomes; however, conceptual misunderstandings can become encoded early in designs in ways that are difficult to detect and overcome later. Our findings point to the need for new research to help developers identify missed requirements and misunderstandings early.</span></p> <p>&nbsp;</p> <p style="line-height: 1.38; margin-top: 0pt; margin-bottom: 0pt;" dir="ltr"><span style="font-size: 11pt; font-family: Arial; color: #000000; background-color: transparent; font-weight: 400; font-style: normal; font-variant: normal; text-decoration: none; vertical-align: baseline; white-space: pre-wrap;">(2) We studied the human and organizational factors that support or inhibit adoption of new secure programming languages, using Rust as a case study. Rust&rsquo;s strengths include a supportive community, high-quality documentation, clear error messages, and convincing improvements to the development cycle. Drawbacks include uncertainty about long-term language support and hiring prospects. Further, the steep learning curve and high up-front costs of switching to Rust &ndash; with benefits not seen until the medium to long term &ndash; can deter companies from investing. Given these results, we developed and evaluated a new version of Rust, Bronze, that enables developers to take advantage of garbage collection. We found that this approach can, as hoped, support learners of Rust in gaining facility with the language faster.&nbsp;</span></p> <p>&nbsp;</p> <p style="line-height: 1.38; margin-top: 0pt; margin-bottom: 0pt;" dir="ltr"><span style="font-size: 11pt; font-family: Arial; color: #000000; background-color: transparent; font-weight: 400; font-style: normal; font-variant: normal; text-decoration: none; vertical-align: baseline; white-space: pre-wrap;">(3) We explored factors that contribute to retaining (or not) a large and diverse vulnerability discovery workforce. We found that key challenges faced by participants in bug bounty programs include uncertainty about when and if they will be paid and poor communication with companies and platforms that administer bug bounties. Further, large companies that invest in the quality of their bug bounty programs are more likely to reap advantages from the bug bounty ecosystem. To extend the benefits of bug bounty programs to other companies and sectors, government agencies and other third parties may need to support companies in competently managing these programs. Further, we companies and platforms should invest in training their employees in how to better communicate with bug hunters, while also offering hunters educational resources for generating more useful bug reports. In a related study, we found that specific aspects of vulnerability discovery &ndash; including the competitive nature of bug-finding and the common apprenticeship model of training &ndash; magnify the importance of mentoring and networking to success in the field. However, people from historically marginalized populations have more trouble finding mentors and networks, and may be more likely to receive ineffective or even harmful mentoring, inhibiting their success in the field.&nbsp;</span></p> <p>&nbsp;</p> <p style="line-height: 1.38; margin-top: 0pt; margin-bottom: 0pt;" dir="ltr"><span style="font-size: 11pt; font-family: Arial; color: #000000; background-color: transparent; font-weight: 400; font-style: normal; font-variant: normal; text-decoration: none; vertical-align: baseline; white-space: pre-wrap;">(4) Fuzz testing is critical to secure software development, but valid evaluation of new fuzzing tools is challenging. To improve empirical evaluation of fuzzers, we developed FixReverter, a tool that creates fuzzing benchmarks by automatically injecting realistic bugs into programs, by identifying and undoing prior security fixes. Using FixReverter we built RevBugBench, which consists of 10 programs into which we injected nearly 8,000 bugs; we used it to evaluate five fuzzers. We found that RevBugBench, as hoped, effectively distinguished among different fuzzers and their performance.&nbsp;</span></p> <p>&nbsp;</p> <p style="line-height: 1.38; margin-top: 0pt; margin-bottom: 0pt;" dir="ltr"><span style="font-size: 11pt; font-family: Arial; color: #000000; background-color: transparent; font-weight: 400; font-style: normal; font-variant: normal; text-decoration: none; vertical-align: baseline; white-space: pre-wrap;">(5) The project provided training and professional development to multiple PhD students, a postdoc, and several undergraduates. Three PhD dissertations were funded in part by this award. Alumni of the project are working as assistant professors at R1 universities and in industrial secure development research.&nbsp;Secure-programming-contest materials developed as part of this project have been used by instructors at other universities as part of course projects. </span></p> <p style="line-height: 1.38; margin-top: 0pt; margin-bottom: 0pt;" dir="ltr"><span style="font-size: 11pt; font-family: Arial; color: #000000; background-color: transparent; font-weight: 400; font-style: normal; font-variant: normal; text-decoration: none; vertical-align: baseline; white-space: pre-wrap;">&nbsp;</span></p><br> <p>            Last Modified: 10/17/2022<br>      Modified by: Michelle&nbsp;L&nbsp;Mazurek</p> </div> <div class="porSideCol"></div> </div>]]></DRECONTENT>
<POR_COPY_TXT><![CDATA[The main goal of this project was to measure and understand how tools and processes for secure software development do and do not work in practice. We focused on human and organizational factors that support or impede secure software development, and how these factors ultimately affect the software security ecosystem.     Our work has had several key outcomes:    (1) Using a unique secure-programming contest that we designed as an experimental platform, we identified and characterized three key classes of software errors: missing implementations, misunderstandings, and simple mistakes. We found that simple mistakes, which are easiest to find and correct both via manual code review and automated analysis, are less common than misunderstandings or entirely missing implementation of some security requirements, which are more frequent but more difficult to mitigate. We found that advance planning and building security in from the start do correlate with better security outcomes; however, conceptual misunderstandings can become encoded early in designs in ways that are difficult to detect and overcome later. Our findings point to the need for new research to help developers identify missed requirements and misunderstandings early.    (2) We studied the human and organizational factors that support or inhibit adoption of new secure programming languages, using Rust as a case study. Rust’s strengths include a supportive community, high-quality documentation, clear error messages, and convincing improvements to the development cycle. Drawbacks include uncertainty about long-term language support and hiring prospects. Further, the steep learning curve and high up-front costs of switching to Rust &ndash; with benefits not seen until the medium to long term &ndash; can deter companies from investing. Given these results, we developed and evaluated a new version of Rust, Bronze, that enables developers to take advantage of garbage collection. We found that this approach can, as hoped, support learners of Rust in gaining facility with the language faster.     (3) We explored factors that contribute to retaining (or not) a large and diverse vulnerability discovery workforce. We found that key challenges faced by participants in bug bounty programs include uncertainty about when and if they will be paid and poor communication with companies and platforms that administer bug bounties. Further, large companies that invest in the quality of their bug bounty programs are more likely to reap advantages from the bug bounty ecosystem. To extend the benefits of bug bounty programs to other companies and sectors, government agencies and other third parties may need to support companies in competently managing these programs. Further, we companies and platforms should invest in training their employees in how to better communicate with bug hunters, while also offering hunters educational resources for generating more useful bug reports. In a related study, we found that specific aspects of vulnerability discovery &ndash; including the competitive nature of bug-finding and the common apprenticeship model of training &ndash; magnify the importance of mentoring and networking to success in the field. However, people from historically marginalized populations have more trouble finding mentors and networks, and may be more likely to receive ineffective or even harmful mentoring, inhibiting their success in the field.     (4) Fuzz testing is critical to secure software development, but valid evaluation of new fuzzing tools is challenging. To improve empirical evaluation of fuzzers, we developed FixReverter, a tool that creates fuzzing benchmarks by automatically injecting realistic bugs into programs, by identifying and undoing prior security fixes. Using FixReverter we built RevBugBench, which consists of 10 programs into which we injected nearly 8,000 bugs; we used it to evaluate five fuzzers. We found that RevBugBench, as hoped, effectively distinguished among different fuzzers and their performance.     (5) The project provided training and professional development to multiple PhD students, a postdoc, and several undergraduates. Three PhD dissertations were funded in part by this award. Alumni of the project are working as assistant professors at R1 universities and in industrial secure development research. Secure-programming-contest materials developed as part of this project have been used by instructors at other universities as part of course projects.          Last Modified: 10/17/2022       Submitted by: Michelle L Mazurek]]></POR_COPY_TXT>
</POR>
</Award>
</rootTag>
