<?xml version="1.0" encoding="UTF-8"?>
<rootTag>
<Award>
<AwardTitle><![CDATA[SaTC: CORE: Medium: Collaborative: Using Machine Learning to Build More Resilient and Transparent Computer Systems]]></AwardTitle>
<AGENCY>NSF</AGENCY>
<AwardEffectiveDate>09/01/2018</AwardEffectiveDate>
<AwardExpirationDate>03/31/2021</AwardExpirationDate>
<AwardTotalIntnAmount>333320.00</AwardTotalIntnAmount>
<AwardAmount>333320</AwardAmount>
<AwardInstrument>
<Value>Standard Grant</Value>
</AwardInstrument>
<Organization>
<Code>05050000</Code>
<Directorate>
<Abbreviation>CSE</Abbreviation>
<LongName>Direct For Computer &amp; Info Scie &amp; Enginr</LongName>
</Directorate>
<Division>
<Abbreviation>CNS</Abbreviation>
<LongName>Division Of Computer and Network Systems</LongName>
</Division>
</Organization>
<ProgramOfficer>
<SignBlockName>Wei-Shinn Ku</SignBlockName>
<PO_EMAI/>
<PO_PHON/>
</ProgramOfficer>
<AbstractNarration><![CDATA[Machine learning algorithms are increasingly part of everyday life: they help power the ads that we see while browsing the web, self-driving aids in modern cars, and even weather prediction and critical infrastructure. We rely on these algorithms in part because they perform better than alternatives and they can be easy to customize to new applications. Many machine learning algorithms also have a big weakness: it is difficult to understand how and why they compute the answers they provide. This opaqueness means that the answers we get from a machine learning algorithm could be subtly biased or even completely wrong, and yet we might not realize it. This project's goal is to make machine learning algorithms easier to understand, as well as to leverage some of the techniques used by attackers to trick machine learning algorithms into making mistakes to build computer systems that are more resistant to attack. In addition to making fundamental contributions to how machine learning algorithms are designed and used, the project includes outreach efforts that will entice students to gain hands-on experience with machine learning tools.&lt;br/&gt;&lt;br/&gt;This project focuses on deep neural networks (DNNs).  A groundswell of research within the past five years has demonstrated the propensity of these models to being evaded by inputs created to fool them -- so called "adversarial examples." These types of attacks leverage DNNs' opacity: while DNNs can perform remarkably well on some classification tasks, they often defy simple explanations of how they do so, and indeed can leverage features for doing so that humans might find surprising. This project leverages DNNs and the attacks against them to gain insights into how to build more resilient computer systems. Specifically, the project will use DNNs to model adversaries trying to attack computer systems and then "attack" these DNNs to learn how to improve these systems' resilience to attack. This modeling will be done using Generative Adversarial Nets (GANs), in which "generator" and "discriminator" models compete. Central to this vision are the abilities to evade DNNs under constraints and to extract explanations from them about how they perform classification. Consequently, this project will make fundamental advances both in developing better methods to deceive DNNs and in improving this important machine-learning tool.&lt;br/&gt;&lt;br/&gt;This award reflects NSF's statutory mission and has been deemed worthy of support through evaluation using the Foundation's intellectual merit and broader impacts review criteria.]]></AbstractNarration>
<MinAmdLetterDate>08/20/2018</MinAmdLetterDate>
<MaxAmdLetterDate>08/20/2018</MaxAmdLetterDate>
<ARRAAmount/>
<TRAN_TYPE>Grant</TRAN_TYPE>
<CFDA_NUM>47.070</CFDA_NUM>
<NSF_PAR_USE_FLAG>1</NSF_PAR_USE_FLAG>
<FUND_AGCY_CODE>4900</FUND_AGCY_CODE>
<AWDG_AGCY_CODE>4900</AWDG_AGCY_CODE>
<AwardID>1801494</AwardID>
<Investigator>
<FirstName>Michael</FirstName>
<LastName>Reiter</LastName>
<PI_MID_INIT/>
<PI_SUFX_NAME/>
<PI_FULL_NAME>Michael Reiter</PI_FULL_NAME>
<EmailAddress><![CDATA[michael.reiter@duke.edu]]></EmailAddress>
<NSF_ID>000161868</NSF_ID>
<StartDate>08/20/2018</StartDate>
<EndDate/>
<RoleCode>Principal Investigator</RoleCode>
</Investigator>
<Institution>
<Name><![CDATA[University of North Carolina at Chapel Hill]]></Name>
<CityName>CHAPEL HILL</CityName>
<ZipCode>275995023</ZipCode>
<PhoneNumber>9199663411</PhoneNumber>
<StreetAddress><![CDATA[104 AIRPORT DR STE 2200]]></StreetAddress>
<StreetAddress2/>
<CountryName>United States</CountryName>
<StateName>North Carolina</StateName>
<StateCode>NC</StateCode>
<CONGRESSDISTRICT>04</CONGRESSDISTRICT>
<CONGRESS_DISTRICT_ORG>NC04</CONGRESS_DISTRICT_ORG>
<ORG_UEI_NUM>D3LHU66KBLD5</ORG_UEI_NUM>
<ORG_LGL_BUS_NAME>UNIVERSITY OF NORTH CAROLINA AT CHAPEL HILL</ORG_LGL_BUS_NAME>
<ORG_PRNT_UEI_NUM/>
</Institution>
<Performance_Institution>
<Name><![CDATA[University of North Carolina at Chapel Hill]]></Name>
<CityName>Chapel Hill</CityName>
<StateCode>NC</StateCode>
<ZipCode>275993175</ZipCode>
<StreetAddress><![CDATA[201 S. Columbia St.]]></StreetAddress>
<CountryCode>US</CountryCode>
<CountryName>United States</CountryName>
<StateName>North Carolina</StateName>
<CountryFlag>1</CountryFlag>
<CONGRESSDISTRICT>04</CONGRESSDISTRICT>
<CONGRESS_DISTRICT_PERF>NC04</CONGRESS_DISTRICT_PERF>
</Performance_Institution>
<ProgramElement>
<Code>1714</Code>
<Text>Special Projects - CNS</Text>
</ProgramElement>
<ProgramReference>
<Code>025Z</Code>
<Text>SaTC: Secure and Trustworthy Cyberspace</Text>
</ProgramReference>
<ProgramReference>
<Code>075Z</Code>
<Text>Artificial Intelligence (AI)</Text>
</ProgramReference>
<ProgramReference>
<Code>7924</Code>
<Text>MEDIUM PROJECT</Text>
</ProgramReference>
<Appropriation>
<Code>0118</Code>
<Name>NSF RESEARCH &amp; RELATED ACTIVIT</Name>
<APP_SYMB_ID>040100</APP_SYMB_ID>
</Appropriation>
<Fund>
<Code>01001819DB</Code>
<Name><![CDATA[NSF RESEARCH & RELATED ACTIVIT]]></Name>
<FUND_SYMB_ID>040100</FUND_SYMB_ID>
</Fund>
<FUND_OBLG>2018~89251</FUND_OBLG>
</Award>
</rootTag>
