<?xml version="1.0" encoding="UTF-8"?>
<rootTag>
<Award>
<AwardTitle><![CDATA[Highly Frustrated Magnetism 2018 Conference]]></AwardTitle>
<AGENCY>NSF</AGENCY>
<AwardEffectiveDate>07/01/2018</AwardEffectiveDate>
<AwardExpirationDate>12/31/2018</AwardExpirationDate>
<AwardTotalIntnAmount>7000.00</AwardTotalIntnAmount>
<AwardAmount>7000</AwardAmount>
<AwardInstrument>
<Value>Standard Grant</Value>
</AwardInstrument>
<Organization>
<Code>03070000</Code>
<Directorate>
<Abbreviation>MPS</Abbreviation>
<LongName>Direct For Mathematical &amp; Physical Scien</LongName>
</Directorate>
<Division>
<Abbreviation>DMR</Abbreviation>
<LongName>Division Of Materials Research</LongName>
</Division>
</Organization>
<ProgramOfficer>
<SignBlockName>Alexios Klironomos</SignBlockName>
<PO_EMAI>aklirono@nsf.gov</PO_EMAI>
<PO_PHON>7032924920</PO_PHON>
</ProgramOfficer>
<AbstractNarration><![CDATA[NONTECHNICAL SUMMARY&lt;br/&gt;&lt;br/&gt;This award supports the 2018 Conference on Highly Frustrated Magnetism to be held at the University of California at Davis. The award is jointly funded by the Condensed Matter and Materials Theory and the Condensed Matter Physics programs of the Division of Materials Research. The conference will bring together around 250 leading scientists and students in the field of quantum magnetism from around the world, to assess the field and new directions. The new materials and experimental techniques developed in this field are relevant for future quantum technologies, including quantum computers. The conference will contribute to the training of a new generation of scientists in advanced instrumentation and computational methods.&lt;br/&gt;&lt;br/&gt;This award reflects NSF's statutory mission and has been deemed worthy of support through evaluation using the Foundation's intellectual merit and broader impacts review criteria.]]></AbstractNarration>
<MinAmdLetterDate>12/12/2017</MinAmdLetterDate>
<MaxAmdLetterDate>12/12/2017</MaxAmdLetterDate>
<ARRAAmount/>
<TRAN_TYPE>Grant</TRAN_TYPE>
<CFDA_NUM>47.049</CFDA_NUM>
<NSF_PAR_USE_FLAG>1</NSF_PAR_USE_FLAG>
<FUND_AGCY_CODE>4900</FUND_AGCY_CODE>
<AWDG_AGCY_CODE>4900</AWDG_AGCY_CODE>
<AwardID>1801046</AwardID>
<Investigator>
<FirstName>Rajiv</FirstName>
<LastName>Singh</LastName>
<PI_MID_INIT>R</PI_MID_INIT>
<PI_SUFX_NAME/>
<PI_FULL_NAME>Rajiv R Singh</PI_FULL_NAME>
<EmailAddress><![CDATA[singh@physics.ucdavis.edu]]></EmailAddress>
<NSF_ID>000156526</NSF_ID>
<StartDate>12/12/2017</StartDate>
<EndDate/>
<RoleCode>Principal Investigator</RoleCode>
</Investigator>
<Institution>
<Name><![CDATA[University of California-Davis]]></Name>
<CityName>DAVIS</CityName>
<ZipCode>956186153</ZipCode>
<PhoneNumber>5307547700</PhoneNumber>
<StreetAddress><![CDATA[1850 RESEARCH PARK DR, STE 300]]></StreetAddress>
<StreetAddress2/>
<CountryName>United States</CountryName>
<StateName>California</StateName>
<StateCode>CA</StateCode>
<CONGRESSDISTRICT>04</CONGRESSDISTRICT>
<CONGRESS_DISTRICT_ORG>CA04</CONGRESS_DISTRICT_ORG>
<ORG_UEI_NUM>TX2DAGQPENZ5</ORG_UEI_NUM>
<ORG_LGL_BUS_NAME>UNIVERSITY OF CALIFORNIA, DAVIS</ORG_LGL_BUS_NAME>
<ORG_PRNT_UEI_NUM>NUDGYLBB4S99</ORG_PRNT_UEI_NUM>
</Institution>
<Performance_Institution>
<Name><![CDATA[University of California-Davis]]></Name>
<CityName/>
<StateCode>CA</StateCode>
<ZipCode>956186134</ZipCode>
<StreetAddress/>
<CountryCode>US</CountryCode>
<CountryName>United States</CountryName>
<StateName>California</StateName>
<CountryFlag>1</CountryFlag>
<CONGRESSDISTRICT>04</CONGRESSDISTRICT>
<CONGRESS_DISTRICT_PERF>CA04</CONGRESS_DISTRICT_PERF>
</Performance_Institution>
<ProgramElement>
<Code>1710</Code>
<Text>CONDENSED MATTER PHYSICS</Text>
</ProgramElement>
<ProgramElement>
<Code>1765</Code>
<Text>CONDENSED MATTER &amp; MAT THEORY</Text>
</ProgramElement>
<ProgramReference>
<Code>053Z</Code>
<Text>Quantum Leap Materials</Text>
</ProgramReference>
<ProgramReference>
<Code>057Z</Code>
<Text>(QL) Quantum Leap</Text>
</ProgramReference>
<ProgramReference>
<Code>6863</Code>
<Text>SEBML-MOORE'S LAW</Text>
</ProgramReference>
<ProgramReference>
<Code>7556</Code>
<Text>CONFERENCE AND WORKSHOPS</Text>
</ProgramReference>
<Appropriation>
<Code>0118</Code>
<Name>NSF RESEARCH &amp; RELATED ACTIVIT</Name>
<APP_SYMB_ID>040100</APP_SYMB_ID>
</Appropriation>
<Fund>
<Code>01001819DB</Code>
<Name><![CDATA[NSF RESEARCH & RELATED ACTIVIT]]></Name>
<FUND_SYMB_ID>040100</FUND_SYMB_ID>
</Fund>
<FUND_OBLG>2018~7000</FUND_OBLG>
<POR>
<DRECONTENT><![CDATA[<div class="porColContainerWBG"> <div class="porContentCol"><p>Intellectual merit of the proposal</p> <p>In July of 2018 (July 9 - July 14), we had a very successful conference on Highly FrustratedMagnetism at the University of California, Davis campus in Davis, CA.It was a week long meeting, covering experimental and theoretical aspects of frustrated magnetism, and uniquely united a world-wide community of about 230 scientists for close exchange of ideas and training of junior scientists.&nbsp; The field of highly frustrated magnetism is remarkable for bringing cutting-edge theoretical ideas like quantum spin liquids, emergent fractional quasiparticles and gauge fields into close confrontation with a robust and rich set of experimental systems and measurements.&nbsp;&nbsp;</p> <p>Broader impacts of the proposal</p> <p>&nbsp;</p> <p>&nbsp;</p> <p>This conference dealt with two key subjects that may help define tomorrow's technologies. The first is magnetism and the second is emergent quantum phases of matter. The search for exotic phases drives research into new quantum materials needed to provide direction for high technology in the post Moore's-law world. Unusual forms of magnetism, not just ferromagnetism, may be important in applications of spintronics.&nbsp;</p> <p>Finally, and very importantly, this conference helped in the training of students and postdocs in experimental techniques and theoretical and computational methods. The training is sufficiently broad that it can be useful in fields as far apart as business, industry, software and government. These well trained students will form the scientific and technological leaders of tomorrow.</p><br> <p>            Last Modified: 01/02/2019<br>      Modified by: Rajiv&nbsp;R&nbsp;Singh</p> </div> <div class="porSideCol"></div> </div>]]></DRECONTENT>
<POR_COPY_TXT><![CDATA[ Intellectual merit of the proposal  In July of 2018 (July 9 - July 14), we had a very successful conference on Highly FrustratedMagnetism at the University of California, Davis campus in Davis, CA.It was a week long meeting, covering experimental and theoretical aspects of frustrated magnetism, and uniquely united a world-wide community of about 230 scientists for close exchange of ideas and training of junior scientists.  The field of highly frustrated magnetism is remarkable for bringing cutting-edge theoretical ideas like quantum spin liquids, emergent fractional quasiparticles and gauge fields into close confrontation with a robust and rich set of experimental systems and measurements.    Broader impacts of the proposal        This conference dealt with two key subjects that may help define tomorrow's technologies. The first is magnetism and the second is emergent quantum phases of matter. The search for exotic phases drives research into new quantum materials needed to provide direction for high technology in the post Moore's-law world. Unusual forms of magnetism, not just ferromagnetism, may be important in applications of spintronics.   Finally, and very importantly, this conference helped in the training of students and postdocs in experimental techniques and theoretical and computational methods. The training is sufficiently broad that it can be useful in fields as far apart as business, industry, software and government. These well trained students will form the scientific and technological leaders of tomorrow.       Last Modified: 01/02/2019       Submitted by: Rajiv R Singh]]></POR_COPY_TXT>
</POR>
</Award>
</rootTag>
