<?xml version="1.0" encoding="UTF-8"?>
<rootTag>
<Award>
<AwardTitle><![CDATA[SaTC: CORE: Medium: Collaborative: Towards Robust Machine Learning Systems]]></AwardTitle>
<AGENCY>NSF</AGENCY>
<AwardEffectiveDate>08/01/2018</AwardEffectiveDate>
<AwardExpirationDate>08/31/2019</AwardExpirationDate>
<AwardTotalIntnAmount>400000.00</AwardTotalIntnAmount>
<AwardAmount>400000</AwardAmount>
<AwardInstrument>
<Value>Standard Grant</Value>
</AwardInstrument>
<Organization>
<Code>05050000</Code>
<Directorate>
<Abbreviation>CSE</Abbreviation>
<LongName>Direct For Computer &amp; Info Scie &amp; Enginr</LongName>
</Directorate>
<Division>
<Abbreviation>CNS</Abbreviation>
<LongName>Division Of Computer and Network Systems</LongName>
</Division>
</Organization>
<ProgramOfficer>
<SignBlockName>Wei-Shinn Ku</SignBlockName>
<PO_EMAI/>
<PO_PHON/>
</ProgramOfficer>
<AbstractNarration><![CDATA[Machine learning techniques, particularly deep neural networks, are increasingly integrated into safety and security-critical applications such as autonomous driving, precision health care, intrusion detection, malware detection, and spam filtering.  A number of studies have shown that these models can be vulnerable to adversarial evasion attacks where the attacker makes small, carefully crafted changes to normal examples in order to trick the model into making incorrect decisions.  This project's goal is to develop formal understandings of and defenses against these vulnerabilities through characterizing the relationship between adversarial and non-adversarial examples, developing mechanisms that exploit this relationship to support better detection of adversarial examples, and metrics and methods to demonstrate the robustness of machine learning models against them.  Together, the  theories, algorithms, and metrics developed will improve the robustness of machine learning systems, allowing them to be deployed more securely in mission-critical applications.  The team will also make their datasets and source code publicly available and use them in their own courses and research with both graduate and undergraduate students, with particular efforts to include students from underrepresented groups in Science, Technology, Engineering and Math.  The work will also support high school outreach programs and summer camps to attract younger students to study machine learning, security, and computer science.&lt;br/&gt;&lt;br/&gt;The project is organized around three main thrusts that combine to provide a holistic approach to modeling and defending against evasion attacks.  The first thrust aims to characterize both normal and adversarial examples via systematic measurement studies.  This includes considering different types of regions around specific examples (e.g., metric ball, manifold, and transformation-induced regions) and then characterizing the examples' vulnerability based on a number of algorithms for combining classifications of other examples in the nearby regions.  The second thrust focuses on designing robust defenses against adversarial examples by using representative data points in a region, aggregating multiple data points, and using a diverse set of classifiers to reduce the vulnerability induced by using single data points or algorithms.  The third thrust involves defining metrics for modeling robustness along with theories and algorithms that leverage those metrics to analyze model robustness.  These include lower bounds of adversarial perturbation in metric balls, robustness metrics based on computational costs, analyses of the representativeness of new datasets relative to training data, and methods for leveraging human estimation of adversarialness.&lt;br/&gt;&lt;br/&gt;This award reflects NSF's statutory mission and has been deemed worthy of support through evaluation using the Foundation's intellectual merit and broader impacts review criteria.]]></AbstractNarration>
<MinAmdLetterDate>07/18/2018</MinAmdLetterDate>
<MaxAmdLetterDate>07/18/2018</MaxAmdLetterDate>
<ARRAAmount/>
<TRAN_TYPE>Grant</TRAN_TYPE>
<CFDA_NUM>47.070</CFDA_NUM>
<NSF_PAR_USE_FLAG>1</NSF_PAR_USE_FLAG>
<FUND_AGCY_CODE>4900</FUND_AGCY_CODE>
<AWDG_AGCY_CODE>4900</AWDG_AGCY_CODE>
<AwardID>1801584</AwardID>
<Investigator>
<FirstName>Neil</FirstName>
<LastName>Gong</LastName>
<PI_MID_INIT/>
<PI_SUFX_NAME/>
<PI_FULL_NAME>Neil Gong</PI_FULL_NAME>
<EmailAddress><![CDATA[neil.gong@duke.edu]]></EmailAddress>
<NSF_ID>000701784</NSF_ID>
<StartDate>07/18/2018</StartDate>
<EndDate/>
<RoleCode>Principal Investigator</RoleCode>
</Investigator>
<Institution>
<Name>Iowa State University</Name>
<CityName>AMES</CityName>
<ZipCode>500112103</ZipCode>
<PhoneNumber>5152945225</PhoneNumber>
<StreetAddress>1350 BEARDSHEAR HALL</StreetAddress>
<StreetAddress2><![CDATA[515 MORRILL ROAD]]></StreetAddress2>
<CountryName>United States</CountryName>
<StateName>Iowa</StateName>
<StateCode>IA</StateCode>
<CONGRESSDISTRICT>04</CONGRESSDISTRICT>
<CONGRESS_DISTRICT_ORG>IA04</CONGRESS_DISTRICT_ORG>
<ORG_UEI_NUM>DQDBM7FGJPC5</ORG_UEI_NUM>
<ORG_LGL_BUS_NAME>IOWA STATE UNIVERSITY OF SCIENCE AND TECHNOLOGY</ORG_LGL_BUS_NAME>
<ORG_PRNT_UEI_NUM/>
</Institution>
<Performance_Institution>
<Name><![CDATA[Iowa State University]]></Name>
<CityName>Ames</CityName>
<StateCode>IA</StateCode>
<ZipCode>500112207</ZipCode>
<StreetAddress><![CDATA[1138 Pear]]></StreetAddress>
<CountryCode>US</CountryCode>
<CountryName>United States</CountryName>
<StateName>Iowa</StateName>
<CountryFlag>1</CountryFlag>
<CONGRESSDISTRICT/>
<CONGRESS_DISTRICT_PERF>IA"</CONGRESS_DISTRICT_PERF>
</Performance_Institution>
<ProgramElement>
<Code>8060</Code>
<Text>Secure &amp;Trustworthy Cyberspace</Text>
</ProgramElement>
<ProgramReference>
<Code>025Z</Code>
<Text>SaTC: Secure and Trustworthy Cyberspace</Text>
</ProgramReference>
<ProgramReference>
<Code>7434</Code>
<Text>CNCI</Text>
</ProgramReference>
<ProgramReference>
<Code>7924</Code>
<Text>MEDIUM PROJECT</Text>
</ProgramReference>
<Appropriation>
<Code>0118</Code>
<Name>NSF RESEARCH &amp; RELATED ACTIVIT</Name>
<APP_SYMB_ID>040100</APP_SYMB_ID>
</Appropriation>
<Fund>
<Code>01001819DB</Code>
<Name><![CDATA[NSF RESEARCH & RELATED ACTIVIT]]></Name>
<FUND_SYMB_ID>040100</FUND_SYMB_ID>
</Fund>
<FUND_OBLG>2018~0</FUND_OBLG>
</Award>
</rootTag>
