<?xml version="1.0" encoding="UTF-8"?>
<rootTag>
<Award>
<AwardTitle><![CDATA[SaTC: CORE: Medium: Collaborative: Presentation-attack-robust biometrics systems via computational imaging of physiology and materials]]></AwardTitle>
<AGENCY>NSF</AGENCY>
<AwardEffectiveDate>10/01/2018</AwardEffectiveDate>
<AwardExpirationDate>04/30/2019</AwardExpirationDate>
<AwardTotalIntnAmount>300002.00</AwardTotalIntnAmount>
<AwardAmount>300002</AwardAmount>
<AwardInstrument>
<Value>Standard Grant</Value>
</AwardInstrument>
<Organization>
<Code>05050000</Code>
<Directorate>
<Abbreviation>CSE</Abbreviation>
<LongName>Direct For Computer &amp; Info Scie &amp; Enginr</LongName>
</Directorate>
<Division>
<Abbreviation>CNS</Abbreviation>
<LongName>Division Of Computer and Network Systems</LongName>
</Division>
</Organization>
<ProgramOfficer>
<SignBlockName>Nina Amla</SignBlockName>
<PO_EMAI>namla@nsf.gov</PO_EMAI>
<PO_PHON>7032927991</PO_PHON>
</ProgramOfficer>
<AbstractNarration><![CDATA[Many physical characteristics, such as face, fingerprints, and iris as well as behavioral characteristics such as voice, gait, and keystroke dynamics, are believed to be unique to an individual. Hence, biometric analysis offers a reliable solution to the problem of identity verification. It is now widely acknowledged that biometric systems are vulnerable to manipulation where the true biometric is falsified using various attack strategies; such attacks are referred to as Presentation Attacks (PAs). This project develops computational imaging-based methods for detecting known and unknown PAs for face and iris biometric systems.&lt;br/&gt;&lt;br/&gt;While biometrics has been an active field of research for more than three decades, the design of biometric systems that are robust to a diverse set of known and unknown PAs is still in its infancy. This project seeks to build biometric systems that integrate computational imaging sensors for acquiring physiological, spectral, and material properties with the goal of detecting and mitigating the effects of known and unknown PA attacks. Specifically, as part of the project novel computational cameras will be built that augment traditional sensors used for face and iris recognition by adding subsystems that measure changes in a subject's physiology including vital signs, blood perfusion, voluntary and involuntary responses to external stimuli as well as composition as measured in scattering, reflectance and spectral profiles. The rich signatures sensed by these computational cameras is expected to provide a robust characterization of the true biometric and its variations while providing high discriminability to commonly used PAs. Further, by virtue of outlier detection and open-set modeling, this project develops a highly flexible approach for detecting previously unseen PAs.&lt;br/&gt;&lt;br/&gt;This award reflects NSF's statutory mission and has been deemed worthy of support through evaluation using the Foundation's intellectual merit and broader impacts review criteria.]]></AbstractNarration>
<MinAmdLetterDate>09/06/2018</MinAmdLetterDate>
<MaxAmdLetterDate>09/06/2018</MaxAmdLetterDate>
<ARRAAmount/>
<TRAN_TYPE>Grant</TRAN_TYPE>
<CFDA_NUM>47.070</CFDA_NUM>
<NSF_PAR_USE_FLAG>1</NSF_PAR_USE_FLAG>
<FUND_AGCY_CODE>4900</FUND_AGCY_CODE>
<AWDG_AGCY_CODE>4900</AWDG_AGCY_CODE>
<AwardID>1801435</AwardID>
<Investigator>
<FirstName>Vishal</FirstName>
<LastName>Patel</LastName>
<PI_MID_INIT>M</PI_MID_INIT>
<PI_SUFX_NAME/>
<PI_FULL_NAME>Vishal M Patel</PI_FULL_NAME>
<EmailAddress><![CDATA[vpatel36@jhu.edu]]></EmailAddress>
<NSF_ID>000675164</NSF_ID>
<StartDate>09/06/2018</StartDate>
<EndDate/>
<RoleCode>Principal Investigator</RoleCode>
</Investigator>
<Institution>
<Name><![CDATA[Rutgers University New Brunswick]]></Name>
<CityName>NEW BRUNSWICK</CityName>
<ZipCode>089018559</ZipCode>
<PhoneNumber>8489320150</PhoneNumber>
<StreetAddress><![CDATA[3 RUTGERS PLZ]]></StreetAddress>
<StreetAddress2/>
<CountryName>United States</CountryName>
<StateName>New Jersey</StateName>
<StateCode>NJ</StateCode>
<CONGRESSDISTRICT>12</CONGRESSDISTRICT>
<CONGRESS_DISTRICT_ORG>NJ12</CONGRESS_DISTRICT_ORG>
<ORG_UEI_NUM>M1LVPE5GLSD9</ORG_UEI_NUM>
<ORG_LGL_BUS_NAME>RUTGERS, THE STATE UNIVERSITY</ORG_LGL_BUS_NAME>
<ORG_PRNT_UEI_NUM/>
</Institution>
<Performance_Institution>
<Name><![CDATA[Rutgers University]]></Name>
<CityName>Piscataway</CityName>
<StateCode>NJ</StateCode>
<ZipCode>088548058</ZipCode>
<StreetAddress><![CDATA[94, Brett Road]]></StreetAddress>
<CountryCode>US</CountryCode>
<CountryName>United States</CountryName>
<StateName>New Jersey</StateName>
<CountryFlag>1</CountryFlag>
<CONGRESSDISTRICT>06</CONGRESSDISTRICT>
<CONGRESS_DISTRICT_PERF>NJ06</CONGRESS_DISTRICT_PERF>
</Performance_Institution>
<ProgramElement>
<Code>8060</Code>
<Text>Secure &amp;Trustworthy Cyberspace</Text>
</ProgramElement>
<ProgramReference>
<Code>025Z</Code>
<Text>SaTC: Secure and Trustworthy Cyberspace</Text>
</ProgramReference>
<ProgramReference>
<Code>7434</Code>
<Text>CNCI</Text>
</ProgramReference>
<ProgramReference>
<Code>7924</Code>
<Text>MEDIUM PROJECT</Text>
</ProgramReference>
<Appropriation>
<Code>0118</Code>
<Name>NSF RESEARCH &amp; RELATED ACTIVIT</Name>
<APP_SYMB_ID>040100</APP_SYMB_ID>
</Appropriation>
<Fund>
<Code>01001819DB</Code>
<Name><![CDATA[NSF RESEARCH & RELATED ACTIVIT]]></Name>
<FUND_SYMB_ID>040100</FUND_SYMB_ID>
</Fund>
<FUND_OBLG>2018~0</FUND_OBLG>
</Award>
</rootTag>
