<?xml version="1.0" encoding="UTF-8"?>
<rootTag>
<Award>
<AwardTitle><![CDATA[Pathways into Careers in Information Technology: Community College Student Decision-Making about Academic Programs and Jobs]]></AwardTitle>
<AGENCY>NSF</AGENCY>
<AwardEffectiveDate>06/15/2018</AwardEffectiveDate>
<AwardExpirationDate>12/31/2023</AwardExpirationDate>
<AwardTotalIntnAmount>799869.00</AwardTotalIntnAmount>
<AwardAmount>1114778</AwardAmount>
<AwardInstrument>
<Value>Standard Grant</Value>
</AwardInstrument>
<Organization>
<Code>11040100</Code>
<Directorate>
<Abbreviation>EDU</Abbreviation>
<LongName>Directorate for STEM Education</LongName>
</Directorate>
<Division>
<Abbreviation>DUE</Abbreviation>
<LongName>Division Of Undergraduate Education</LongName>
</Division>
</Organization>
<ProgramOfficer>
<SignBlockName>Connie Della-Piana</SignBlockName>
<PO_EMAI>cdellapi@nsf.gov</PO_EMAI>
<PO_PHON>7032925309</PO_PHON>
</ProgramOfficer>
<AbstractNarration><![CDATA[Graduates of technician programs have opportunities to enter well-paying, high-demand careers.  However, only 20% of community college students complete their programs of study within six years.  Prior research highlights the challenges facing students at community colleges.  However, the career development literature includes little research on community college students and their decision-making processes.  The literature is even more lacking about community college students in technician fields.  The goal of this research project is to increase understanding of the decisions students make in pursuing credentials (e.g., degrees and certificates) at two-year institutions, and in pursuing careers in information technology.   The research focuses on Information Technology (IT) because it offers students a wide-array of opportunities and specialties.  In addition, many two-year institutions have developed IT programs to address the growing need for IT professionals.  Relying on multiple sources of data, the project brings together a multidisciplinary team to investigate student decision-making.  &lt;br/&gt;&lt;br/&gt;This quantitative and qualitative mixed methods research project will examine how students' experiences and information resources influence their decision making, particularly early in their enrollment in college, and how that process evolves over time.  The longitudinal and cross-sectional mixed methods study takes a multidisciplinary theoretical approach, drawing on literature from career development, psychology, sociology, and economics.  The study employs a variety of research methods, including student surveys, in-depth longitudinal student interviews, point-in-time interviews with faculty and administrators, secondary data analysis of administrative records, site visits, and document analysis.  The quantitative and qualitative data collection and analyses are designed to investigate, triangulate, test, and confirm findings. The research project is designed to generate knowledge useful to students, the public, community college/technician education professionals, and policy-makers committed to increasing student success in advanced technological programs and to meeting the demand for a middle skills workforce.&lt;br/&gt;&lt;br/&gt;This award reflects NSF's statutory mission and has been deemed worthy of support through evaluation using the Foundation's intellectual merit and broader impacts review criteria.]]></AbstractNarration>
<MinAmdLetterDate>06/04/2018</MinAmdLetterDate>
<MaxAmdLetterDate>10/04/2023</MaxAmdLetterDate>
<ARRAAmount/>
<TRAN_TYPE>Grant</TRAN_TYPE>
<CFDA_NUM>47.076</CFDA_NUM>
<NSF_PAR_USE_FLAG>1</NSF_PAR_USE_FLAG>
<FUND_AGCY_CODE>4900</FUND_AGCY_CODE>
<AWDG_AGCY_CODE>4900</AWDG_AGCY_CODE>
<AwardID>1801043</AwardID>
<Investigator>
<FirstName>Danette</FirstName>
<LastName>Coughlan</LastName>
<PI_MID_INIT/>
<PI_SUFX_NAME/>
<PI_FULL_NAME>Danette Coughlan</PI_FULL_NAME>
<EmailAddress><![CDATA[dcoughla@ivytech.edu]]></EmailAddress>
<NSF_ID>000758487</NSF_ID>
<StartDate>06/04/2018</StartDate>
<EndDate/>
<RoleCode>Co-Principal Investigator</RoleCode>
</Investigator>
<Investigator>
<FirstName>Matthew</FirstName>
<LastName>Cloud</LastName>
<PI_MID_INIT/>
<PI_SUFX_NAME/>
<PI_FULL_NAME>Matthew Cloud</PI_FULL_NAME>
<EmailAddress><![CDATA[mcloud3@ivytech.edu]]></EmailAddress>
<NSF_ID>000758490</NSF_ID>
<StartDate>06/04/2018</StartDate>
<EndDate>09/18/2023</EndDate>
<RoleCode>Former Co-Principal Investigator</RoleCode>
</Investigator>
<Investigator>
<FirstName>William</FirstName>
<LastName>Worden</LastName>
<PI_MID_INIT/>
<PI_SUFX_NAME/>
<PI_FULL_NAME>William Worden</PI_FULL_NAME>
<EmailAddress><![CDATA[wworden@ivytech.edu]]></EmailAddress>
<NSF_ID>000758493</NSF_ID>
<StartDate>06/04/2018</StartDate>
<EndDate>10/04/2023</EndDate>
<RoleCode>Former Co-Principal Investigator</RoleCode>
</Investigator>
<Investigator>
<FirstName>Renee</FirstName>
<LastName>Edwards</LastName>
<PI_MID_INIT>D</PI_MID_INIT>
<PI_SUFX_NAME/>
<PI_FULL_NAME>Renee D Edwards</PI_FULL_NAME>
<EmailAddress><![CDATA[r.edwards@rutgers.edu]]></EmailAddress>
<NSF_ID>000782140</NSF_ID>
<StartDate>07/06/2018</StartDate>
<EndDate/>
<RoleCode>Co-Principal Investigator</RoleCode>
</Investigator>
<Investigator>
<FirstName>Michelle</FirstName>
<LastName>Van Noy</LastName>
<PI_MID_INIT/>
<PI_SUFX_NAME/>
<PI_FULL_NAME>Michelle Van Noy</PI_FULL_NAME>
<EmailAddress><![CDATA[mvannoy@rutgers.edu]]></EmailAddress>
<NSF_ID>000627705</NSF_ID>
<StartDate>06/04/2018</StartDate>
<EndDate/>
<RoleCode>Principal Investigator</RoleCode>
</Investigator>
<Institution>
<Name><![CDATA[Rutgers University New Brunswick]]></Name>
<CityName>NEW BRUNSWICK</CityName>
<ZipCode>089018559</ZipCode>
<PhoneNumber>8489320150</PhoneNumber>
<StreetAddress><![CDATA[3 RUTGERS PLZ]]></StreetAddress>
<StreetAddress2/>
<CountryName>United States</CountryName>
<StateName>New Jersey</StateName>
<StateCode>NJ</StateCode>
<CONGRESSDISTRICT>12</CONGRESSDISTRICT>
<CONGRESS_DISTRICT_ORG>NJ12</CONGRESS_DISTRICT_ORG>
<ORG_UEI_NUM>M1LVPE5GLSD9</ORG_UEI_NUM>
<ORG_LGL_BUS_NAME>RUTGERS, THE STATE UNIVERSITY</ORG_LGL_BUS_NAME>
<ORG_PRNT_UEI_NUM/>
</Institution>
<Performance_Institution>
<Name><![CDATA[Rutgers University New Brunswick]]></Name>
<CityName>Piscatawy</CityName>
<StateCode>NJ</StateCode>
<ZipCode>088548054</ZipCode>
<StreetAddress><![CDATA[94 Rockafeller Rd]]></StreetAddress>
<CountryCode>US</CountryCode>
<CountryName>United States</CountryName>
<StateName>New Jersey</StateName>
<CountryFlag>1</CountryFlag>
<CONGRESSDISTRICT>06</CONGRESSDISTRICT>
<CONGRESS_DISTRICT_PERF>NJ06</CONGRESS_DISTRICT_PERF>
</Performance_Institution>
<ProgramElement>
<Code>7412</Code>
<Text>Advanced Tech Education Prog</Text>
</ProgramElement>
<ProgramReference>
<Code>096Z</Code>
<Text>COVID-19 Research</Text>
</ProgramReference>
<ProgramReference>
<Code>102Z</Code>
<Text>COVID-Disproportionate Impcts Inst-Indiv</Text>
</ProgramReference>
<ProgramReference>
<Code>1032</Code>
<Text>ADVANCED TECHNOLOGY EDUCATION</Text>
</ProgramReference>
<ProgramReference>
<Code>9178</Code>
<Text>UNDERGRADUATE EDUCATION</Text>
</ProgramReference>
<ProgramReference>
<Code>SMET</Code>
<Text>SCIENCE, MATH, ENG &amp; TECH EDUCATION</Text>
</ProgramReference>
<Appropriation>
<Code>0418</Code>
<Name>NSF Education &amp; Human Resource</Name>
<APP_SYMB_ID>040106</APP_SYMB_ID>
</Appropriation>
<Appropriation>
<Code>0420</Code>
<Name>NSF Education &amp; Human Resource</Name>
<APP_SYMB_ID>040106</APP_SYMB_ID>
</Appropriation>
<Appropriation>
<Code>0421</Code>
<Name>NSF Education &amp; Human Resource</Name>
<APP_SYMB_ID>040106</APP_SYMB_ID>
</Appropriation>
<Fund>
<Code>04001819DB</Code>
<Name><![CDATA[NSF Education & Human Resource]]></Name>
<FUND_SYMB_ID>040106</FUND_SYMB_ID>
</Fund>
<Fund>
<Code>04002021DB</Code>
<Name><![CDATA[NSF Education & Human Resource]]></Name>
<FUND_SYMB_ID>040106</FUND_SYMB_ID>
</Fund>
<Fund>
<Code>04002122DB</Code>
<Name><![CDATA[NSF Education & Human Resource]]></Name>
<FUND_SYMB_ID>040106</FUND_SYMB_ID>
</Fund>
<FUND_OBLG>2018~799869</FUND_OBLG>
<FUND_OBLG>2020~155617</FUND_OBLG>
<FUND_OBLG>2021~159292</FUND_OBLG>
</Award>
</rootTag>
