<?xml version="1.0" encoding="UTF-8"?>
<rootTag>
<Award>
<AwardTitle><![CDATA[PathTech LISTEN: Mixed Methods Longitudinal Investigations of Students in Technician EducatioN]]></AwardTitle>
<AGENCY>NSF</AGENCY>
<AwardEffectiveDate>10/01/2018</AwardEffectiveDate>
<AwardExpirationDate>10/31/2023</AwardExpirationDate>
<AwardTotalIntnAmount>799858.00</AwardTotalIntnAmount>
<AwardAmount>1117688</AwardAmount>
<AwardInstrument>
<Value>Standard Grant</Value>
</AwardInstrument>
<Organization>
<Code>11040100</Code>
<Directorate>
<Abbreviation>EDU</Abbreviation>
<LongName>Directorate for STEM Education</LongName>
</Directorate>
<Division>
<Abbreviation>DUE</Abbreviation>
<LongName>Division Of Undergraduate Education</LongName>
</Division>
</Organization>
<ProgramOfficer>
<SignBlockName>Connie Della-Piana</SignBlockName>
<PO_EMAI>cdellapi@nsf.gov</PO_EMAI>
<PO_PHON>7032925309</PO_PHON>
</ProgramOfficer>
<AbstractNarration><![CDATA[Producing more middle skills professionals in advanced technology fields is important for the nations' prosperity.  To promote greater success in advanced technology education, this project aims to study the relationships between community college attendance and later educational and occupational outcomes.  The research team from the University of South Florida and the Florida Technological Education Center at Hillsborough Community College propose extending their current research on school-work-life balance.  To accomplish this goal, they will conduct a longitudinal research study that examines the transition from taking community college courses, to attaining associates and baccalaureate degrees, to reaching career goals, such as better pay and job promotion.  &lt;br/&gt;&lt;br/&gt;The project will increase understanding of issues and challenges involved in the school-work-life balance for students pursuing credentials and careers in advanced technology. A qualitative and quantitative mixed method longitudinal study will examine student life experiences and pathways, from entry to completion of academic programs to entrance into the workforce.  The study will address the shortage of information about pre-college and college technician and occupational pathways, and attainment of credentials and post-program outcomes (e.g., careers and employment).  The proposed work builds on the first two phases of the PathTech Life study and focuses on Engineering Technology, Advanced Manufacturing, and Biotechnology.  The project team will conduct a longitudinal interview study with national scope coupled with the development and administration of a national survey to answer four sets of research questions that examine the connections among school, work, and other life responsibilities:  1. How do students from diverse backgrounds at different life stages experience their advanced technological program?  2.  What are students' short-term education goals (i.e., complete specific coursework, earn certificate or degree) and do they accomplish them?  3.  What aspects of an advanced technology education programs prepare student to meet their broader educational and employment goals?  4. What program and institutional efforts do colleges employ to increase recruitment, retention, and connections with students from diverse backgrounds?  Results of this research can inform improvements to advanced technological education that support greater retention, graduation, and successful entry into the technical workforce.&lt;br/&gt;&lt;br/&gt;This award reflects NSF's statutory mission and has been deemed worthy of support through evaluation using the Foundation's intellectual merit and broader impacts review criteria.]]></AbstractNarration>
<MinAmdLetterDate>08/16/2018</MinAmdLetterDate>
<MaxAmdLetterDate>02/10/2023</MaxAmdLetterDate>
<ARRAAmount/>
<TRAN_TYPE>Grant</TRAN_TYPE>
<CFDA_NUM>47.076</CFDA_NUM>
<NSF_PAR_USE_FLAG>1</NSF_PAR_USE_FLAG>
<FUND_AGCY_CODE>4900</FUND_AGCY_CODE>
<AWDG_AGCY_CODE>4900</AWDG_AGCY_CODE>
<AwardID>1801163</AwardID>
<Investigator>
<FirstName>Lakshmi</FirstName>
<LastName>Jayaram</LastName>
<PI_MID_INIT/>
<PI_SUFX_NAME/>
<PI_FULL_NAME>Lakshmi Jayaram</PI_FULL_NAME>
<EmailAddress><![CDATA[ljayaram@usf.edu]]></EmailAddress>
<NSF_ID>000651695</NSF_ID>
<StartDate>08/16/2018</StartDate>
<EndDate/>
<RoleCode>Co-Principal Investigator</RoleCode>
</Investigator>
<Investigator>
<FirstName>William</FirstName>
<LastName>Tyson</LastName>
<PI_MID_INIT>T</PI_MID_INIT>
<PI_SUFX_NAME/>
<PI_FULL_NAME>William T Tyson</PI_FULL_NAME>
<EmailAddress><![CDATA[wtyson@usf.edu]]></EmailAddress>
<NSF_ID>000252507</NSF_ID>
<StartDate>08/16/2018</StartDate>
<EndDate/>
<RoleCode>Principal Investigator</RoleCode>
</Investigator>
<Investigator>
<FirstName>Marilyn</FirstName>
<LastName>Barger</LastName>
<PI_MID_INIT/>
<PI_SUFX_NAME/>
<PI_FULL_NAME>Marilyn Barger</PI_FULL_NAME>
<EmailAddress><![CDATA[marilyn.barger@flate.org]]></EmailAddress>
<NSF_ID>000266981</NSF_ID>
<StartDate>08/16/2018</StartDate>
<EndDate/>
<RoleCode>Co-Principal Investigator</RoleCode>
</Investigator>
<Institution>
<Name><![CDATA[University of South Florida]]></Name>
<CityName>TAMPA</CityName>
<ZipCode>336205800</ZipCode>
<PhoneNumber>8139742897</PhoneNumber>
<StreetAddress><![CDATA[4202 E FOWLER AVE]]></StreetAddress>
<StreetAddress2/>
<CountryName>United States</CountryName>
<StateName>Florida</StateName>
<StateCode>FL</StateCode>
<CONGRESSDISTRICT>15</CONGRESSDISTRICT>
<CONGRESS_DISTRICT_ORG>FL15</CONGRESS_DISTRICT_ORG>
<ORG_UEI_NUM>NKAZLXLL7Z91</ORG_UEI_NUM>
<ORG_LGL_BUS_NAME>UNIVERSITY OF SOUTH FLORIDA</ORG_LGL_BUS_NAME>
<ORG_PRNT_UEI_NUM/>
</Institution>
<Performance_Institution>
<Name><![CDATA[University of South Florida]]></Name>
<CityName>Tampa</CityName>
<StateCode>FL</StateCode>
<ZipCode>336129446</ZipCode>
<StreetAddress><![CDATA[3702 Spectrum Blvd.]]></StreetAddress>
<CountryCode>US</CountryCode>
<CountryName>United States</CountryName>
<StateName>Florida</StateName>
<CountryFlag>1</CountryFlag>
<CONGRESSDISTRICT>15</CONGRESSDISTRICT>
<CONGRESS_DISTRICT_PERF>FL15</CONGRESS_DISTRICT_PERF>
</Performance_Institution>
<ProgramElement>
<Code>7412</Code>
<Text>Advanced Tech Education Prog</Text>
</ProgramElement>
<ProgramReference>
<Code>096Z</Code>
<Text>COVID-19 Research</Text>
</ProgramReference>
<ProgramReference>
<Code>1032</Code>
<Text>ADVANCED TECHNOLOGY EDUCATION</Text>
</ProgramReference>
<ProgramReference>
<Code>9178</Code>
<Text>UNDERGRADUATE EDUCATION</Text>
</ProgramReference>
<ProgramReference>
<Code>SMET</Code>
<Text>SCIENCE, MATH, ENG &amp; TECH EDUCATION</Text>
</ProgramReference>
<Appropriation>
<Code>0418</Code>
<Name>NSF Education &amp; Human Resource</Name>
<APP_SYMB_ID>040106</APP_SYMB_ID>
</Appropriation>
<Appropriation>
<Code>0420</Code>
<Name>NSF Education &amp; Human Resource</Name>
<APP_SYMB_ID>040106</APP_SYMB_ID>
</Appropriation>
<Appropriation>
<Code>0421</Code>
<Name>NSF Education &amp; Human Resource</Name>
<APP_SYMB_ID>040106</APP_SYMB_ID>
</Appropriation>
<Fund>
<Code>04001819DB</Code>
<Name><![CDATA[NSF Education & Human Resource]]></Name>
<FUND_SYMB_ID>040106</FUND_SYMB_ID>
</Fund>
<Fund>
<Code>04002021DB</Code>
<Name><![CDATA[NSF Education & Human Resource]]></Name>
<FUND_SYMB_ID>040106</FUND_SYMB_ID>
</Fund>
<Fund>
<Code>04002122DB</Code>
<Name><![CDATA[NSF Education & Human Resource]]></Name>
<FUND_SYMB_ID>040106</FUND_SYMB_ID>
</Fund>
<FUND_OBLG>2018~799858</FUND_OBLG>
<FUND_OBLG>2020~159928</FUND_OBLG>
<FUND_OBLG>2021~157902</FUND_OBLG>
</Award>
</rootTag>
