<?xml version="1.0" encoding="UTF-8"?>
<rootTag>
<Award>
<AwardTitle><![CDATA[SaTC: CORE: Medium: Collaborative: Automated Support for Writing High-Assurance Smart Contracts]]></AwardTitle>
<AGENCY>NSF</AGENCY>
<AwardEffectiveDate>08/01/2018</AwardEffectiveDate>
<AwardExpirationDate>07/31/2023</AwardExpirationDate>
<AwardTotalIntnAmount>800000.00</AwardTotalIntnAmount>
<AwardAmount>816000</AwardAmount>
<AwardInstrument>
<Value>Continuing Grant</Value>
</AwardInstrument>
<Organization>
<Code>05050000</Code>
<Directorate>
<Abbreviation>CSE</Abbreviation>
<LongName>Direct For Computer &amp; Info Scie &amp; Enginr</LongName>
</Directorate>
<Division>
<Abbreviation>CNS</Abbreviation>
<LongName>Division Of Computer and Network Systems</LongName>
</Division>
</Organization>
<ProgramOfficer>
<SignBlockName>Sol Greenspan</SignBlockName>
<PO_EMAI>sgreensp@nsf.gov</PO_EMAI>
<PO_PHON>7032927841</PO_PHON>
</ProgramOfficer>
<AbstractNarration><![CDATA[Smart contracts, popularized by cryptocurrencies like Bitcoin and Ethereum, are programs that run atop financial infrastructure and command the flow of money according to user-defined algorithms.  Such contracts can implement new, decentralized financial instruments or even virtual corporations defined only by the bundle of smart contracts programmatically governing their behavior.  For example, an eBay-like smart contract could directly connect buyers with sellers, support a variety of auction mechanisms, and manage necessary payments (including escrow), without the transaction charges currently imposed by eBay, PayPal, and the credit card companies.  In general, moving business processes into smart contracts promises to lower costs, reduce friction, and unleash innovation by eliminating intermediaries and automating settlements. However, programming smart contracts requires a deep understanding of cryptographic techniques, a non-standard execution cost model, and economic mechanism design.  Existing smart-contract programming languages provide little support for such reasoning; indeed, contract vulnerabilities (such as TheDAO) have already led to multi-million-dollar thefts.  In contrast, this project will develop new techniques and tools to support the development of high-assurance smart contracts, with an emphasis on the challenges that make such contracts particularly difficult to write correctly.&lt;br/&gt;&lt;br/&gt;This project will address the unique challenges of writing high-assurance smart contracts by designing a new high-level language, Solidified, that allows a programmer to express both the intent of the contract and its design constraints (e.g., bounds on resource usage, synchronicity or secrecy requirements, or economic expectations).  We will develop tools to analyze and compile such contracts into executable code. At a high-level, Solidified will support high-assurance smart-contract writing across three dimensions.  First, Solidified will mix automatic and annotation-driven compilation to a diverse set of underlying cryptographic primitives necessary to provide the security smart contracts require.  The compilation process will be integrated with tools for automated resource analysis that will compute tight bounds on the amount of gas a smart contract uses.  Resource analysis, in turn, will enable automated reasoning about higher-level properties, particularly those with an economic flavor.  For example, given a contract, new analysis tools, using probabilistic resource analysis, will determine whether a player's expected payoff is maximized by following the protocol, indicating whether it is incentive compatible.  Extending the analysis across contracts will evaluate whether systemic risks are understood and mitigated.  This project's foundational work in high-assurance smart contracts will help realize the vision of blockchain technology. In addition, smart-contract programming also provides a unique pedagogical opportunity for teaching security. Hence, research results will be incorporated into graduate security courses, a smart-contract security MOOC, and an outreach program for K-12 teachers.&lt;br/&gt;&lt;br/&gt;This award reflects NSF's statutory mission and has been deemed worthy of support through evaluation using the Foundation's intellectual merit and broader impacts review criteria.]]></AbstractNarration>
<MinAmdLetterDate>07/29/2018</MinAmdLetterDate>
<MaxAmdLetterDate>07/01/2021</MaxAmdLetterDate>
<ARRAAmount/>
<TRAN_TYPE>Grant</TRAN_TYPE>
<CFDA_NUM>47.070</CFDA_NUM>
<NSF_PAR_USE_FLAG>1</NSF_PAR_USE_FLAG>
<FUND_AGCY_CODE>4900</FUND_AGCY_CODE>
<AWDG_AGCY_CODE>4900</AWDG_AGCY_CODE>
<AwardID>1801369</AwardID>
<Investigator>
<FirstName>Bryan</FirstName>
<LastName>Parno</LastName>
<PI_MID_INIT/>
<PI_SUFX_NAME/>
<PI_FULL_NAME>Bryan Parno</PI_FULL_NAME>
<EmailAddress><![CDATA[bparno@andrew.cmu.edu]]></EmailAddress>
<NSF_ID>000731949</NSF_ID>
<StartDate>07/29/2018</StartDate>
<EndDate/>
<RoleCode>Principal Investigator</RoleCode>
</Investigator>
<Investigator>
<FirstName>Jan</FirstName>
<LastName>Hoffmann</LastName>
<PI_MID_INIT/>
<PI_SUFX_NAME/>
<PI_FULL_NAME>Jan Hoffmann</PI_FULL_NAME>
<EmailAddress><![CDATA[jhoffmann@cmu.edu]]></EmailAddress>
<NSF_ID>000636870</NSF_ID>
<StartDate>07/29/2018</StartDate>
<EndDate/>
<RoleCode>Co-Principal Investigator</RoleCode>
</Investigator>
<Institution>
<Name><![CDATA[Carnegie-Mellon University]]></Name>
<CityName>PITTSBURGH</CityName>
<ZipCode>152133815</ZipCode>
<PhoneNumber>4122688746</PhoneNumber>
<StreetAddress><![CDATA[5000 FORBES AVE]]></StreetAddress>
<StreetAddress2/>
<CountryName>United States</CountryName>
<StateName>Pennsylvania</StateName>
<StateCode>PA</StateCode>
<CONGRESSDISTRICT>12</CONGRESSDISTRICT>
<CONGRESS_DISTRICT_ORG>PA12</CONGRESS_DISTRICT_ORG>
<ORG_UEI_NUM>U3NKNFLNQ613</ORG_UEI_NUM>
<ORG_LGL_BUS_NAME>CARNEGIE MELLON UNIVERSITY</ORG_LGL_BUS_NAME>
<ORG_PRNT_UEI_NUM>U3NKNFLNQ613</ORG_PRNT_UEI_NUM>
</Institution>
<Performance_Institution>
<Name><![CDATA[Carnegie Mellon University]]></Name>
<CityName>Pittsburgh</CityName>
<StateCode>PA</StateCode>
<ZipCode>152133890</ZipCode>
<StreetAddress><![CDATA[5000 Forbes Avenue]]></StreetAddress>
<CountryCode>US</CountryCode>
<CountryName>United States</CountryName>
<StateName>Pennsylvania</StateName>
<CountryFlag>1</CountryFlag>
<CONGRESSDISTRICT>12</CONGRESSDISTRICT>
<CONGRESS_DISTRICT_PERF>PA12</CONGRESS_DISTRICT_PERF>
</Performance_Institution>
<ProgramElement>
<Code>1714</Code>
<Text>Special Projects - CNS</Text>
</ProgramElement>
<ProgramElement>
<Code>8060</Code>
<Text>Secure &amp;Trustworthy Cyberspace</Text>
</ProgramElement>
<ProgramReference>
<Code>025Z</Code>
<Text>SaTC: Secure and Trustworthy Cyberspace</Text>
</ProgramReference>
<ProgramReference>
<Code>7434</Code>
<Text>CNCI</Text>
</ProgramReference>
<ProgramReference>
<Code>7924</Code>
<Text>MEDIUM PROJECT</Text>
</ProgramReference>
<ProgramReference>
<Code>9178</Code>
<Text>UNDERGRADUATE EDUCATION</Text>
</ProgramReference>
<ProgramReference>
<Code>9251</Code>
<Text>REU SUPP-Res Exp for Ugrd Supp</Text>
</ProgramReference>
<Appropriation>
<Code>0118</Code>
<Name>NSF RESEARCH &amp; RELATED ACTIVIT</Name>
<APP_SYMB_ID>040100</APP_SYMB_ID>
</Appropriation>
<Appropriation>
<Code>0119</Code>
<Name>NSF RESEARCH &amp; RELATED ACTIVIT</Name>
<APP_SYMB_ID>040100</APP_SYMB_ID>
</Appropriation>
<Appropriation>
<Code>0121</Code>
<Name>NSF RESEARCH &amp; RELATED ACTIVIT</Name>
<APP_SYMB_ID>040100</APP_SYMB_ID>
</Appropriation>
<Fund>
<Code>01001819DB</Code>
<Name><![CDATA[NSF RESEARCH & RELATED ACTIVIT]]></Name>
<FUND_SYMB_ID>040100</FUND_SYMB_ID>
</Fund>
<Fund>
<Code>01001920DB</Code>
<Name><![CDATA[NSF RESEARCH & RELATED ACTIVIT]]></Name>
<FUND_SYMB_ID>040100</FUND_SYMB_ID>
</Fund>
<Fund>
<Code>01002122DB</Code>
<Name><![CDATA[NSF RESEARCH & RELATED ACTIVIT]]></Name>
<FUND_SYMB_ID>040100</FUND_SYMB_ID>
</Fund>
<FUND_OBLG>2018~191245</FUND_OBLG>
<FUND_OBLG>2019~399821</FUND_OBLG>
<FUND_OBLG>2021~224934</FUND_OBLG>
<POR>
<DRECONTENT><![CDATA[<div class="porColContainerWBG"> <div class="porContentCol"><p>Smart contracts, popularized by cryptocurrencies like Bitcoin and Ethereum, are programs that run atop financial infrastructure and command the flow of money according to user-defined algorithms.&nbsp; Such contracts can implement new, decentralized financial instruments or even virtual corporations defined only by the bundle of smart contracts programatically governing their behavior.&nbsp; For example, an eBay-like smart contract could directly connect buyers with sellers, support a variety of auction mechanisms, and manage necessary payments (including escrow), without the transaction charges currently imposed by eBay, PayPal, and the credit card companies.&nbsp; In general, moving business processes into smart contracts promises to lower costs, reduce friction, and unleash innovation by eliminating intermediaries and automating settlements.</p> <p><br />However, programming smart contracts requires a deep understanding of cryptographic techniques, a non-standard execution cost model, and economic mechanism design.&nbsp; Unfortunately, existing smart-contract programming languages are hazard prone and provide little support for such reasoning; indeed, contract vulnerabilities (such as TheDAO) have already led to multi-million-dollar thefts.&nbsp; In contrast, this project has developed new techniques and tools to support the development of high-assurance smart contracts, with an emphasis on the challenges that make such contracts particularly difficult to write correctly.</p> <p><br />In particular, in a collaboration between Carnegie Mellon University and the University of Illinois, the PIs have developed the Nomos programming language.&nbsp; Nomos is based on a type system that guarantees the absence of the most critical domain-specific vulnerabilities of smart contracts. To express and enforce protocols, Nomos is based on shared binary session types. To control gas usage, Nomos' type system is resource aware and uses automatic amortized resource analysis to infer gas bounds. Since binary session types are a linear type system, digital assets cannot be duplicated or discarded in Nomos.</p> <p><br />The PIs have also developed the Interactive Lambda Calculus (ILC). ILC is designed to be equivalent in expressiveness to the universal composition (UC) framework from cryptography theory. To achieve this, ILC uses linear types to ensure that a system of concurrent processes has a randomized (rather than arbitrary) execution order, hence the occurrence of events in such a system can be reduced to computationally hard problems just as in UC.<br />The PIs have also worked to enhance the provable security of cryptographic implementations that underlie blockchains, as well as the cryptographic functionality that smart contracts can natively leverage, including new designs for multi-party computation, extractable witness encryption, succinct zero-knowledge arguments, and incrementally verifiable computation.<br />The project had significant broader impact through the training of 10 PhD, 3 MS, and 5 undergraduate students.&nbsp; This includes 5 women and 1 underrepresented minority students.&nbsp;</p> <p><br />Multiple components of the system have been released as open-source software and are used by various companies and open source projects.&nbsp; Finally, the results of the research have been disseminated in 13 publications at top-tier venues.&nbsp; The publications are freely available on the PIs&rsquo; websites.</p><br> <p>            Last Modified: 09/29/2023<br>      Modified by: Bryan&nbsp;Parno</p> </div> <div class="porSideCol"></div> </div>]]></DRECONTENT>
<POR_COPY_TXT><![CDATA[ Smart contracts, popularized by cryptocurrencies like Bitcoin and Ethereum, are programs that run atop financial infrastructure and command the flow of money according to user-defined algorithms.  Such contracts can implement new, decentralized financial instruments or even virtual corporations defined only by the bundle of smart contracts programatically governing their behavior.  For example, an eBay-like smart contract could directly connect buyers with sellers, support a variety of auction mechanisms, and manage necessary payments (including escrow), without the transaction charges currently imposed by eBay, PayPal, and the credit card companies.  In general, moving business processes into smart contracts promises to lower costs, reduce friction, and unleash innovation by eliminating intermediaries and automating settlements.   However, programming smart contracts requires a deep understanding of cryptographic techniques, a non-standard execution cost model, and economic mechanism design.  Unfortunately, existing smart-contract programming languages are hazard prone and provide little support for such reasoning; indeed, contract vulnerabilities (such as TheDAO) have already led to multi-million-dollar thefts.  In contrast, this project has developed new techniques and tools to support the development of high-assurance smart contracts, with an emphasis on the challenges that make such contracts particularly difficult to write correctly.   In particular, in a collaboration between Carnegie Mellon University and the University of Illinois, the PIs have developed the Nomos programming language.  Nomos is based on a type system that guarantees the absence of the most critical domain-specific vulnerabilities of smart contracts. To express and enforce protocols, Nomos is based on shared binary session types. To control gas usage, Nomos' type system is resource aware and uses automatic amortized resource analysis to infer gas bounds. Since binary session types are a linear type system, digital assets cannot be duplicated or discarded in Nomos.   The PIs have also developed the Interactive Lambda Calculus (ILC). ILC is designed to be equivalent in expressiveness to the universal composition (UC) framework from cryptography theory. To achieve this, ILC uses linear types to ensure that a system of concurrent processes has a randomized (rather than arbitrary) execution order, hence the occurrence of events in such a system can be reduced to computationally hard problems just as in UC. The PIs have also worked to enhance the provable security of cryptographic implementations that underlie blockchains, as well as the cryptographic functionality that smart contracts can natively leverage, including new designs for multi-party computation, extractable witness encryption, succinct zero-knowledge arguments, and incrementally verifiable computation. The project had significant broader impact through the training of 10 PhD, 3 MS, and 5 undergraduate students.  This includes 5 women and 1 underrepresented minority students.    Multiple components of the system have been released as open-source software and are used by various companies and open source projects.  Finally, the results of the research have been disseminated in 13 publications at top-tier venues.  The publications are freely available on the PIs’ websites.       Last Modified: 09/29/2023       Submitted by: Bryan Parno]]></POR_COPY_TXT>
</POR>
</Award>
</rootTag>
