<?xml version="1.0" encoding="UTF-8"?>
<rootTag>
<Award>
<AwardTitle><![CDATA[Engaging Students From Classrooms and Camps to College and Advanced Technological Careers]]></AwardTitle>
<AGENCY>NSF</AGENCY>
<AwardEffectiveDate>09/01/2018</AwardEffectiveDate>
<AwardExpirationDate>08/31/2024</AwardExpirationDate>
<AwardTotalIntnAmount>599877.00</AwardTotalIntnAmount>
<AwardAmount>835140</AwardAmount>
<AwardInstrument>
<Value>Standard Grant</Value>
</AwardInstrument>
<Organization>
<Code>11040100</Code>
<Directorate>
<Abbreviation>EDU</Abbreviation>
<LongName>Directorate for STEM Education</LongName>
</Directorate>
<Division>
<Abbreviation>DUE</Abbreviation>
<LongName>Division Of Undergraduate Education</LongName>
</Division>
</Organization>
<ProgramOfficer>
<SignBlockName>Virginia Carter</SignBlockName>
<PO_EMAI>vccarter@nsf.gov</PO_EMAI>
<PO_PHON>7032924651</PO_PHON>
</ProgramOfficer>
<AbstractNarration><![CDATA[The forty manufacturers in the Torrington area of Northwestern Connecticut include smaller, local companies, as well as national and global companies such as Wittmann Battenfeld and Altek Electronics. In addition, Jackson Laboratory, the leading bioscience company in the area, is located twenty miles away. These companies need employees at all levels of skills and knowledge, from technicians to engineers and research scientists. They rely on an educational infrastructure to provide a capable, industry-ready workforce. However, there is a gap between the industry demand and availability of skilled workers, and neither the technical high school nor the college is currently meeting these needs. For example, in the robotics and automation areas, industry need exceeds the trained workforce by almost 68%. According to the 2016 Chamber of Commerce Survey of Northwest Connecticut, maintaining and growing manufacturing was one of the highest priorities in the region and the lack of skilled applicants was cited as being the biggest barrier. This project, Engaging Students from Classrooms and Camps to College and Careers, brings 7th-12th grade teachers, community college faculty, students, and industry members together to develop a strong technical workforce. &lt;br/&gt;&lt;br/&gt;This project aims to increase the STEM interest and skills attainment of underrepresented and socioeconomically disadvantaged students in the Torrington School District. It will engage forty-four middle and high school STEM teachers and their students, using innovative activities to introduce students to careers as technicians. Teachers will participate in industry-based externships and professional development workshops.  These activities are designed to help teachers better understand the roles of technicians. Students will participate in college visits and summer camps, designed to help them understand career opportunities for technicians. Community college students will learn about careers as technicians by participating in externships in industry, and will refine their knowledge and skills by serving as teaching assistants in camps and classrooms, and as mentors for the middle and high school students. Through this program, the community college plans to increase the number of dual enrollment college courses for high school students. The program will establish a support system for teachers through the formation of a STEM Community of Practice that includes teachers, college faculty, and industry members. The project activities are expected to support pathways for students to careers in the advanced technological industries in the region.&lt;br/&gt;&lt;br/&gt;This award reflects NSF's statutory mission and has been deemed worthy of support through evaluation using the Foundation's intellectual merit and broader impacts review criteria.]]></AbstractNarration>
<MinAmdLetterDate>07/06/2018</MinAmdLetterDate>
<MaxAmdLetterDate>09/05/2023</MaxAmdLetterDate>
<ARRAAmount/>
<TRAN_TYPE>Grant</TRAN_TYPE>
<CFDA_NUM>47.076</CFDA_NUM>
<NSF_PAR_USE_FLAG>1</NSF_PAR_USE_FLAG>
<FUND_AGCY_CODE>4900</FUND_AGCY_CODE>
<AWDG_AGCY_CODE>4900</AWDG_AGCY_CODE>
<AwardID>1801062</AwardID>
<Investigator>
<FirstName>Sharon</FirstName>
<LastName>Gusky</LastName>
<PI_MID_INIT/>
<PI_SUFX_NAME/>
<PI_FULL_NAME>Sharon Gusky</PI_FULL_NAME>
<EmailAddress><![CDATA[sgusky@nwcc.commnet.edu]]></EmailAddress>
<NSF_ID>000115447</NSF_ID>
<StartDate>07/06/2018</StartDate>
<EndDate/>
<RoleCode>Principal Investigator</RoleCode>
</Investigator>
<Investigator>
<FirstName>Tara</FirstName>
<LastName>Holmberg</LastName>
<PI_MID_INIT>J</PI_MID_INIT>
<PI_SUFX_NAME/>
<PI_FULL_NAME>Tara J Holmberg</PI_FULL_NAME>
<EmailAddress><![CDATA[tholmberg@nwcc.edu]]></EmailAddress>
<NSF_ID>000654242</NSF_ID>
<StartDate>07/06/2018</StartDate>
<EndDate>09/05/2023</EndDate>
<RoleCode>Former Co-Principal Investigator</RoleCode>
</Investigator>
<Investigator>
<FirstName>Bridget</FirstName>
<LastName>Brody</LastName>
<PI_MID_INIT/>
<PI_SUFX_NAME/>
<PI_FULL_NAME>Bridget Brody</PI_FULL_NAME>
<EmailAddress><![CDATA[bbrody@torrington.org]]></EmailAddress>
<NSF_ID>000759430</NSF_ID>
<StartDate>07/06/2018</StartDate>
<EndDate/>
<RoleCode>Co-Principal Investigator</RoleCode>
</Investigator>
<Investigator>
<FirstName>Lisa</FirstName>
<LastName>Dubany</LastName>
<PI_MID_INIT/>
<PI_SUFX_NAME/>
<PI_FULL_NAME>Lisa Dubany</PI_FULL_NAME>
<EmailAddress><![CDATA[ldubany@torrington.org]]></EmailAddress>
<NSF_ID>000759426</NSF_ID>
<StartDate>07/06/2018</StartDate>
<EndDate>12/10/2021</EndDate>
<RoleCode>Former Co-Principal Investigator</RoleCode>
</Investigator>
<Investigator>
<FirstName>Christine</FirstName>
<LastName>Gamari</LastName>
<PI_MID_INIT/>
<PI_SUFX_NAME/>
<PI_FULL_NAME>Christine Gamari</PI_FULL_NAME>
<EmailAddress><![CDATA[cgamari@torrington.org]]></EmailAddress>
<NSF_ID>000759429</NSF_ID>
<StartDate>07/06/2018</StartDate>
<EndDate>12/10/2021</EndDate>
<RoleCode>Former Co-Principal Investigator</RoleCode>
</Investigator>
<Institution>
<Name><![CDATA[Northwestern Connecticut Community College]]></Name>
<CityName>WINSTED</CityName>
<ZipCode>060981706</ZipCode>
<PhoneNumber>2033798543</PhoneNumber>
<StreetAddress><![CDATA[2 PARK PL]]></StreetAddress>
<StreetAddress2/>
<CountryName>United States</CountryName>
<StateName>Connecticut</StateName>
<StateCode>CT</StateCode>
<CONGRESSDISTRICT>01</CONGRESSDISTRICT>
<CONGRESS_DISTRICT_ORG>CT01</CONGRESS_DISTRICT_ORG>
<ORG_UEI_NUM>JC5DG7UW6NG8</ORG_UEI_NUM>
<ORG_LGL_BUS_NAME>NORTHWESTERN CONNECTICUT COMMUNITY COLLEGE</ORG_LGL_BUS_NAME>
<ORG_PRNT_UEI_NUM/>
</Institution>
<Performance_Institution>
<Name><![CDATA[Northwestern Connecticut Community College]]></Name>
<CityName>Winsted</CityName>
<StateCode>CT</StateCode>
<ZipCode>060981706</ZipCode>
<StreetAddress><![CDATA[2 Park Place East]]></StreetAddress>
<CountryCode>US</CountryCode>
<CountryName>United States</CountryName>
<StateName>Connecticut</StateName>
<CountryFlag>1</CountryFlag>
<CONGRESSDISTRICT>01</CONGRESSDISTRICT>
<CONGRESS_DISTRICT_PERF>CT01</CONGRESS_DISTRICT_PERF>
</Performance_Institution>
<ProgramElement>
<Code>054Y</Code>
<Text>GVF - Global Venture Fund</Text>
</ProgramElement>
<ProgramElement>
<Code>7412</Code>
<Text>Advanced Tech Education Prog</Text>
</ProgramElement>
<ProgramReference>
<Code>1032</Code>
<Text>ADVANCED TECHNOLOGY EDUCATION</Text>
</ProgramReference>
<ProgramReference>
<Code>5936</Code>
<Text>GERMANY (F.R.G.)</Text>
</ProgramReference>
<ProgramReference>
<Code>5952</Code>
<Text>SPAIN</Text>
</ProgramReference>
<ProgramReference>
<Code>9178</Code>
<Text>UNDERGRADUATE EDUCATION</Text>
</ProgramReference>
<ProgramReference>
<Code>SMET</Code>
<Text>SCIENCE, MATH, ENG &amp; TECH EDUCATION</Text>
</ProgramReference>
<Appropriation>
<Code>0119</Code>
<Name>NSF RESEARCH &amp; RELATED ACTIVIT</Name>
<APP_SYMB_ID>040100</APP_SYMB_ID>
</Appropriation>
<Appropriation>
<Code>0418</Code>
<Name>NSF Education &amp; Human Resource</Name>
<APP_SYMB_ID>040106</APP_SYMB_ID>
</Appropriation>
<Appropriation>
<Code>0419</Code>
<Name>NSF Education &amp; Human Resource</Name>
<APP_SYMB_ID>040106</APP_SYMB_ID>
</Appropriation>
<Appropriation>
<Code>0420</Code>
<Name>NSF Education &amp; Human Resource</Name>
<APP_SYMB_ID>040106</APP_SYMB_ID>
</Appropriation>
<Fund>
<Code>01001920DB</Code>
<Name><![CDATA[NSF RESEARCH & RELATED ACTIVIT]]></Name>
<FUND_SYMB_ID>040100</FUND_SYMB_ID>
</Fund>
<Fund>
<Code>04001819DB</Code>
<Name><![CDATA[NSF Education & Human Resource]]></Name>
<FUND_SYMB_ID>040106</FUND_SYMB_ID>
</Fund>
<Fund>
<Code>04001920DB</Code>
<Name><![CDATA[NSF Education & Human Resource]]></Name>
<FUND_SYMB_ID>040106</FUND_SYMB_ID>
</Fund>
<Fund>
<Code>04002021DB</Code>
<Name><![CDATA[NSF Education & Human Resource]]></Name>
<FUND_SYMB_ID>040106</FUND_SYMB_ID>
</Fund>
<FUND_OBLG>2018~599877</FUND_OBLG>
<FUND_OBLG>2019~118200</FUND_OBLG>
<FUND_OBLG>2020~117063</FUND_OBLG>
</Award>
</rootTag>
