<?xml version="1.0" encoding="UTF-8"?>
<rootTag>
<Award>
<AwardTitle><![CDATA[Recruitment and Retention of Women in Engineering and Engineering Technology]]></AwardTitle>
<AGENCY>NSF</AGENCY>
<AwardEffectiveDate>09/01/2018</AwardEffectiveDate>
<AwardExpirationDate>08/31/2024</AwardExpirationDate>
<AwardTotalIntnAmount>224999.00</AwardTotalIntnAmount>
<AwardAmount>224999</AwardAmount>
<AwardInstrument>
<Value>Standard Grant</Value>
</AwardInstrument>
<Organization>
<Code>11040100</Code>
<Directorate>
<Abbreviation>EDU</Abbreviation>
<LongName>Directorate for STEM Education</LongName>
</Directorate>
<Division>
<Abbreviation>DUE</Abbreviation>
<LongName>Division Of Undergraduate Education</LongName>
</Division>
</Organization>
<ProgramOfficer>
<SignBlockName>Virginia Carter</SignBlockName>
<PO_EMAI>vccarter@nsf.gov</PO_EMAI>
<PO_PHON>7032924651</PO_PHON>
</ProgramOfficer>
<AbstractNarration><![CDATA[Because men make up more than two-thirds of the manufacturing workforce in the United States, women are an untapped resource of talent to help US manufacturers become more globally competitive. Working collaboratively with industry partners to address the regional demand for gender-diversity in engineering and engineering technology (E&amp;ET) occupations, this project at Norwalk Community College in Connecticut aims to to attract more females to the college E&amp;ET education programs. Building on research findings, the project will focus on the following student-centered objectives: (1) designing and implementing strategies for recruiting and retaining female students in E&amp;ET programs; (2) retaining female students by implementing high-impact practices within courses and through student support programs; and (3) designing and delivering a contextualized Intermediate algebra course that includes research based methods for increasing success rates of female students. Because the college has recently been designated a Hispanic Serving Institution, the project will strive to increase in the number of Hispanic female students, further supporting the diversification of the science, technology, engineering, and mathematics workforce. A comprehensive evaluation will be completed to help determine which strategies work best and for whom. This project may provide a model that other community colleges and employers can use to increase workforce diversity.&lt;br/&gt;&lt;br/&gt;The new recruitment and retention strategies will build upon earlier ATE projects that have been conducted at peer institutions and use resources that have been developed to address the gender gap in E&amp;ET programs. Panel discussions with local business and industry partners will aim to raise awareness of the program on campus and encourage faculty to enhance their course curricula. Using online training and campus workshops, faculty will learn about tools and techniques for supporting diverse learners and how to apply these techniques to their courses. The project will design and pilot a contextualized Intermediate Algebra course, because most of the college E&amp;ET students start at that level, and it is a required course for undecided students. Female students enrolled in that course will be encouraged to pursue a degree in E&amp;ET. The course will include female friendly examples, group work in class, and team projects where women can develop a sense of community and ownership over their learning.  This course will be a model for other faculty members who aim to incorporate context- and female-supportive practices in their curriculum.&lt;br/&gt;&lt;br/&gt;This award reflects NSF's statutory mission and has been deemed worthy of support through evaluation using the Foundation's intellectual merit and broader impacts review criteria.]]></AbstractNarration>
<MinAmdLetterDate>04/05/2018</MinAmdLetterDate>
<MaxAmdLetterDate>07/12/2023</MaxAmdLetterDate>
<ARRAAmount/>
<TRAN_TYPE>Grant</TRAN_TYPE>
<CFDA_NUM>47.076</CFDA_NUM>
<NSF_PAR_USE_FLAG>1</NSF_PAR_USE_FLAG>
<FUND_AGCY_CODE>4900</FUND_AGCY_CODE>
<AWDG_AGCY_CODE>4900</AWDG_AGCY_CODE>
<AwardID>1801039</AwardID>
<Investigator>
<FirstName>Nancy</FirstName>
<LastName>Flemming</LastName>
<PI_MID_INIT/>
<PI_SUFX_NAME/>
<PI_FULL_NAME>Nancy Flemming</PI_FULL_NAME>
<EmailAddress><![CDATA[nfleming1@norwalk.edu]]></EmailAddress>
<NSF_ID>000754275</NSF_ID>
<StartDate>04/05/2018</StartDate>
<EndDate/>
<RoleCode>Co-Principal Investigator</RoleCode>
</Investigator>
<Investigator>
<FirstName>Mobin</FirstName>
<LastName>Rastgar Agah</LastName>
<PI_MID_INIT/>
<PI_SUFX_NAME/>
<PI_FULL_NAME>Mobin Rastgar Agah</PI_FULL_NAME>
<EmailAddress><![CDATA[MRastgarAgah@norwalk.edu]]></EmailAddress>
<NSF_ID>000753752</NSF_ID>
<StartDate>04/05/2018</StartDate>
<EndDate/>
<RoleCode>Principal Investigator</RoleCode>
</Investigator>
<Investigator>
<FirstName>Forrest</FirstName>
<LastName>Helvie</LastName>
<PI_MID_INIT/>
<PI_SUFX_NAME/>
<PI_FULL_NAME>Forrest Helvie</PI_FULL_NAME>
<EmailAddress><![CDATA[fhelvie@norwalk.edu]]></EmailAddress>
<NSF_ID>000754277</NSF_ID>
<StartDate>04/05/2018</StartDate>
<EndDate/>
<RoleCode>Co-Principal Investigator</RoleCode>
</Investigator>
<Institution>
<Name><![CDATA[Norwalk Community College]]></Name>
<CityName>NORWALK</CityName>
<ZipCode>068541634</ZipCode>
<PhoneNumber>2038577263</PhoneNumber>
<StreetAddress><![CDATA[188 RICHARDS AVE]]></StreetAddress>
<StreetAddress2/>
<CountryName>United States</CountryName>
<StateName>Connecticut</StateName>
<StateCode>CT</StateCode>
<CONGRESSDISTRICT>04</CONGRESSDISTRICT>
<CONGRESS_DISTRICT_ORG>CT04</CONGRESS_DISTRICT_ORG>
<ORG_UEI_NUM>HBMCELU6SGA1</ORG_UEI_NUM>
<ORG_LGL_BUS_NAME>NORWALK COMMUNITY COLLEGE</ORG_LGL_BUS_NAME>
<ORG_PRNT_UEI_NUM/>
</Institution>
<Performance_Institution>
<Name><![CDATA[Norwalk Community College]]></Name>
<CityName>Norwalk</CityName>
<StateCode>CT</StateCode>
<ZipCode>068541655</ZipCode>
<StreetAddress><![CDATA[188 Richards ave]]></StreetAddress>
<CountryCode>US</CountryCode>
<CountryName>United States</CountryName>
<StateName>Connecticut</StateName>
<CountryFlag>1</CountryFlag>
<CONGRESSDISTRICT>04</CONGRESSDISTRICT>
<CONGRESS_DISTRICT_PERF>CT04</CONGRESS_DISTRICT_PERF>
</Performance_Institution>
<ProgramElement>
<Code>7412</Code>
<Text>Advanced Tech Education Prog</Text>
</ProgramElement>
<ProgramReference>
<Code>1032</Code>
<Text>ADVANCED TECHNOLOGY EDUCATION</Text>
</ProgramReference>
<ProgramReference>
<Code>9178</Code>
<Text>UNDERGRADUATE EDUCATION</Text>
</ProgramReference>
<ProgramReference>
<Code>SMET</Code>
<Text>SCIENCE, MATH, ENG &amp; TECH EDUCATION</Text>
</ProgramReference>
<Appropriation>
<Code>0418</Code>
<Name>NSF Education &amp; Human Resource</Name>
<APP_SYMB_ID>040106</APP_SYMB_ID>
</Appropriation>
<Fund>
<Code>04001819DB</Code>
<Name><![CDATA[NSF Education & Human Resource]]></Name>
<FUND_SYMB_ID>040106</FUND_SYMB_ID>
</Fund>
<FUND_OBLG>2018~224999</FUND_OBLG>
</Award>
</rootTag>
