<?xml version="1.0" encoding="UTF-8"?>
<rootTag>
<Award>
<AwardTitle><![CDATA[Rigidity in von Neumann Algebras and Higher Rank Groups]]></AwardTitle>
<AGENCY>NSF</AGENCY>
<AwardEffectiveDate>06/01/2018</AwardEffectiveDate>
<AwardExpirationDate>05/31/2023</AwardExpirationDate>
<AwardTotalIntnAmount>223377.00</AwardTotalIntnAmount>
<AwardAmount>223377</AwardAmount>
<AwardInstrument>
<Value>Standard Grant</Value>
</AwardInstrument>
<Organization>
<Code>03040000</Code>
<Directorate>
<Abbreviation>MPS</Abbreviation>
<LongName>Direct For Mathematical &amp; Physical Scien</LongName>
</Directorate>
<Division>
<Abbreviation>DMS</Abbreviation>
<LongName>Division Of Mathematical Sciences</LongName>
</Division>
</Organization>
<ProgramOfficer>
<SignBlockName>Marian Bocea</SignBlockName>
<PO_EMAI>mbocea@nsf.gov</PO_EMAI>
<PO_PHON>7032922595</PO_PHON>
</ProgramOfficer>
<AbstractNarration><![CDATA[Von Neumann algebras were introduced in the 1930's and 40's in part as a tool for developing a mathematical foundation for quantum physics.  Von Neumann algebras have since become a field of independent interest with further applications to areas such as ergodic theory, Voiculescu's free probability theory, Jones' theory of subfactors and planar algebras, knot theory, and many others. The development of von Neumann algebras has also historically been closely connected to the study of measurable dynamics and these connections have recently begun to reemerge in the presence of newly developed rigidity phenomenon. The investigation of this rigidity phenomenon has since led to new connections between von Neumann algebras and other areas of mathematics. Furthering the development of rigidity will in turn lead to new insights and connections among these various fields.&lt;br/&gt;&lt;br/&gt;Developing alongside the theory of von Neumann algebras has been ergodic theory, and many results in one field has had major applications in the other. A reemergence of this collaboration has occurred in the last ten years with Popa's discovery of deformation/rigidity theory, which juxtaposes deformability properties such as Haagerup's property, free products, or unbounded cocycles, with rigidity properties such as property (T) or spectral gap, allowing one to discover hidden structure in a von Neumann algebra in the case when both types of phenomena occur. This project will investigate more fully these connections, focusing specifically on connections to the deep rigidity theory for ergodic actions of lattices in higher rank groups initiated by Mostow, Margulis, Zimmer, and many others.&lt;br/&gt;&lt;br/&gt;This award reflects NSF's statutory mission and has been deemed worthy of support through evaluation using the Foundation's intellectual merit and broader impacts review criteria.]]></AbstractNarration>
<MinAmdLetterDate>04/05/2018</MinAmdLetterDate>
<MaxAmdLetterDate>05/10/2022</MaxAmdLetterDate>
<ARRAAmount/>
<TRAN_TYPE>Grant</TRAN_TYPE>
<CFDA_NUM>47.049</CFDA_NUM>
<NSF_PAR_USE_FLAG>1</NSF_PAR_USE_FLAG>
<FUND_AGCY_CODE>4900</FUND_AGCY_CODE>
<AWDG_AGCY_CODE>4900</AWDG_AGCY_CODE>
<AwardID>1801125</AwardID>
<Investigator>
<FirstName>Jesse</FirstName>
<LastName>Peterson</LastName>
<PI_MID_INIT/>
<PI_SUFX_NAME/>
<PI_FULL_NAME>Jesse Peterson</PI_FULL_NAME>
<EmailAddress><![CDATA[jesse.d.peterson@vanderbilt.edu]]></EmailAddress>
<NSF_ID>000511398</NSF_ID>
<StartDate>04/05/2018</StartDate>
<EndDate/>
<RoleCode>Principal Investigator</RoleCode>
</Investigator>
<Institution>
<Name><![CDATA[Vanderbilt University]]></Name>
<CityName>NASHVILLE</CityName>
<ZipCode>372032416</ZipCode>
<PhoneNumber>6153222631</PhoneNumber>
<StreetAddress><![CDATA[110 21ST AVE S]]></StreetAddress>
<StreetAddress2/>
<CountryName>United States</CountryName>
<StateName>Tennessee</StateName>
<StateCode>TN</StateCode>
<CONGRESSDISTRICT>05</CONGRESSDISTRICT>
<CONGRESS_DISTRICT_ORG>TN05</CONGRESS_DISTRICT_ORG>
<ORG_UEI_NUM>GTNBNWXJ12D5</ORG_UEI_NUM>
<ORG_LGL_BUS_NAME>VANDERBILT UNIVERSITY</ORG_LGL_BUS_NAME>
<ORG_PRNT_UEI_NUM/>
</Institution>
<Performance_Institution>
<Name><![CDATA[Vanderbilt University]]></Name>
<CityName>Nashville</CityName>
<StateCode>TN</StateCode>
<ZipCode>372113630</ZipCode>
<StreetAddress><![CDATA[21st Ave.]]></StreetAddress>
<CountryCode>US</CountryCode>
<CountryName>United States</CountryName>
<StateName>Tennessee</StateName>
<CountryFlag>1</CountryFlag>
<CONGRESSDISTRICT>05</CONGRESSDISTRICT>
<CONGRESS_DISTRICT_PERF>TN05</CONGRESS_DISTRICT_PERF>
</Performance_Institution>
<ProgramElement>
<Code>1281</Code>
<Text>ANALYSIS PROGRAM</Text>
</ProgramElement>
<Appropriation>
<Code>0118</Code>
<Name>NSF RESEARCH &amp; RELATED ACTIVIT</Name>
<APP_SYMB_ID>040100</APP_SYMB_ID>
</Appropriation>
<Fund>
<Code>01001819DB</Code>
<Name><![CDATA[NSF RESEARCH & RELATED ACTIVIT]]></Name>
<FUND_SYMB_ID>040100</FUND_SYMB_ID>
</Fund>
<FUND_OBLG>2018~223377</FUND_OBLG>
<POR>
<DRECONTENT><![CDATA[<div class="porColContainerWBG"> <div class="porContentCol"><p>The research produced in this project investigated rigidity phenomena in von Neumann algebras associated to lattices in semisimple groups. This research relied on deformation/rigidity theory in von Neumann algebras, as well as the deep connection between this theory and the ergodic theory of actions of Lie groups.&nbsp; The juxtaposition between deformability properties such as Haagerup's property, free products, or unbounded cocycles, with rigidity properties such as property (T) or spectral gap allows one to discover hidden structure in a von Neumann algebra where both types of phenomena occur.&nbsp; This has led to new insight into the structural properties of von Neumann algebras, and in turn has found applications to other areas such as measured group theory, or the theory of l^2-invariants, and the research developed in this project contributes to this growing body of work.&nbsp;</p> <p>Developing alongside the theory of von Neumann algebras has been ergodic theory, and many results in one field has had major applications in the other. A reemergence of this collaboration has occurred in the last 15 years with Popa's discovery of deformation/rigidity theory, leading to a number of striking results.&nbsp; The research in this project studied more fully these connections, focusing specifically on the deep rigidity theory for ergodic actions of lattices in higher rank groups initiated by Mostow, Margulis, Zimmer, and many others.&nbsp;</p> <p><strong>Intellectual merit:</strong><br /><br />Von Neumann algebras were introduced in the 1930's and 40's in part as a tool for developing a mathematical foundation for quantum physics.&nbsp; The development of von Neumann algebras has historically been closely connected to the development of ergodic theory and recently these connections have begun to reemerge in the presence of newly developed rigidity phenomenon.&nbsp; The research in this project further developed these connections from this rigidity perspective, leading to new insight into the structure of both von Neumann algebras and ergodic actions. This then led to new operator algebraic superrigidity results for lattices, and new perspectives to study group theory and von Neumann algebras, such as through "von Neumann equivalence", "proper proximality", or "biexactness", which are all notions for von Neumann algebras that arose from this project.&nbsp;</p> <p><strong>Broader impacts:</strong><br /><br />The study of finite von Neumann algebras has seen a remarkable amount of growth in recent years.&nbsp; As a result there is much opportunity to explore new ideas as well as look at applications to other areas.&nbsp; This project continued with this opportunity by reaching a broad mathematical community, and providing encouragement and support for new students to the field.&nbsp; The PI actively participated in the training of students and postdocs in von Neumann algebras.&nbsp; He co-organized Vanderbilt's spring institute on Noncommutative geometry and operator algebras.&nbsp; He also co-organized of Vanderbilt's weekly Subfactor seminar.&nbsp; The research in this project directly contributed to the training of numerous students and postdocs, especially at Vanderbilt.</p><br> <p>            Last Modified: 09/29/2023<br>      Modified by: Jesse&nbsp;Peterson</p> </div> <div class="porSideCol"></div> </div>]]></DRECONTENT>
<POR_COPY_TXT><![CDATA[ The research produced in this project investigated rigidity phenomena in von Neumann algebras associated to lattices in semisimple groups. This research relied on deformation/rigidity theory in von Neumann algebras, as well as the deep connection between this theory and the ergodic theory of actions of Lie groups.  The juxtaposition between deformability properties such as Haagerup's property, free products, or unbounded cocycles, with rigidity properties such as property (T) or spectral gap allows one to discover hidden structure in a von Neumann algebra where both types of phenomena occur.  This has led to new insight into the structural properties of von Neumann algebras, and in turn has found applications to other areas such as measured group theory, or the theory of l^2-invariants, and the research developed in this project contributes to this growing body of work.   Developing alongside the theory of von Neumann algebras has been ergodic theory, and many results in one field has had major applications in the other. A reemergence of this collaboration has occurred in the last 15 years with Popa's discovery of deformation/rigidity theory, leading to a number of striking results.  The research in this project studied more fully these connections, focusing specifically on the deep rigidity theory for ergodic actions of lattices in higher rank groups initiated by Mostow, Margulis, Zimmer, and many others.   Intellectual merit:  Von Neumann algebras were introduced in the 1930's and 40's in part as a tool for developing a mathematical foundation for quantum physics.  The development of von Neumann algebras has historically been closely connected to the development of ergodic theory and recently these connections have begun to reemerge in the presence of newly developed rigidity phenomenon.  The research in this project further developed these connections from this rigidity perspective, leading to new insight into the structure of both von Neumann algebras and ergodic actions. This then led to new operator algebraic superrigidity results for lattices, and new perspectives to study group theory and von Neumann algebras, such as through "von Neumann equivalence", "proper proximality", or "biexactness", which are all notions for von Neumann algebras that arose from this project.   Broader impacts:  The study of finite von Neumann algebras has seen a remarkable amount of growth in recent years.  As a result there is much opportunity to explore new ideas as well as look at applications to other areas.  This project continued with this opportunity by reaching a broad mathematical community, and providing encouragement and support for new students to the field.  The PI actively participated in the training of students and postdocs in von Neumann algebras.  He co-organized Vanderbilt's spring institute on Noncommutative geometry and operator algebras.  He also co-organized of Vanderbilt's weekly Subfactor seminar.  The research in this project directly contributed to the training of numerous students and postdocs, especially at Vanderbilt.       Last Modified: 09/29/2023       Submitted by: Jesse Peterson]]></POR_COPY_TXT>
</POR>
</Award>
</rootTag>
