<?xml version="1.0" encoding="UTF-8"?>
<rootTag>
<Award>
<AwardTitle><![CDATA[Development of a Data Analytics Education Pathway]]></AwardTitle>
<AGENCY>NSF</AGENCY>
<AwardEffectiveDate>08/01/2018</AwardEffectiveDate>
<AwardExpirationDate>07/31/2022</AwardExpirationDate>
<AwardTotalIntnAmount>221951.00</AwardTotalIntnAmount>
<AwardAmount>221951</AwardAmount>
<AwardInstrument>
<Value>Standard Grant</Value>
</AwardInstrument>
<Organization>
<Code>11040100</Code>
<Directorate>
<Abbreviation>EDU</Abbreviation>
<LongName>Directorate for STEM Education</LongName>
</Directorate>
<Division>
<Abbreviation>DUE</Abbreviation>
<LongName>Division Of Undergraduate Education</LongName>
</Division>
</Organization>
<ProgramOfficer>
<SignBlockName>R. Corby Hovis</SignBlockName>
<PO_EMAI>chovis@nsf.gov</PO_EMAI>
<PO_PHON>7032924625</PO_PHON>
</ProgramOfficer>
<AbstractNarration><![CDATA[Data analytics technicians support cyber defense and cyber operations within the vast network of U.S. military and National Security Agency strategic efforts, as well as in a growing number of businesses and industries. To meet the need for data analytics technicians, this project at Honolulu Community College aims to create and implement a Data Analytics career pathway, in collaboration with the Information Technology Management Department at the Shidler College of Business (University of Hawaii, Manoa). The project aims to: (1) make Honolulu Community College a regional hub for training data analytics technicians, phasing in a multi-entry, multi-exit career pathway; (2) address workforce development needs for Hawaii's strategic defense role in the Pacific Rim; (3) increase participation by Native Hawaiian students, women, and veterans in science, technology, engineering, and math (STEM) careers; and (4) develop five innovative data analytics courses featuring state-of-the-art virtual labs. Government offices and companies will provide feedback on project activities, as well as offer internship opportunities for students in the program. All project content will be publicly available on www.pcatt.org, for use by other groups interested in building data analytics technician programs.&lt;br/&gt;&lt;br/&gt;To prepare graduates for jobs as data analytics technicians, the project will develop a Data Analytics Certificate of Achievement within the associate of science degree program in Computing, Electronics, and Networking Technology at Honolulu Community College.  Where possible, courses for the Data Analytics Certificate of Achievement will be developed by curating and repurposing content from ATE centers and projects, such as Oceans of Data Institute in Massachusetts and the DATA project in Ohio. The program plans to build a bridge between Honolulu Community College and the Shidler College of Business by involving Honolulu Community College and Shidler College of Business students in team activities and by developing an articulation agreement that supports the transition of Honolulu Community College students into the Data Analytics Specialization at the university. The project will also collaborate with the Hawaii and California information technology (IT) apprenticeship efforts (funded by the US Department of Labor) to seed the adoption of an IT apprenticeship as an option to the trades and increase enrollments in the Data Analytics Certificate of Achievement program. (These states integrate community college credit into IT apprenticeships so that the internship supports progress toward a credential or degree.) The project aims to increase participation of Native Hawaiian students, women, and veterans in STEM careers by: (a) coordinating with business partners for inter-island academic year projects that will allow virtual high school teams to address local issues via data analysis; and (b) juxtaposing an ongoing GenCyber camp at Honolulu Community College with a new Hawaii Open Data Analytics Academy that will include projects with cultural and generational relevance.&lt;br/&gt;&lt;br/&gt;This award reflects NSF's statutory mission and has been deemed worthy of support through evaluation using the Foundation's intellectual merit and broader impacts review criteria.]]></AbstractNarration>
<MinAmdLetterDate>03/30/2018</MinAmdLetterDate>
<MaxAmdLetterDate>03/30/2018</MaxAmdLetterDate>
<ARRAAmount/>
<TRAN_TYPE>Grant</TRAN_TYPE>
<CFDA_NUM>47.076</CFDA_NUM>
<NSF_PAR_USE_FLAG>1</NSF_PAR_USE_FLAG>
<FUND_AGCY_CODE>4900</FUND_AGCY_CODE>
<AWDG_AGCY_CODE>4900</AWDG_AGCY_CODE>
<AwardID>1801190</AwardID>
<Investigator>
<FirstName>Sally</FirstName>
<LastName>Dunan</LastName>
<PI_MID_INIT/>
<PI_SUFX_NAME/>
<PI_FULL_NAME>Sally Dunan</PI_FULL_NAME>
<EmailAddress><![CDATA[sdunan@hawaii.edu]]></EmailAddress>
<NSF_ID>000757642</NSF_ID>
<StartDate>03/30/2018</StartDate>
<EndDate/>
<RoleCode>Co-Principal Investigator</RoleCode>
</Investigator>
<Investigator>
<FirstName>Wayne</FirstName>
<LastName>Lewis</LastName>
<PI_MID_INIT>S</PI_MID_INIT>
<PI_SUFX_NAME/>
<PI_FULL_NAME>Wayne S Lewis</PI_FULL_NAME>
<EmailAddress><![CDATA[waynel@math.hawaii.edu]]></EmailAddress>
<NSF_ID>000407413</NSF_ID>
<StartDate>03/30/2018</StartDate>
<EndDate/>
<RoleCode>Principal Investigator</RoleCode>
</Investigator>
<Institution>
<Name><![CDATA[University of Hawaii]]></Name>
<CityName>HONOLULU</CityName>
<ZipCode>968222247</ZipCode>
<PhoneNumber>8089567800</PhoneNumber>
<StreetAddress><![CDATA[2425 CAMPUS RD SINCLAIR RM 1]]></StreetAddress>
<StreetAddress2/>
<CountryName>United States</CountryName>
<StateName>Hawaii</StateName>
<StateCode>HI</StateCode>
<CONGRESSDISTRICT>01</CONGRESSDISTRICT>
<CONGRESS_DISTRICT_ORG>HI01</CONGRESS_DISTRICT_ORG>
<ORG_UEI_NUM>NSCKLFSSABF2</ORG_UEI_NUM>
<ORG_LGL_BUS_NAME>UNIVERSITY OF HAWAII</ORG_LGL_BUS_NAME>
<ORG_PRNT_UEI_NUM/>
</Institution>
<Performance_Institution>
<Name><![CDATA[Honolulu Community College]]></Name>
<CityName>Honolulu</CityName>
<StateCode>HI</StateCode>
<ZipCode>968174505</ZipCode>
<StreetAddress><![CDATA[874 Dillingham Blvd.]]></StreetAddress>
<CountryCode>US</CountryCode>
<CountryName>United States</CountryName>
<StateName>Hawaii</StateName>
<CountryFlag>1</CountryFlag>
<CONGRESSDISTRICT>01</CONGRESSDISTRICT>
<CONGRESS_DISTRICT_PERF>HI01</CONGRESS_DISTRICT_PERF>
</Performance_Institution>
<ProgramElement>
<Code>7412</Code>
<Text>Advanced Tech Education Prog</Text>
</ProgramElement>
<ProgramReference>
<Code>1032</Code>
<Text>ADVANCED TECHNOLOGY EDUCATION</Text>
</ProgramReference>
<ProgramReference>
<Code>9150</Code>
<Text>EXP PROG TO STIM COMP RES</Text>
</ProgramReference>
<ProgramReference>
<Code>9178</Code>
<Text>UNDERGRADUATE EDUCATION</Text>
</ProgramReference>
<ProgramReference>
<Code>SMET</Code>
<Text>SCIENCE, MATH, ENG &amp; TECH EDUCATION</Text>
</ProgramReference>
<Appropriation>
<Code>0418</Code>
<Name>NSF Education &amp; Human Resource</Name>
<APP_SYMB_ID>040106</APP_SYMB_ID>
</Appropriation>
<Fund>
<Code>04001819DB</Code>
<Name><![CDATA[NSF Education & Human Resource]]></Name>
<FUND_SYMB_ID>040106</FUND_SYMB_ID>
</Fund>
<FUND_OBLG>2018~221951</FUND_OBLG>
<POR>
<DRECONTENT><![CDATA[<div class="porColContainerWBG"> <div class="porContentCol"><p>NSF supported the Honolulu CC Development of a Data Analytics Education Pathway project. In the milieu of the untimely global pandemic, realizing the goals of the project became impossible. The decision was ultimately made to allow the project to succumb to the virus. A little over $113,119 of the original $221,951 award was returned to the source from whence it came.</p> <p>Efforts now shift focus to extant programs and pathways led by the University of Hawaii Data Science Institute (HI-DSI), a University of Hawai&#699;i System-wide effort, which facilitates the creation of new degree and certificate programs that meet  student and employer needs, and foster partnerships with industry.&nbsp;</p> <p>There are significant workforce opportunities for Hawai&#699;i students headed toward data analytics careers in healthcare, sustainability, finance, energy, astronomy, aerospace, cybersecurity, and high performance computing. Students focused on business development and entrepreneurship continue to leverage UH programs dedicated to building bridges and pathways around innovation and commercialization. Data visualization involving smart data collection by network sensors and virtual reality based exploration of coral reef systems provide opportunities for students wishing to leverage successes led by HI-DSI.</p> <p>NSF support for the Honolulu CC Development of a Data Analytics Education  Pathway project facilitated new connections between eduators in the UH system and the Hawai&#699;i Department of Education and&nbsp;Hawai&#699;i business and industry leaders. The ideas and inspiration shared by the individuals involved in the NSF project will continue to motivate efforts to increase student access to modern data driven opportunities.</p><br> <p>            Last Modified: 01/24/2023<br>      Modified by: Wayne&nbsp;S&nbsp;Lewis</p> </div> <div class="porSideCol"></div> </div>]]></DRECONTENT>
<POR_COPY_TXT><![CDATA[ NSF supported the Honolulu CC Development of a Data Analytics Education Pathway project. In the milieu of the untimely global pandemic, realizing the goals of the project became impossible. The decision was ultimately made to allow the project to succumb to the virus. A little over $113,119 of the original $221,951 award was returned to the source from whence it came.  Efforts now shift focus to extant programs and pathways led by the University of Hawaii Data Science Institute (HI-DSI), a University of Hawai&#699;i System-wide effort, which facilitates the creation of new degree and certificate programs that meet  student and employer needs, and foster partnerships with industry.   There are significant workforce opportunities for Hawai&#699;i students headed toward data analytics careers in healthcare, sustainability, finance, energy, astronomy, aerospace, cybersecurity, and high performance computing. Students focused on business development and entrepreneurship continue to leverage UH programs dedicated to building bridges and pathways around innovation and commercialization. Data visualization involving smart data collection by network sensors and virtual reality based exploration of coral reef systems provide opportunities for students wishing to leverage successes led by HI-DSI.  NSF support for the Honolulu CC Development of a Data Analytics Education  Pathway project facilitated new connections between eduators in the UH system and the Hawai&#699;i Department of Education and Hawai&#699;i business and industry leaders. The ideas and inspiration shared by the individuals involved in the NSF project will continue to motivate efforts to increase student access to modern data driven opportunities.       Last Modified: 01/24/2023       Submitted by: Wayne S Lewis]]></POR_COPY_TXT>
</POR>
</Award>
</rootTag>
