<?xml version="1.0" encoding="UTF-8"?>
<rootTag>
<Award>
<AwardTitle><![CDATA[SaTC: CORE: Medium: Collaborative: Rethinking Access Pattern Privacy: From Theory to Practice]]></AwardTitle>
<AGENCY>NSF</AGENCY>
<AwardEffectiveDate>09/01/2018</AwardEffectiveDate>
<AwardExpirationDate>09/30/2018</AwardExpirationDate>
<AwardTotalIntnAmount>249992.00</AwardTotalIntnAmount>
<AwardAmount>0</AwardAmount>
<AwardInstrument>
<Value>Standard Grant</Value>
</AwardInstrument>
<Organization>
<Code>05050000</Code>
<Directorate>
<Abbreviation>CSE</Abbreviation>
<LongName>Direct For Computer &amp; Info Scie &amp; Enginr</LongName>
</Directorate>
<Division>
<Abbreviation>CNS</Abbreviation>
<LongName>Division Of Computer and Network Systems</LongName>
</Division>
</Organization>
<ProgramOfficer>
<SignBlockName>Jeremy Epstein</SignBlockName>
<PO_EMAI>jepstein@nsf.gov</PO_EMAI>
<PO_PHON>7032928338</PO_PHON>
</ProgramOfficer>
<AbstractNarration><![CDATA[When a program accesses data stored in memory, disk, or on a remote server, its access patterns can leak information about the secret inputs and data. There has been decades of work that investigated how to make a program "oblivious", such that its access patterns leak nothing about the secret inputs or data. Past techniques, however, incur a considerable performance overhead. This project conceives and investigates new, relaxed notions of access pattern privacy, and discovers new algorithms that achieve such notions of privacy with little to no overhead. The project includes training of Ph.D. students and postdoctoral researchers, and mentoring activities focused on high school, undergraduate, and graduate students.&lt;br/&gt;&lt;br/&gt;This project rethinks the definition of access pattern privacy, including (but not limited to) a new notion called "differential obliviousness" that is the differential privacy analog for access patterns. The project establishes theoretical understanding, including new lower and upper bounds, of the extent to which various privacy notions impact the performance of programs. The investigators also explore the practical performance of new privacy-preserving algorithms in cloud outsourcing and database scenarios. The project develops open-source libraries for the new, differentially oblivious algorithms and data structures.&lt;br/&gt;&lt;br/&gt;This award reflects NSF's statutory mission and has been deemed worthy of support through evaluation using the Foundation's intellectual merit and broader impacts review criteria.]]></AbstractNarration>
<MinAmdLetterDate>08/08/2018</MinAmdLetterDate>
<MaxAmdLetterDate>02/12/2019</MaxAmdLetterDate>
<ARRAAmount/>
<TRAN_TYPE>Grant</TRAN_TYPE>
<CFDA_NUM>47.070</CFDA_NUM>
<NSF_PAR_USE_FLAG>1</NSF_PAR_USE_FLAG>
<FUND_AGCY_CODE>4900</FUND_AGCY_CODE>
<AWDG_AGCY_CODE>4900</AWDG_AGCY_CODE>
<AwardID>1801525</AwardID>
<Investigator>
<FirstName>Yaacov</FirstName>
<LastName>Nissim Kobliner</LastName>
<PI_MID_INIT/>
<PI_SUFX_NAME/>
<PI_FULL_NAME>Yaacov Nissim Kobliner</PI_FULL_NAME>
<EmailAddress><![CDATA[kobbi.nissim@georgetown.edu]]></EmailAddress>
<NSF_ID>000701169</NSF_ID>
<StartDate>08/08/2018</StartDate>
<EndDate/>
<RoleCode>Principal Investigator</RoleCode>
</Investigator>
<Institution>
<Name><![CDATA[Georgetown University]]></Name>
<CityName>WASHINGTON</CityName>
<ZipCode>200570001</ZipCode>
<PhoneNumber>2026250100</PhoneNumber>
<StreetAddress><![CDATA[MAIN CAMPUS]]></StreetAddress>
<StreetAddress2/>
<CountryName>United States</CountryName>
<StateName>District of Columbia</StateName>
<StateCode>DC</StateCode>
<CONGRESSDISTRICT>00</CONGRESSDISTRICT>
<CONGRESS_DISTRICT_ORG>DC00</CONGRESS_DISTRICT_ORG>
<ORG_UEI_NUM>TF2CMKY1HMX9</ORG_UEI_NUM>
<ORG_LGL_BUS_NAME>GEORGETOWN UNIVERSITY</ORG_LGL_BUS_NAME>
<ORG_PRNT_UEI_NUM>ZFHYYLPJW7Q1</ORG_PRNT_UEI_NUM>
</Institution>
<Performance_Institution>
<Name><![CDATA[Georgetown University]]></Name>
<CityName>Washington</CityName>
<StateCode>DC</StateCode>
<ZipCode>200571789</ZipCode>
<StreetAddress><![CDATA[37th & O St. NW]]></StreetAddress>
<CountryCode>US</CountryCode>
<CountryName>United States</CountryName>
<StateName>District of Columbia</StateName>
<CountryFlag>1</CountryFlag>
<CONGRESSDISTRICT>00</CONGRESSDISTRICT>
<CONGRESS_DISTRICT_PERF>DC00</CONGRESS_DISTRICT_PERF>
</Performance_Institution>
<ProgramElement>
<Code>8060</Code>
<Text>Secure &amp;Trustworthy Cyberspace</Text>
</ProgramElement>
<ProgramReference>
<Code>025Z</Code>
<Text>SaTC: Secure and Trustworthy Cyberspace</Text>
</ProgramReference>
<ProgramReference>
<Code>7434</Code>
<Text>CNCI</Text>
</ProgramReference>
<ProgramReference>
<Code>7924</Code>
<Text>MEDIUM PROJECT</Text>
</ProgramReference>
<Appropriation>
<Code>0118</Code>
<Name>NSF RESEARCH &amp; RELATED ACTIVIT</Name>
<APP_SYMB_ID>040100</APP_SYMB_ID>
</Appropriation>
<Fund>
<Code>01001819DB</Code>
<Name><![CDATA[NSF RESEARCH & RELATED ACTIVIT]]></Name>
<FUND_SYMB_ID>040100</FUND_SYMB_ID>
</Fund>
<FUND_OBLG>2018~0</FUND_OBLG>
</Award>
</rootTag>
