<?xml version="1.0" encoding="UTF-8"?>
<rootTag>
<Award>
<AwardTitle><![CDATA[SaTC: CORE: Medium: Collaborative: Countermeasures Against Side-Channels Attacks Targeting Hardware and Embedded System Implementations of Post-Quantum Cryptographic Algorithms]]></AwardTitle>
<AGENCY>NSF</AGENCY>
<AwardEffectiveDate>10/01/2018</AwardEffectiveDate>
<AwardExpirationDate>08/31/2024</AwardExpirationDate>
<AwardTotalIntnAmount>450000.00</AwardTotalIntnAmount>
<AwardAmount>450000</AwardAmount>
<AwardInstrument>
<Value>Continuing Grant</Value>
</AwardInstrument>
<Organization>
<Code>05050000</Code>
<Directorate>
<Abbreviation>CSE</Abbreviation>
<LongName>Direct For Computer &amp; Info Scie &amp; Enginr</LongName>
</Directorate>
<Division>
<Abbreviation>CNS</Abbreviation>
<LongName>Division Of Computer and Network Systems</LongName>
</Division>
</Organization>
<ProgramOfficer>
<SignBlockName>Karen Karavanic</SignBlockName>
<PO_EMAI>kkaravan@nsf.gov</PO_EMAI>
<PO_PHON>7032922594</PO_PHON>
</ProgramOfficer>
<AbstractNarration><![CDATA[Quantum computers are believed to have a potential to perform specialized calculations beyond the reach of any supercomputer in existence today, threatening today's major public-key cryptography standards. Post-Quantum Cryptography (PQC) is devoted to the design and analysis of cryptographic algorithms that are resistant against any known attacks using quantum computers, but by themselves can be implemented using classical computing platforms, based on current semiconductor technologies. This project aims to develop effective methods of protecting the implementations of emerging PQC schemes against powerful side-channel attacks based on exploiting power consumption of cryptographic devices and/or intentional transient faults affecting their operation.&lt;br/&gt;&lt;br/&gt;The algorithms to be investigated represent several major PQC families and three major categories of public-key cryptography applications: encryption, digital signature, and key encapsulation mechanism. The goal of the project is to determine the cost of effective countermeasures against power and fault attacks in terms of the commonly accepted software and hardware performance metrics. The research thrusts will (i) investigate the effects of countermeasures against fault attacks on resiliency to power attacks, and (ii) propose solutions to achieve combined fault and power analysis resiliency. The project will involve several significant extensions to preliminarily-developed experimental platform: Flexible Open-source workBench fOr Side-channel analysis (FOBOS).&lt;br/&gt;&lt;br/&gt;Power and fault attacks are real threats to practical implementation of PQC and may significantly thwart the successful transition to new standards. This project will investigate systematic, long-term study of countermeasures against these attacks, which may make transition to PQC more secure, benefiting Internet users worldwide. The outreach activities will include motivational lectures at high schools, promoting and supervising undergraduate research, and organizing a series of international competitions for graduate students. The knowledge and experience gained will be integrated into several course modules, developed jointly by all investigators and shared on-line.&lt;br/&gt;&lt;br/&gt;It is expected that multiple algorithms, computer-aided design tools, software programs, and hardware designs will be developed throughout the project period. Project deliverables will be made available to researchers and educators in the non-profit sector, such as universities, research institutions, and government laboratories. To make it easy to maintain, disseminate, and distribute code and data from this project, a single server will be dedicated to keeping all the draft and final copies of the deliverables. This server will be maintained through the project period and additional five years beyond. The project website will be continuously available at http://www.pqcSCA.com.&lt;br/&gt;&lt;br/&gt;This award reflects NSF's statutory mission and has been deemed worthy of support through evaluation using the Foundation's intellectual merit and broader impacts review criteria.]]></AbstractNarration>
<MinAmdLetterDate>09/05/2018</MinAmdLetterDate>
<MaxAmdLetterDate>10/15/2020</MaxAmdLetterDate>
<ARRAAmount/>
<TRAN_TYPE>Grant</TRAN_TYPE>
<CFDA_NUM>47.070</CFDA_NUM>
<NSF_PAR_USE_FLAG>1</NSF_PAR_USE_FLAG>
<FUND_AGCY_CODE>4900</FUND_AGCY_CODE>
<AWDG_AGCY_CODE>4900</AWDG_AGCY_CODE>
<AwardID>1801512</AwardID>
<Investigator>
<FirstName>Krzysztof</FirstName>
<LastName>Gaj</LastName>
<PI_MID_INIT/>
<PI_SUFX_NAME/>
<PI_FULL_NAME>Krzysztof Gaj</PI_FULL_NAME>
<EmailAddress><![CDATA[kgaj@gmu.edu]]></EmailAddress>
<NSF_ID>000165876</NSF_ID>
<StartDate>09/05/2018</StartDate>
<EndDate/>
<RoleCode>Principal Investigator</RoleCode>
</Investigator>
<Investigator>
<FirstName>Jens-Peter</FirstName>
<LastName>Kaps</LastName>
<PI_MID_INIT>E</PI_MID_INIT>
<PI_SUFX_NAME/>
<PI_FULL_NAME>Jens-Peter E Kaps</PI_FULL_NAME>
<EmailAddress><![CDATA[jkaps@gmu.edu]]></EmailAddress>
<NSF_ID>000075767</NSF_ID>
<StartDate>09/05/2018</StartDate>
<EndDate/>
<RoleCode>Co-Principal Investigator</RoleCode>
</Investigator>
<Institution>
<Name><![CDATA[George Mason University]]></Name>
<CityName>FAIRFAX</CityName>
<ZipCode>220304422</ZipCode>
<PhoneNumber>7039932295</PhoneNumber>
<StreetAddress><![CDATA[4400 UNIVERSITY DR]]></StreetAddress>
<StreetAddress2/>
<CountryName>United States</CountryName>
<StateName>Virginia</StateName>
<StateCode>VA</StateCode>
<CONGRESSDISTRICT>11</CONGRESSDISTRICT>
<CONGRESS_DISTRICT_ORG>VA11</CONGRESS_DISTRICT_ORG>
<ORG_UEI_NUM>EADLFP7Z72E5</ORG_UEI_NUM>
<ORG_LGL_BUS_NAME>GEORGE MASON UNIVERSITY</ORG_LGL_BUS_NAME>
<ORG_PRNT_UEI_NUM/>
</Institution>
<Performance_Institution>
<Name><![CDATA[George Mason University]]></Name>
<CityName>Fairfax</CityName>
<StateCode>VA</StateCode>
<ZipCode>220304422</ZipCode>
<StreetAddress><![CDATA[4400 University Drive]]></StreetAddress>
<CountryCode>US</CountryCode>
<CountryName>United States</CountryName>
<StateName>Virginia</StateName>
<CountryFlag>1</CountryFlag>
<CONGRESSDISTRICT>11</CONGRESSDISTRICT>
<CONGRESS_DISTRICT_PERF>VA11</CONGRESS_DISTRICT_PERF>
</Performance_Institution>
<ProgramElement>
<Code>8060</Code>
<Text>Secure &amp;Trustworthy Cyberspace</Text>
</ProgramElement>
<ProgramReference>
<Code>025Z</Code>
<Text>SaTC: Secure and Trustworthy Cyberspace</Text>
</ProgramReference>
<ProgramReference>
<Code>7434</Code>
<Text>CNCI</Text>
</ProgramReference>
<ProgramReference>
<Code>7924</Code>
<Text>MEDIUM PROJECT</Text>
</ProgramReference>
<Appropriation>
<Code>0118</Code>
<Name>NSF RESEARCH &amp; RELATED ACTIVIT</Name>
<APP_SYMB_ID>040100</APP_SYMB_ID>
</Appropriation>
<Appropriation>
<Code>0119</Code>
<Name>NSF RESEARCH &amp; RELATED ACTIVIT</Name>
<APP_SYMB_ID>040100</APP_SYMB_ID>
</Appropriation>
<Appropriation>
<Code>0120</Code>
<Name>NSF RESEARCH &amp; RELATED ACTIVIT</Name>
<APP_SYMB_ID>040100</APP_SYMB_ID>
</Appropriation>
<Fund>
<Code>01001819DB</Code>
<Name><![CDATA[NSF RESEARCH & RELATED ACTIVIT]]></Name>
<FUND_SYMB_ID>040100</FUND_SYMB_ID>
</Fund>
<Fund>
<Code>01001920DB</Code>
<Name><![CDATA[NSF RESEARCH & RELATED ACTIVIT]]></Name>
<FUND_SYMB_ID>040100</FUND_SYMB_ID>
</Fund>
<Fund>
<Code>01002021DB</Code>
<Name><![CDATA[NSF RESEARCH & RELATED ACTIVIT]]></Name>
<FUND_SYMB_ID>040100</FUND_SYMB_ID>
</Fund>
<FUND_OBLG>2018~105571</FUND_OBLG>
<FUND_OBLG>2019~110108</FUND_OBLG>
<FUND_OBLG>2020~234321</FUND_OBLG>
</Award>
</rootTag>
