<?xml version="1.0" encoding="UTF-8"?>
<rootTag>
<Award>
<AwardTitle><![CDATA[RAPID:  Hurricane Maria:   ASSESSING LANDSCAPE RESILIENCE TO A CHANGING DISTURBANCE REGIME]]></AwardTitle>
<AGENCY>NSF</AGENCY>
<AwardEffectiveDate>01/01/2018</AwardEffectiveDate>
<AwardExpirationDate>06/30/2019</AwardExpirationDate>
<AwardTotalIntnAmount>174799.00</AwardTotalIntnAmount>
<AwardAmount>174799</AwardAmount>
<AwardInstrument>
<Value>Standard Grant</Value>
</AwardInstrument>
<Organization>
<Code>08010209</Code>
<Directorate>
<Abbreviation>BIO</Abbreviation>
<LongName>Direct For Biological Sciences</LongName>
</Directorate>
<Division>
<Abbreviation>DEB</Abbreviation>
<LongName>Division Of Environmental Biology</LongName>
</Division>
</Organization>
<ProgramOfficer>
<SignBlockName>Matthew Kane</SignBlockName>
<PO_EMAI>mkane@nsf.gov</PO_EMAI>
<PO_PHON>7032927186</PO_PHON>
</ProgramOfficer>
<AbstractNarration><![CDATA[The intensity of hurricanes is anticipated to rise with rising temperatures and individual storms can have dramatic impacts on the carbon dynamics in forests. A strong, single hurricane can convert significant amounts of living forest carbon into dead biomass, and much of that carbon will return to the atmosphere through natural decomposition and soil carbon losses. This acts as a positive feedback to a warming climate. Severe storms also change species composition making the forest vulnerable to subsequent hurricanes. The majority of studies on impacts of hurricanes on ecosystems, however, have been conducted at the plot level and over a limited range of environmental conditions. As a result, our understanding of the factors that impact forest vulnerability to hurricanes and post-storm recovery at the landscape scale is extremely limited. This research will investigate the effects of Hurricane Maria on forested landscapes in Puerto Rico using a combination of a remotely sensed satellite products, data from field plots, and mathematical models. The proposed research will generate data and knowledge essential for the development of forest management practices that are resilient to climate variability and change. Data will be made publicly available and shared with government agencies. One technician, one graduate student, and ten field volunteers will be trained in ecological research. A RAPID response is required to prevent loss of data due to vegetation decomposition and to link remote sensing data to ground observations of damage. Re-growth after storms is swift; the remote sensing signal lasts approximately 1 year following a storm, until post-storm recovery generates new leaf biomass.&lt;br/&gt;&lt;br/&gt;Hurricanes represent the dominant natural disturbance in temperate and tropical forests in coastal regions of the North Atlantic. Severe storms also favor recruitment of early successional tree species that are particularly vulnerable to subsequent hurricanes, acting as a positive feedback that exacerbates ecosystem vulnerability. The spatial distribution of wind damage across the landscape depends on storm meteorology, physical landscape heterogeneity, and the attributes of individual trees and aggregate stand structure. Disentangling the contribution of each of these factors to observed damage can be difficult because tree species differ in their vulnerability to storm damage and, at the same time, are distributed in a non-random fashion with respect to landscape factors. Understanding ecosystem vulnerability to severe storms over large spatial extents requires approaches that can tease apart the contributions of landscape and local factors. The proposed research will rely on recent advances in remote sensing tools including optical and hyperspectral images and Light Detection and Ranging to generate novel insights into the landscape and local factors that lead to spatial heterogeneity in storm impacts across broad spatial extents. Investigators will address the following questions: 1) how do landscape characteristics such as topography, slope, aspect, geology, and forest age and fragmentation influence wind damage and biomass loss after a severe hurricane; 2) what is the selective pressure of hurricane damage on forest composition; and (3) how does landscape heterogeneity influence biomass recovery?]]></AbstractNarration>
<MinAmdLetterDate>11/21/2017</MinAmdLetterDate>
<MaxAmdLetterDate>11/21/2017</MaxAmdLetterDate>
<ARRAAmount/>
<TRAN_TYPE>Grant</TRAN_TYPE>
<CFDA_NUM>47.074</CFDA_NUM>
<NSF_PAR_USE_FLAG>1</NSF_PAR_USE_FLAG>
<FUND_AGCY_CODE>4900</FUND_AGCY_CODE>
<AWDG_AGCY_CODE>4900</AWDG_AGCY_CODE>
<AwardID>1801315</AwardID>
<Investigator>
<FirstName>Maria</FirstName>
<LastName>Uriarte</LastName>
<PI_MID_INIT/>
<PI_SUFX_NAME/>
<PI_FULL_NAME>Maria Uriarte</PI_FULL_NAME>
<EmailAddress><![CDATA[mu2126@columbia.edu]]></EmailAddress>
<NSF_ID>000166345</NSF_ID>
<StartDate>11/21/2017</StartDate>
<EndDate/>
<RoleCode>Principal Investigator</RoleCode>
</Investigator>
<Institution>
<Name><![CDATA[Columbia University]]></Name>
<CityName>NEW YORK</CityName>
<ZipCode>100277922</ZipCode>
<PhoneNumber>2128546851</PhoneNumber>
<StreetAddress><![CDATA[615 W 131ST ST]]></StreetAddress>
<StreetAddress2><![CDATA[MC 8741]]></StreetAddress2>
<CountryName>United States</CountryName>
<StateName>New York</StateName>
<StateCode>NY</StateCode>
<CONGRESSDISTRICT>13</CONGRESSDISTRICT>
<CONGRESS_DISTRICT_ORG>NY13</CONGRESS_DISTRICT_ORG>
<ORG_UEI_NUM>F4N1QNPB95M4</ORG_UEI_NUM>
<ORG_LGL_BUS_NAME>THE TRUSTEES OF COLUMBIA UNIVERSITY IN THE CITY OF NEW YORK</ORG_LGL_BUS_NAME>
<ORG_PRNT_UEI_NUM/>
</Institution>
<Performance_Institution>
<Name><![CDATA[Columbia University]]></Name>
<CityName>New York</CityName>
<StateCode>NY</StateCode>
<ZipCode>100276814</ZipCode>
<StreetAddress><![CDATA[120 Amsterdam Avenue]]></StreetAddress>
<CountryCode>US</CountryCode>
<CountryName>United States</CountryName>
<StateName>New York</StateName>
<CountryFlag>1</CountryFlag>
<CONGRESSDISTRICT>13</CONGRESSDISTRICT>
<CONGRESS_DISTRICT_PERF>NY13</CONGRESS_DISTRICT_PERF>
</Performance_Institution>
<ProgramElement>
<Code>075Y</Code>
<Text>Hurricane Maria 2017</Text>
</ProgramElement>
<ProgramReference>
<Code>1181</Code>
<Text>ECOSYSTEM STUDIES</Text>
</ProgramReference>
<ProgramReference>
<Code>7914</Code>
<Text>RAPID</Text>
</ProgramReference>
<Appropriation>
<Code>0118</Code>
<Name>NSF RESEARCH &amp; RELATED ACTIVIT</Name>
<APP_SYMB_ID>040100</APP_SYMB_ID>
</Appropriation>
<Fund>
<Code>01001819DB</Code>
<Name><![CDATA[NSF RESEARCH & RELATED ACTIVIT]]></Name>
<FUND_SYMB_ID>040100</FUND_SYMB_ID>
</Fund>
<FUND_OBLG>2018~174799</FUND_OBLG>
<POR>
<DRECONTENT><![CDATA[<div class="porColContainerWBG"> <div class="porContentCol"><p>&nbsp;</p> <p class="AbstractSummary"><span style="font-family: Arial; font-size: small;">Our project studied the effects of Hurricane Maria on forests in the island of Puerto Rico. To do so, we used a combination of satellite images, data from field plots, and models. Hurricane Mar?a was a category 4 storm that struck Puerto Rico on September 20, 2017 and brought record-breaking rainfall over much of the island. It was the most intense storm to make landfall since 1928 and the impacts of this storm may herald future forest responses to storms under a changing climate. Our research asks the following questions:</span></p> <p class="AbstractSummary"><span style="font-family: Arial; font-size: small;"><br /></span></p> <p><span style="font-family: Arial; font-size: small;">&nbsp;</span><strong><span style="font-family: Arial; font-size: small;">1.<span>&nbsp;&nbsp; </span></span></strong><strong><span style="font-family: Arial; font-size: small;">How do storm meteorology, landscape characteristics (topography, slope, aspect, geology), and stand characteristics (forest age and height) influence wind damage and biomass loss after a severe hurricane?</span></strong></p> <p class="AbstractSummary"><span style="font-family: Arial; font-size: small;">We combined remotely-sensed and damage data from 26 plots distributed across the island to evaluate the risk factors associated with the magnitude of forest damage caused by Hurricane Maria in Puerto Rican forests and to estimate total aboveground biomass lost to these storms. We estimate that Puerto Rican forests lost approximately one third of standing pre-storm aboveground biomass. Total forest aboveground biomass lost was 15.79 Tg. </span></p> <p class="AbstractSummary"><span style="font-family: Arial; font-size: small;">Storm-related rainfall was a stronger predictor of forest damage than maximum wind speeds. Spatial variation in soil water content and antecedent rainfall were also important risk factors, corroborating the importance of precipitation in regulating forest damage. Previous research has attributed vegetation damage to high wind speeds but our results suggest that rainfall is a more significant risk factor. <span style="color: black;">Expected increases of 20% in hurricane-associated rainfall in the North Atlantic </span>highlight the need to consider how such shifts will influence terrestrial ecosystems.</span></p> <p class="AbstractSummary"><span style="font-family: Arial; font-size: small;"><br /></span></p> <p><span style="font-family: Arial; font-size: small;">&nbsp;</span><span style="color: black; font-family: Arial; font-size: small;">2.<span>&nbsp;&nbsp; </span></span><strong><span style="font-family: Arial; font-size: small;">Do hurricanes favor some species over others? If so, are the effects of H. Maria different from those of previous, weaker storms?</span></strong></p> <p><span style="color: black; font-family: Arial; font-size: small;">We compared tree damage data collected in the same forest in Puerto Rico after Hurricanes Hugo (1989, category 3), Georges (1998, category 3), and Mar?a (2017, category 4). Mar?a killed twice as many trees as Hugo, and for all but two species, broke 2- to 12-fold more stems than the other two storms. Large trees and species with weak wood were particularly vulnerable to uprooting and breakage. </span><span style="font-family: Arial; font-size: small;">Considering observed high delayed mortality rates of broken stems, we estimate that Hurricane Mar?a will triple tree mortality rates in this forest relative to Hugo.</span></p> <p><span style="font-family: Arial; font-size: small;"><br /></span></p> <p><span style="font-family: Arial; font-size: small;">&nbsp;</span><span style="color: black; font-family: Arial; font-size: small;">3.<span>&nbsp;&nbsp; </span></span><strong><span style="color: black; font-family: Arial; font-size: small;">How does hurricane severity influence biomass recovery?&nbsp;</span></strong></p> <p class="AbstractSummary"><span style="color: black; font-family: Arial; font-size: small;">We are using tree damage and recovery data collected after the storm to evaluate the nature and rate of forest recovery under more severe storms. The model predicted reductions in aboveground biomass but increases in belowground carbon storage along with large shifts in tree composition and a massive amount of carbon emissions to the atmosphere under more intense hurricanes.&nbsp;</span><span style="font-family: Arial;">&nbsp;With increased intensity, future hurricane events would convert an equivalent of 25% to 35% of the average annual tropical forest carbon storage rate in Puerto Rico into respired downed or dead biomass.</span></p> <p><span style="font-family: Arial; font-size: small;">&nbsp;</span></p> <p><span style="font-family: Arial; font-size: small;">&nbsp;</span></p> <p><span style="font-family: Arial; font-size: small;">&nbsp;</span></p> <p>&nbsp;</p> <div id="_mcePaste" class="mcePaste" style="position: absolute; left: -10000px; top: 677.818px; width: 1px; height: 1px; overflow: hidden;"> <p class="AbstractSummary" style="margin-top: 0cm;"><span style="font-family: Arial; font-size: medium;"><span style="font-size: 14.0pt;">With increased intensity, future hurricane events would convert an equivalent of 25% to 35% of the average annual tropical forest carbon storage rate in Puerto Rico into respired downed or dead biomass.</span></span></p> </div><br> <p>            Last Modified: 09/16/2019<br>      Modified by: Maria&nbsp;Uriarte</p> </div> <div class="porSideCol"></div> </div>]]></DRECONTENT>
<POR_COPY_TXT><![CDATA[   Our project studied the effects of Hurricane Maria on forests in the island of Puerto Rico. To do so, we used a combination of satellite images, data from field plots, and models. Hurricane Mar?a was a category 4 storm that struck Puerto Rico on September 20, 2017 and brought record-breaking rainfall over much of the island. It was the most intense storm to make landfall since 1928 and the impacts of this storm may herald future forest responses to storms under a changing climate. Our research asks the following questions:     1.   How do storm meteorology, landscape characteristics (topography, slope, aspect, geology), and stand characteristics (forest age and height) influence wind damage and biomass loss after a severe hurricane? We combined remotely-sensed and damage data from 26 plots distributed across the island to evaluate the risk factors associated with the magnitude of forest damage caused by Hurricane Maria in Puerto Rican forests and to estimate total aboveground biomass lost to these storms. We estimate that Puerto Rican forests lost approximately one third of standing pre-storm aboveground biomass. Total forest aboveground biomass lost was 15.79 Tg.  Storm-related rainfall was a stronger predictor of forest damage than maximum wind speeds. Spatial variation in soil water content and antecedent rainfall were also important risk factors, corroborating the importance of precipitation in regulating forest damage. Previous research has attributed vegetation damage to high wind speeds but our results suggest that rainfall is a more significant risk factor. Expected increases of 20% in hurricane-associated rainfall in the North Atlantic highlight the need to consider how such shifts will influence terrestrial ecosystems.     2.   Do hurricanes favor some species over others? If so, are the effects of H. Maria different from those of previous, weaker storms?  We compared tree damage data collected in the same forest in Puerto Rico after Hurricanes Hugo (1989, category 3), Georges (1998, category 3), and Mar?a (2017, category 4). Mar?a killed twice as many trees as Hugo, and for all but two species, broke 2- to 12-fold more stems than the other two storms. Large trees and species with weak wood were particularly vulnerable to uprooting and breakage. Considering observed high delayed mortality rates of broken stems, we estimate that Hurricane Mar?a will triple tree mortality rates in this forest relative to Hugo.      3.   How does hurricane severity influence biomass recovery?  We are using tree damage and recovery data collected after the storm to evaluate the nature and rate of forest recovery under more severe storms. The model predicted reductions in aboveground biomass but increases in belowground carbon storage along with large shifts in tree composition and a massive amount of carbon emissions to the atmosphere under more intense hurricanes.  With increased intensity, future hurricane events would convert an equivalent of 25% to 35% of the average annual tropical forest carbon storage rate in Puerto Rico into respired downed or dead biomass.              With increased intensity, future hurricane events would convert an equivalent of 25% to 35% of the average annual tropical forest carbon storage rate in Puerto Rico into respired downed or dead biomass.        Last Modified: 09/16/2019       Submitted by: Maria Uriarte]]></POR_COPY_TXT>
</POR>
</Award>
</rootTag>
