<?xml version="1.0" encoding="UTF-8"?>
<rootTag>
<Award>
<AwardTitle><![CDATA[Enhancing the Instrumentation and Control Technician Program: Instrumentation Acquisition]]></AwardTitle>
<AGENCY>NSF</AGENCY>
<AwardEffectiveDate>10/01/2018</AwardEffectiveDate>
<AwardExpirationDate>09/30/2022</AwardExpirationDate>
<AwardTotalIntnAmount>499655.00</AwardTotalIntnAmount>
<AwardAmount>499655</AwardAmount>
<AwardInstrument>
<Value>Standard Grant</Value>
</AwardInstrument>
<Organization>
<Code>11040100</Code>
<Directorate>
<Abbreviation>EDU</Abbreviation>
<LongName>Directorate for STEM Education</LongName>
</Directorate>
<Division>
<Abbreviation>DUE</Abbreviation>
<LongName>Division Of Undergraduate Education</LongName>
</Division>
</Organization>
<ProgramOfficer>
<SignBlockName>Jill Nelson</SignBlockName>
<PO_EMAI>jnelson@nsf.gov</PO_EMAI>
<PO_PHON>7032920000</PO_PHON>
</ProgramOfficer>
<AbstractNarration><![CDATA[Instrumentation and controls technicians are important in the nation's advanced manufacturing industry. These technicians troubleshoot and repair components of production lines that keep manufacturing processes running smoothly. Currently, industries in Northeast Florida face a shortage of skilled instrumentation and controls technicians. This problem is exacerbated by the predicted turnover of approximately one third of the manufacturing workforce over the next five years because of retirements. Advanced manufacturing industries regularly redesign and streamline production lines, including increasing the use of automated processes. As a result, there is an ongoing expansion of the skills that instrumentation and control technicians need to do their jobs. To address this need, Florida State College at Jacksonville (Florida) will develop a new Instrumentation and Controls concentration for its existing Associate of Science degree in Engineering Technology. The project team will work closely with industry partners to: modify the curriculum; obtain industry-standard equipment for laboratory exercises; and provide problem-based, hands-on learning experiences for students. The project will examine and contribute to what is known about hands-on instrumentation training, support effective strategies for recruiting underrepresented students to the instrumentation and controls field, and help fill the critical need for these technicians in Northeast Florida.&lt;br/&gt;&lt;br/&gt;This project will develop and modify five courses to create a concentration in Instrumentation and Controls for the existing associate degree program. The courses will include hands-on simulation laboratory activities that engage students in the types of processes they will encounter on the job. The activities will give students access to new technologies, and increased practice to master essential industrial instrumentation skills. Authentication assessments and proper procedures for handling sensors and instrumentation will be central components of the curricular modifications. Laboratory tasks will emphasize the development of skills required to manage, operate, calibrate, and troubleshoot equipment. These tasks will also focus on enhancing knowledge associated with experimental, quality, and safety procedures. The project will foster technician skills training using a developmental curriculum that includes embedded and stacked credentials. Students' self-efficacy, sense of belonging, and career awareness related to advanced manufacturing will be measured. The result will be used to document the impact of the courses and lab activities on student learning and preparation for the workforce. Outreach activities will be conducted with area high schools to promote awareness of and career interest in instrumentation and controls technology. The project will emphasize involvement of students from underrepresented and underserved populations, to encourage diversity of the workforce.&lt;br/&gt;&lt;br/&gt;This award reflects NSF's statutory mission and has been deemed worthy of support through evaluation using the Foundation's intellectual merit and broader impacts review criteria.]]></AbstractNarration>
<MinAmdLetterDate>04/09/2018</MinAmdLetterDate>
<MaxAmdLetterDate>04/09/2018</MaxAmdLetterDate>
<ARRAAmount/>
<TRAN_TYPE>Grant</TRAN_TYPE>
<CFDA_NUM>47.076</CFDA_NUM>
<NSF_PAR_USE_FLAG>1</NSF_PAR_USE_FLAG>
<FUND_AGCY_CODE>4900</FUND_AGCY_CODE>
<AWDG_AGCY_CODE>4900</AWDG_AGCY_CODE>
<AwardID>1801140</AwardID>
<Investigator>
<FirstName>Alan</FirstName>
<LastName>Zube</LastName>
<PI_MID_INIT/>
<PI_SUFX_NAME/>
<PI_FULL_NAME>Alan Zube</PI_FULL_NAME>
<EmailAddress><![CDATA[alan.zube@fscj.edu]]></EmailAddress>
<NSF_ID>000757085</NSF_ID>
<StartDate>04/09/2018</StartDate>
<EndDate/>
<RoleCode>Principal Investigator</RoleCode>
</Investigator>
<Investigator>
<FirstName>Patrick</FirstName>
<LastName>Land</LastName>
<PI_MID_INIT>K</PI_MID_INIT>
<PI_SUFX_NAME/>
<PI_FULL_NAME>Patrick K Land</PI_FULL_NAME>
<EmailAddress><![CDATA[Patrick.Land@fscj.edu]]></EmailAddress>
<NSF_ID>000759659</NSF_ID>
<StartDate>04/09/2018</StartDate>
<EndDate/>
<RoleCode>Co-Principal Investigator</RoleCode>
</Investigator>
<Institution>
<Name><![CDATA[Florida State College at Jacksonville]]></Name>
<CityName>JACKSONVILLE</CityName>
<ZipCode>322023099</ZipCode>
<PhoneNumber>9046323327</PhoneNumber>
<StreetAddress><![CDATA[501 WEST STATE STREET]]></StreetAddress>
<StreetAddress2/>
<CountryName>United States</CountryName>
<StateName>Florida</StateName>
<StateCode>FL</StateCode>
<CONGRESSDISTRICT>04</CONGRESSDISTRICT>
<CONGRESS_DISTRICT_ORG>FL04</CONGRESS_DISTRICT_ORG>
<ORG_UEI_NUM>HAMMJVYDY9D9</ORG_UEI_NUM>
<ORG_LGL_BUS_NAME>FLORIDA STATE COLLEGE AT JACKSONVILLE</ORG_LGL_BUS_NAME>
<ORG_PRNT_UEI_NUM/>
</Institution>
<Performance_Institution>
<Name><![CDATA[Florida State College at Jacksonville]]></Name>
<CityName>Jacksonville</CityName>
<StateCode>FL</StateCode>
<ZipCode>322024030</ZipCode>
<StreetAddress><![CDATA[501 West State Street]]></StreetAddress>
<CountryCode>US</CountryCode>
<CountryName>United States</CountryName>
<StateName>Florida</StateName>
<CountryFlag>1</CountryFlag>
<CONGRESSDISTRICT>04</CONGRESSDISTRICT>
<CONGRESS_DISTRICT_PERF>FL04</CONGRESS_DISTRICT_PERF>
</Performance_Institution>
<ProgramElement>
<Code>7412</Code>
<Text>Advanced Tech Education Prog</Text>
</ProgramElement>
<ProgramReference>
<Code>1032</Code>
<Text>ADVANCED TECHNOLOGY EDUCATION</Text>
</ProgramReference>
<ProgramReference>
<Code>9178</Code>
<Text>UNDERGRADUATE EDUCATION</Text>
</ProgramReference>
<ProgramReference>
<Code>SMET</Code>
<Text>SCIENCE, MATH, ENG &amp; TECH EDUCATION</Text>
</ProgramReference>
<Appropriation>
<Code>0418</Code>
<Name>NSF Education &amp; Human Resource</Name>
<APP_SYMB_ID>040106</APP_SYMB_ID>
</Appropriation>
<Fund>
<Code>04001819DB</Code>
<Name><![CDATA[NSF Education & Human Resource]]></Name>
<FUND_SYMB_ID>040106</FUND_SYMB_ID>
</Fund>
<FUND_OBLG>2018~499655</FUND_OBLG>
<POR>
<DRECONTENT><![CDATA[<div class="porColContainerWBG"> <div class="porContentCol"><p>Enhancing the Instrumentation and Control Technician Program: Instrumentation Acquisition was a $499,655 National Science Foundation (NSF ID 1801140) center grant.</p> <p>&nbsp;</p> <p>The projects goal was to develop and modify five courses to create a concentration in Instrumentation and Controls for the existing associate degree program. The courses include hands-on simulation laboratory activities.</p> <p>&nbsp;</p> <p>A large portion of the grant was used to purchase state-of-the-art, instrumentation training equipment. The equipment chosen was based on the advice of the industry advisement panel that was developed specially for this project.</p> <p>&nbsp;</p> <p>Dr. Angela Blackmon of Innovative Learning Center, LLC served as the external evaluator.</p> <p>&nbsp;</p> <p>This project was initiated by former employee, Bill Allen, Director of Development for <strong>FSCJ Works, </strong>even before FSCJ applied for the NSF grant.<strong>&nbsp; </strong>Mr. Allen received a request from a local industry (Rayonier Advanced Materials) for maintenance technicians with experience in instrumentation. Mr. Allen proceeded to contact other industries to determine if similar needs existed throughout the community.</p> <p><strong>&nbsp;</strong></p> <p>&nbsp;</p> <p><strong>Goal 1</strong> - <strong>Results</strong></p> <p>&nbsp;</p> <p><strong>Objective 1.1 -&nbsp; Modify 5 courses</strong></p> <p>FSCJ modified 5 courses based on the Florida curriculum frame works and in coordination with the equipment and software purchased</p> <p>&nbsp;</p> <p><strong>Objective 1.2 &ndash; Launch classes</strong></p> <p>FSCJ launched all 5 courses by the end of year 3.</p> <p>&nbsp;</p> <p><strong>Objective 1.3 -&nbsp; Create ICT BILT team</strong></p> <p>The I &amp; CT roundtable morphed with the Manufacturing BILT and continues to function in guiding the curriculum.</p> <p>&nbsp;</p> <p><strong>Objective 1.4 - Enroll 120 students in I &amp; C tract</strong></p> <p>&nbsp;</p> <p>This goal was not met. Over the term of the grant FSCJ had 104<strong> </strong>students complete at least 1 or more instrumentation classes. Of that 35 students were dual-enrollment students from Englewood High.</p> <p>&nbsp;</p> <p>&nbsp;</p> <p><strong>Objective 1.5 - Increase numbers of underrepresented populations</strong></p> <p><strong>&nbsp;</strong></p> <p>This goal was partially met. As evident in Attachment 1, in the Spring semesters (where FSCJ offers most of the Instrumentation classes, females comprised about 34% of the students.</p> <p>This is compared to less than 5% prior to 2020. In the same spring semesters non-white students averaged 48.3% of the student population, compared to 45% college wide, and an increase of 3.3% prior to 2020.</p> <p>&nbsp;</p> <p><strong>Goal 2</strong> &nbsp;- <strong>Results</strong></p> <p>&nbsp;</p> <p><strong>Objective 2.1 &ndash; Acquire simulation and lab equipment</strong></p> <p>&nbsp;</p> <p>Partnering primarily with Bluegrass Educational Technologies, FSCJ identified and acquired 4 pieces of training equipment. These included:</p> <p>&nbsp;</p> <p>Festo 6090 (2) - Flow and Level Process Control Trainers</p> <p>Festo 3531 &ndash; Pulp/Paper Process Training System</p> <p>Festo 3531 PlantPAx Distributed Control System</p> <p>Festo 5562 MecLab Training Package</p> <p>&nbsp;</p> <p>&nbsp;</p> <p><strong>Objective 2.2 &ndash; Complete face-to-face faculty and lab managers in-service</strong></p> <p><strong>&nbsp;</strong></p> <p>Though affected by the pandemic and shifting faculty, there were 2 faculty in-services conducted for the Festo equipment, as well as training on Simtronics and the OnSyte waste water plant.</p> <p>&nbsp;</p> <p><strong>Objective 2.3</strong> &nbsp;- <strong>Train 10 faculty members and industry representatives on the I&amp;C simulation equipment twice per semester throughout the project cycle.</strong></p> <p>&nbsp;</p> <p>This goal was not met. 3 faculty members (3/4 of the full time staff) and 1 lab manager were trained on the equipment.</p> <p>&nbsp;</p> <p><strong>Objective 2.4 - &nbsp;Provide teaching and learning experiences to 60 students and 60 ICT professionals or incumbent workers.</strong></p> <p>This goal was partially met. Over the term of the grant FSCJ had 167<strong> </strong>students complete at least 1 instrumentation classes.</p> <p>&nbsp;</p> <p><strong>&nbsp;</strong></p> <p><strong>Lessons Learned</strong></p> <p><strong>&nbsp;</strong></p> <p>Despite not meeting all of the projected goals, there were many lessons learned in the development of this project.</p> <p>&nbsp;</p> <p><strong>1) Start with a team that is invested in the project</strong></p> <p>&nbsp;</p> <p>The initial planning team for this project was a former dean, a program director (who had no experience in Instrumentation) and a foundation marketing manager. Although they did a good job assembling the roundtable of industry partners, they did not include any faculty until much later in the project.</p> <p>&nbsp;</p> <p>Equipment was selected without faculty input, and without sufficient investigation as to what other colleges were using in their I &amp; C labs. As a result 2 of the more expensive pieces of lab equipment have limited use in the day to day training.</p> <p>&nbsp;</p> <p>Although we got a lot of initial support from industry for the program, the follow through was less than adequate. 2 of the 3 initial committed donations never materialized. Despite numerous attempts to encourage industries to take advantage of training opportunities, there were no trainings scheduled. The Career Education/Workforce Development needed to be more involved in the marketing portion of the grant.</p> <p>&nbsp;</p> <p>The department needs to be fully staffed and the faculty needs to be fully invested. As a department, the Advanced Manufacturing had 2 deans and 1 interim dean during the span of the project. This lack of stable leadership, did not put sufficient pressure on the faculty to complete all the goals of the project. In addition, the faculty in place has had a teaching overload every semester during this project. Asking them to take on more was unrealistic.</p> <p>&nbsp;</p><br> <p>            Last Modified: 12/04/2022<br>      Modified by: Alan&nbsp;Zube</p> </div> <div class="porSideCol"> <div class="each-gallery"> <div class="galContent" id="gallery0"> <div class="photoCount" id="photoCount0">          Images (<span id="selectedPhoto0">1</span> of <span class="totalNumber"></span>)           </div> <div class="galControls" id="controls0"></div> <div class="galSlideshow" id="slideshow0"></div> <div class="galEmbox" id="embox"> <div class="image-title"></div> </div> </div> <div class="galNavigation" id="navigation0"> <ul class="thumbs" id="thumbs0"> <li> <a href="/por/images/Reports/POR/2022/1801140/1801140_10538046_1670179507577_ICTdemographics--rgov-214x142.jpg" original="/por/images/Reports/POR/2022/1801140/1801140_10538046_1670179507577_ICTdemographics--rgov-800width.jpg" title="Class Demographics"><img src="/por/images/Reports/POR/2022/1801140/1801140_10538046_1670179507577_ICTdemographics--rgov-66x44.jpg" alt="Class Demographics"></a> <div class="imageCaptionContainer"> <div class="imageCaption">Class Demographics</div> <div class="imageCredit">Alan Zube</div> <div class="imagePermisssions">Public Domain</div> <div class="imageSubmitted">Alan&nbsp;Zube</div> <div class="imageTitle">Class Demographics</div> </div> </li> <li> <a href="/por/images/Reports/POR/2022/1801140/1801140_10538046_1670179558506_ICTdemographics--rgov-214x142.jpg" original="/por/images/Reports/POR/2022/1801140/1801140_10538046_1670179558506_ICTdemographics--rgov-800width.jpg" title="Class Demographics"><img src="/por/images/Reports/POR/2022/1801140/1801140_10538046_1670179558506_ICTdemographics--rgov-66x44.jpg" alt="Class Demographics"></a> <div class="imageCaptionContainer"> <div class="imageCaption">Class Demographics</div> <div class="imageCredit">Alan Zube</div> <div class="imagePermisssions">Public Domain</div> <div class="imageSubmitted">Alan&nbsp;Zube</div> <div class="imageTitle">Class Demographics</div> </div> </li> </ul> </div> </div> </div> </div>]]></DRECONTENT>
<POR_COPY_TXT><![CDATA[ Enhancing the Instrumentation and Control Technician Program: Instrumentation Acquisition was a $499,655 National Science Foundation (NSF ID 1801140) center grant.     The projects goal was to develop and modify five courses to create a concentration in Instrumentation and Controls for the existing associate degree program. The courses include hands-on simulation laboratory activities.     A large portion of the grant was used to purchase state-of-the-art, instrumentation training equipment. The equipment chosen was based on the advice of the industry advisement panel that was developed specially for this project.     Dr. Angela Blackmon of Innovative Learning Center, LLC served as the external evaluator.     This project was initiated by former employee, Bill Allen, Director of Development for FSCJ Works, even before FSCJ applied for the NSF grant.  Mr. Allen received a request from a local industry (Rayonier Advanced Materials) for maintenance technicians with experience in instrumentation. Mr. Allen proceeded to contact other industries to determine if similar needs existed throughout the community.        Goal 1 - Results     Objective 1.1 -  Modify 5 courses  FSCJ modified 5 courses based on the Florida curriculum frame works and in coordination with the equipment and software purchased     Objective 1.2 &ndash; Launch classes  FSCJ launched all 5 courses by the end of year 3.     Objective 1.3 -  Create ICT BILT team  The I &amp; CT roundtable morphed with the Manufacturing BILT and continues to function in guiding the curriculum.     Objective 1.4 - Enroll 120 students in I &amp; C tract     This goal was not met. Over the term of the grant FSCJ had 104 students complete at least 1 or more instrumentation classes. Of that 35 students were dual-enrollment students from Englewood High.        Objective 1.5 - Increase numbers of underrepresented populations     This goal was partially met. As evident in Attachment 1, in the Spring semesters (where FSCJ offers most of the Instrumentation classes, females comprised about 34% of the students.  This is compared to less than 5% prior to 2020. In the same spring semesters non-white students averaged 48.3% of the student population, compared to 45% college wide, and an increase of 3.3% prior to 2020.     Goal 2  - Results     Objective 2.1 &ndash; Acquire simulation and lab equipment     Partnering primarily with Bluegrass Educational Technologies, FSCJ identified and acquired 4 pieces of training equipment. These included:     Festo 6090 (2) - Flow and Level Process Control Trainers  Festo 3531 &ndash; Pulp/Paper Process Training System  Festo 3531 PlantPAx Distributed Control System  Festo 5562 MecLab Training Package        Objective 2.2 &ndash; Complete face-to-face faculty and lab managers in-service     Though affected by the pandemic and shifting faculty, there were 2 faculty in-services conducted for the Festo equipment, as well as training on Simtronics and the OnSyte waste water plant.     Objective 2.3  - Train 10 faculty members and industry representatives on the I&amp;C simulation equipment twice per semester throughout the project cycle.     This goal was not met. 3 faculty members (3/4 of the full time staff) and 1 lab manager were trained on the equipment.     Objective 2.4 -  Provide teaching and learning experiences to 60 students and 60 ICT professionals or incumbent workers.  This goal was partially met. Over the term of the grant FSCJ had 167 students complete at least 1 instrumentation classes.        Lessons Learned     Despite not meeting all of the projected goals, there were many lessons learned in the development of this project.     1) Start with a team that is invested in the project     The initial planning team for this project was a former dean, a program director (who had no experience in Instrumentation) and a foundation marketing manager. Although they did a good job assembling the roundtable of industry partners, they did not include any faculty until much later in the project.     Equipment was selected without faculty input, and without sufficient investigation as to what other colleges were using in their I &amp; C labs. As a result 2 of the more expensive pieces of lab equipment have limited use in the day to day training.     Although we got a lot of initial support from industry for the program, the follow through was less than adequate. 2 of the 3 initial committed donations never materialized. Despite numerous attempts to encourage industries to take advantage of training opportunities, there were no trainings scheduled. The Career Education/Workforce Development needed to be more involved in the marketing portion of the grant.     The department needs to be fully staffed and the faculty needs to be fully invested. As a department, the Advanced Manufacturing had 2 deans and 1 interim dean during the span of the project. This lack of stable leadership, did not put sufficient pressure on the faculty to complete all the goals of the project. In addition, the faculty in place has had a teaching overload every semester during this project. Asking them to take on more was unrealistic.          Last Modified: 12/04/2022       Submitted by: Alan Zube]]></POR_COPY_TXT>
</POR>
</Award>
</rootTag>
