<?xml version="1.0" encoding="UTF-8"?>
<rootTag>
<Award>
<AwardTitle><![CDATA[GP-EXTRA: RiGs - Road maps into the Geosciences]]></AwardTitle>
<AGENCY>NSF</AGENCY>
<AwardEffectiveDate>08/15/2018</AwardEffectiveDate>
<AwardExpirationDate>07/31/2022</AwardExpirationDate>
<AwardTotalIntnAmount>306716.00</AwardTotalIntnAmount>
<AwardAmount>306716</AwardAmount>
<AwardInstrument>
<Value>Standard Grant</Value>
</AwardInstrument>
<Organization>
<Code>06010000</Code>
<Directorate>
<Abbreviation>GEO</Abbreviation>
<LongName>Directorate For Geosciences</LongName>
</Directorate>
<Division>
<Abbreviation>RISE</Abbreviation>
<LongName>Div of Res, Innovation, Synergies, &amp; Edu</LongName>
</Division>
</Organization>
<ProgramOfficer>
<SignBlockName>Brandon Jones</SignBlockName>
<PO_EMAI>mbjones@nsf.gov</PO_EMAI>
<PO_PHON>7032924713</PO_PHON>
</ProgramOfficer>
<AbstractNarration><![CDATA[Many college STEM majors are unaware of the multitude of geoscience careers available to them. This particularly applies to students from rural areas who are the first in their family to attend college. These students are often academically gifted, but feel that they have to enter the workforce directly upon graduating with a BS degree, often due to financial hardship. This short-circuits these students' ability to participate in more intellectually demanding, rewarding, and lucrative geoscience careers, and limits the potential for universities to meet the projected future demands for the nation's geoscience workforce. To address this issue, the RiGs (Road maps into the Geosciences) summer program will form a multi-institutional alliance among the Missouri University of Science and Technology (S&amp;T), Southern Utah University, Kutztown University (Pennsylvania), state/federal agencies in Missouri, and the private sector. The goal of RiGs is to (i) facilitate exposure of financially challenged STEM students from rural areas, at minimal to zero costs, to a wide array of geoscience career pathways, and (ii) to highlight the educational tracks and professional skills necessary to pursue those tracks. The RiGs program will provide an academic and professional development opportunity for financially challenged undergraduate students that these students would normally forego, thus serving as a pilot for increasing the economic competitiveness of the U.S. through rural workforce development.&lt;br/&gt; &lt;br/&gt;RiGs (Road maps into the Geosciences) will establish a recurring two-month summer program on the Missouri S&amp;T campus that will help undergraduate students to successfully transition into the post-baccalaureate geoscience workforce. The focus is to immerse the students into an active research and/or private sector work environment that will allow them to develop academic and professional skills typically not taught in the classroom. Students will learn these skills through an Introduction to Geoscience Research Methodologies class, a mentored research project or job shadowing at state/federal agencies in Missouri, and a series of extracurricular activities. The Introduction to Geoscience Research Methodologies class is designed to provide context for the active, hands-on learning of practical skills applicable to geoscience research. As part of individual research projects, the students will be paired with Missouri S&amp;T graduate students to guarantee full immersion into an active graduate research environment (i.e., the "Grad School Experience"). Job shadowing at the US Geological Survey, the US Forest Service, and the Missouri Department of Natural Resources will provide participating students with unique insight into the daily life of a professional geoscientist, which will be complemented by a career day at the Doe Run lead mining company in Missouri. Furthermore, extracurricular activities throughout the summer program (team building exercises, mock job interviews, oral presentation skill development) will help students acquire the necessary professional and social skills for a successful geoscience career.&lt;br/&gt;&lt;br/&gt;This award reflects NSF's statutory mission and has been deemed worthy of support through evaluation using the Foundation's intellectual merit and broader impacts review criteria.]]></AbstractNarration>
<MinAmdLetterDate>08/21/2018</MinAmdLetterDate>
<MaxAmdLetterDate>08/21/2018</MaxAmdLetterDate>
<ARRAAmount/>
<TRAN_TYPE>Grant</TRAN_TYPE>
<CFDA_NUM>47.050</CFDA_NUM>
<NSF_PAR_USE_FLAG>1</NSF_PAR_USE_FLAG>
<FUND_AGCY_CODE>4900</FUND_AGCY_CODE>
<AWDG_AGCY_CODE>4900</AWDG_AGCY_CODE>
<AwardID>1801598</AwardID>
<Investigator>
<FirstName>John</FirstName>
<LastName>Hogan</LastName>
<PI_MID_INIT>P</PI_MID_INIT>
<PI_SUFX_NAME/>
<PI_FULL_NAME>John P Hogan</PI_FULL_NAME>
<EmailAddress><![CDATA[jhogan@mst.edu]]></EmailAddress>
<NSF_ID>000092138</NSF_ID>
<StartDate>08/21/2018</StartDate>
<EndDate/>
<RoleCode>Co-Principal Investigator</RoleCode>
</Investigator>
<Investigator>
<FirstName>Andreas</FirstName>
<LastName>Eckert</LastName>
<PI_MID_INIT/>
<PI_SUFX_NAME/>
<PI_FULL_NAME>Andreas Eckert</PI_FULL_NAME>
<EmailAddress><![CDATA[eckertan@mst.edu]]></EmailAddress>
<NSF_ID>000602401</NSF_ID>
<StartDate>08/21/2018</StartDate>
<EndDate/>
<RoleCode>Principal Investigator</RoleCode>
</Investigator>
<Investigator>
<FirstName>Marek</FirstName>
<LastName>Locmelis</LastName>
<PI_MID_INIT/>
<PI_SUFX_NAME/>
<PI_FULL_NAME>Marek Locmelis</PI_FULL_NAME>
<EmailAddress><![CDATA[locmelism@mst.edu]]></EmailAddress>
<NSF_ID>000758856</NSF_ID>
<StartDate>08/21/2018</StartDate>
<EndDate/>
<RoleCode>Co-Principal Investigator</RoleCode>
</Investigator>
<Institution>
<Name><![CDATA[Missouri University of Science and Technology]]></Name>
<CityName>ROLLA</CityName>
<ZipCode>654091330</ZipCode>
<PhoneNumber>5733414134</PhoneNumber>
<StreetAddress><![CDATA[300 W. 12TH STREET]]></StreetAddress>
<StreetAddress2><![CDATA[202 CENTENNIAL HALL]]></StreetAddress2>
<CountryName>United States</CountryName>
<StateName>Missouri</StateName>
<StateCode>MO</StateCode>
<CONGRESSDISTRICT>08</CONGRESSDISTRICT>
<CONGRESS_DISTRICT_ORG>MO08</CONGRESS_DISTRICT_ORG>
<ORG_UEI_NUM>Y6MGH342N169</ORG_UEI_NUM>
<ORG_LGL_BUS_NAME>UNIVERSITY OF MISSOURI SYSTEM</ORG_LGL_BUS_NAME>
<ORG_PRNT_UEI_NUM/>
</Institution>
<Performance_Institution>
<Name><![CDATA[Missouri University of Science and Technology]]></Name>
<CityName>Rolla</CityName>
<StateCode>MO</StateCode>
<ZipCode>654096506</ZipCode>
<StreetAddress><![CDATA[300 W 12th Street 202 Centennial]]></StreetAddress>
<CountryCode>US</CountryCode>
<CountryName>United States</CountryName>
<StateName>Missouri</StateName>
<CountryFlag>1</CountryFlag>
<CONGRESSDISTRICT>08</CONGRESSDISTRICT>
<CONGRESS_DISTRICT_PERF>MO08</CONGRESS_DISTRICT_PERF>
</Performance_Institution>
<ProgramElement>
<Code>1998</Code>
<Text>IUSE</Text>
</ProgramElement>
<ProgramReference>
<Code>8209</Code>
<Text>Improv Undergrad STEM Ed(IUSE)</Text>
</ProgramReference>
<Appropriation>
<Code>0118</Code>
<Name>NSF RESEARCH &amp; RELATED ACTIVIT</Name>
<APP_SYMB_ID>040100</APP_SYMB_ID>
</Appropriation>
<Fund>
<Code>01001819DB</Code>
<Name><![CDATA[NSF RESEARCH & RELATED ACTIVIT]]></Name>
<FUND_SYMB_ID>040100</FUND_SYMB_ID>
</Fund>
<FUND_OBLG>2018~306716</FUND_OBLG>
<POR>
<DRECONTENT><![CDATA[<div class="porColContainerWBG"> <div class="porContentCol"><p><span id="docs-internal-guid-4b5ecf38-7fff-d63a-928f-dad136fb579b">&nbsp;</span></p> <p><strong>Roadmaps Into The Geosciences (RIGS): An Undergraduate Student Career Development Program</strong></p> <p>Many college STEM majors are pursuing undergraduate degrees without knowledge of the multitude of geoscience careers available to them.&nbsp;From 2019-2022, we successfully hosted the 4 week undergraduate RiGS summer program on the Missouri S&amp;T campus.&nbsp; A total 48 students from the 3 partnering universities (Missouri University of Science and Technology, Southern Utah University, Kutztown University) particiapted in the 3 installments of the RiGS summer program (2022: 14 students; 2021: 15; 2019: 19). The RiGS program was designed with with three primary goals.</p> <p>1) Expose undergraduate students to the variety of career paths in the Geosciences.</p> <p>2) Define degree and certificate requirements for each of the common career paths.</p> <p>3)&nbsp;Start the training of students to help them pursue such career paths (research and soft skills).</p> <p>The RiGS summer program provided the following career development components for the participating students: i) a series of professional development lectures including topics such as Geoscience job opportunities, degree requirements, graduate school choice and application, research requirements and skills, oral and written communication skills; ii) training of advanced geoscience skills directly applicable to the job market; iii) Job-shadowing at the USGS, Missouri Department of Natural Resources (DNR) and the US Forest Service; iv) invited career presentations by government agencies (USGS, DNR) and the private sector (Doe Run Mining company, Chevron ETC); v) Professional skills workshops on topics such as resume writing and interview skills; and vi) Research mentoring for students working on an undergraduate research project.</p> <p>The project results from the pre- and post-program surveys show that students did not have a clear understanding of the career opportunities or the degree requirements prior to the start of the program. Only 14% of those surveyed felt that they understood the careers available to them and only 21% thought they knew of the degree requirements. After the program, 90% felt that they understood what careers were available to them and 97% understood which degrees were required for the common career paths. In addition to general degree information, the program focused on hard and soft skills, resume construction, and research skills. Prior to the program, only 40% of students felt that their resumes were professional and ready for use; 93% felt good about their resumes after the program. Only 17% of students agreed that they understood which hard skills would translate to careers, and 24% felt the same about soft skills. Following the program, students responded with 100% and 97% agreement, respectively, to those questions regarding hard and soft skills. Finally, 27% of respondents were aware of the necessary research skills for success in geosciences prior to RiGS. 100% felt comfortable with the research skills following RiGS.</p> <p>In summary, the RiGS program succeeded in addressing the outlined goals and the nature of the program, its components and execution make it very suitable to extension to other STEM disciplines.</p> <p dir="ltr">&nbsp;</p> <p dir="ltr">&nbsp;</p> <p>&nbsp;</p> <p>&nbsp;</p><br> <p>            Last Modified: 11/28/2022<br>      Modified by: Andreas&nbsp;Eckert</p> </div> <div class="porSideCol"></div> </div>]]></DRECONTENT>
<POR_COPY_TXT><![CDATA[    Roadmaps Into The Geosciences (RIGS): An Undergraduate Student Career Development Program  Many college STEM majors are pursuing undergraduate degrees without knowledge of the multitude of geoscience careers available to them. From 2019-2022, we successfully hosted the 4 week undergraduate RiGS summer program on the Missouri S&amp;T campus.  A total 48 students from the 3 partnering universities (Missouri University of Science and Technology, Southern Utah University, Kutztown University) particiapted in the 3 installments of the RiGS summer program (2022: 14 students; 2021: 15; 2019: 19). The RiGS program was designed with with three primary goals.  1) Expose undergraduate students to the variety of career paths in the Geosciences.  2) Define degree and certificate requirements for each of the common career paths.  3) Start the training of students to help them pursue such career paths (research and soft skills).  The RiGS summer program provided the following career development components for the participating students: i) a series of professional development lectures including topics such as Geoscience job opportunities, degree requirements, graduate school choice and application, research requirements and skills, oral and written communication skills; ii) training of advanced geoscience skills directly applicable to the job market; iii) Job-shadowing at the USGS, Missouri Department of Natural Resources (DNR) and the US Forest Service; iv) invited career presentations by government agencies (USGS, DNR) and the private sector (Doe Run Mining company, Chevron ETC); v) Professional skills workshops on topics such as resume writing and interview skills; and vi) Research mentoring for students working on an undergraduate research project.  The project results from the pre- and post-program surveys show that students did not have a clear understanding of the career opportunities or the degree requirements prior to the start of the program. Only 14% of those surveyed felt that they understood the careers available to them and only 21% thought they knew of the degree requirements. After the program, 90% felt that they understood what careers were available to them and 97% understood which degrees were required for the common career paths. In addition to general degree information, the program focused on hard and soft skills, resume construction, and research skills. Prior to the program, only 40% of students felt that their resumes were professional and ready for use; 93% felt good about their resumes after the program. Only 17% of students agreed that they understood which hard skills would translate to careers, and 24% felt the same about soft skills. Following the program, students responded with 100% and 97% agreement, respectively, to those questions regarding hard and soft skills. Finally, 27% of respondents were aware of the necessary research skills for success in geosciences prior to RiGS. 100% felt comfortable with the research skills following RiGS.  In summary, the RiGS program succeeded in addressing the outlined goals and the nature of the program, its components and execution make it very suitable to extension to other STEM disciplines.                 Last Modified: 11/28/2022       Submitted by: Andreas Eckert]]></POR_COPY_TXT>
</POR>
</Award>
</rootTag>
