<?xml version="1.0" encoding="UTF-8"?>
<rootTag>
<Award>
<AwardTitle><![CDATA[SaTC: CORE: Medium: Collaborative: Understanding and Discovering Illicit Online Business Through Automatic Analysis of Online Text Traces]]></AwardTitle>
<AGENCY>NSF</AGENCY>
<AwardEffectiveDate>09/01/2018</AwardEffectiveDate>
<AwardExpirationDate>08/31/2023</AwardExpirationDate>
<AwardTotalIntnAmount>300000.00</AwardTotalIntnAmount>
<AwardAmount>300000</AwardAmount>
<AwardInstrument>
<Value>Continuing Grant</Value>
</AwardInstrument>
<Organization>
<Code>05050000</Code>
<Directorate>
<Abbreviation>CSE</Abbreviation>
<LongName>Direct For Computer &amp; Info Scie &amp; Enginr</LongName>
</Directorate>
<Division>
<Abbreviation>CNS</Abbreviation>
<LongName>Division Of Computer and Network Systems</LongName>
</Division>
</Organization>
<ProgramOfficer>
<SignBlockName>Sara Kiesler</SignBlockName>
<PO_EMAI>skiesler@nsf.gov</PO_EMAI>
<PO_PHON>7032928643</PO_PHON>
</ProgramOfficer>
<AbstractNarration><![CDATA[Unlawful online business often leaves behind human-readable text traces for interacting with its targets (e.g., defrauding victims, advertising illicit products to intended customers) or coordinating among the criminals involved. Such text content is valuable for detecting various types of cybercrimes and understanding how they happen, the perpetrator's strategies, capabilities and infrastructures and even the ecosystem of the underground business.  Automatic discovery and analysis of such text traces, however, are challenging, due to their deceptive content that can easily blend into legitimate communication, and the criminal's extensive use of secret languages to hide their communication, even on public platforms (such as social media and forums). The project aims at systematically studying how to automatically discover such text traces and intelligently utilize them to fight against online crime. The research outcomes will contribute to more effective and timely control of online criminal activities, and the team's collaboration with industry also enables the team to get feedback and facilitate the transformation of new techniques to practical use. &lt;br/&gt; &lt;br/&gt;This project focuses on both criminals' communication with their targets and the underground communications among miscreants. To discover and understand illicit online activities, the research looks for any semantic inconsistency between text content and its context (such as advertisements for selling illegal drugs on an .edu domain) and for inappropriate operations being triggered (such as a malware download). Inconsistencies are captured by the Natural Language Processing (NLP) techniques customized to various security settings. Further, based upon crime-related content discovered, the project will study various machine learning techniques that support automatic extraction and analysis of threat intelligence and criminal activities. The techniques are evaluated using data collected from various sources (public datasets, underground forums and others), and the findings they make are validated through a process that involves manual labeling, communication with affected parties, and collaborations with industry partners. This work will help create in-depth knowledge about underground ecosystems and lead to more effective control of illicit operations of these online businesses.&lt;br/&gt;&lt;br/&gt;This award reflects NSF's statutory mission and has been deemed worthy of support through evaluation using the Foundation's intellectual merit and broader impacts review criteria.]]></AbstractNarration>
<MinAmdLetterDate>07/19/2018</MinAmdLetterDate>
<MaxAmdLetterDate>08/02/2021</MaxAmdLetterDate>
<ARRAAmount/>
<TRAN_TYPE>Grant</TRAN_TYPE>
<CFDA_NUM>47.070</CFDA_NUM>
<NSF_PAR_USE_FLAG>1</NSF_PAR_USE_FLAG>
<FUND_AGCY_CODE>4900</FUND_AGCY_CODE>
<AWDG_AGCY_CODE>4900</AWDG_AGCY_CODE>
<AwardID>1801652</AwardID>
<Investigator>
<FirstName>ChengXiang</FirstName>
<LastName>Zhai</LastName>
<PI_MID_INIT/>
<PI_SUFX_NAME/>
<PI_FULL_NAME>ChengXiang Zhai</PI_FULL_NAME>
<EmailAddress><![CDATA[czhai@illinois.edu]]></EmailAddress>
<NSF_ID>000215468</NSF_ID>
<StartDate>07/19/2018</StartDate>
<EndDate/>
<RoleCode>Principal Investigator</RoleCode>
</Investigator>
<Institution>
<Name><![CDATA[University of Illinois at Urbana-Champaign]]></Name>
<CityName>URBANA</CityName>
<ZipCode>618013620</ZipCode>
<PhoneNumber>2173332187</PhoneNumber>
<StreetAddress><![CDATA[506 S WRIGHT ST]]></StreetAddress>
<StreetAddress2/>
<CountryName>United States</CountryName>
<StateName>Illinois</StateName>
<StateCode>IL</StateCode>
<CONGRESSDISTRICT>13</CONGRESSDISTRICT>
<CONGRESS_DISTRICT_ORG>IL13</CONGRESS_DISTRICT_ORG>
<ORG_UEI_NUM>Y8CWNJRCNN91</ORG_UEI_NUM>
<ORG_LGL_BUS_NAME>UNIVERSITY OF ILLINOIS</ORG_LGL_BUS_NAME>
<ORG_PRNT_UEI_NUM/>
</Institution>
<Performance_Institution>
<Name><![CDATA[University of Illinois at Urbana-Champaign]]></Name>
<CityName/>
<StateCode>IL</StateCode>
<ZipCode>618012302</ZipCode>
<StreetAddress/>
<CountryCode>US</CountryCode>
<CountryName>United States</CountryName>
<StateName>Illinois</StateName>
<CountryFlag>1</CountryFlag>
<CONGRESSDISTRICT>13</CONGRESSDISTRICT>
<CONGRESS_DISTRICT_PERF>IL13</CONGRESS_DISTRICT_PERF>
</Performance_Institution>
<ProgramElement>
<Code>8060</Code>
<Text>Secure &amp;Trustworthy Cyberspace</Text>
</ProgramElement>
<ProgramReference>
<Code>025Z</Code>
<Text>SaTC: Secure and Trustworthy Cyberspace</Text>
</ProgramReference>
<ProgramReference>
<Code>065Z</Code>
<Text>Human factors for security research</Text>
</ProgramReference>
<ProgramReference>
<Code>7434</Code>
<Text>CNCI</Text>
</ProgramReference>
<ProgramReference>
<Code>7924</Code>
<Text>MEDIUM PROJECT</Text>
</ProgramReference>
<Appropriation>
<Code>0118</Code>
<Name>NSF RESEARCH &amp; RELATED ACTIVIT</Name>
<APP_SYMB_ID>040100</APP_SYMB_ID>
</Appropriation>
<Appropriation>
<Code>0119</Code>
<Name>NSF RESEARCH &amp; RELATED ACTIVIT</Name>
<APP_SYMB_ID>040100</APP_SYMB_ID>
</Appropriation>
<Appropriation>
<Code>0121</Code>
<Name>NSF RESEARCH &amp; RELATED ACTIVIT</Name>
<APP_SYMB_ID>040100</APP_SYMB_ID>
</Appropriation>
<Fund>
<Code>01001819DB</Code>
<Name><![CDATA[NSF RESEARCH & RELATED ACTIVIT]]></Name>
<FUND_SYMB_ID>040100</FUND_SYMB_ID>
</Fund>
<Fund>
<Code>01001920DB</Code>
<Name><![CDATA[NSF RESEARCH & RELATED ACTIVIT]]></Name>
<FUND_SYMB_ID>040100</FUND_SYMB_ID>
</Fund>
<Fund>
<Code>01002122DB</Code>
<Name><![CDATA[NSF RESEARCH & RELATED ACTIVIT]]></Name>
<FUND_SYMB_ID>040100</FUND_SYMB_ID>
</Fund>
<FUND_OBLG>2018~75877</FUND_OBLG>
<FUND_OBLG>2019~150083</FUND_OBLG>
<FUND_OBLG>2021~74040</FUND_OBLG>
</Award>
</rootTag>
