<?xml version="1.0" encoding="UTF-8"?>
<rootTag>
<Award>
<AwardTitle><![CDATA[Quantum Computing Workshop for Advancing Aerospace Sciences]]></AwardTitle>
<AGENCY>NSF</AGENCY>
<AwardEffectiveDate>11/01/2017</AwardEffectiveDate>
<AwardExpirationDate>10/31/2019</AwardExpirationDate>
<AwardTotalIntnAmount>10000.00</AwardTotalIntnAmount>
<AwardAmount>10000</AwardAmount>
<AwardInstrument>
<Value>Standard Grant</Value>
</AwardInstrument>
<Organization>
<Code>03040000</Code>
<Directorate>
<Abbreviation>MPS</Abbreviation>
<LongName>Direct For Mathematical &amp; Physical Scien</LongName>
</Directorate>
<Division>
<Abbreviation>DMS</Abbreviation>
<LongName>Division Of Mathematical Sciences</LongName>
</Division>
</Organization>
<ProgramOfficer>
<SignBlockName>Leland Jameson</SignBlockName>
<PO_EMAI>ljameson@nsf.gov</PO_EMAI>
<PO_PHON>7032924883</PO_PHON>
</ProgramOfficer>
<AbstractNarration><![CDATA[A workshop entitled "Quantum Computing Workshop for Advancing Aerospace Sciences" is scheduled to be held in Suffolk, VA at the Lockheed Martin Center for Innovation on November 7-8, 2017.  More details on the workshop can be found at http://www.nianet.org/quantumcomputing/.  The goals of the workshop are to understand the challenges and opportunities to develop a new type of computing methodology that significantly increases computer speed and can be applied to science and engineering problems.  This has implications on a variety of applications including machine learning, materials design, personalized medicine, advanced weather prediction, energy distribution and optimization, among others.  Quantum computers use an entirely different computing paradigm in comparison to conventional computers.  Conventional computer hardware uses silicon to process information in terms of "bits" that can be encoded in either zeros or ones.  Quantum computers use what is known as "qubits" which allow information to be encoded by both zeros and ones at the same time using the unusual behavior of quantum mechanics.  This quantum behavior has been measured in different experimental systems by controlling and measuring light and electricity, for example.  However, transitioning these prototype machines into a quantum computer with a large number of qubits that can reliably processes information is still in its infancy.  This workshop will bring together industry leaders, government laboratory researchers, and university researchers to define new goals and objectives to transition how small scale quantum computing testbeds can be scaled up using advanced hardware and quantum algorithms.  This is expected to provide a roadmap for solving practical problems of interests to the general public and national security.  The invited speakers will discuss challenges and opportunities centered around the following four topic areas: 1) Quantum algorithms, 2) Quantum computing hardware, 3) Control and error correction of quantum systems, and 4) Aeroscience applications.  Fourteen global experts, including two female speakers, will discuss current research related to these four quantum computing areas. &lt;br/&gt;&lt;br/&gt;The objective of this workshop is to bring together experts on quantum computing and quantum information to discuss the challenges, opportunities, and latest developments in quantum algorithms, hardware, and its impact on supporting aeroscience computations.  The goal is to develop a roadmap for success that connects mathematicians, physicists, computer scientists, and engineers to collectively explore capabilities where quantum speed-up may impact domain specific problems in science and engineering applications.  These specific areas may include computational materials science, fluid dynamics, uncertainty quantification, machine learning, among others.  This will include discussions on the latest advances in algorithm development, scalability, universal logic, and error correction with the aim to understand the next set of mathematical challenges required to control quantum systems, measure their outputs, and preserve their properties from outside disturbances.  Quantum speed-up is well known in specific algorithms that lead to exponential increases in factoring prime numbers (Shor's algorithm) and quadratic speed increases in unstructured searches (Grover's algorithm).  More recently, it has been suggested that exponential speed-up can be achieved in linear algebra problems.  Similar research has focused on new Monte Carlo quantum algorithms. This research is focused on identifying efficient means to solve partial differential equations on a quantum computer.  Based upon the chosen topics, we will focus discussions on these topics where quantum algorithms and hardware may converge onto methods that allow for efficient solutions to partial differential equations relevant to a broad area of mathematics, physics, materials science, and engineering problems.  Through discussions among quantum computing stakeholders in industry, government laboratories, and academia, we expect to facilitate building partnerships across disciplines and provide opportunities for young faculty and graduate students to learn about quantum computing.  We envision developing a roadmap that defines the next set of realistic challenges that can be met over the next 10-15 years.]]></AbstractNarration>
<MinAmdLetterDate>10/19/2017</MinAmdLetterDate>
<MaxAmdLetterDate>10/19/2017</MaxAmdLetterDate>
<ARRAAmount/>
<TRAN_TYPE>Grant</TRAN_TYPE>
<CFDA_NUM>47.049</CFDA_NUM>
<NSF_PAR_USE_FLAG>1</NSF_PAR_USE_FLAG>
<FUND_AGCY_CODE>4900</FUND_AGCY_CODE>
<AWDG_AGCY_CODE>4900</AWDG_AGCY_CODE>
<AwardID>1801103</AwardID>
<Investigator>
<FirstName>Mohammed</FirstName>
<LastName>Hussaini</LastName>
<PI_MID_INIT>Y</PI_MID_INIT>
<PI_SUFX_NAME/>
<PI_FULL_NAME>Mohammed Y Hussaini</PI_FULL_NAME>
<EmailAddress><![CDATA[yousuff@fsu.edu]]></EmailAddress>
<NSF_ID>000463732</NSF_ID>
<StartDate>10/19/2017</StartDate>
<EndDate/>
<RoleCode>Co-Principal Investigator</RoleCode>
</Investigator>
<Investigator>
<FirstName>William</FirstName>
<LastName>Oates</LastName>
<PI_MID_INIT>S</PI_MID_INIT>
<PI_SUFX_NAME/>
<PI_FULL_NAME>William S Oates</PI_FULL_NAME>
<EmailAddress><![CDATA[woates@eng.fsu.edu]]></EmailAddress>
<NSF_ID>000259958</NSF_ID>
<StartDate>10/19/2017</StartDate>
<EndDate/>
<RoleCode>Principal Investigator</RoleCode>
</Investigator>
<Institution>
<Name>Florida State University</Name>
<CityName>TALLAHASSEE</CityName>
<ZipCode>323060001</ZipCode>
<PhoneNumber>8506445260</PhoneNumber>
<StreetAddress>874 TRADITIONS WAY</StreetAddress>
<StreetAddress2/>
<CountryName>United States</CountryName>
<StateName>Florida</StateName>
<StateCode>FL</StateCode>
<CONGRESSDISTRICT>02</CONGRESSDISTRICT>
<CONGRESS_DISTRICT_ORG>FL02</CONGRESS_DISTRICT_ORG>
<ORG_UEI_NUM>JF2BLNN4PJC3</ORG_UEI_NUM>
<ORG_LGL_BUS_NAME>FLORIDA STATE UNIVERSITY</ORG_LGL_BUS_NAME>
<ORG_PRNT_UEI_NUM>D4GCCCMXR1H3</ORG_PRNT_UEI_NUM>
</Institution>
<Performance_Institution>
<Name><![CDATA[Florida State University]]></Name>
<CityName>Tallahassee</CityName>
<StateCode>FL</StateCode>
<ZipCode>323106046</ZipCode>
<StreetAddress><![CDATA[2003 Levy Avenue]]></StreetAddress>
<CountryCode>US</CountryCode>
<CountryName>United States</CountryName>
<StateName>Florida</StateName>
<CountryFlag>1</CountryFlag>
<CONGRESSDISTRICT>05</CONGRESSDISTRICT>
<CONGRESS_DISTRICT_PERF>FL05</CONGRESS_DISTRICT_PERF>
</Performance_Institution>
<ProgramElement>
<Code>1271</Code>
<Text>COMPUTATIONAL MATHEMATICS</Text>
</ProgramElement>
<ProgramReference>
<Code>7556</Code>
<Text>CONFERENCE AND WORKSHOPS</Text>
</ProgramReference>
<ProgramReference>
<Code>9263</Code>
<Text>COMPUTATIONAL SCIENCE &amp; ENGING</Text>
</ProgramReference>
<Appropriation>
<Code>0118</Code>
<Name>NSF RESEARCH &amp; RELATED ACTIVIT</Name>
<APP_SYMB_ID>040100</APP_SYMB_ID>
</Appropriation>
<Fund>
<Code>01001819DB</Code>
<Name><![CDATA[NSF RESEARCH & RELATED ACTIVIT]]></Name>
<FUND_SYMB_ID>040100</FUND_SYMB_ID>
</Fund>
<FUND_OBLG>2018~10000</FUND_OBLG>
<POR>
<DRECONTENT><![CDATA[<div class="porColContainerWBG"> <div class="porContentCol"><p>The outcomes of the&nbsp;<span>Quantum Computing Workshop for Advancing Aerospace Sciences led to discussion and momentum in quantum computing algorithm and hardware development for engineering and aerospace applications.&nbsp; The workshop was organized by university faculty and staff scientists at NASA and Oak Ridge National Laboratories to bring together researchers in academia, government agencies, and industry to discuss current opportunities and challenges in applying quantum computing in engineering sciences.&nbsp; Invited talks included representatives from the Pittsburgh Quantum Institute, Yale, University of Maryland, NASA, Microsoft, IBM,&nbsp;<span>Los Alamos National Lab, Yale, and several others.&nbsp;&nbsp;</span></span></p> <p><span><span>The one day workshop described the state-of-the-art in hardware and algorithms which led to discussions on directions for national iniatives&nbsp;<span>on quantum computing research and development.&nbsp; Optimization was emphasized as low hanging fruit for engineering and science problems while materials and chemistry problems were blue sky problems that are risky, yet could produce a high payoff in its societal impact.&nbsp; Examples include understanding fundamental mechanisms of certain chemical reactions that occur in nature such as making ammonia.&nbsp; The&nbsp;<span>Haber-Bosch process is used to do this for fertilizer production, but it requires extraordinary heat and pressure, unlike natural processes.&nbsp; Quantum computing could provide the tools to understand the fundamental energy pathways that could unlock its mystery and save large amounts of fuel in fertilizer production.&nbsp; Many other examples were envisioned such as drug discovery and artificial intelligence which often require optimization algorithms of a vast number of possible solutions.&nbsp; Lastly, experts in classical algorithms noted that the race to create the fastest quantum algorithm has also provided motivation for developing new classical algorithms that compete with quantum analogs.&nbsp; An example is recent developments at Microsoft in tempered annealing which was motivated by quantum annealing research by D-Wave quantum annealing hardware.</span></span></span></span></p> <p><span><span><span><span>Travel support from NSF also greatly benefited several post docs and graduate students. These young scholars learned from leaders in the field from many enlightening talks, networking, and individual discussions.&nbsp;&nbsp;</span></span></span></span></p><br> <p>            Last Modified: 12/17/2019<br>      Modified by: William&nbsp;S&nbsp;Oates</p> </div> <div class="porSideCol"></div> </div>]]></DRECONTENT>
<POR_COPY_TXT><![CDATA[ The outcomes of the Quantum Computing Workshop for Advancing Aerospace Sciences led to discussion and momentum in quantum computing algorithm and hardware development for engineering and aerospace applications.  The workshop was organized by university faculty and staff scientists at NASA and Oak Ridge National Laboratories to bring together researchers in academia, government agencies, and industry to discuss current opportunities and challenges in applying quantum computing in engineering sciences.  Invited talks included representatives from the Pittsburgh Quantum Institute, Yale, University of Maryland, NASA, Microsoft, IBM, Los Alamos National Lab, Yale, and several others.    The one day workshop described the state-of-the-art in hardware and algorithms which led to discussions on directions for national iniatives on quantum computing research and development.  Optimization was emphasized as low hanging fruit for engineering and science problems while materials and chemistry problems were blue sky problems that are risky, yet could produce a high payoff in its societal impact.  Examples include understanding fundamental mechanisms of certain chemical reactions that occur in nature such as making ammonia.  The Haber-Bosch process is used to do this for fertilizer production, but it requires extraordinary heat and pressure, unlike natural processes.  Quantum computing could provide the tools to understand the fundamental energy pathways that could unlock its mystery and save large amounts of fuel in fertilizer production.  Many other examples were envisioned such as drug discovery and artificial intelligence which often require optimization algorithms of a vast number of possible solutions.  Lastly, experts in classical algorithms noted that the race to create the fastest quantum algorithm has also provided motivation for developing new classical algorithms that compete with quantum analogs.  An example is recent developments at Microsoft in tempered annealing which was motivated by quantum annealing research by D-Wave quantum annealing hardware.  Travel support from NSF also greatly benefited several post docs and graduate students. These young scholars learned from leaders in the field from many enlightening talks, networking, and individual discussions.         Last Modified: 12/17/2019       Submitted by: William S Oates]]></POR_COPY_TXT>
</POR>
</Award>
</rootTag>
