<?xml version="1.0" encoding="UTF-8"?>
<rootTag>
<Award>
<AwardTitle><![CDATA[Witt Vectors, Deformations, and Absolute Geometry]]></AwardTitle>
<AGENCY>NSF</AGENCY>
<AwardEffectiveDate>06/01/2018</AwardEffectiveDate>
<AwardExpirationDate>05/31/2019</AwardExpirationDate>
<AwardTotalIntnAmount>39938.00</AwardTotalIntnAmount>
<AwardAmount>39938</AwardAmount>
<AwardInstrument>
<Value>Standard Grant</Value>
</AwardInstrument>
<Organization>
<Code>03040000</Code>
<Directorate>
<Abbreviation>MPS</Abbreviation>
<LongName>Direct For Mathematical &amp; Physical Scien</LongName>
</Directorate>
<Division>
<Abbreviation>DMS</Abbreviation>
<LongName>Division Of Mathematical Sciences</LongName>
</Division>
</Organization>
<ProgramOfficer>
<SignBlockName>michelle manes</SignBlockName>
<PO_EMAI/>
<PO_PHON/>
</ProgramOfficer>
<AbstractNarration><![CDATA[The conference on Witt Vectors, Deformations, and Absolute Geometry will be held at the University of Vermont, 16 July 2018-21 July 2018. This workshop will foster research interactions and will provide a setting for graduate students, as well as younger and more established mathematicians, to learn of the newest trends and interact with some of the most prominent researchers around the world. The organizers will focus financial support on graduate students and early career researchers to facilitate their participation.&lt;br/&gt;&lt;br/&gt;Scientific purpose of this conference is to bring together researchers in several, disparate fields whose work is connected to Witt vectors and their related constructions. These techniques are important for extending deformation theoretic techniques to new settings and promotes research activities at the interface of algebraic geometry, algebraic topology, number theory, and applied model theory. A website for this meeting is maintained at http://www.uvm.edu/~tdupuy/witt2018.html. The slides from the conference will be posted there and left publicly available.&lt;br/&gt;&lt;br/&gt;This award reflects NSF's statutory mission and has been deemed worthy of support through evaluation using the Foundation's intellectual merit and broader impacts review criteria.]]></AbstractNarration>
<MinAmdLetterDate>04/13/2018</MinAmdLetterDate>
<MaxAmdLetterDate>04/13/2018</MaxAmdLetterDate>
<ARRAAmount/>
<TRAN_TYPE>Grant</TRAN_TYPE>
<CFDA_NUM>47.049</CFDA_NUM>
<NSF_PAR_USE_FLAG>1</NSF_PAR_USE_FLAG>
<FUND_AGCY_CODE>4900</FUND_AGCY_CODE>
<AWDG_AGCY_CODE>4900</AWDG_AGCY_CODE>
<AwardID>1801012</AwardID>
<Investigator>
<FirstName>Taylor</FirstName>
<LastName>Dupuy</LastName>
<PI_MID_INIT>A</PI_MID_INIT>
<PI_SUFX_NAME/>
<PI_FULL_NAME>Taylor A Dupuy</PI_FULL_NAME>
<EmailAddress><![CDATA[tdupuy@uvm.edu]]></EmailAddress>
<NSF_ID>000621720</NSF_ID>
<StartDate>04/13/2018</StartDate>
<EndDate/>
<RoleCode>Principal Investigator</RoleCode>
</Investigator>
<Institution>
<Name>University of Vermont &amp; State Agricultural College</Name>
<CityName>BURLINGTON</CityName>
<ZipCode>054051704</ZipCode>
<PhoneNumber>8026563660</PhoneNumber>
<StreetAddress>85 S PROSPECT STREET</StreetAddress>
<StreetAddress2/>
<CountryName>United States</CountryName>
<StateName>Vermont</StateName>
<StateCode>VT</StateCode>
<CONGRESSDISTRICT>00</CONGRESSDISTRICT>
<CONGRESS_DISTRICT_ORG>VT00</CONGRESS_DISTRICT_ORG>
<ORG_UEI_NUM>Z94KLERAG5V9</ORG_UEI_NUM>
<ORG_LGL_BUS_NAME>UNIVERSITY OF VERMONT &amp; STATE AGRICULTURAL COLLEGE</ORG_LGL_BUS_NAME>
<ORG_PRNT_UEI_NUM/>
</Institution>
<Performance_Institution>
<Name><![CDATA[University of Vermont & State Agricultural College]]></Name>
<CityName>Burlington, VT</CityName>
<StateCode>VT</StateCode>
<ZipCode>054050160</ZipCode>
<StreetAddress><![CDATA[85 So. Prospect St.]]></StreetAddress>
<CountryCode>US</CountryCode>
<CountryName>United States</CountryName>
<StateName>Vermont</StateName>
<CountryFlag>1</CountryFlag>
<CONGRESSDISTRICT>00</CONGRESSDISTRICT>
<CONGRESS_DISTRICT_PERF>VT00</CONGRESS_DISTRICT_PERF>
</Performance_Institution>
<ProgramElement>
<Code>1264</Code>
<Text>ALGEBRA,NUMBER THEORY,AND COM</Text>
</ProgramElement>
<ProgramReference>
<Code>7556</Code>
<Text>CONFERENCE AND WORKSHOPS</Text>
</ProgramReference>
<ProgramReference>
<Code>9150</Code>
<Text>EXP PROG TO STIM COMP RES</Text>
</ProgramReference>
<Appropriation>
<Code>0118</Code>
<Name>NSF RESEARCH &amp; RELATED ACTIVIT</Name>
<APP_SYMB_ID>040100</APP_SYMB_ID>
</Appropriation>
<Fund>
<Code>01001819DB</Code>
<Name><![CDATA[NSF RESEARCH & RELATED ACTIVIT]]></Name>
<FUND_SYMB_ID>040100</FUND_SYMB_ID>
</Fund>
<FUND_OBLG>2018~39938</FUND_OBLG>
<POR>
<DRECONTENT><![CDATA[<div class="porColContainerWBG"> <div class="porContentCol"><p><br />This proposal funded the conference "Witt Vectors, Deformations, and Absolute Geometry" held at the University of Vermont, 16 July 2018 -- 21 July 2018. The purpose of this conference was to bring together researchers (including many graduate students) in several disparate fields whose work is connected to Witt vectors and their related constructions.</p> <p>Witt vectors come from a rich but exotic algebraic construction that originated in algebraic number theory. They have appeared in some of the most important advances in arithmetic algebraic geometry, notably in p-adic Hodge theory and in algebraic topology in the form of the de Rham-Witt complex and topological cyclic homology (and their more modern variants).</p> <p>While variations of all these constructions are developing rapidly in arithmetic geometry, algebraic topology, and applied model theory, these subjects have traditionally been quite separate fields, and it is not been easy for experts on these constructions in one of these fields to keep on top of developments in the others. The purpose of the conference, then, was to remedy this by bringing researchers from various traditions together to share ideas.</p> <p>This workshop fostered research interactions and provided a setting for graduate students, younger researchers as well as more establised mathematicians to learn of the newest trends and interact with some of the most prominent researchers around the world. This project notably provided financial support to a substantial number of graduate students and early career researchers.&nbsp;</p><br> <p>            Last Modified: 10/14/2019<br>      Modified by: Taylor&nbsp;A&nbsp;Dupuy</p> </div> <div class="porSideCol"></div> </div>]]></DRECONTENT>
<POR_COPY_TXT><![CDATA[  This proposal funded the conference "Witt Vectors, Deformations, and Absolute Geometry" held at the University of Vermont, 16 July 2018 -- 21 July 2018. The purpose of this conference was to bring together researchers (including many graduate students) in several disparate fields whose work is connected to Witt vectors and their related constructions.  Witt vectors come from a rich but exotic algebraic construction that originated in algebraic number theory. They have appeared in some of the most important advances in arithmetic algebraic geometry, notably in p-adic Hodge theory and in algebraic topology in the form of the de Rham-Witt complex and topological cyclic homology (and their more modern variants).  While variations of all these constructions are developing rapidly in arithmetic geometry, algebraic topology, and applied model theory, these subjects have traditionally been quite separate fields, and it is not been easy for experts on these constructions in one of these fields to keep on top of developments in the others. The purpose of the conference, then, was to remedy this by bringing researchers from various traditions together to share ideas.  This workshop fostered research interactions and provided a setting for graduate students, younger researchers as well as more establised mathematicians to learn of the newest trends and interact with some of the most prominent researchers around the world. This project notably provided financial support to a substantial number of graduate students and early career researchers.        Last Modified: 10/14/2019       Submitted by: Taylor A Dupuy]]></POR_COPY_TXT>
</POR>
</Award>
</rootTag>
