<?xml version="1.0" encoding="UTF-8"?>
<rootTag>
<Award>
<AwardTitle><![CDATA[Graduate Student Combinatorics Conference 2018]]></AwardTitle>
<AGENCY>NSF</AGENCY>
<AwardEffectiveDate>03/01/2018</AwardEffectiveDate>
<AwardExpirationDate>02/28/2019</AwardExpirationDate>
<AwardTotalIntnAmount>20000.00</AwardTotalIntnAmount>
<AwardAmount>20000</AwardAmount>
<AwardInstrument>
<Value>Standard Grant</Value>
</AwardInstrument>
<Organization>
<Code>03040000</Code>
<Directorate>
<Abbreviation>MPS</Abbreviation>
<LongName>Direct For Mathematical &amp; Physical Scien</LongName>
</Directorate>
<Division>
<Abbreviation>DMS</Abbreviation>
<LongName>Division Of Mathematical Sciences</LongName>
</Division>
</Organization>
<ProgramOfficer>
<SignBlockName>Stefaan De Winter</SignBlockName>
<PO_EMAI>sgdewint@nsf.gov</PO_EMAI>
<PO_PHON>7032922599</PO_PHON>
</ProgramOfficer>
<AbstractNarration><![CDATA[The Graduate Student Combinatorics Conference (GSCC) will be held April 6-8, 2017 at the University of Texas at Dallas. This will be the 14th annual GSCC, which is traditionally organized by graduate students and has benefited greatly from NSF support in the past. The GSCC focuses on graduate student research presentations and will include keynote addresses by Catherine Yan (Texas A&amp;M), Karola Mészáros (Cornell), Fan Chung Graham (UCSD), and Po-shen Loh (Carnegie Mellon). The GSCC provides a unique and invaluable opportunity for graduate students in combinatorics to experience the benefits of taking part in a research conference. Giving their own presentations allows graduate students to develop their teaching and presentation skills, helping them succeed as junior researchers. &lt;br/&gt; &lt;br/&gt;Combinatorics is a vibrant field of mathematics with applications to many disciplines including algebra, geometry, topology, probability, computer science, and analysis. This conference will inform junior investigators of recent advances made in this lively and exciting field, and provide them with a setting to present their own original research. The GSCC provides a great opportunity for graduate students to network, and has led to joint research projects among participants in the past.&lt;br/&gt; &lt;br/&gt;Website: http://www.utdallas.edu/~nxw170830/gscc/GSCC2018.html&lt;br/&gt;&lt;br/&gt;This award reflects NSF's statutory mission and has been deemed worthy of support through evaluation using the Foundation's intellectual merit and broader impacts review criteria.]]></AbstractNarration>
<MinAmdLetterDate>02/13/2018</MinAmdLetterDate>
<MaxAmdLetterDate>02/13/2018</MaxAmdLetterDate>
<ARRAAmount/>
<TRAN_TYPE>Grant</TRAN_TYPE>
<CFDA_NUM>47.049</CFDA_NUM>
<NSF_PAR_USE_FLAG>1</NSF_PAR_USE_FLAG>
<FUND_AGCY_CODE>4900</FUND_AGCY_CODE>
<AWDG_AGCY_CODE>4900</AWDG_AGCY_CODE>
<AwardID>1801331</AwardID>
<Investigator>
<FirstName>Andras</FirstName>
<LastName>Farago</LastName>
<PI_MID_INIT/>
<PI_SUFX_NAME/>
<PI_FULL_NAME>Andras Farago</PI_FULL_NAME>
<EmailAddress><![CDATA[farago@utdallas.edu]]></EmailAddress>
<NSF_ID>000245262</NSF_ID>
<StartDate>02/13/2018</StartDate>
<EndDate/>
<RoleCode>Co-Principal Investigator</RoleCode>
</Investigator>
<Investigator>
<FirstName>Nathan</FirstName>
<LastName>Williams</LastName>
<PI_MID_INIT>F</PI_MID_INIT>
<PI_SUFX_NAME/>
<PI_FULL_NAME>Nathan F Williams</PI_FULL_NAME>
<EmailAddress><![CDATA[nathan.f.williams@gmail.com]]></EmailAddress>
<NSF_ID>000627979</NSF_ID>
<StartDate>02/13/2018</StartDate>
<EndDate/>
<RoleCode>Principal Investigator</RoleCode>
</Investigator>
<Institution>
<Name><![CDATA[University of Texas at Dallas]]></Name>
<CityName>RICHARDSON</CityName>
<ZipCode>750803021</ZipCode>
<PhoneNumber>9728832313</PhoneNumber>
<StreetAddress><![CDATA[800 WEST CAMPBELL RD.]]></StreetAddress>
<StreetAddress2><![CDATA[SP2.25]]></StreetAddress2>
<CountryName>United States</CountryName>
<StateName>Texas</StateName>
<StateCode>TX</StateCode>
<CONGRESSDISTRICT>24</CONGRESSDISTRICT>
<CONGRESS_DISTRICT_ORG>TX24</CONGRESS_DISTRICT_ORG>
<ORG_UEI_NUM>EJCVPNN1WFS5</ORG_UEI_NUM>
<ORG_LGL_BUS_NAME>UNIVERSITY OF TEXAS AT DALLAS</ORG_LGL_BUS_NAME>
<ORG_PRNT_UEI_NUM/>
</Institution>
<Performance_Institution>
<Name><![CDATA[University of Texas at Dallas]]></Name>
<CityName>Richardson</CityName>
<StateCode>TX</StateCode>
<ZipCode>750803021</ZipCode>
<StreetAddress><![CDATA[800 West Campbell Road]]></StreetAddress>
<CountryCode>US</CountryCode>
<CountryName>United States</CountryName>
<StateName>Texas</StateName>
<CountryFlag>1</CountryFlag>
<CONGRESSDISTRICT>24</CONGRESSDISTRICT>
<CONGRESS_DISTRICT_PERF>TX24</CONGRESS_DISTRICT_PERF>
</Performance_Institution>
<ProgramElement>
<Code>7970</Code>
<Text>Combinatorics</Text>
</ProgramElement>
<ProgramReference>
<Code>7556</Code>
<Text>CONFERENCE AND WORKSHOPS</Text>
</ProgramReference>
<Appropriation>
<Code>0118</Code>
<Name>NSF RESEARCH &amp; RELATED ACTIVIT</Name>
<APP_SYMB_ID>040100</APP_SYMB_ID>
</Appropriation>
<Fund>
<Code>01001819DB</Code>
<Name><![CDATA[NSF RESEARCH & RELATED ACTIVIT]]></Name>
<FUND_SYMB_ID>040100</FUND_SYMB_ID>
</Fund>
<FUND_OBLG>2018~20000</FUND_OBLG>
<POR>
<DRECONTENT><![CDATA[<div class="porColContainerWBG"> <div class="porContentCol"><p><span id="docs-internal-guid-207ce6ff-7fff-48d6-ba7d-bb08d7994f03"> </span></p> <p dir="ltr"><span>This award provided funds to support the 18th annual Graduate Student Combinatorics Conference (GSCC), held on April 6-8, 2018 at the University of Texas at Dallas. &nbsp;&nbsp;</span></p> <p dir="ltr"><span>Over 70 graduate students representing over 35 institutions participated, with </span><span>45 graduate students each giving short twenty-minute talks on their work. &nbsp;These talks were organized across three days into four parallel sessions, each reflecting a different area of combinatorics. &nbsp;Student talks were punctuated by four hour-long plenary talks delivered by four </span><span>distinguished combinatorialists: </span><span>Drs. </span><span>Fan Chung, Karola M?sz?ros, Oleg Musin, and Catherine Yan.</span></p> <p><span>Combinatorics is a vibrant field of mathematics with applications to many disciplines including algebra, geometry, topology, probability, computer science, various branches of engineering, and analysis. &nbsp;The GSCC promotes graduate student participation in combinatorics research, providing an invaluable opportunity for graduate students in combinatorics to experience the benefits of taking part in a research conference. &nbsp;</span><span>The first GSCC was hosted by the University of Minnesota in 2005, with subsequent conferences held at the University of Wisconsin (2006), the University of Washington (2007), UC-Davis (2008), the University of Kentucky (2009), Auburn University (2010), Penn State University (2011), the University of Illinois-UC (2012), the University of Minnesota (2013), Auburn University (2014), the</span><span> &nbsp;</span><span>University of Kentucky (2015), Clemson University (2016), and the University of Kansas (2017)</span><span>. </span><span>&nbsp;&nbsp;As always, the GSCC conference hosted at the University of Texas at Dallas in 2018 informed junior investigators of recent advances, provided them with a setting to present their own original research, and gave them the opportunity to network with their peers and established researchers to learn about new problems and begin collaborations.</span></p> <p>&nbsp;</p> <p>&nbsp;</p><br> <p>            Last Modified: 04/01/2019<br>      Modified by: Nathan&nbsp;F&nbsp;Williams</p> </div> <div class="porSideCol"> <div class="each-gallery"> <div class="galContent" id="gallery0"> <div class="photoCount" id="photoCount0">          Image         </div> <div class="galControls onePhoto" id="controls0"></div> <div class="galSlideshow" id="slideshow0"></div> <div class="galEmbox" id="embox"> <div class="image-title"></div> </div> </div> <div class="galNavigation onePhoto" id="navigation0"> <ul class="thumbs" id="thumbs0"> <li> <a href="/por/images/Reports/POR/2019/1801331/1801331_10530590_1551368535991_GSCC2018--rgov-214x142.jpg" original="/por/images/Reports/POR/2019/1801331/1801331_10530590_1551368535991_GSCC2018--rgov-800width.jpg" title="Graduate Student Combinatorics Conference Group Photo"><img src="/por/images/Reports/POR/2019/1801331/1801331_10530590_1551368535991_GSCC2018--rgov-66x44.jpg" alt="Graduate Student Combinatorics Conference Group Photo"></a> <div class="imageCaptionContainer"> <div class="imageCaption">Graduate Student Combinatorics Conference Group Photo</div> <div class="imageCredit">Sadhona Pulukuri</div> <div class="imageSubmitted">Nathan&nbsp;F&nbsp;Williams</div> <div class="imageTitle">Graduate Student Combinatorics Conference Group Photo</div> </div> </li> </ul> </div> </div> </div> </div>]]></DRECONTENT>
<POR_COPY_TXT><![CDATA[   This award provided funds to support the 18th annual Graduate Student Combinatorics Conference (GSCC), held on April 6-8, 2018 at the University of Texas at Dallas.    Over 70 graduate students representing over 35 institutions participated, with 45 graduate students each giving short twenty-minute talks on their work.  These talks were organized across three days into four parallel sessions, each reflecting a different area of combinatorics.  Student talks were punctuated by four hour-long plenary talks delivered by four distinguished combinatorialists: Drs. Fan Chung, Karola M?sz?ros, Oleg Musin, and Catherine Yan.  Combinatorics is a vibrant field of mathematics with applications to many disciplines including algebra, geometry, topology, probability, computer science, various branches of engineering, and analysis.  The GSCC promotes graduate student participation in combinatorics research, providing an invaluable opportunity for graduate students in combinatorics to experience the benefits of taking part in a research conference.  The first GSCC was hosted by the University of Minnesota in 2005, with subsequent conferences held at the University of Wisconsin (2006), the University of Washington (2007), UC-Davis (2008), the University of Kentucky (2009), Auburn University (2010), Penn State University (2011), the University of Illinois-UC (2012), the University of Minnesota (2013), Auburn University (2014), the  University of Kentucky (2015), Clemson University (2016), and the University of Kansas (2017).   As always, the GSCC conference hosted at the University of Texas at Dallas in 2018 informed junior investigators of recent advances, provided them with a setting to present their own original research, and gave them the opportunity to network with their peers and established researchers to learn about new problems and begin collaborations.             Last Modified: 04/01/2019       Submitted by: Nathan F Williams]]></POR_COPY_TXT>
</POR>
</Award>
</rootTag>
