<?xml version="1.0" encoding="UTF-8"?>
<rootTag>
<Award>
<AwardTitle>Intergovernmental Mobility Assignment</AwardTitle>
<AGENCY>NSF</AGENCY>
<AwardEffectiveDate>10/16/2017</AwardEffectiveDate>
<AwardExpirationDate>10/15/2021</AwardExpirationDate>
<AwardTotalIntnAmount>161811.00</AwardTotalIntnAmount>
<AwardAmount>711795</AwardAmount>
<AwardInstrument>
<Value>Intergovernmental Personnel Award</Value>
</AwardInstrument>
<Organization>
<Code>07030000</Code>
<Directorate>
<Abbreviation>ENG</Abbreviation>
<LongName>Directorate For Engineering</LongName>
</Directorate>
<Division>
<Abbreviation>CMMI</Abbreviation>
<LongName>Div Of Civil, Mechanical, &amp; Manufact Inn</LongName>
</Division>
</Organization>
<ProgramOfficer>
<SignBlockName>Joy Pauschke</SignBlockName>
<PO_EMAI>jpauschk@nsf.gov</PO_EMAI>
<PO_PHON>7032927024</PO_PHON>
</ProgramOfficer>
<AbstractNarration/>
<MinAmdLetterDate>10/20/2017</MinAmdLetterDate>
<MaxAmdLetterDate>02/08/2022</MaxAmdLetterDate>
<ARRAAmount/>
<TRAN_TYPE>Grant</TRAN_TYPE>
<CFDA_NUM>47.041</CFDA_NUM>
<NSF_PAR_USE_FLAG>1</NSF_PAR_USE_FLAG>
<FUND_AGCY_CODE>4900</FUND_AGCY_CODE>
<AWDG_AGCY_CODE>4900</AWDG_AGCY_CODE>
<AwardID>1801216</AwardID>
<Investigator>
<FirstName>Robert</FirstName>
<LastName>Scheidt</LastName>
<PI_MID_INIT>A</PI_MID_INIT>
<PI_SUFX_NAME/>
<PI_FULL_NAME>Robert A Scheidt</PI_FULL_NAME>
<EmailAddress>Robert.Scheidt@marquette.edu</EmailAddress>
<PI_PHON>4142247700</PI_PHON>
<NSF_ID>000338800</NSF_ID>
<StartDate>10/20/2017</StartDate>
<EndDate/>
<RoleCode>Principal Investigator</RoleCode>
</Investigator>
<Institution>
<Name>Marquette University</Name>
<CityName>MILWAUKEE</CityName>
<ZipCode>532332310</ZipCode>
<PhoneNumber>4142887200</PhoneNumber>
<StreetAddress>915 W WISCONSIN AVE RM 175</StreetAddress>
<StreetAddress2/>
<CountryName>United States</CountryName>
<StateName>Wisconsin</StateName>
<StateCode>WI</StateCode>
<CONGRESSDISTRICT>04</CONGRESSDISTRICT>
<CONGRESS_DISTRICT_ORG>WI04</CONGRESS_DISTRICT_ORG>
<ORG_UEI_NUM>HKJCKTFJNBM7</ORG_UEI_NUM>
<ORG_LGL_BUS_NAME>MARQUETTE UNIVERSITY</ORG_LGL_BUS_NAME>
<ORG_PRNT_UEI_NUM>YHYDXPLZHLW3</ORG_PRNT_UEI_NUM>
</Institution>
<Performance_Institution>
<Name><![CDATA[Marquette University]]></Name>
<CityName>MILWAUKEE</CityName>
<StateCode>WI</StateCode>
<ZipCode>532332310</ZipCode>
<StreetAddress><![CDATA[915 W WISCONSIN AVE RM 175]]></StreetAddress>
<CountryCode>US</CountryCode>
<CountryName>United States</CountryName>
<StateName>Wisconsin</StateName>
<CountryFlag>1</CountryFlag>
<CONGRESSDISTRICT>04</CONGRESSDISTRICT>
<CONGRESS_DISTRICT_PERF>WI04</CONGRESS_DISTRICT_PERF>
</Performance_Institution>
<ProgramElement>
<Code>9199</Code>
<Text>Unallocated Program Costs</Text>
</ProgramElement>
<Appropriation>
<Code>0118</Code>
<Name>NSF RESEARCH &amp; RELATED ACTIVIT</Name>
<APP_SYMB_ID>040100</APP_SYMB_ID>
</Appropriation>
<Appropriation>
<Code>0119</Code>
<Name>NSF RESEARCH &amp; RELATED ACTIVIT</Name>
<APP_SYMB_ID>040100</APP_SYMB_ID>
</Appropriation>
<Fund>
<Code>01001819DB</Code>
<Name><![CDATA[NSF RESEARCH & RELATED ACTIVIT]]></Name>
<FUND_SYMB_ID>040100</FUND_SYMB_ID>
</Fund>
<Fund>
<Code>01001920DB</Code>
<Name><![CDATA[NSF RESEARCH & RELATED ACTIVIT]]></Name>
<FUND_SYMB_ID>040100</FUND_SYMB_ID>
</Fund>
<FUND_OBLG>2018~161811</FUND_OBLG>
<FUND_OBLG>2019~549983</FUND_OBLG>
</Award>
</rootTag>
