<?xml version="1.0" encoding="UTF-8"?>
<rootTag>
<Award>
<AwardTitle><![CDATA[Building New Pathways to Biotechnology Technician Careers]]></AwardTitle>
<AGENCY>NSF</AGENCY>
<AwardEffectiveDate>09/01/2018</AwardEffectiveDate>
<AwardExpirationDate>08/31/2022</AwardExpirationDate>
<AwardTotalIntnAmount>395495.00</AwardTotalIntnAmount>
<AwardAmount>395495</AwardAmount>
<AwardInstrument>
<Value>Standard Grant</Value>
</AwardInstrument>
<Organization>
<Code>11040100</Code>
<Directorate>
<Abbreviation>EDU</Abbreviation>
<LongName>Directorate for STEM Education</LongName>
</Directorate>
<Division>
<Abbreviation>DUE</Abbreviation>
<LongName>Division Of Undergraduate Education</LongName>
</Division>
</Organization>
<ProgramOfficer>
<SignBlockName>Virginia Carter</SignBlockName>
<PO_EMAI>vccarter@nsf.gov</PO_EMAI>
<PO_PHON>7032924651</PO_PHON>
</ProgramOfficer>
<AbstractNarration><![CDATA[The Madison, Wisconsin, region has a high concentration of jobs in bioscience industries.  For example, it ranks fourth in the nation for concentration of pharmaceutical industries.  The existing Biotechnology Program at Madison Area Technical College has a 90% job placement rate, but does not produce sufficient graduates to meet regional industry demands.  This project will establish a nine-credit Biotechnology Program for liberal arts and undeclared students at Madison Area Technical College.  By integrating biotechnology laboratory skills and career development experiences into the general biology curriculum, more students may be attracted to bioscience technician careers. The project will develop undergraduate research experiences, internships, and digital badges to assess and document student mastery of key biotechnology skills. The nine-credit certificate program, which includes coursework in basic laboratory techniques and concepts, will provide students with the knowledge and skills needed to gain employment in the biotechnology industry.  Offering this certificate program to liberal arts/undeclared students who are not in the biotechnology career pipeline has the potential to increase the pool of qualified biotech employees.  &lt;br/&gt; &lt;br/&gt;This project involves a collaboration between the Biology department and Biotechnology associate degree program at the Madison Area Technical College, and the Wisconsin Crop Innovation Center at the University of Wisconsin-Madison.  These partners will develop and implement a bioscience curriculum with the unifying theme of food security. This curriculum will be designed to incorporate the core competencies of undergraduate biology education and core skill standards for bioscience technicians.  The project activities will provide liberal arts/undeclared students an opportunity at Madison Area Technical College to complete a biotechnology certificate and participate in digital badging system designed to communicate these skills to industry.  Partnership with the Wisconsin Crop Innovation Center will provide students with internship experiences to hone skills and make industry connections. These activities have the potential to increase the number of students who have skills in demand for biotechnology jobs, improve and grow academic and industry opportunities, and increase access to STEM careers for all students. Students and key academic advisors (high school teachers, guidance counselors and administration) will be able to learn more about the academic programming available for bioscience students and associated bioscience careers through newly developed "Bioscience Career Roadmaps."&lt;br/&gt;&lt;br/&gt;This award reflects NSF's statutory mission and has been deemed worthy of support through evaluation using the Foundation's intellectual merit and broader impacts review criteria.]]></AbstractNarration>
<MinAmdLetterDate>04/05/2018</MinAmdLetterDate>
<MaxAmdLetterDate>04/05/2018</MaxAmdLetterDate>
<ARRAAmount/>
<TRAN_TYPE>Grant</TRAN_TYPE>
<CFDA_NUM>47.076</CFDA_NUM>
<NSF_PAR_USE_FLAG>1</NSF_PAR_USE_FLAG>
<FUND_AGCY_CODE>4900</FUND_AGCY_CODE>
<AWDG_AGCY_CODE>4900</AWDG_AGCY_CODE>
<AwardID>1801143</AwardID>
<Investigator>
<FirstName>Heidi</FirstName>
<LastName>Kaeppler</LastName>
<PI_MID_INIT>F</PI_MID_INIT>
<PI_SUFX_NAME/>
<PI_FULL_NAME>Heidi F Kaeppler</PI_FULL_NAME>
<EmailAddress><![CDATA[hfkaeppl@wisc.edu]]></EmailAddress>
<NSF_ID>000087984</NSF_ID>
<StartDate>04/05/2018</StartDate>
<EndDate/>
<RoleCode>Co-Principal Investigator</RoleCode>
</Investigator>
<Investigator>
<FirstName>Kitrina</FirstName>
<LastName>Carlson</LastName>
<PI_MID_INIT/>
<PI_SUFX_NAME/>
<PI_FULL_NAME>Kitrina Carlson</PI_FULL_NAME>
<EmailAddress><![CDATA[KMCarlson2@madisoncollege.edu]]></EmailAddress>
<NSF_ID>000341787</NSF_ID>
<StartDate>04/05/2018</StartDate>
<EndDate/>
<RoleCode>Principal Investigator</RoleCode>
</Investigator>
<Investigator>
<FirstName>Mary Ellen</FirstName>
<LastName>Kraus</LastName>
<PI_MID_INIT/>
<PI_SUFX_NAME/>
<PI_FULL_NAME>Mary Ellen Kraus</PI_FULL_NAME>
<EmailAddress><![CDATA[MEKraus@madisoncollege.edu]]></EmailAddress>
<NSF_ID>000759231</NSF_ID>
<StartDate>04/05/2018</StartDate>
<EndDate/>
<RoleCode>Co-Principal Investigator</RoleCode>
</Investigator>
<Investigator>
<FirstName>Elizabeth</FirstName>
<LastName>Van Ginkel</LastName>
<PI_MID_INIT>M</PI_MID_INIT>
<PI_SUFX_NAME/>
<PI_FULL_NAME>Elizabeth M Van Ginkel</PI_FULL_NAME>
<EmailAddress><![CDATA[EVanginkel@madisoncollege.edu]]></EmailAddress>
<NSF_ID>000759315</NSF_ID>
<StartDate>04/05/2018</StartDate>
<EndDate/>
<RoleCode>Co-Principal Investigator</RoleCode>
</Investigator>
<Institution>
<Name><![CDATA[Madison Area Technical College]]></Name>
<CityName>MADISON</CityName>
<ZipCode>537042599</ZipCode>
<PhoneNumber>6082466676</PhoneNumber>
<StreetAddress><![CDATA[1701 WRIGHT ST]]></StreetAddress>
<StreetAddress2/>
<CountryName>United States</CountryName>
<StateName>Wisconsin</StateName>
<StateCode>WI</StateCode>
<CONGRESSDISTRICT>02</CONGRESSDISTRICT>
<CONGRESS_DISTRICT_ORG>WI02</CONGRESS_DISTRICT_ORG>
<ORG_UEI_NUM>TK2SQD3B8M44</ORG_UEI_NUM>
<ORG_LGL_BUS_NAME>MADISON AREA TECHNICAL COLLEGE DISTRICT</ORG_LGL_BUS_NAME>
<ORG_PRNT_UEI_NUM>H9W3B71EFTM8</ORG_PRNT_UEI_NUM>
</Institution>
<Performance_Institution>
<Name><![CDATA[Madison Area Technical College]]></Name>
<CityName>Madison</CityName>
<StateCode>WI</StateCode>
<ZipCode>537042599</ZipCode>
<StreetAddress><![CDATA[1701 Wright Street]]></StreetAddress>
<CountryCode>US</CountryCode>
<CountryName>United States</CountryName>
<StateName>Wisconsin</StateName>
<CountryFlag>1</CountryFlag>
<CONGRESSDISTRICT>02</CONGRESSDISTRICT>
<CONGRESS_DISTRICT_PERF>WI02</CONGRESS_DISTRICT_PERF>
</Performance_Institution>
<ProgramElement>
<Code>7412</Code>
<Text>Advanced Tech Education Prog</Text>
</ProgramElement>
<ProgramReference>
<Code>1032</Code>
<Text>ADVANCED TECHNOLOGY EDUCATION</Text>
</ProgramReference>
<ProgramReference>
<Code>9178</Code>
<Text>UNDERGRADUATE EDUCATION</Text>
</ProgramReference>
<ProgramReference>
<Code>SMET</Code>
<Text>SCIENCE, MATH, ENG &amp; TECH EDUCATION</Text>
</ProgramReference>
<Appropriation>
<Code>0418</Code>
<Name>NSF Education &amp; Human Resource</Name>
<APP_SYMB_ID>040106</APP_SYMB_ID>
</Appropriation>
<Fund>
<Code>04001819DB</Code>
<Name><![CDATA[NSF Education & Human Resource]]></Name>
<FUND_SYMB_ID>040106</FUND_SYMB_ID>
</Fund>
<FUND_OBLG>2018~395495</FUND_OBLG>
<POR>
<DRECONTENT><![CDATA[<div class="porColContainerWBG"> <div class="porContentCol"><p><strong>Award Title: Building New Pathways to Biotechnology Technician Careers</strong></p> <p>The NSF-ATE Award, Building New Pathways to Biotechnology Technician Careers, was developed to support students at Madison Area Technical College (Madison College), a Community and Technical college located in Madison, Wisconsin serving approximately 20,000 students across six campuses. This work was done in a partnership between the Madison College Biology Department, the Madison College Biotechnology program, and the Wisconsin Crop Innovation Center (WCIC). The overarching goal of this work was to create opportunities for students to learn about biotechnology and bioscience as a career option and have a viable pathway to introductory-level employment in bioscience and biotechnology.</p> <p>The goals of this work included:</p> <p>1. Embedding authentic research experiences into the first-year biology curriculum</p> <p>2. Increasing access to STEM careers for Liberal Arts Transfer (LAT) students</p> <p>3. Increasing the number of students with in-demand skills in biotechnology</p> <p>4. Improving and expanding biotechnology academic and industry internship opportunities</p> <p>5. Providing a curricular pathway to a biotechnology certificate program</p> <p>All project goals were achieved. Authentic research experiences were developed and implemented for six biology courses. Since program implementation in 2019, over 700 Madison College biology students have participated in a course-based research experience (CUREs). A dedicated open research lab was established for students to participate in research outside the classroom in partnership with their faculty mentors. A campus-wide Student Research and Scholarly Activity Day was established in 2019.</p> <p>Representatives from local biotechnology industry employers were consulted to understand the critical skills required for introductory-level careers. These skills were incorporated into the CUREs classroom experience and assessed using a new digital badging initiative. Partnerships were developed with Madison College Career and Employment Services (CES), and a new staff position was created to serve liberal arts transfer students to obtain internships. Over 30 students participated in internships at five different locations through this award. A new certificate for liberal arts transfer students was developed to provide a pathway to courses in the biotechnology technical program. This new certificate was challenging to implement and had a temporary delay due to COVID, but it was first offered in the Spring of 2021. Work is underway to expand excess to this and other technology certificate programs at Madison College.</p> <p>&nbsp;</p><br> <p>            Last Modified: 12/30/2022<br>      Modified by: Kitrina&nbsp;Carlson</p> </div> <div class="porSideCol"></div> </div>]]></DRECONTENT>
<POR_COPY_TXT><![CDATA[ Award Title: Building New Pathways to Biotechnology Technician Careers  The NSF-ATE Award, Building New Pathways to Biotechnology Technician Careers, was developed to support students at Madison Area Technical College (Madison College), a Community and Technical college located in Madison, Wisconsin serving approximately 20,000 students across six campuses. This work was done in a partnership between the Madison College Biology Department, the Madison College Biotechnology program, and the Wisconsin Crop Innovation Center (WCIC). The overarching goal of this work was to create opportunities for students to learn about biotechnology and bioscience as a career option and have a viable pathway to introductory-level employment in bioscience and biotechnology.  The goals of this work included:  1. Embedding authentic research experiences into the first-year biology curriculum  2. Increasing access to STEM careers for Liberal Arts Transfer (LAT) students  3. Increasing the number of students with in-demand skills in biotechnology  4. Improving and expanding biotechnology academic and industry internship opportunities  5. Providing a curricular pathway to a biotechnology certificate program  All project goals were achieved. Authentic research experiences were developed and implemented for six biology courses. Since program implementation in 2019, over 700 Madison College biology students have participated in a course-based research experience (CUREs). A dedicated open research lab was established for students to participate in research outside the classroom in partnership with their faculty mentors. A campus-wide Student Research and Scholarly Activity Day was established in 2019.  Representatives from local biotechnology industry employers were consulted to understand the critical skills required for introductory-level careers. These skills were incorporated into the CUREs classroom experience and assessed using a new digital badging initiative. Partnerships were developed with Madison College Career and Employment Services (CES), and a new staff position was created to serve liberal arts transfer students to obtain internships. Over 30 students participated in internships at five different locations through this award. A new certificate for liberal arts transfer students was developed to provide a pathway to courses in the biotechnology technical program. This new certificate was challenging to implement and had a temporary delay due to COVID, but it was first offered in the Spring of 2021. Work is underway to expand excess to this and other technology certificate programs at Madison College.          Last Modified: 12/30/2022       Submitted by: Kitrina Carlson]]></POR_COPY_TXT>
</POR>
</Award>
</rootTag>
