<?xml version="1.0" encoding="UTF-8"?>
<rootTag>
<Award>
<AwardTitle><![CDATA[Doctoral Dissertation Research: Civic Infrastructures as Determinants of  Urban Resilience]]></AwardTitle>
<AGENCY>NSF</AGENCY>
<AwardEffectiveDate>04/15/2018</AwardEffectiveDate>
<AwardExpirationDate>03/31/2020</AwardExpirationDate>
<AwardTotalIntnAmount>11923.00</AwardTotalIntnAmount>
<AwardAmount>11923</AwardAmount>
<AwardInstrument>
<Value>Standard Grant</Value>
</AwardInstrument>
<Organization>
<Code>04050000</Code>
<Directorate>
<Abbreviation>SBE</Abbreviation>
<LongName>Direct For Social, Behav &amp; Economic Scie</LongName>
</Directorate>
<Division>
<Abbreviation>SES</Abbreviation>
<LongName>Divn Of Social and Economic Sciences</LongName>
</Division>
</Organization>
<ProgramOfficer>
<SignBlockName>Toby Parcel</SignBlockName>
<PO_EMAI/>
<PO_PHON/>
</ProgramOfficer>
<AbstractNarration><![CDATA[Environmental resilience has been a growing challenge for city administrations around the world. Environmental disasters alone are likely to cost cities billions of dollars and have the potential to plummet an estimated 77 million city dwellers into poverty. Cities are first responders and political actors who can effectively mitigate and adapt to environmental and economic changes. Civic infrastructures, or networks of private, pro-social organizations that include the nonprofit sector and socially responsible corporations, can enable local action. This project asks why city action, or communities' ability to act, differs between locales.  Project findings can help policy-makers to identify the ways in which targeted public investments and policies can improve the resilience of communities to natural disasters and other unexpected crises.&lt;br/&gt; &lt;br/&gt;The project integrates urban sociology and organizational sociology to study city variation in urban resilience. The research design is large-scale and comparative. The first part of the study examines how the relationships between cities through membership in professional associations shape urban resilience strategies. The second part of the study focuses on all cities above 50,000 inhabitants in the United States to study the association between the density and multiplicity of civic infrastructures and city action.  Data analytic techniques include econometric fixed effects-models with computational measures based on affiliation networks and structural topic modeling. Semi-structured interviews with urban resilience practitioners worldwide allow for cross-validation of the hypotheses.&lt;br/&gt;&lt;br/&gt;This award reflects NSF's statutory mission and has been deemed worthy of support through evaluation using the Foundation's intellectual merit and broader impacts review criteria.]]></AbstractNarration>
<MinAmdLetterDate>03/30/2018</MinAmdLetterDate>
<MaxAmdLetterDate>03/30/2018</MaxAmdLetterDate>
<ARRAAmount/>
<TRAN_TYPE>Grant</TRAN_TYPE>
<CFDA_NUM>47.075</CFDA_NUM>
<NSF_PAR_USE_FLAG>1</NSF_PAR_USE_FLAG>
<FUND_AGCY_CODE>4900</FUND_AGCY_CODE>
<AWDG_AGCY_CODE>4900</AWDG_AGCY_CODE>
<AwardID>1801677</AwardID>
<Investigator>
<FirstName>Walter</FirstName>
<LastName>Powell</LastName>
<PI_MID_INIT>W</PI_MID_INIT>
<PI_SUFX_NAME/>
<PI_FULL_NAME>Walter W Powell</PI_FULL_NAME>
<EmailAddress><![CDATA[woodyp@stanford.edu]]></EmailAddress>
<NSF_ID>000264245</NSF_ID>
<StartDate>03/30/2018</StartDate>
<EndDate/>
<RoleCode>Principal Investigator</RoleCode>
</Investigator>
<Investigator>
<FirstName>Christof</FirstName>
<LastName>Brandtner</LastName>
<PI_MID_INIT/>
<PI_SUFX_NAME/>
<PI_FULL_NAME>Christof Brandtner</PI_FULL_NAME>
<EmailAddress><![CDATA[cbrandtn@stanford.edu]]></EmailAddress>
<NSF_ID>000706409</NSF_ID>
<StartDate>03/30/2018</StartDate>
<EndDate/>
<RoleCode>Co-Principal Investigator</RoleCode>
</Investigator>
<Institution>
<Name>Stanford University</Name>
<CityName>STANFORD</CityName>
<ZipCode>943052004</ZipCode>
<PhoneNumber>6507232300</PhoneNumber>
<StreetAddress>450 JANE STANFORD WAY</StreetAddress>
<StreetAddress2/>
<CountryName>United States</CountryName>
<StateName>California</StateName>
<StateCode>CA</StateCode>
<CONGRESSDISTRICT>16</CONGRESSDISTRICT>
<CONGRESS_DISTRICT_ORG>CA16</CONGRESS_DISTRICT_ORG>
<ORG_UEI_NUM>HJD6G4D6TJY5</ORG_UEI_NUM>
<ORG_LGL_BUS_NAME>THE LELAND STANFORD JUNIOR UNIVERSITY</ORG_LGL_BUS_NAME>
<ORG_PRNT_UEI_NUM/>
</Institution>
<Performance_Institution>
<Name><![CDATA[Stanford University]]></Name>
<CityName>Stanford</CityName>
<StateCode>CA</StateCode>
<ZipCode>943052030</ZipCode>
<StreetAddress><![CDATA[450 Serra Mall, Building 120]]></StreetAddress>
<CountryCode>US</CountryCode>
<CountryName>United States</CountryName>
<StateName>California</StateName>
<CountryFlag>1</CountryFlag>
<CONGRESSDISTRICT>16</CONGRESSDISTRICT>
<CONGRESS_DISTRICT_PERF>CA16</CONGRESS_DISTRICT_PERF>
</Performance_Institution>
<ProgramElement>
<Code>1331</Code>
<Text>Sociology</Text>
</ProgramElement>
<ProgramReference>
<Code>1331</Code>
<Text>SOCIOLOGY</Text>
</ProgramReference>
<ProgramReference>
<Code>9179</Code>
<Text>GRADUATE INVOLVEMENT</Text>
</ProgramReference>
<Appropriation>
<Code>0118</Code>
<Name>NSF RESEARCH &amp; RELATED ACTIVIT</Name>
<APP_SYMB_ID>040100</APP_SYMB_ID>
</Appropriation>
<Fund>
<Code>01001819DB</Code>
<Name><![CDATA[NSF RESEARCH & RELATED ACTIVIT]]></Name>
<FUND_SYMB_ID>040100</FUND_SYMB_ID>
</Fund>
<FUND_OBLG>2018~11923</FUND_OBLG>
<POR>
<DRECONTENT><![CDATA[<div class="porColContainerWBG"> <div class="porContentCol"><p>This dissertation investigated strategic attempts to mitigate and adapt to climate change by local means, so-called city climate action. In the past, sociologists have focused on nation states, corporations, and individuals as the key actors that respond to social and environmental challenges. But with nation states gridlocked by polarization and corporations and individuals stifled by their inability to overcome collective action problems, the role of cities in fostering resilience is becoming an increasingly important issue. Since cities are responsible for more than 70% of carbon emissions, their discretionary strategies and investments -- estimated to total some $80-100 billion annually over the coming decade -- are key to mitigating and adapting to climate change.&nbsp;</p> <p>The dissertation responded to the observation that some cities are indeed at the forefront of finding and enforcing solutions to social and environmental problems, including climate action, while others remain stuck on the back benches. To understand when and why cities engage in meaningful action, the inquiry drew on literature in organizational, political, and urban sociology and developed a framework of city action. City action is argued to be a result of the interplay of a place-based organizational ecosystem and the shared cultural and political environment in which cities have come to be embedded. This framework offers a new way to analyze the origins, diffusion, and implementation of innovative policies and practices among cities.</p> <p>Three studies examined this argument empirically. One study compared strategic plans among the largest cities in the world and found that the presence and content of plans -- especially with respect to climate change --depends on the city's network position in an emerging professional network of inter-city associations. A second study focuses on city action in a single country, the United States, to show that membership in professional associations and the presence of local civic associations influence municipal sustainability practices. A third study showed that city leaders are not alone in their efforts to make cities more resilient. Organizations that are physically located in cities -- nonprofits, public agencies, and firms -- lead the transition to more sustainability construction by adopting green building certifications, to which city halls respond through regulation.</p> <p>Across the three studies, civil society emerges as an anchor of urban resilience that leads by example, guides the actions of public administrations, and knits an emergent professional network of cities. Interviews with city and civic leaders throughout the world further illustrate the conclusion that cities have advanced to important actors to thwart the climate crisis. The findings also show that investments in civic infrastructure -- including community organizations, networks of city learning, and professional associations -- can have high pay-off for policy makers looking for new ways to lead cities into an uncertain future.</p> <p>One chapter of this dissertation is available as a forthcoming article in the American Public Administration Review co-authored with David Suarez, titled "The social structure of city action: Institutional embeddedness and sustainability practices in U.S. cities." Other chapters are under review. The dissertation won an honorable mention for the best dissertation published in the discipline of sociology from the American Sociological Association in 2020.</p><br> <p>            Last Modified: 07/01/2020<br>      Modified by: Christof&nbsp;Brandtner</p> </div> <div class="porSideCol"></div> </div>]]></DRECONTENT>
<POR_COPY_TXT><![CDATA[ This dissertation investigated strategic attempts to mitigate and adapt to climate change by local means, so-called city climate action. In the past, sociologists have focused on nation states, corporations, and individuals as the key actors that respond to social and environmental challenges. But with nation states gridlocked by polarization and corporations and individuals stifled by their inability to overcome collective action problems, the role of cities in fostering resilience is becoming an increasingly important issue. Since cities are responsible for more than 70% of carbon emissions, their discretionary strategies and investments -- estimated to total some $80-100 billion annually over the coming decade -- are key to mitigating and adapting to climate change.   The dissertation responded to the observation that some cities are indeed at the forefront of finding and enforcing solutions to social and environmental problems, including climate action, while others remain stuck on the back benches. To understand when and why cities engage in meaningful action, the inquiry drew on literature in organizational, political, and urban sociology and developed a framework of city action. City action is argued to be a result of the interplay of a place-based organizational ecosystem and the shared cultural and political environment in which cities have come to be embedded. This framework offers a new way to analyze the origins, diffusion, and implementation of innovative policies and practices among cities.  Three studies examined this argument empirically. One study compared strategic plans among the largest cities in the world and found that the presence and content of plans -- especially with respect to climate change --depends on the city's network position in an emerging professional network of inter-city associations. A second study focuses on city action in a single country, the United States, to show that membership in professional associations and the presence of local civic associations influence municipal sustainability practices. A third study showed that city leaders are not alone in their efforts to make cities more resilient. Organizations that are physically located in cities -- nonprofits, public agencies, and firms -- lead the transition to more sustainability construction by adopting green building certifications, to which city halls respond through regulation.  Across the three studies, civil society emerges as an anchor of urban resilience that leads by example, guides the actions of public administrations, and knits an emergent professional network of cities. Interviews with city and civic leaders throughout the world further illustrate the conclusion that cities have advanced to important actors to thwart the climate crisis. The findings also show that investments in civic infrastructure -- including community organizations, networks of city learning, and professional associations -- can have high pay-off for policy makers looking for new ways to lead cities into an uncertain future.  One chapter of this dissertation is available as a forthcoming article in the American Public Administration Review co-authored with David Suarez, titled "The social structure of city action: Institutional embeddedness and sustainability practices in U.S. cities." Other chapters are under review. The dissertation won an honorable mention for the best dissertation published in the discipline of sociology from the American Sociological Association in 2020.       Last Modified: 07/01/2020       Submitted by: Christof Brandtner]]></POR_COPY_TXT>
</POR>
</Award>
</rootTag>
