<?xml version="1.0" encoding="UTF-8"?>
<rootTag>
<Award>
<AwardTitle><![CDATA[Problem-Based Learning in Advanced Photonics Manufacturing Education]]></AwardTitle>
<AGENCY>NSF</AGENCY>
<AwardEffectiveDate>09/01/2018</AwardEffectiveDate>
<AwardExpirationDate>08/31/2023</AwardExpirationDate>
<AwardTotalIntnAmount>551202.00</AwardTotalIntnAmount>
<AwardAmount>551202</AwardAmount>
<AwardInstrument>
<Value>Standard Grant</Value>
</AwardInstrument>
<Organization>
<Code>11040100</Code>
<Directorate>
<Abbreviation>EDU</Abbreviation>
<LongName>Directorate for STEM Education</LongName>
</Directorate>
<Division>
<Abbreviation>DUE</Abbreviation>
<LongName>Division Of Undergraduate Education</LongName>
</Division>
</Organization>
<ProgramOfficer>
<SignBlockName>Virginia Carter</SignBlockName>
<PO_EMAI>vccarter@nsf.gov</PO_EMAI>
<PO_PHON>7032924651</PO_PHON>
</ProgramOfficer>
<AbstractNarration><![CDATA[Many manufacturing industries in the Northeast region of the United States have added photonics technologies into their manufacturing processes. A recent study of companies in the region revealed a critical need for more optics and photonics technicians. The demand for these technicians is growing rapidly and surpasses the total number of graduates each year in this technical field. It is essential to motivate, engage, and prepare more students for careers as technicians in advanced photonics manufacturing. A proven method for recruitment is to provide students with meaningful learning experiences that captivate their interest with the kinds of technical problems and challenges technicians encounter on the job. Problem-based learning (PBL) is a powerful method for motivating students, and simultaneously developing the problem solving and critical thinking skills required for the workplace. Springfield Technical Community College is currently the only two-year institution in New England that offers programs in optics and photonics technology. These programs combine project-based and problem-based activities with extensive hands-on experience on state-of-the-art equipment. In this project, the college will work with regional industries and organizations in advanced photonics manufacturing to expand the available library of PBL activities in its programs. Workshops on using PBL in advanced photonics manufacturing education will also be provided to high school and community college instructors across the Northeast. The project will contribute to meeting the demand for well-skilled photonics technicians in the nation's workforce.&lt;br/&gt;&lt;br/&gt;The overarching goal of this project is to increase the number of photonics technicians prepared with the knowledge and skills needed to sustain and grow the advanced photonics manufacturing industry in the Northeast region of the United States. The proposed effort will build on previous work by the investigators to promote use of the PBL approach in developing problem-solving, critical thinking, and teamwork skills among students. The project will: 1) create eight new multimedia PBL modules featuring real-world problems developed with input from industry partners across New England and New York; 2) provide professional development for high school and college-level educators on photonics technologies and strategies for using the PBL pedagogy; 3) develop a comprehensive recruitment strategy for increasing the number of high school and community college students who pursue career pathways in photonics; and 4) research the efficacy of the PBL approach on improving technician education in advanced photonics manufacturing. Materials developed in the project will be freely available on the project website, and results will be widely disseminated.&lt;br/&gt;&lt;br/&gt;This award reflects NSF's statutory mission and has been deemed worthy of support through evaluation using the Foundation's intellectual merit and broader impacts review criteria.]]></AbstractNarration>
<MinAmdLetterDate>08/14/2018</MinAmdLetterDate>
<MaxAmdLetterDate>08/14/2018</MaxAmdLetterDate>
<ARRAAmount/>
<TRAN_TYPE>Grant</TRAN_TYPE>
<CFDA_NUM>47.076</CFDA_NUM>
<NSF_PAR_USE_FLAG>1</NSF_PAR_USE_FLAG>
<FUND_AGCY_CODE>4900</FUND_AGCY_CODE>
<AWDG_AGCY_CODE>4900</AWDG_AGCY_CODE>
<AwardID>1801115</AwardID>
<Investigator>
<FirstName>Judith</FirstName>
<LastName>Donnelly</LastName>
<PI_MID_INIT>F</PI_MID_INIT>
<PI_SUFX_NAME/>
<PI_FULL_NAME>Judith F Donnelly</PI_FULL_NAME>
<EmailAddress><![CDATA[jdonnelly@trcc.commnet.edu]]></EmailAddress>
<NSF_ID>000113052</NSF_ID>
<StartDate>08/14/2018</StartDate>
<EndDate/>
<RoleCode>Co-Principal Investigator</RoleCode>
</Investigator>
<Investigator>
<FirstName>Nicholas</FirstName>
<LastName>Massa</LastName>
<PI_MID_INIT>M</PI_MID_INIT>
<PI_SUFX_NAME/>
<PI_FULL_NAME>Nicholas M Massa</PI_FULL_NAME>
<EmailAddress><![CDATA[massa@stcc.edu]]></EmailAddress>
<NSF_ID>000103848</NSF_ID>
<StartDate>08/14/2018</StartDate>
<EndDate/>
<RoleCode>Principal Investigator</RoleCode>
</Investigator>
<Investigator>
<FirstName>Kelli</FirstName>
<LastName>Vallieres</LastName>
<PI_MID_INIT/>
<PI_SUFX_NAME/>
<PI_FULL_NAME>Kelli Vallieres</PI_FULL_NAME>
<EmailAddress><![CDATA[kvallieres@nebhe.org]]></EmailAddress>
<NSF_ID>000721336</NSF_ID>
<StartDate>08/14/2018</StartDate>
<EndDate/>
<RoleCode>Co-Principal Investigator</RoleCode>
</Investigator>
<Investigator>
<FirstName>Gary</FirstName>
<LastName>Mullett</LastName>
<PI_MID_INIT>J</PI_MID_INIT>
<PI_SUFX_NAME/>
<PI_FULL_NAME>Gary J Mullett</PI_FULL_NAME>
<EmailAddress><![CDATA[gmullett@stcc.edu]]></EmailAddress>
<NSF_ID>000091953</NSF_ID>
<StartDate>08/14/2018</StartDate>
<EndDate/>
<RoleCode>Co-Principal Investigator</RoleCode>
</Investigator>
<Institution>
<Name><![CDATA[Springfield Technical Community College]]></Name>
<CityName>SPRINGFIELD</CityName>
<ZipCode>011051700</ZipCode>
<PhoneNumber>4137817822</PhoneNumber>
<StreetAddress><![CDATA[1 ARMORY SQ]]></StreetAddress>
<StreetAddress2/>
<CountryName>United States</CountryName>
<StateName>Massachusetts</StateName>
<StateCode>MA</StateCode>
<CONGRESSDISTRICT>01</CONGRESSDISTRICT>
<CONGRESS_DISTRICT_ORG>MA01</CONGRESS_DISTRICT_ORG>
<ORG_UEI_NUM>TMJXBJPDLX95</ORG_UEI_NUM>
<ORG_LGL_BUS_NAME>SPRINGFIELD TECHNICAL COMMUNITY COLLEGE</ORG_LGL_BUS_NAME>
<ORG_PRNT_UEI_NUM/>
</Institution>
<Performance_Institution>
<Name><![CDATA[Springfield Technical Community College]]></Name>
<CityName>Springfield</CityName>
<StateCode>MA</StateCode>
<ZipCode>011029000</ZipCode>
<StreetAddress><![CDATA[One Armory Square]]></StreetAddress>
<CountryCode>US</CountryCode>
<CountryName>United States</CountryName>
<StateName>Massachusetts</StateName>
<CountryFlag>1</CountryFlag>
<CONGRESSDISTRICT>01</CONGRESSDISTRICT>
<CONGRESS_DISTRICT_PERF>MA01</CONGRESS_DISTRICT_PERF>
</Performance_Institution>
<ProgramElement>
<Code>7412</Code>
<Text>Advanced Tech Education Prog</Text>
</ProgramElement>
<ProgramReference>
<Code>1032</Code>
<Text>ADVANCED TECHNOLOGY EDUCATION</Text>
</ProgramReference>
<ProgramReference>
<Code>9178</Code>
<Text>UNDERGRADUATE EDUCATION</Text>
</ProgramReference>
<ProgramReference>
<Code>SMET</Code>
<Text>SCIENCE, MATH, ENG &amp; TECH EDUCATION</Text>
</ProgramReference>
<Appropriation>
<Code>0418</Code>
<Name>NSF Education &amp; Human Resource</Name>
<APP_SYMB_ID>040106</APP_SYMB_ID>
</Appropriation>
<Fund>
<Code>04001819DB</Code>
<Name><![CDATA[NSF Education & Human Resource]]></Name>
<FUND_SYMB_ID>040106</FUND_SYMB_ID>
</Fund>
<FUND_OBLG>2018~551202</FUND_OBLG>
<POR>
<DRECONTENT><![CDATA[<div class="porColContainerWBG"> <div class="porContentCol"><p>The overarching goal of this curriculum and faculty professional development project was to increase the STEM pipeline of high school and community college students prepared and motivated to pursue careers in photonics technology through the use of problem-based learning (PBL) focused on advanced photonics manufacturing. The project sought to improve photonics technician education in the Northeast by developing a comprehensive series of interdisciplinary multimedia PBL instructional modules, or <em>Challenges</em>, focused on real-world issues in advanced photonics manufacturing faced by industry.</p> <p>Working in partnership with advanced photonics manufacturing industry partners across New England and New York, the APM-PBL project built upon the successful NSF-ATE PHOTON PBL, STEM PBL and AM-PBL projects of the New England Board of Higher Education projects to:</p> <ul> <li>Create 8 new multimedia PBL Challenges focused on real-world problems in advanced photonics manufacturing</li> <li>Provide professional development for high school, community and four-year college STEM educators across the Northeast in advanced photonics manufacturing applications, PBL pedagogy and classroom implementation strategies</li> <li>Develop a comprehensive recruitment strategy for increasing the pipeline of high school and community college students motivated and prepared to pursue career pathways in advanced photonics manufacturing, and</li> <li>Conduct scholarly research on the efficacy of PBL with regard to improving advanced photonics manufacturing education in the Northeast. </li> </ul> <p>In the end, five multimedia PBL Challenges focused on authentic real-world problems in advanced photonics manufacturing were developed and finalized in collaboration with photonics industry and research university partners. Additionally, three previously developed PBL Challenges were updated to reflect recent advances in photonics technology for a total of eight new PBL Challenges. These PBL Challenges, along with 20+ previously developed PBL Challenges will continue to be available online at no cost to STEM educators by the New England Board of Higher Education at <a href="http://www.pblprojects.org">www.pblprojects.org</a>. Professional development in the use of PBL Challenges was conducted through a four-day virtual Summer Workshop in July 2021 for 21 high school and college educators with additional workshops presented at the annual 2022 SPIE Optics and Photonics conference in San Diego, CA and the 2023 bi-annual SPIE/OSA ETOP conference in Cocoa Beach, FL and upcoming opportunities for continued professional development throughout 2023. The APM-PBL team continues to grow the pipeline of qualified optics technicians by partnering with the AIM Photonics network of two-and four-year institutions, the NSF-ATE LASER-TEC Center, and numerous industry partners. Despite many setbacks encountered because of the Coronavirus pandemic, the APM-PBL team worked diligently to pivot methodologies for teaching PBL virtually. The result has been a newly imagined, innovative, and modern approach to teaching and learning.</p> <p>Manufacturing industries in the Northeast United States have integrated photonics technologies into their processes, leading to a pressing demand for optics and photonics technicians. The shortage of graduates in this field necessitates continued and focused efforts to engage and prepare students for careers in advanced photonics manufacturing. STCC stands as a pioneer in providing programs that combine practical experience with problem-based learning to develop essential technical skills. The APM-PBL project addressed this demand by creating new PBL modules, offering professional development for educators, implementing a recruitment strategy, and researching the effectiveness of PBL in technician education. With its potential to enhance problem-solving and critical thinking abilities, the project aligns with the NSF's mission and evaluation criteria, holding the promise of cultivating a skilled workforce and sustaining growth in the regional photonics industry.</p> <p>&nbsp;</p><br> <p>  Last Modified: 12/13/2023<br> Modified by: Nicholas&nbsp;M&nbsp;Massa</p></div> <div class="porSideCol" ><div class="each-gallery"> <div class="galContent" id="gallery0"> <div class="photoCount" id="photoCount0">          Images (<span id="selectedPhoto0">1</span> of <span class="totalNumber"></span>)          </div> <div class="galControls onePhoto" id="controls0"></div> <div class="galSlideshow" id="slideshow0"></div> <div class="galEmbox" id="embox"> <div class="image-title"></div> </div> </div> <div class="galNavigation" id="navigation0"> <ul class="thumbs" id="thumbs0"> <li> <a href="/por/images/Reports/POR/2023/1801115/1801115_10570319_1702481441376_Image_2--rgov-214x142.jpg" original="/por/images/Reports/POR/2023/1801115/1801115_10570319_1702481441376_Image_2--rgov-800width.jpg" title="PBL Challenge Problem Solver's Toolbox"><img src="/por/images/Reports/POR/2023/1801115/1801115_10570319_1702481441376_Image_2--rgov-66x44.jpg" alt="PBL Challenge Problem Solver's Toolbox"></a> <div class="imageCaptionContainer"> <div class="imageCaption">PBL Challenge Problem Solver's Toolbox. Each block links to a "Whiteboard" to help students develop their structured problem-solving skills</div> <div class="imageCredit">www.pblprojects.org</div> <div class="imagePermisssions">Copyright owner is an institution with an existing agreement allowing use by NSF</div> <div class="imageSubmitted">Nicholas&nbsp;M&nbsp;Massa <div class="imageTitle">PBL Challenge Problem Solver's Toolbox</div> </div> </li><li> <a href="/por/images/Reports/POR/2023/1801115/1801115_10570319_1702481726547_Image_5--rgov-214x142.jpg" original="/por/images/Reports/POR/2023/1801115/1801115_10570319_1702481726547_Image_5--rgov-800width.jpg" title="PBL Challenge WhiteBoard"><img src="/por/images/Reports/POR/2023/1801115/1801115_10570319_1702481726547_Image_5--rgov-66x44.jpg" alt="PBL Challenge WhiteBoard"></a> <div class="imageCaptionContainer"> <div class="imageCaption">PBL Challenge "WhiteBoard" used to help students navigate through the problem solving process</div> <div class="imageCredit">www.pblprojects.org</div> <div class="imagePermisssions">Copyright owner is an institution with an existing agreement allowing use by NSF</div> <div class="imageSubmitted">Nicholas&nbsp;M&nbsp;Massa <div class="imageTitle">PBL Challenge WhiteBoard</div> </div> </li><li> <a href="/por/images/Reports/POR/2023/1801115/1801115_10570319_1702481613131_Image_3--rgov-214x142.jpg" original="/por/images/Reports/POR/2023/1801115/1801115_10570319_1702481613131_Image_3--rgov-800width.jpg" title="Convergent Photonics PBL Challenge"><img src="/por/images/Reports/POR/2023/1801115/1801115_10570319_1702481613131_Image_3--rgov-66x44.jpg" alt="Convergent Photonics PBL Challenge"></a> <div class="imageCaptionContainer"> <div class="imageCaption">Image from the Convergent Photonics PBL Challenge showing RGB testing of an active optical fiber used in high power fiber laser</div> <div class="imageCredit">Convergent Photonics, Inc</div> <div class="imagePermisssions">Copyright owner is an institution with an existing agreement allowing use by NSF</div> <div class="imageSubmitted">Nicholas&nbsp;M&nbsp;Massa <div class="imageTitle">Convergent Photonics PBL Challenge</div> </div> </li><li> <a href="/por/images/Reports/POR/2023/1801115/1801115_10570319_1702481877339_Image_4--rgov-214x142.jpg" original="/por/images/Reports/POR/2023/1801115/1801115_10570319_1702481877339_Image_4--rgov-800width.jpg" title="MIT AIM Photonics PBL Challenge"><img src="/por/images/Reports/POR/2023/1801115/1801115_10570319_1702481877339_Image_4--rgov-66x44.jpg" alt="MIT AIM Photonics PBL Challenge"></a> <div class="imageCaptionContainer"> <div class="imageCaption">Image from the MIT AIM Photonics PBL Challenge showing a waveguide simulation</div> <div class="imageCredit">Dr. Erik Verlange - MIT</div> <div class="imagePermisssions">Copyright owner is an institution with an existing agreement allowing use by NSF</div> <div class="imageSubmitted">Nicholas&nbsp;M&nbsp;Massa <div class="imageTitle">MIT AIM Photonics PBL Challenge</div> </div> </li></ul> </div> </div></div> </div>]]></DRECONTENT>
<POR_COPY_TXT><![CDATA[  The overarching goal of this curriculum and faculty professional development project was to increase the STEM pipeline of high school and community college students prepared and motivated to pursue careers in photonics technology through the use of problem-based learning (PBL) focused on advanced photonics manufacturing. The project sought to improve photonics technician education in the Northeast by developing a comprehensive series of interdisciplinary multimedia PBL instructional modules, or Challenges, focused on real-world issues in advanced photonics manufacturing faced by industry.   Working in partnership with advanced photonics manufacturing industry partners across New England and New York, the APM-PBL project built upon the successful NSF-ATE PHOTON PBL, STEM PBL and AM-PBL projects of the New England Board of Higher Education projects to:  Create 8 new multimedia PBL Challenges focused on real-world problems in advanced photonics manufacturing Provide professional development for high school, community and four-year college STEM educators across the Northeast in advanced photonics manufacturing applications, PBL pedagogy and classroom implementation strategies Develop a comprehensive recruitment strategy for increasing the pipeline of high school and community college students motivated and prepared to pursue career pathways in advanced photonics manufacturing, and Conduct scholarly research on the efficacy of PBL with regard to improving advanced photonics manufacturing education in the Northeast.     In the end, five multimedia PBL Challenges focused on authentic real-world problems in advanced photonics manufacturing were developed and finalized in collaboration with photonics industry and research university partners. Additionally, three previously developed PBL Challenges were updated to reflect recent advances in photonics technology for a total of eight new PBL Challenges. These PBL Challenges, along with 20+ previously developed PBL Challenges will continue to be available online at no cost to STEM educators by the New England Board of Higher Education at www.pblprojects.org. Professional development in the use of PBL Challenges was conducted through a four-day virtual Summer Workshop in July 2021 for 21 high school and college educators with additional workshops presented at the annual 2022 SPIE Optics and Photonics conference in San Diego, CA and the 2023 bi-annual SPIE/OSA ETOP conference in Cocoa Beach, FL and upcoming opportunities for continued professional development throughout 2023. The APM-PBL team continues to grow the pipeline of qualified optics technicians by partnering with the AIM Photonics network of two-and four-year institutions, the NSF-ATE LASER-TEC Center, and numerous industry partners. Despite many setbacks encountered because of the Coronavirus pandemic, the APM-PBL team worked diligently to pivot methodologies for teaching PBL virtually. The result has been a newly imagined, innovative, and modern approach to teaching and learning.   Manufacturing industries in the Northeast United States have integrated photonics technologies into their processes, leading to a pressing demand for optics and photonics technicians. The shortage of graduates in this field necessitates continued and focused efforts to engage and prepare students for careers in advanced photonics manufacturing. STCC stands as a pioneer in providing programs that combine practical experience with problem-based learning to develop essential technical skills. The APM-PBL project addressed this demand by creating new PBL modules, offering professional development for educators, implementing a recruitment strategy, and researching the effectiveness of PBL in technician education. With its potential to enhance problem-solving and critical thinking abilities, the project aligns with the NSF's mission and evaluation criteria, holding the promise of cultivating a skilled workforce and sustaining growth in the regional photonics industry.        Last Modified: 12/13/2023       Submitted by: NicholasMMassa]]></POR_COPY_TXT>
</POR>
</Award>
</rootTag>
