<?xml version="1.0" encoding="UTF-8"?>
<rootTag>
<Award>
<AwardTitle><![CDATA[SaTC: CORE: Medium: Collaborative: REVELARE: A Hardware-Supported Dynamic Information Flow Tracking Framework for IoT Security and Forensics]]></AwardTitle>
<AGENCY>NSF</AGENCY>
<AwardEffectiveDate>08/15/2018</AwardEffectiveDate>
<AwardExpirationDate>07/31/2023</AwardExpirationDate>
<AwardTotalIntnAmount>599667.00</AwardTotalIntnAmount>
<AwardAmount>607667</AwardAmount>
<AwardInstrument>
<Value>Standard Grant</Value>
</AwardInstrument>
<Organization>
<Code>05050000</Code>
<Directorate>
<Abbreviation>CSE</Abbreviation>
<LongName>Direct For Computer &amp; Info Scie &amp; Enginr</LongName>
</Directorate>
<Division>
<Abbreviation>CNS</Abbreviation>
<LongName>Division Of Computer and Network Systems</LongName>
</Division>
</Organization>
<ProgramOfficer>
<SignBlockName>Sol Greenspan</SignBlockName>
<PO_EMAI>sgreensp@nsf.gov</PO_EMAI>
<PO_PHON>7032927841</PO_PHON>
</ProgramOfficer>
<AbstractNarration><![CDATA[Smart and connected devices, also known as Internet of Things (IoT) devices, are now an integral part of our daily lives. These devices are found in cars, phones, watches, appliances, home security systems, and in critical applications, such as utilities and in the biomedical industry. The convenience provided by IoT devices comes with unique security and privacy concerns. Because of the shortened time-to-market and the fierce competition among companies, security has not been treated as a priority in these devices. Very importantly, IoT security challenges are different from those present in conventional devices because IoT devices (i) are heterogeneous, (ii) have limited computational resources, and (iii) can be prevalent in very large numbers.  Thus, there is an urgent need to develop standardized, efficient, and embedded security modules to protect such devices from cyber attacks. The goal of this project is to design, implement, and fabricate REVELARE, a security solution for IoT devices, which protects IoT devices in two ways. The first is through a hardware module embedded in the device, which can analyze and filter low-level events based on predefined security policies. The second component resides on a cloud environment and performs forensic analyses on a large set of events continuously recorded from the IoT device.   This project has the potential to immensely improve IoT security. Manufacturers will be able to ship IoT devices with built-in protection against cyber attacks. The principal investigators, with complementary expertises in the Computer Science and Engineering fields, have a strong record of advancement of female and minority students, as well as involvement of undergraduate students in research projects. Further, this project opens up new avenues for future work in hardware-for-software security, an area which, while still in its infancy, has the potential for breakthroughs in cyber security.&lt;br/&gt;&lt;br/&gt;REVELARE is a hardware-supported dynamic information flow tracking (DIFT) framework to enhance IoT security and forensics. It consists of the following components: (i) a DIFT-enabling core for the ARM and the RISC-V architectures, which complements the main processor with DIFT capabilities, (ii) two DIFT-based security policies (prevention of memory corruption and in-memory-only attacks) enforced by hardware, whose accuracy is enhanced by the capture of DIFT indirect flows, and (iii) a mechanism for IoT virtualization-based security analysis and forensics, with the implementation of two types of security/forensics analyses: causality graphs and personalized (per-device) anomaly detection. REVELARE realizes the potential of DIFT capabilities for the needs of IoT security and forensics, transforming the state-of-the-art for how researchers in academia and industry have been addressing IoT security. Our efficient (architecture-supported) and effective (addressing indirect flows) DIFT framework can also inform future research on architecture-supported DIFT for other architectures (e.g., Intel x86) leveraged in traditional devices. Our combination of in-device built-in protection with cloud heavy-weight analysis and forensics has the potential to ignite the new field of IoT virtualization, in which IoT device management and security are outsourced to the cloud via virtualized devices.&lt;br/&gt;&lt;br/&gt;This award reflects NSF's statutory mission and has been deemed worthy of support through evaluation using the Foundation's intellectual merit and broader impacts review criteria.]]></AbstractNarration>
<MinAmdLetterDate>08/08/2018</MinAmdLetterDate>
<MaxAmdLetterDate>05/18/2022</MaxAmdLetterDate>
<ARRAAmount/>
<TRAN_TYPE>Grant</TRAN_TYPE>
<CFDA_NUM>47.070</CFDA_NUM>
<NSF_PAR_USE_FLAG>1</NSF_PAR_USE_FLAG>
<FUND_AGCY_CODE>4900</FUND_AGCY_CODE>
<AWDG_AGCY_CODE>4900</AWDG_AGCY_CODE>
<AwardID>1801599</AwardID>
<Investigator>
<FirstName>Shuo</FirstName>
<LastName>Wang</LastName>
<PI_MID_INIT/>
<PI_SUFX_NAME/>
<PI_FULL_NAME>Shuo Wang</PI_FULL_NAME>
<EmailAddress><![CDATA[shuo.wang@ece.ufl.edu]]></EmailAddress>
<NSF_ID>000578675</NSF_ID>
<StartDate>07/30/2021</StartDate>
<EndDate/>
<RoleCode>Co-Principal Investigator</RoleCode>
</Investigator>
<Investigator>
<FirstName>Renato</FirstName>
<LastName>Figueiredo</LastName>
<PI_MID_INIT>J</PI_MID_INIT>
<PI_SUFX_NAME/>
<PI_FULL_NAME>Renato J Figueiredo</PI_FULL_NAME>
<EmailAddress><![CDATA[renato@acis.ufl.edu]]></EmailAddress>
<NSF_ID>000286908</NSF_ID>
<StartDate>05/18/2022</StartDate>
<EndDate/>
<RoleCode>Principal Investigator</RoleCode>
</Investigator>
<Investigator>
<FirstName>Yier</FirstName>
<LastName>Jin</LastName>
<PI_MID_INIT/>
<PI_SUFX_NAME/>
<PI_FULL_NAME>Yier Jin</PI_FULL_NAME>
<EmailAddress><![CDATA[yier.jin@ece.ufl.edu]]></EmailAddress>
<NSF_ID>000634590</NSF_ID>
<StartDate>08/08/2018</StartDate>
<EndDate>07/30/2021</EndDate>
<RoleCode>Former Co-Principal Investigator</RoleCode>
</Investigator>
<Investigator>
<FirstName>John</FirstName>
<LastName>Harris</LastName>
<PI_MID_INIT>G</PI_MID_INIT>
<PI_SUFX_NAME/>
<PI_FULL_NAME>John G Harris</PI_FULL_NAME>
<EmailAddress><![CDATA[harris@ece.ufl.edu]]></EmailAddress>
<NSF_ID>000197407</NSF_ID>
<StartDate>03/10/2021</StartDate>
<EndDate>05/18/2022</EndDate>
<RoleCode>Former Principal Investigator</RoleCode>
</Investigator>
<Investigator>
<FirstName>Daniela</FirstName>
<LastName>Oliveira</LastName>
<PI_MID_INIT>A</PI_MID_INIT>
<PI_SUFX_NAME/>
<PI_FULL_NAME>Daniela A Oliveira</PI_FULL_NAME>
<EmailAddress><![CDATA[daniela@ece.ufl.edu]]></EmailAddress>
<NSF_ID>000582084</NSF_ID>
<StartDate>08/08/2018</StartDate>
<EndDate>03/10/2021</EndDate>
<RoleCode>Former Principal Investigator</RoleCode>
</Investigator>
<Institution>
<Name><![CDATA[University of Florida]]></Name>
<CityName>GAINESVILLE</CityName>
<ZipCode>326111941</ZipCode>
<PhoneNumber>3523923516</PhoneNumber>
<StreetAddress><![CDATA[1523 UNION RD RM 207]]></StreetAddress>
<StreetAddress2/>
<CountryName>United States</CountryName>
<StateName>Florida</StateName>
<StateCode>FL</StateCode>
<CONGRESSDISTRICT>03</CONGRESSDISTRICT>
<CONGRESS_DISTRICT_ORG>FL03</CONGRESS_DISTRICT_ORG>
<ORG_UEI_NUM>NNFQH1JAPEP3</ORG_UEI_NUM>
<ORG_LGL_BUS_NAME>UNIVERSITY OF FLORIDA</ORG_LGL_BUS_NAME>
<ORG_PRNT_UEI_NUM>D4GCCCMXR1H3</ORG_PRNT_UEI_NUM>
</Institution>
<Performance_Institution>
<Name><![CDATA[University of Florida]]></Name>
<CityName>Gainesville</CityName>
<StateCode>FL</StateCode>
<ZipCode>326112002</ZipCode>
<StreetAddress><![CDATA[PO BOX 116200]]></StreetAddress>
<CountryCode>US</CountryCode>
<CountryName>United States</CountryName>
<StateName>Florida</StateName>
<CountryFlag>1</CountryFlag>
<CONGRESSDISTRICT>03</CONGRESSDISTRICT>
<CONGRESS_DISTRICT_PERF>FL03</CONGRESS_DISTRICT_PERF>
</Performance_Institution>
<ProgramElement>
<Code>8060</Code>
<Text>Secure &amp;Trustworthy Cyberspace</Text>
</ProgramElement>
<ProgramReference>
<Code>025Z</Code>
<Text>SaTC: Secure and Trustworthy Cyberspace</Text>
</ProgramReference>
<ProgramReference>
<Code>7924</Code>
<Text>MEDIUM PROJECT</Text>
</ProgramReference>
<ProgramReference>
<Code>9102</Code>
<Text>WOMEN, MINORITY, DISABLED, NEC</Text>
</ProgramReference>
<ProgramReference>
<Code>9178</Code>
<Text>UNDERGRADUATE EDUCATION</Text>
</ProgramReference>
<ProgramReference>
<Code>9251</Code>
<Text>REU SUPP-Res Exp for Ugrd Supp</Text>
</ProgramReference>
<Appropriation>
<Code>0118</Code>
<Name>NSF RESEARCH &amp; RELATED ACTIVIT</Name>
<APP_SYMB_ID>040100</APP_SYMB_ID>
</Appropriation>
<Appropriation>
<Code>0120</Code>
<Name>NSF RESEARCH &amp; RELATED ACTIVIT</Name>
<APP_SYMB_ID>040100</APP_SYMB_ID>
</Appropriation>
<Fund>
<Code>01001819DB</Code>
<Name><![CDATA[NSF RESEARCH & RELATED ACTIVIT]]></Name>
<FUND_SYMB_ID>040100</FUND_SYMB_ID>
</Fund>
<Fund>
<Code>01002021DB</Code>
<Name><![CDATA[NSF RESEARCH & RELATED ACTIVIT]]></Name>
<FUND_SYMB_ID>040100</FUND_SYMB_ID>
</Fund>
<FUND_OBLG>2018~599667</FUND_OBLG>
<FUND_OBLG>2020~8000</FUND_OBLG>
<POR>
<DRECONTENT><![CDATA[<div class="porColContainerWBG"> <div class="porContentCol"><p><span id="docs-internal-guid-c493d393-7fff-f562-e29f-5b5f510db0e3">&nbsp;</span>The goal of this project was to implement REVELARE - a hardware-supported dynamic information flow tracking (DIFT) framework to enhance IoT security and forensics. DIFT is based on tainting certain instructions and/or data with metadata tags, propagating these tags based on a given confidentiality and/or integrity policy, and checking these tags during program execution for policy compliance. REVELARE consists of a DIFT-enabling IP core (FineDIFT) for the RISC-V architecture, which complements the main processor with DIFT capabilities.&nbsp;</p> <p dir="ltr">More specifically, FineDIFT is a data-flow integrity (DFI) framework that uses DIFT to generate a live dataflow graph of a running process to perform hardware-based assisted analysis at fine-granularity, thus allowing enforcement of an application&rsquo;s Data-Flow Graph (DFG). FineDIFT is implemented in a coprocessor, avoiding expensive modifications to existing architectures. It is designed to individually identify memory regions and enforce per-region rules on how they are utilized. To handle the volume of metadata required for identification and tracking of memory regions, FineDIFT uses a novel storage mechanism, which reduces the size of storage requirements. Furthermore, FineDIFT&rsquo;s storage element is optimized to eliminate the need to stall the main processor during compliance checks.</p> <p dir="ltr">This project also led to positive educational broader impacts, as it involved undergraduate, graduate, and postgraduate trainees in cutting edge, hands-on research activities, which led to the publication of peer-review manuscripts, presentations in technical conferences, and thesis defenses. Trainees learned how to work collaboratively with remote colleagues and received mentorship from a team of researchers from three institutions (University of Florida, Arizona State University, and University of Cincinnati) working on different, but complementary expertise: hardware and software security.&nbsp;</p><br> <p>  Last Modified: 11/30/2023<br> Modified by: Renato&nbsp;J&nbsp;Figueiredo</p></div> <div class="porSideCol" ><div class="each-gallery"> <div class="galContent" id="gallery0"> <div class="photoCount" id="photoCount0">          Image         </div> <div class="galControls onePhoto" id="controls0"></div> <div class="galSlideshow" id="slideshow0"></div> <div class="galEmbox" id="embox"> <div class="image-title"></div> </div> </div> <div class="galNavigation onePhoto" id="navigation0"> <ul class="thumbs" id="thumbs0"> <li> <a href="/por/images/Reports/POR/2023/1801599/1801599_10567769_1701359076954_FineDIFT__1_--rgov-214x142.JPG" original="/por/images/Reports/POR/2023/1801599/1801599_10567769_1701359076954_FineDIFT__1_--rgov-800width.JPG" title="FineDIFT"><img src="/por/images/Reports/POR/2023/1801599/1801599_10567769_1701359076954_FineDIFT__1_--rgov-66x44.JPG" alt="FineDIFT"></a> <div class="imageCaptionContainer"> <div class="imageCaption">Architecture of FineDIFT</div> <div class="imageCredit">Yier Jin</div> <div class="imagePermisssions">Creative Commons</div> <div class="imageSubmitted">Renato&nbsp;J&nbsp;Figueiredo <div class="imageTitle">FineDIFT</div> </div> </li></ul> </div> </div></div> </div>]]></DRECONTENT>
<POR_COPY_TXT><![CDATA[  The goal of this project was to implement REVELARE - a hardware-supported dynamic information flow tracking (DIFT) framework to enhance IoT security and forensics. DIFT is based on tainting certain instructions and/or data with metadata tags, propagating these tags based on a given confidentiality and/or integrity policy, and checking these tags during program execution for policy compliance. REVELARE consists of a DIFT-enabling IP core (FineDIFT) for the RISC-V architecture, which complements the main processor with DIFT capabilities.   More specifically, FineDIFT is a data-flow integrity (DFI) framework that uses DIFT to generate a live dataflow graph of a running process to perform hardware-based assisted analysis at fine-granularity, thus allowing enforcement of an applications Data-Flow Graph (DFG). FineDIFT is implemented in a coprocessor, avoiding expensive modifications to existing architectures. It is designed to individually identify memory regions and enforce per-region rules on how they are utilized. To handle the volume of metadata required for identification and tracking of memory regions, FineDIFT uses a novel storage mechanism, which reduces the size of storage requirements. Furthermore, FineDIFTs storage element is optimized to eliminate the need to stall the main processor during compliance checks.   This project also led to positive educational broader impacts, as it involved undergraduate, graduate, and postgraduate trainees in cutting edge, hands-on research activities, which led to the publication of peer-review manuscripts, presentations in technical conferences, and thesis defenses. Trainees learned how to work collaboratively with remote colleagues and received mentorship from a team of researchers from three institutions (University of Florida, Arizona State University, and University of Cincinnati) working on different, but complementary expertise: hardware and software security.     Last Modified: 11/30/2023       Submitted by: RenatoJFigueiredo]]></POR_COPY_TXT>
</POR>
</Award>
</rootTag>
