<?xml version="1.0" encoding="UTF-8"?>
<rootTag>
<Award>
<AwardTitle>Funding for Interagency Agreement (NCSE 1801201) with BLS to Purchase Data From the Occupational Employment Statistics Survey (BLS-7-006)</AwardTitle>
<AGENCY>NSF</AGENCY>
<AwardEffectiveDate>11/01/2017</AwardEffectiveDate>
<AwardExpirationDate>11/30/2018</AwardExpirationDate>
<AwardTotalIntnAmount>370000.00</AwardTotalIntnAmount>
<AwardAmount>370000</AwardAmount>
<AwardInstrument>
<Value>Contract Interagency Agreement</Value>
</AwardInstrument>
<Organization>
<Code>04030000</Code>
<Directorate>
<Abbreviation>SBE</Abbreviation>
<LongName>Direct For Social, Behav &amp; Economic Scie</LongName>
</Directorate>
<Division>
<Abbreviation>NCSE</Abbreviation>
<LongName>National Center For S&amp;E Statistics</LongName>
</Division>
</Organization>
<ProgramOfficer>
<SignBlockName>Amy L. Burke</SignBlockName>
<PO_EMAI>aburke@nsf.gov</PO_EMAI>
<PO_PHON>7032927219</PO_PHON>
</ProgramOfficer>
<AbstractNarration/>
<MinAmdLetterDate>10/26/2017</MinAmdLetterDate>
<MaxAmdLetterDate>10/26/2017</MaxAmdLetterDate>
<ARRAAmount/>
<TRAN_TYPE>Grant</TRAN_TYPE>
<CFDA_NUM>47.075</CFDA_NUM>
<NSF_PAR_USE_FLAG>1</NSF_PAR_USE_FLAG>
<FUND_AGCY_CODE>4900</FUND_AGCY_CODE>
<AWDG_AGCY_CODE>4900</AWDG_AGCY_CODE>
<AwardID>1801201</AwardID>
<Investigator>
<FirstName>Laurie</FirstName>
<LastName>Salmon</LastName>
<PI_MID_INIT/>
<PI_SUFX_NAME/>
<PI_FULL_NAME>Laurie Salmon</PI_FULL_NAME>
<EmailAddress>salmon.laurie@bls.gov</EmailAddress>
<PI_PHON>2026916511</PI_PHON>
<NSF_ID>000656785</NSF_ID>
<StartDate>10/26/2017</StartDate>
<EndDate/>
<RoleCode>Principal Investigator</RoleCode>
</Investigator>
<Institution>
<Name>Department of Labor Bureau of Labor Statistics</Name>
<CityName>Washington</CityName>
<ZipCode>20212</ZipCode>
<PhoneNumber/>
<StreetAddress/>
<StreetAddress2/>
<CountryName>United States</CountryName>
<StateName>District of Columbia</StateName>
<StateCode>DC</StateCode>
<CONGRESSDISTRICT>00</CONGRESSDISTRICT>
<CONGRESS_DISTRICT_ORG>DC00</CONGRESS_DISTRICT_ORG>
<ORG_UEI_NUM/>
<ORG_LGL_BUS_NAME/>
<ORG_PRNT_UEI_NUM/>
</Institution>
<Performance_Institution>
<Name><![CDATA[Department of Labor Bureau of Labor Statistics]]></Name>
<CityName>Washington</CityName>
<StateCode>DC</StateCode>
<ZipCode>20212</ZipCode>
<StreetAddress/>
<CountryCode>US</CountryCode>
<CountryName>United States</CountryName>
<StateName>District of Columbia</StateName>
<CountryFlag>1</CountryFlag>
<CONGRESSDISTRICT>00</CONGRESSDISTRICT>
<CONGRESS_DISTRICT_PERF>DC00</CONGRESS_DISTRICT_PERF>
</Performance_Institution>
<ProgramElement>
<Code>8804</Code>
<Text>S&amp;E Indicators</Text>
</ProgramElement>
<Appropriation>
<Code>0118</Code>
<Name>NSF RESEARCH &amp; RELATED ACTIVIT</Name>
<APP_SYMB_ID>040100</APP_SYMB_ID>
</Appropriation>
<Fund>
<Code>01001819DB</Code>
<Name><![CDATA[NSF RESEARCH & RELATED ACTIVIT]]></Name>
<FUND_SYMB_ID>040100</FUND_SYMB_ID>
</Fund>
<FUND_OBLG>2018~370000</FUND_OBLG>
</Award>
</rootTag>
