<?xml version="1.0" encoding="UTF-8"?>
<rootTag>
<Award>
<AwardTitle><![CDATA[Multidisciplinary Simulation: Educating Advanced Manufacturing and Transportation, Distribution, and Logistics Technicians for a 21st Century Workplace]]></AwardTitle>
<AGENCY>NSF</AGENCY>
<AwardEffectiveDate>07/01/2018</AwardEffectiveDate>
<AwardExpirationDate>06/30/2023</AwardExpirationDate>
<AwardTotalIntnAmount>588711.00</AwardTotalIntnAmount>
<AwardAmount>588711</AwardAmount>
<AwardInstrument>
<Value>Standard Grant</Value>
</AwardInstrument>
<Organization>
<Code>11040100</Code>
<Directorate>
<Abbreviation>EDU</Abbreviation>
<LongName>Directorate for STEM Education</LongName>
</Directorate>
<Division>
<Abbreviation>DUE</Abbreviation>
<LongName>Division Of Undergraduate Education</LongName>
</Division>
</Organization>
<ProgramOfficer>
<SignBlockName>Christine Delahanty</SignBlockName>
<PO_EMAI>cdelahan@nsf.gov</PO_EMAI>
<PO_PHON>7032928492</PO_PHON>
</ProgramOfficer>
<AbstractNarration><![CDATA[Across the nation, manufacturing and distribution industries have growing needs for skilled technicians, including those with skills in advanced manufacturing and in transportation, distribution, and logistics (TDL). Orangeburg-Calhoun Technical College aims to address this need in its region by enhancing the preparation of students for TDL technician careers. Courses in advanced manufacturing and TDL at the college will be expanded to include a simulation laboratory component. The simulations will include a set of modular real-world scenarios that combine the business, logistics, production, and security sides of automated manufacturing. Teams of students will use these problem-based simulations to interactively troubleshoot, find solutions, and review the process. This approach will use emerging simulation technologies to better prepare students for the changing workplace. The project will also introduce high school students to the types of job opportunities in these fields and education requirements for these positions. In addition, high school students will be able to enroll and obtain dual credit for the TDL-related courses. Recruitment efforts will focus on increasing the number of women and underrepresented minorities in the manufacturing workforce. &lt;br/&gt;&lt;br/&gt;This project aims to prepare TDL technicians by exposing students to emerging simulation technologies in a multi-disciplinary work environment. Twelve interdisciplinary, real-world simulations will be developed in the areas of advanced manufacturing and TDL, with input from local industry partners. These simulations will be used to enhance existing courses at the institution. A simulation laboratory will be established using a small production line that is fully networked and equipped with several sensors. In conjunction with this system, a resource planning system will allow students to monitor production and control the business processes associated with the manufacturing and order fulfillment process. This integration is designed to provide students with the technical skills and disciplinary knowledge, as well as an understanding of the business side of manufacturing. A Middle College Pathway in TDL will be added so that high school students can obtain transferable credit for completing these courses. Workshops for postsecondary students and teachers will be conducted to promote awareness of career options and industry needs in advanced manufacturing and TDL technology areas. Outreach activities will include a focus on increasing participation of women and underrepresented minorities in these fields. The college location enables it to engage rural student populations in its advanced manufacturing training and outreach. The project aims to increase the number of skilled technicians and to strengthen the regional workforce by connecting supply chain issues, production applications, and network security in a coordinated program that emphasizes real-world simulations.&lt;br/&gt;&lt;br/&gt;This award reflects NSF's statutory mission and has been deemed worthy of support through evaluation using the Foundation's intellectual merit and broader impacts review criteria.]]></AbstractNarration>
<MinAmdLetterDate>04/05/2018</MinAmdLetterDate>
<MaxAmdLetterDate>04/05/2018</MaxAmdLetterDate>
<ARRAAmount/>
<TRAN_TYPE>Grant</TRAN_TYPE>
<CFDA_NUM>47.076</CFDA_NUM>
<NSF_PAR_USE_FLAG>1</NSF_PAR_USE_FLAG>
<FUND_AGCY_CODE>4900</FUND_AGCY_CODE>
<AWDG_AGCY_CODE>4900</AWDG_AGCY_CODE>
<AwardID>1801042</AwardID>
<Investigator>
<FirstName>Debra</FirstName>
<LastName>Jones</LastName>
<PI_MID_INIT>H</PI_MID_INIT>
<PI_SUFX_NAME/>
<PI_FULL_NAME>Debra H Jones</PI_FULL_NAME>
<EmailAddress><![CDATA[jonesdh@octech.edu]]></EmailAddress>
<NSF_ID>000733220</NSF_ID>
<StartDate>04/05/2018</StartDate>
<EndDate/>
<RoleCode>Principal Investigator</RoleCode>
</Investigator>
<Investigator>
<FirstName>Richard</FirstName>
<LastName>Murphy</LastName>
<PI_MID_INIT/>
<PI_SUFX_NAME/>
<PI_FULL_NAME>Richard Murphy</PI_FULL_NAME>
<EmailAddress><![CDATA[murphycr@octech.edu]]></EmailAddress>
<NSF_ID>000631226</NSF_ID>
<StartDate>04/05/2018</StartDate>
<EndDate/>
<RoleCode>Co-Principal Investigator</RoleCode>
</Investigator>
<Institution>
<Name><![CDATA[Orangeburg-Calhoun Technical College]]></Name>
<CityName>ORANGEBURG</CityName>
<ZipCode>291188222</ZipCode>
<PhoneNumber>8035360311</PhoneNumber>
<StreetAddress><![CDATA[3250 SAINT MATTHEWS RD]]></StreetAddress>
<StreetAddress2/>
<CountryName>United States</CountryName>
<StateName>South Carolina</StateName>
<StateCode>SC</StateCode>
<CONGRESSDISTRICT>06</CONGRESSDISTRICT>
<CONGRESS_DISTRICT_ORG>SC06</CONGRESS_DISTRICT_ORG>
<ORG_UEI_NUM>GRMUJ98UJAJ2</ORG_UEI_NUM>
<ORG_LGL_BUS_NAME>ORANGEBURG-CALHOUN TECHNICAL COLLEGE</ORG_LGL_BUS_NAME>
<ORG_PRNT_UEI_NUM/>
</Institution>
<Performance_Institution>
<Name><![CDATA[Orangeburg-Calhoun Technical College]]></Name>
<CityName>Orangeburg</CityName>
<StateCode>SC</StateCode>
<ZipCode>291158222</ZipCode>
<StreetAddress><![CDATA[3250 Saint Matthews Road]]></StreetAddress>
<CountryCode>US</CountryCode>
<CountryName>United States</CountryName>
<StateName>South Carolina</StateName>
<CountryFlag>1</CountryFlag>
<CONGRESSDISTRICT>06</CONGRESSDISTRICT>
<CONGRESS_DISTRICT_PERF>SC06</CONGRESS_DISTRICT_PERF>
</Performance_Institution>
<ProgramElement>
<Code>7412</Code>
<Text>Advanced Tech Education Prog</Text>
</ProgramElement>
<ProgramReference>
<Code>1032</Code>
<Text>ADVANCED TECHNOLOGY EDUCATION</Text>
</ProgramReference>
<ProgramReference>
<Code>9150</Code>
<Text>EXP PROG TO STIM COMP RES</Text>
</ProgramReference>
<ProgramReference>
<Code>9178</Code>
<Text>UNDERGRADUATE EDUCATION</Text>
</ProgramReference>
<ProgramReference>
<Code>SMET</Code>
<Text>SCIENCE, MATH, ENG &amp; TECH EDUCATION</Text>
</ProgramReference>
<Appropriation>
<Code>0418</Code>
<Name>NSF Education &amp; Human Resource</Name>
<APP_SYMB_ID>040106</APP_SYMB_ID>
</Appropriation>
<Fund>
<Code>04001819DB</Code>
<Name><![CDATA[NSF Education & Human Resource]]></Name>
<FUND_SYMB_ID>040106</FUND_SYMB_ID>
</Fund>
<FUND_OBLG>2018~588711</FUND_OBLG>
<POR>
<DRECONTENT><![CDATA[<div class="porColContainerWBG"> <div class="porContentCol"><p>Located in Orangeburg, SC, Orangeburg-Calhoun Technical College (OCtech) serves a largely rural population comprised of&nbsp;school districts that are characterized by high poverty rates and high minority enrollments.&nbsp;</p> <p>As of August 2017 (the writing of the proposal), the unemployment rate for the State of South Carolina was 4% and 4.4% for the nation. Unemployment rates for the counties identified for this project were among the highest of the 46 counties in the state: Orangeburg - 9.0%; Bamberg - 8.8%; and Calhoun - 6.0%.&nbsp; These counties were ranked #1, #3, and #12 respectively for the state's highest unemployment rankings. The region continues to experience new industries and employers coming into the area within a 70-mile employment zone of OCtech.&nbsp;&nbsp;</p> <p>The goal of this project (Simul-ATE) was to educate advanced manufacturing (AM) and transportation, distribution, and logistics (TDL) technicians. Using a multi-disciplinary approach, the project&nbsp;was designed to better prepare students for the workplace where employees are exposed to different areas of the business.</p> <p>The project had three primary deliverables:</p> <ul> <li>To upgrade the existing Mechatronics laboratory through the purchase of new equipment</li> <li>To create instructional materials that will be used to educate both mechatronics and TDL technicians</li> <li>To provide outreach to students in grades 8-12 through the use of workshops, field studies, and camps, giving them the opportunity to learn about the career opportunities available in the fields of AM and TDL</li> </ul> <p>During the first year, the Mechatronics lab was upgraded by adding Industry 4.0 trainers manufactured by Festo.&nbsp; These trainers will simulate a material handling operation.</p> <p>Twelve labs (instructional materials) were created with components that can be used by both mechatronics technicians and business.&nbsp; Oracle NetSuite was used to provide opportunities for students to manage and troubleshoot supply chain and manufacturing processes.&nbsp; Industries are moving steadily toward the use of Cloud-based, integrated productivity tools and students need education in using these types of tools.&nbsp;&nbsp;</p> <p>Recruitment activities were used to ensure that middle and high school students were introduced to career options and the College's programs to prepare them.&nbsp;</p> <p>A year into the project, we were faced with a pandemic that made traditional outreach difficult.&nbsp; Our first summer camp was virtual.&nbsp; As a result, a virtual curriculum was created that can be used to provide future instruction to middle and high school students. The format can be used in a "hybrid" format where students learn the material virtually, and teachers can integrate the activities into classroom instruction.&nbsp; Student counselors can use the information to guide students in a career path.&nbsp; Through our outreach activities, we&nbsp;<span>exceeded our total outreach goal of 1,175 participants by:</span></p> <ul> <li>Providing summer camps attended by 143 participants</li> <li>Providing field studies for 242 participants</li> <li>Delivering workshops to 799 students</li> </ul> <p><span>Another goal of the project was to educate a diverse workforce.&nbsp; The goals were met by:</span></p> <ul> <li><span>Enrollment of Early College Students in Advanced Manufacturing and Logistics Pathways exceeding the project's 3-year target enrollment numbers</span></li> <li><span>Students earning national certifications like NCCER, MSSC-CLT, KUKA (robotics), and CSCMP (supply chain)</span></li> <li><span>Hiring a gender and ethnically/racially diverse pool of interns and co-ops</span></li> <li><span>Three new articulation agreements signed with universities that will give OCtech students the opportunity to further their education.<br /></span></li> </ul> <p>The project also provided opportunities for professional development and the&nbsp;dissemination of&nbsp;information. The PI has participated in three ATE projects review panels. The PI and Co-PI attended conferences, as well as shared information:</p> <ul> <li>The Simul-ATE project was selected to be among the projects featured in the 2020-21 edition of <em>ATE Impacts</em>.</li> <li>At the 2020 PI conference, the project PI was part of a roundtable discussion "The Evolution of STEM Summer Programming for K-12 Students."</li> <li>At the 2021 Hi-TEC conference, the PI presented <em>Engaging STEM Students During a Pandemic</em>. </li> <li>At the 2021 ATE-PI conference, the PI participated in the&nbsp;Lightning Round Spotlight session, "The Pandemic Pivot - Lightning Round of Innovative ATE Strategies."</li> <li>At the 2022 PI conference, the PI presented&nbsp;<em>Creative Outreach During a Pandemic.</em></li> <li>Workshops and field studies provided educators in middle and high schools an opportunity to learn about the grant and local industry opportunities and participate in activities that they can replicate in their classrooms.</li> </ul> <p>The project stimulated student interest in technician careers and provided academic support and educational resources to prepare technicians for the changing workplace.&nbsp; The certificates and earned associate degrees from OCtech and the subsequently earned baccalaureate degrees from our four-year partner institutions will result in a cadre of graduates prepared for and ready to assume the challenges of these positions.&nbsp;</p><br> <p>            Last Modified: 10/18/2023<br>      Modified by: Debra&nbsp;H&nbsp;Jones</p> </div> <div class="porSideCol"></div> </div>]]></DRECONTENT>
<POR_COPY_TXT><![CDATA[ Located in Orangeburg, SC, Orangeburg-Calhoun Technical College (OCtech) serves a largely rural population comprised of school districts that are characterized by high poverty rates and high minority enrollments.   As of August 2017 (the writing of the proposal), the unemployment rate for the State of South Carolina was 4% and 4.4% for the nation. Unemployment rates for the counties identified for this project were among the highest of the 46 counties in the state: Orangeburg - 9.0%; Bamberg - 8.8%; and Calhoun - 6.0%.  These counties were ranked #1, #3, and #12 respectively for the state's highest unemployment rankings. The region continues to experience new industries and employers coming into the area within a 70-mile employment zone of OCtech.    The goal of this project (Simul-ATE) was to educate advanced manufacturing (AM) and transportation, distribution, and logistics (TDL) technicians. Using a multi-disciplinary approach, the project was designed to better prepare students for the workplace where employees are exposed to different areas of the business.  The project had three primary deliverables:  To upgrade the existing Mechatronics laboratory through the purchase of new equipment To create instructional materials that will be used to educate both mechatronics and TDL technicians To provide outreach to students in grades 8-12 through the use of workshops, field studies, and camps, giving them the opportunity to learn about the career opportunities available in the fields of AM and TDL   During the first year, the Mechatronics lab was upgraded by adding Industry 4.0 trainers manufactured by Festo.  These trainers will simulate a material handling operation.  Twelve labs (instructional materials) were created with components that can be used by both mechatronics technicians and business.  Oracle NetSuite was used to provide opportunities for students to manage and troubleshoot supply chain and manufacturing processes.  Industries are moving steadily toward the use of Cloud-based, integrated productivity tools and students need education in using these types of tools.    Recruitment activities were used to ensure that middle and high school students were introduced to career options and the College's programs to prepare them.   A year into the project, we were faced with a pandemic that made traditional outreach difficult.  Our first summer camp was virtual.  As a result, a virtual curriculum was created that can be used to provide future instruction to middle and high school students. The format can be used in a "hybrid" format where students learn the material virtually, and teachers can integrate the activities into classroom instruction.  Student counselors can use the information to guide students in a career path.  Through our outreach activities, we exceeded our total outreach goal of 1,175 participants by:  Providing summer camps attended by 143 participants Providing field studies for 242 participants Delivering workshops to 799 students   Another goal of the project was to educate a diverse workforce.  The goals were met by:  Enrollment of Early College Students in Advanced Manufacturing and Logistics Pathways exceeding the project's 3-year target enrollment numbers Students earning national certifications like NCCER, MSSC-CLT, KUKA (robotics), and CSCMP (supply chain) Hiring a gender and ethnically/racially diverse pool of interns and co-ops Three new articulation agreements signed with universities that will give OCtech students the opportunity to further their education.    The project also provided opportunities for professional development and the dissemination of information. The PI has participated in three ATE projects review panels. The PI and Co-PI attended conferences, as well as shared information:  The Simul-ATE project was selected to be among the projects featured in the 2020-21 edition of ATE Impacts. At the 2020 PI conference, the project PI was part of a roundtable discussion "The Evolution of STEM Summer Programming for K-12 Students." At the 2021 Hi-TEC conference, the PI presented Engaging STEM Students During a Pandemic.  At the 2021 ATE-PI conference, the PI participated in the Lightning Round Spotlight session, "The Pandemic Pivot - Lightning Round of Innovative ATE Strategies." At the 2022 PI conference, the PI presented Creative Outreach During a Pandemic. Workshops and field studies provided educators in middle and high schools an opportunity to learn about the grant and local industry opportunities and participate in activities that they can replicate in their classrooms.   The project stimulated student interest in technician careers and provided academic support and educational resources to prepare technicians for the changing workplace.  The certificates and earned associate degrees from OCtech and the subsequently earned baccalaureate degrees from our four-year partner institutions will result in a cadre of graduates prepared for and ready to assume the challenges of these positions.        Last Modified: 10/18/2023       Submitted by: Debra H Jones]]></POR_COPY_TXT>
</POR>
</Award>
</rootTag>
