<?xml version="1.0" encoding="UTF-8"?>
<rootTag>
<Award>
<AwardTitle><![CDATA[RET Site: Exploring Career Opportunities through Water-Themed Engineering Research  (ECO-WaTER)]]></AwardTitle>
<AGENCY>NSF</AGENCY>
<AwardEffectiveDate>09/15/2018</AwardEffectiveDate>
<AwardExpirationDate>08/31/2022</AwardExpirationDate>
<AwardTotalIntnAmount>594001.00</AwardTotalIntnAmount>
<AwardAmount>594001</AwardAmount>
<AwardInstrument>
<Value>Standard Grant</Value>
</AwardInstrument>
<Organization>
<Code>07050000</Code>
<Directorate>
<Abbreviation>ENG</Abbreviation>
<LongName>Directorate For Engineering</LongName>
</Directorate>
<Division>
<Abbreviation>EEC</Abbreviation>
<LongName>Div Of Engineering Education and Centers</LongName>
</Division>
</Organization>
<ProgramOfficer>
<SignBlockName>Amelia Greer</SignBlockName>
<PO_EMAI>agreer@nsf.gov</PO_EMAI>
<PO_PHON>7032922552</PO_PHON>
</ProgramOfficer>
<AbstractNarration><![CDATA[This Research Experiences for Teachers (RET) Site at the University of Kansas (KU) will immerse high school science and math teachers in water-themed engineering research.  The aim of this program is to deliver activities that create an engaging context for teachers to learn engineering design through projects that span environmental, mechanical, and chemical engineering fields. The research addresses grand challenges, such as removing salt from seawater or the cleanup of wastewater generated from oil and gas production, topics with both local and global significance and broad appeal to participants and their high-school age students. This will help guide the creation of new curricula that integrates engineering into science and math courses in alignment with the Next Generation Science Standards (NGSS), filling a nationally important gap in secondary education. In addition, a key goal will be to address calls from policy and business leaders seeking to better prepare students for 21st century careers. This goal will be achieved by making career opportunities more visible to participants and their students, leveraging the industrial experience of the faculty and nine company partners. The plan for disseminating new educational resources involves having each participant create two toolkits for their lessons to share with other teachers, thus attracting more educators to learn about this RET project and adopt its curricula. Teachers will be recruited from rural and urban school districts in Kansas that serve high proportions of minorities and economically disadvantaged students. &lt;br/&gt;&lt;br/&gt;With KU's rich history of mentoring high school teachers and partnering with chemical companies, the project team is positioned to achieve program objectives, which are to:  (1) engage high school teachers in discovery and technology-based engineering research; (2) integrate engineering into science and math curricula; (3) prepare and inspire high school students for careers in science and engineering; (4) nurture long-term linkages between KU, business leaders and the educational community; (5) provide professional development to educators and graduate students; and (6) prepare high school teachers to serve as education leaders and mentors for future teachers. Research projects will address issues related to clean water, including new methods for detecting water quality and new advanced materials for separating salt from seawater and for treating oily wastewater. Other projects will explore ways to reduce the strain on water resources caused by energy production, including designing more efficient alternatives to existing processes like cooling units at power plants.  An evaluator will assess training activities and the education benefits. A pre-summer workshop will prepare faculty and graduate students to serve as effective mentors for the participants. Participants will gain experience with basic engineering concepts, research experiences and safe lab practices. Professional growth sessions will address crosscutting concepts, assessment methods, problem-based learning, and argumentation. Other sessions will feature industry careers/pathways and tours of campus and industrial facilities. Resources will be shared with other teachers and teachers-in-training at workshops, conferences and through YouTube videos.  Faculty and graduate student mentors will visit participants classrooms to aid lesson implementation. High school students will learn about careers as part of the curricula and through virtual career fairs.&lt;br/&gt;&lt;br/&gt;This award reflects NSF's statutory mission and has been deemed worthy of support through evaluation using the Foundation's intellectual merit and broader impacts review criteria.]]></AbstractNarration>
<MinAmdLetterDate>09/06/2018</MinAmdLetterDate>
<MaxAmdLetterDate>09/06/2018</MaxAmdLetterDate>
<ARRAAmount/>
<TRAN_TYPE>Grant</TRAN_TYPE>
<CFDA_NUM>47.041</CFDA_NUM>
<NSF_PAR_USE_FLAG>1</NSF_PAR_USE_FLAG>
<FUND_AGCY_CODE>4900</FUND_AGCY_CODE>
<AWDG_AGCY_CODE>4900</AWDG_AGCY_CODE>
<AwardID>1801710</AwardID>
<Investigator>
<FirstName>Claudia</FirstName>
<LastName>Bode</LastName>
<PI_MID_INIT>J</PI_MID_INIT>
<PI_SUFX_NAME/>
<PI_FULL_NAME>Claudia J Bode</PI_FULL_NAME>
<EmailAddress><![CDATA[bode@ku.edu]]></EmailAddress>
<NSF_ID>000409957</NSF_ID>
<StartDate>09/06/2018</StartDate>
<EndDate/>
<RoleCode>Co-Principal Investigator</RoleCode>
</Investigator>
<Investigator>
<FirstName>Edward</FirstName>
<LastName>Peltier</LastName>
<PI_MID_INIT/>
<PI_SUFX_NAME/>
<PI_FULL_NAME>Edward Peltier</PI_FULL_NAME>
<EmailAddress><![CDATA[epeltier@ku.edu]]></EmailAddress>
<NSF_ID>000286787</NSF_ID>
<StartDate>09/06/2018</StartDate>
<EndDate/>
<RoleCode>Principal Investigator</RoleCode>
</Investigator>
<Institution>
<Name><![CDATA[University of Kansas Center for Research Inc]]></Name>
<CityName>LAWRENCE</CityName>
<ZipCode>660457552</ZipCode>
<PhoneNumber>7858643441</PhoneNumber>
<StreetAddress><![CDATA[2385 IRVING HILL RD]]></StreetAddress>
<StreetAddress2/>
<CountryName>United States</CountryName>
<StateName>Kansas</StateName>
<StateCode>KS</StateCode>
<CONGRESSDISTRICT>01</CONGRESSDISTRICT>
<CONGRESS_DISTRICT_ORG>KS01</CONGRESS_DISTRICT_ORG>
<ORG_UEI_NUM>SSUJB3GSH8A5</ORG_UEI_NUM>
<ORG_LGL_BUS_NAME>UNIVERSITY OF KANSAS CENTER FOR RESEARCH INC</ORG_LGL_BUS_NAME>
<ORG_PRNT_UEI_NUM/>
</Institution>
<Performance_Institution>
<Name><![CDATA[University of Kansas Center for Research Inc]]></Name>
<CityName>Lawrence</CityName>
<StateCode>KS</StateCode>
<ZipCode>660457568</ZipCode>
<StreetAddress><![CDATA[2385 Irving Hill Road]]></StreetAddress>
<CountryCode>US</CountryCode>
<CountryName>United States</CountryName>
<StateName>Kansas</StateName>
<CountryFlag>1</CountryFlag>
<CONGRESSDISTRICT>01</CONGRESSDISTRICT>
<CONGRESS_DISTRICT_PERF>KS01</CONGRESS_DISTRICT_PERF>
</Performance_Institution>
<ProgramElement>
<Code>1359</Code>
<Text>RES EXP FOR TEACHERS(RET)-SITE</Text>
</ProgramElement>
<ProgramReference>
<Code>115E</Code>
<Text>RESEARCH EXP FOR TEACHERS</Text>
</ProgramReference>
<ProgramReference>
<Code>9150</Code>
<Text>EXP PROG TO STIM COMP RES</Text>
</ProgramReference>
<ProgramReference>
<Code>9177</Code>
<Text>ELEMENTARY/SECONDARY EDUCATION</Text>
</ProgramReference>
<Appropriation>
<Code>0118</Code>
<Name>NSF RESEARCH &amp; RELATED ACTIVIT</Name>
<APP_SYMB_ID>040100</APP_SYMB_ID>
</Appropriation>
<Fund>
<Code>01001819DB</Code>
<Name><![CDATA[NSF RESEARCH & RELATED ACTIVIT]]></Name>
<FUND_SYMB_ID>040100</FUND_SYMB_ID>
</Fund>
<FUND_OBLG>2018~594001</FUND_OBLG>
<POR>
<DRECONTENT><![CDATA[<div class="porColContainerWBG"> <div class="porContentCol"><p>The Research Experiences for Teachers program titled "Exploring Career Opportunities through Water-Themed Engineering Research", or ECO-WaTER, offered three six-week long summer programs in 2019, 2021 and 2022 at the University of Kansas (KU). Twenty-seven in-service and one pre-service high school math and science educators engaged in water focused research across multiple engineering disciplines. In 2019, this program was also assisted by the UKanTeach program at KU.</p> <p>ECO-WaTER research projects contributed to knowledge in water treatment and sustainability across multiple engineering disciplines. Methods were developed to remove PFOA from drinking water using zeolites and algal beads, and to isolate perchlorate-degrading soil enzymes. Electrocoagulation was used to remove boron from high-salinity oil and gas wastewater for irrigation purposes. Thermal methods for isolating water from Martian regolith were tested to assess the potential for 'mining' rocket fuel from Mars, and models were developed to assess the use of dry and wet cooling towers at thermal power plants. A cross-flow filtration oil/water separator made from annealed woven steel mesh was designed and tested. The effectiveness of nickel foam and mesh electrodes were investigated for use in hydrogen generation through water splitting. Hydrogels were characterized to determine compression, diffusion, and permeability for use in tissue engineering and biosensor development, and the use of different polymer blends examined to create hydrogels for water purification.</p> <p>Participants transformed their research projects into 20 lesson plans and related activities to take back to the classroom. These resources integrate engineering with high-school science and math classes at all high-school levels. Created lessons give students the chance to design and test concepts like thermal distillation, hydrophobicity and membrane performance, electrocoagulation, water splitting and biocatalysis. Several lessons focused on water quality analysis and contaminant removal from drinking water.&nbsp; One notable achievement of the ECO-WaTER program is the development of high school math lessons that feature real-life engineering applications of core concepts from the math curriculum. Partnering math and science teachers also produced lesson plans that spanned multiple classes across the math and science curriculum.</p> <p>Human resources have been positively impacted in several ways. In-service high school teachers learned about research methods and instrumentation relevant to water treatment and analysis, electrochemistry, catalyst development, environmental microbiology, and materials analysis.&nbsp; Professional development sessions enhanced participants' understanding of the engineering design process, engineering careers and practice, lab safety and research ethics. The program nurtured long-term professional collaborations between high school teachers and college faculty.&nbsp;In assessment surveys, participants consistently reported that the program increased their understanding of engineering and engineering careers, as well as their ability to transfer this understanding to their students. At least two teachers in each summer program came from the same school, which enhanced collaboration between multiple disciplines.</p> <p>The program also gave educators the chance to work with people from different backgrounds, exposing them to new knowledge and pedagogical strategies. While participants were majority white, many taught at schools with high proportions of Black and Hispanic students as well as economically disadvantaged students. To promote inclusion of underrepresented groups, we enhanced the diversity of our participants by recruiting from more populated urban areas within Kansas, particularly Topeka and Kansas City, KS.</p> <p>&nbsp;RET participants enhanced their classroom infrastructure with educational resources and supplies needed to implement new curricula.</p> <p>Academic year lesson implementation and follow-up assessments were affected by COVID-era changes from in-person to online learning and the postponement of the 2020 program. Post-lesson assessments from the first two cohorts did conclude that these lessons had an overall positive impact on student's opinions about STEM related subjects and careers. Student and teacher surveys both indicated that participation of KU mentors in the follow-up lessons had a positive impact on the lesson itself.</p> <p>A survey of high-school teacher alumni from multiple RET programs funded at KU from 2010-2019 indicated that the lessons developed through the RET Programs have made considerable impacts on their teaching strategies and on student's interest in STEM fields. Additionally, the high-school teachers believed that the lessons had substantial impacts on students who are often underrepresented in STEM related fields.&nbsp; These groups include female students, minority students, and students of low income.&nbsp;</p> <p>This project has significantly impacted society, educating more than one thousand students in Kansas, Oklahoma and Texas, making them better citizens with problem-solving skills and the knowledge base to address challenges facing the world today.&nbsp; Published results will have impact at the national level as well.&nbsp; The research has the potential to lead to several new technological advances of relevance to society, such as control of PFAS and other emerging drinking water contaminants and the development of new water and wastewater treatment methods utilizing hydrogels, hydrophobic membranes, and microbial enzymes.</p> <p>&nbsp;</p><br> <p>            Last Modified: 12/28/2022<br>      Modified by: Edward&nbsp;Peltier</p> </div> <div class="porSideCol"> <div class="each-gallery"> <div class="galContent" id="gallery0"> <div class="photoCount" id="photoCount0">          Images (<span id="selectedPhoto0">1</span> of <span class="totalNumber"></span>)           </div> <div class="galControls" id="controls0"></div> <div class="galSlideshow" id="slideshow0"></div> <div class="galEmbox" id="embox"> <div class="image-title"></div> </div> </div> <div class="galNavigation" id="navigation0"> <ul class="thumbs" id="thumbs0"> <li> <a href="/por/images/Reports/POR/2022/1801710/1801710_10580262_1672096231895_Image1--rgov-214x142.jpg" original="/por/images/Reports/POR/2022/1801710/1801710_10580262_1672096231895_Image1--rgov-800width.jpg" title="RET Informational Poster"><img src="/por/images/Reports/POR/2022/1801710/1801710_10580262_1672096231895_Image1--rgov-66x44.jpg" alt="RET Informational Poster"></a> <div class="imageCaptionContainer"> <div class="imageCaption">Poster describing the ECO-WaTER RET project presented in Fall 2018 at multiple events to recruit high school teachers to participate in the summer research program</div> <div class="imageCredit">Claudia Bode</div> <div class="imagePermisssions">Copyrighted</div> <div class="imageSubmitted">Edward&nbsp;Peltier</div> <div class="imageTitle">RET Informational Poster</div> </div> </li> <li> <a href="/por/images/Reports/POR/2022/1801710/1801710_10580262_1672098589034_Image3--rgov-214x142.jpg" original="/por/images/Reports/POR/2022/1801710/1801710_10580262_1672098589034_Image3--rgov-800width.jpg" title="Classroom colorimetry toolkit"><img src="/por/images/Reports/POR/2022/1801710/1801710_10580262_1672098589034_Image3--rgov-66x44.jpg" alt="Classroom colorimetry toolkit"></a> <div class="imageCaptionContainer"> <div class="imageCaption">Colorimetry toolkit create by RET participants for use in high school science classrooms</div> <div class="imageCredit">Claudia Bode</div> <div class="imagePermisssions">Copyrighted</div> <div class="imageSubmitted">Edward&nbsp;Peltier</div> <div class="imageTitle">Classroom colorimetry toolkit</div> </div> </li> <li> <a href="/por/images/Reports/POR/2022/1801710/1801710_10580262_1672098666613_Image4--rgov-214x142.jpg" original="/por/images/Reports/POR/2022/1801710/1801710_10580262_1672098666613_Image4--rgov-800width.jpg" title="Presentation of ECO-WaTER Research Results"><img src="/por/images/Reports/POR/2022/1801710/1801710_10580262_1672098666613_Image4--rgov-66x44.jpg" alt="Presentation of ECO-WaTER Research Results"></a> <div class="imageCaptionContainer"> <div class="imageCaption">2019 ECO-WaTER RET participant Andrew Taylor presents his work on PFOA removal from drinking water with Dr. Shiflett at the 2019 National Association of Biology Teachers Conference</div> <div class="imageCredit">Andrew Taylor</div> <div class="imagePermisssions">Copyrighted</div> <div class="imageSubmitted">Edward&nbsp;Peltier</div> <div class="imageTitle">Presentation of ECO-WaTER Research Results</div> </div> </li> <li> <a href="/por/images/Reports/POR/2022/1801710/1801710_10580262_1672098825115_Image2--rgov-214x142.jpg" original="/por/images/Reports/POR/2022/1801710/1801710_10580262_1672098825115_Image2--rgov-800width.jpg" title="Water treatment plant tour"><img src="/por/images/Reports/POR/2022/1801710/1801710_10580262_1672098825115_Image2--rgov-66x44.jpg" alt="Water treatment plant tour"></a> <div class="imageCaptionContainer"> <div class="imageCaption">RET participants tour the Kaw River Water Treatment Plant in Lawrence, KS with KU Professor Belinda Sturm as part of the 2019 ECO-WaTER summer program</div> <div class="imageCredit">Claudia Bode</div> <div class="imagePermisssions">Copyrighted</div> <div class="imageSubmitted">Edward&nbsp;Peltier</div> <div class="imageTitle">Water treatment plant tour</div> </div> </li> <li> <a href="/por/images/Reports/POR/2022/1801710/1801710_10580262_1672099691724_Image5--rgov-214x142.jpg" original="/por/images/Reports/POR/2022/1801710/1801710_10580262_1672099691724_Image5--rgov-800width.jpg" title="Perchlorate Degrading Enzymes Research"><img src="/por/images/Reports/POR/2022/1801710/1801710_10580262_1672099691724_Image5--rgov-66x44.jpg" alt="Perchlorate Degrading Enzymes Research"></a> <div class="imageCaptionContainer"> <div class="imageCaption">RET participant Cara Snyder grows anaerobic bacteria to extracts perchlorate-degrading enzymes as part of her research project with Dr. Hutchison during the 2021 ECO-WaTER summer program</div> <div class="imageCredit">Claudia Bode</div> <div class="imagePermisssions">Copyrighted</div> <div class="imageSubmitted">Edward&nbsp;Peltier</div> <div class="imageTitle">Perchlorate Degrading Enzymes Research</div> </div> </li> <li> <a href="/por/images/Reports/POR/2022/1801710/1801710_10580262_1672099840090_Image6--rgov-214x142.jpg" original="/por/images/Reports/POR/2022/1801710/1801710_10580262_1672099840090_Image6--rgov-800width.jpg" title="Surface water collection for nutrient analysis"><img src="/por/images/Reports/POR/2022/1801710/1801710_10580262_1672099840090_Image6--rgov-66x44.jpg" alt="Surface water collection for nutrient analysis"></a> <div class="imageCaptionContainer"> <div class="imageCaption">RET participant Carl Silva collects a water sample for nutrient analysis from the Coblentz Marsh north wetland as part of a field sampling project with Dr. Peltier during the 2022 ECO-WaTER summer program</div> <div class="imageCredit">Edward Peltier</div> <div class="imagePermisssions">Copyrighted</div> <div class="imageSubmitted">Edward&nbsp;Peltier</div> <div class="imageTitle">Surface water collection for nutrient analysis</div> </div> </li> </ul> </div> </div> </div> </div>]]></DRECONTENT>
<POR_COPY_TXT><![CDATA[ The Research Experiences for Teachers program titled "Exploring Career Opportunities through Water-Themed Engineering Research", or ECO-WaTER, offered three six-week long summer programs in 2019, 2021 and 2022 at the University of Kansas (KU). Twenty-seven in-service and one pre-service high school math and science educators engaged in water focused research across multiple engineering disciplines. In 2019, this program was also assisted by the UKanTeach program at KU.  ECO-WaTER research projects contributed to knowledge in water treatment and sustainability across multiple engineering disciplines. Methods were developed to remove PFOA from drinking water using zeolites and algal beads, and to isolate perchlorate-degrading soil enzymes. Electrocoagulation was used to remove boron from high-salinity oil and gas wastewater for irrigation purposes. Thermal methods for isolating water from Martian regolith were tested to assess the potential for 'mining' rocket fuel from Mars, and models were developed to assess the use of dry and wet cooling towers at thermal power plants. A cross-flow filtration oil/water separator made from annealed woven steel mesh was designed and tested. The effectiveness of nickel foam and mesh electrodes were investigated for use in hydrogen generation through water splitting. Hydrogels were characterized to determine compression, diffusion, and permeability for use in tissue engineering and biosensor development, and the use of different polymer blends examined to create hydrogels for water purification.  Participants transformed their research projects into 20 lesson plans and related activities to take back to the classroom. These resources integrate engineering with high-school science and math classes at all high-school levels. Created lessons give students the chance to design and test concepts like thermal distillation, hydrophobicity and membrane performance, electrocoagulation, water splitting and biocatalysis. Several lessons focused on water quality analysis and contaminant removal from drinking water.  One notable achievement of the ECO-WaTER program is the development of high school math lessons that feature real-life engineering applications of core concepts from the math curriculum. Partnering math and science teachers also produced lesson plans that spanned multiple classes across the math and science curriculum.  Human resources have been positively impacted in several ways. In-service high school teachers learned about research methods and instrumentation relevant to water treatment and analysis, electrochemistry, catalyst development, environmental microbiology, and materials analysis.  Professional development sessions enhanced participants' understanding of the engineering design process, engineering careers and practice, lab safety and research ethics. The program nurtured long-term professional collaborations between high school teachers and college faculty. In assessment surveys, participants consistently reported that the program increased their understanding of engineering and engineering careers, as well as their ability to transfer this understanding to their students. At least two teachers in each summer program came from the same school, which enhanced collaboration between multiple disciplines.  The program also gave educators the chance to work with people from different backgrounds, exposing them to new knowledge and pedagogical strategies. While participants were majority white, many taught at schools with high proportions of Black and Hispanic students as well as economically disadvantaged students. To promote inclusion of underrepresented groups, we enhanced the diversity of our participants by recruiting from more populated urban areas within Kansas, particularly Topeka and Kansas City, KS.   RET participants enhanced their classroom infrastructure with educational resources and supplies needed to implement new curricula.  Academic year lesson implementation and follow-up assessments were affected by COVID-era changes from in-person to online learning and the postponement of the 2020 program. Post-lesson assessments from the first two cohorts did conclude that these lessons had an overall positive impact on student's opinions about STEM related subjects and careers. Student and teacher surveys both indicated that participation of KU mentors in the follow-up lessons had a positive impact on the lesson itself.  A survey of high-school teacher alumni from multiple RET programs funded at KU from 2010-2019 indicated that the lessons developed through the RET Programs have made considerable impacts on their teaching strategies and on student's interest in STEM fields. Additionally, the high-school teachers believed that the lessons had substantial impacts on students who are often underrepresented in STEM related fields.  These groups include female students, minority students, and students of low income.   This project has significantly impacted society, educating more than one thousand students in Kansas, Oklahoma and Texas, making them better citizens with problem-solving skills and the knowledge base to address challenges facing the world today.  Published results will have impact at the national level as well.  The research has the potential to lead to several new technological advances of relevance to society, such as control of PFAS and other emerging drinking water contaminants and the development of new water and wastewater treatment methods utilizing hydrogels, hydrophobic membranes, and microbial enzymes.          Last Modified: 12/28/2022       Submitted by: Edward Peltier]]></POR_COPY_TXT>
</POR>
</Award>
</rootTag>
