<?xml version="1.0" encoding="UTF-8"?>
<rootTag>
<Award>
<AwardTitle><![CDATA[Doctoral Dissertation Research:  Effects of a Data Initiative on Social Service Provision]]></AwardTitle>
<AGENCY>NSF</AGENCY>
<AwardEffectiveDate>04/01/2018</AwardEffectiveDate>
<AwardExpirationDate>03/31/2020</AwardExpirationDate>
<AwardTotalIntnAmount>12000.00</AwardTotalIntnAmount>
<AwardAmount>12000</AwardAmount>
<AwardInstrument>
<Value>Standard Grant</Value>
</AwardInstrument>
<Organization>
<Code>04050000</Code>
<Directorate>
<Abbreviation>SBE</Abbreviation>
<LongName>Direct For Social, Behav &amp; Economic Scie</LongName>
</Directorate>
<Division>
<Abbreviation>SES</Abbreviation>
<LongName>Divn Of Social and Economic Sciences</LongName>
</Division>
</Organization>
<ProgramOfficer>
<SignBlockName>Joseph Whitmeyer</SignBlockName>
<PO_EMAI>jwhitmey@nsf.gov</PO_EMAI>
<PO_PHON>7032927808</PO_PHON>
</ProgramOfficer>
<AbstractNarration><![CDATA[This project examines the implementation of one of the first "no-wrong-door" client database and referral systems shared by local anti-poverty nonprofit organizations (NPOs) in a rural county and small city.  Federal and state governments frequently deliver services through non-governmental organizations rather than public bureaucracies, and social services are turning to technology and data-sharing as a tool to better track outcomes and collaborate across organizations. This study looks at this convergence and provides an analytical description of the implementation process from the perspective of NPO administrators, staff, and clients.  Results will help government policy-makers and NPO leaders be better informed about the consequences of encouraging NPOs to adopt collaborative, data-driven solutions for the delivery of social resources.&lt;br/&gt;&lt;br/&gt;This study draws on data from nine initial months of ethnographic observation at four focal nonprofits involved in the database initiative, and subsequent community observation over a total of 1.5 years.  During this time period, this group of NPOs has been proceeding with the implementation of a shared client management system, in which all organizations in the database have access to client information and can send referrals to each other.  In addition, community leaders, nonprofit administration and staff, and social service clients (n = 80 to 110) are interviewed for this research.  Examination of the initiative throughout its implementation will enable this study to understand the social, economic, and political processes involved in the development of a shared data infrastructure in the field of nonprofit social services, and their consequences for service delivery.&lt;br/&gt;&lt;br/&gt;This award reflects NSF's statutory mission and has been deemed worthy of support through evaluation using the Foundation's intellectual merit and broader impacts review criteria.]]></AbstractNarration>
<MinAmdLetterDate>03/05/2018</MinAmdLetterDate>
<MaxAmdLetterDate>03/05/2018</MaxAmdLetterDate>
<ARRAAmount/>
<TRAN_TYPE>Grant</TRAN_TYPE>
<CFDA_NUM>47.075</CFDA_NUM>
<NSF_PAR_USE_FLAG>1</NSF_PAR_USE_FLAG>
<FUND_AGCY_CODE>4900</FUND_AGCY_CODE>
<AWDG_AGCY_CODE>4900</AWDG_AGCY_CODE>
<AwardID>1801361</AwardID>
<Investigator>
<FirstName>Melanie</FirstName>
<LastName>Terrasse</LastName>
<PI_MID_INIT>M</PI_MID_INIT>
<PI_SUFX_NAME/>
<PI_FULL_NAME>Melanie M Terrasse</PI_FULL_NAME>
<EmailAddress><![CDATA[terrasse@princeton.edu]]></EmailAddress>
<NSF_ID>000754793</NSF_ID>
<StartDate>03/05/2018</StartDate>
<EndDate/>
<RoleCode>Co-Principal Investigator</RoleCode>
</Investigator>
<Investigator>
<FirstName>Robert</FirstName>
<LastName>Wuthnow</LastName>
<PI_MID_INIT/>
<PI_SUFX_NAME/>
<PI_FULL_NAME>Robert Wuthnow</PI_FULL_NAME>
<EmailAddress><![CDATA[wuthnow@princeton.edu]]></EmailAddress>
<NSF_ID>000407790</NSF_ID>
<StartDate>03/05/2018</StartDate>
<EndDate/>
<RoleCode>Principal Investigator</RoleCode>
</Investigator>
<Institution>
<Name><![CDATA[Princeton University]]></Name>
<CityName>PRINCETON</CityName>
<ZipCode>085442001</ZipCode>
<PhoneNumber>6092583090</PhoneNumber>
<StreetAddress><![CDATA[1 NASSAU HALL]]></StreetAddress>
<StreetAddress2/>
<CountryName>United States</CountryName>
<StateName>New Jersey</StateName>
<StateCode>NJ</StateCode>
<CONGRESSDISTRICT>12</CONGRESSDISTRICT>
<CONGRESS_DISTRICT_ORG>NJ12</CONGRESS_DISTRICT_ORG>
<ORG_UEI_NUM>NJ1YPQXQG7U5</ORG_UEI_NUM>
<ORG_LGL_BUS_NAME>THE TRUSTEES OF PRINCETON UNIVERSITY</ORG_LGL_BUS_NAME>
<ORG_PRNT_UEI_NUM/>
</Institution>
<Performance_Institution>
<Name><![CDATA[Department of Sociology]]></Name>
<CityName>Princeton</CityName>
<StateCode>NJ</StateCode>
<ZipCode>085441005</ZipCode>
<StreetAddress><![CDATA[Wallace Hall]]></StreetAddress>
<CountryCode>US</CountryCode>
<CountryName>United States</CountryName>
<StateName>New Jersey</StateName>
<CountryFlag>1</CountryFlag>
<CONGRESSDISTRICT>12</CONGRESSDISTRICT>
<CONGRESS_DISTRICT_PERF>NJ12</CONGRESS_DISTRICT_PERF>
</Performance_Institution>
<ProgramElement>
<Code>1331</Code>
<Text>Sociology</Text>
</ProgramElement>
<ProgramReference>
<Code>1331</Code>
<Text>SOCIOLOGY</Text>
</ProgramReference>
<ProgramReference>
<Code>9179</Code>
<Text>GRADUATE INVOLVEMENT</Text>
</ProgramReference>
<Appropriation>
<Code>0118</Code>
<Name>NSF RESEARCH &amp; RELATED ACTIVIT</Name>
<APP_SYMB_ID>040100</APP_SYMB_ID>
</Appropriation>
<Fund>
<Code>01001819DB</Code>
<Name><![CDATA[NSF RESEARCH & RELATED ACTIVIT]]></Name>
<FUND_SYMB_ID>040100</FUND_SYMB_ID>
</Fund>
<FUND_OBLG>2018~12000</FUND_OBLG>
<POR>
<DRECONTENT><![CDATA[<div class="porColContainerWBG"> <div class="porContentCol"><p>The major goals of this project were to study the implementation of a shared case management platform among anti-poverty nonprofits in a small city in Central Pennsylvania. Methods to do so included ethnographic observation at four participating nonprofits, along with semi-structured interviews with community leaders, nonprofit administrators, staff, and clients.&nbsp;</p> <p>In doing so, the study aimed to offer up a case study illuminating the following overall question:&nbsp;<em>how do changes in American social policy and the resulting emphasis on data and affect the delivery of nonprofit social services at the community level? &nbsp;</em></p> <p>Upon completion, this project successfully met these objectives. This ethnographic study found that this implementation of&nbsp;&nbsp;shared case management platform among anti-poverty nonprofits&nbsp;illuminated tensions between its underlying vision for anti-poverty work and other important aspects of service delivery:&nbsp;</p> <p><strong>- Tension between technocratic and interactional social work approaches:</strong>&nbsp;In many participating programs, technocratic goals of coordination and performance measurement came into conflict with interactional components of social work such as the case manager-client relationship and professional discretion in decision-making.</p> <p><strong>- Differences in scope and operationalization of program goals:</strong>&nbsp;In other settings, the initiative&rsquo;s outcome-oriented emphasis on &ldquo;moving the needle&rdquo; and meeting the ambitious goal of eliminating local poverty was at odds with more traditional programs&rsquo; narrower goals of providing short-term services.</p> <p><strong>- Competing tensions negatively affected the project's implementation:</strong>&nbsp;As revealed through the implementation of the database, these tensions led to a reshaping and renegotiating of the technology in ways that negatively affected both individual program operations and the success of the overall initiative.</p> <p>In addition, this project led to the successful defense of the co-PI's (M&eacute;lanie Terrasse) doctoral dissertation.</p><br> <p>            Last Modified: 07/10/2020<br>      Modified by: Melanie&nbsp;M&nbsp;Terrasse</p> </div> <div class="porSideCol"></div> </div>]]></DRECONTENT>
<POR_COPY_TXT><![CDATA[ The major goals of this project were to study the implementation of a shared case management platform among anti-poverty nonprofits in a small city in Central Pennsylvania. Methods to do so included ethnographic observation at four participating nonprofits, along with semi-structured interviews with community leaders, nonprofit administrators, staff, and clients.   In doing so, the study aimed to offer up a case study illuminating the following overall question: how do changes in American social policy and the resulting emphasis on data and affect the delivery of nonprofit social services at the community level?    Upon completion, this project successfully met these objectives. This ethnographic study found that this implementation of  shared case management platform among anti-poverty nonprofits illuminated tensions between its underlying vision for anti-poverty work and other important aspects of service delivery:   - Tension between technocratic and interactional social work approaches: In many participating programs, technocratic goals of coordination and performance measurement came into conflict with interactional components of social work such as the case manager-client relationship and professional discretion in decision-making.  - Differences in scope and operationalization of program goals: In other settings, the initiative’s outcome-oriented emphasis on "moving the needle" and meeting the ambitious goal of eliminating local poverty was at odds with more traditional programs’ narrower goals of providing short-term services.  - Competing tensions negatively affected the project's implementation: As revealed through the implementation of the database, these tensions led to a reshaping and renegotiating of the technology in ways that negatively affected both individual program operations and the success of the overall initiative.  In addition, this project led to the successful defense of the co-PI's (M&eacute;lanie Terrasse) doctoral dissertation.       Last Modified: 07/10/2020       Submitted by: Melanie M Terrasse]]></POR_COPY_TXT>
</POR>
</Award>
</rootTag>
