<?xml version="1.0" encoding="UTF-8"?>
<rootTag>
<Award>
<AwardTitle><![CDATA[Unmanned Aircraft Systems Operations and Maintenance Education and Training Project]]></AwardTitle>
<AGENCY>NSF</AGENCY>
<AwardEffectiveDate>07/01/2018</AwardEffectiveDate>
<AwardExpirationDate>06/30/2021</AwardExpirationDate>
<AwardTotalIntnAmount>224761.00</AwardTotalIntnAmount>
<AwardAmount>224761</AwardAmount>
<AwardInstrument>
<Value>Standard Grant</Value>
</AwardInstrument>
<Organization>
<Code>11040100</Code>
<Directorate>
<Abbreviation>EDU</Abbreviation>
<LongName>Directorate for STEM Education</LongName>
</Directorate>
<Division>
<Abbreviation>DUE</Abbreviation>
<LongName>Division Of Undergraduate Education</LongName>
</Division>
</Organization>
<ProgramOfficer>
<SignBlockName>Virginia Carter</SignBlockName>
<PO_EMAI>vccarter@nsf.gov</PO_EMAI>
<PO_PHON>7032924651</PO_PHON>
</ProgramOfficer>
<AbstractNarration><![CDATA[The Unmanned Aircraft Systems Operations and Maintenance Training Project at Atlantic Cape Community College in New Jersey aims to advance technician education and training in the rapidly evolving and critically important field of small commercial unmanned aircraft systems (UAS).  To this end, this project plans to develop a curriculum for a new academic program that will prepare students to work as technicians in operation, maintenance, and repair of small UAS. Through site visits and a national steering committee, the project will work with employers to identify current and future needs for technicians.  It will use this information to create an associate degree program that aligns with the expectations of employers, manufacturers, and regulatory agencies. This new curriculum could benefit employers involved directly in the UAS industry, as well as employers in other fields such as agriculture, insurance, real estate, utilities, construction, media, and law enforcement/public safety. Project results will be shared with other community and technical colleges interested in training UAS technicians, with a special focus on building capacity for colleges that wish to develop an aviation technician program or to enhance current offerings. The project will promote diversity in the technical workforce by training all students in entrepreneurial principles and skills, and by supporting enrollment and retention of female students. The project aims to create a pool of trained technicians available for work in southern New Jersey, a region in which policymakers and government agencies are encouraging development of a robust UAS industry.&lt;br/&gt;&lt;br/&gt;The project will define the skills and knowledge needed to enable a technician to maintain, upgrade, or repair a small UAS, and develop an innovative academic program that promotes the requisite student learning. Curriculum development will use a systematic approach to instructional design, based on the Dick and Carey model instructional model.  This approach includes defining the needs, the audience, the tasks that students will need to master, as well as planning for student assessment and course/program evaluation. The curriculum will include education and training in aviation regulation, aviation weather, aeronautical knowledge, mechanical/electronic engineering, geospatial data collection, and computer science. The curriculum will also include three competency areas that researchers have identified for UAS technicians: hardware, software, and documentation and personnel issues. Drone manufacturers and employers will provide input to ensure that the program educates skilled technicians who can comply with FAA regulations for safe operation of small drones in the national airspace system. Industry experts conclude that the largest barrier in building a UAS maintenance knowledge base is lack of maintenance documentation for drones. The project will address this barrier by facilitating greater information-sharing by manufacturers. Project leaders have extensive professional contacts and collaborators in the UAS industry, as well as administrative experience and expertise in engineering curriculum development. The project plans to build on an existing aviation program at the college that can provide resources (e.g., equipment; teaching space; administrative support) and a sustainable source of new equipment and ongoing professional development opportunities for faculty. Other academic institutions, including Rutgers University, New Jersey Institute of Technology, and the University of Arkansas-Fort Smith, will provide input on the curriculum and related project activities.  In addition, so that this program can build on existing expertise and experience in UAS technician training, the project leaders will make site visits to other community colleges with active UAS training programs, including Sinclair Community College in Ohio and Northland Community and Technical College in Minnesota.&lt;br/&gt;&lt;br/&gt;This award reflects NSF's statutory mission and has been deemed worthy of support through evaluation using the Foundation's intellectual merit and broader impacts review criteria.]]></AbstractNarration>
<MinAmdLetterDate>04/02/2018</MinAmdLetterDate>
<MaxAmdLetterDate>04/02/2018</MaxAmdLetterDate>
<ARRAAmount/>
<TRAN_TYPE>Grant</TRAN_TYPE>
<CFDA_NUM>47.076</CFDA_NUM>
<NSF_PAR_USE_FLAG>1</NSF_PAR_USE_FLAG>
<FUND_AGCY_CODE>4900</FUND_AGCY_CODE>
<AWDG_AGCY_CODE>4900</AWDG_AGCY_CODE>
<AwardID>1801014</AwardID>
<Investigator>
<FirstName>Al</FirstName>
<LastName>Jou</LastName>
<PI_MID_INIT/>
<PI_SUFX_NAME/>
<PI_FULL_NAME>Al Jou</PI_FULL_NAME>
<EmailAddress><![CDATA[ajou@atlantic.edu]]></EmailAddress>
<NSF_ID>000752718</NSF_ID>
<StartDate>04/02/2018</StartDate>
<EndDate/>
<RoleCode>Co-Principal Investigator</RoleCode>
</Investigator>
<Investigator>
<FirstName>James</FirstName>
<LastName>Taggart</LastName>
<PI_MID_INIT>J</PI_MID_INIT>
<PI_SUFX_NAME/>
<PI_FULL_NAME>James J Taggart</PI_FULL_NAME>
<EmailAddress><![CDATA[jtaggart@atlantic.edu]]></EmailAddress>
<NSF_ID>000752714</NSF_ID>
<StartDate>04/02/2018</StartDate>
<EndDate/>
<RoleCode>Principal Investigator</RoleCode>
</Investigator>
<Institution>
<Name><![CDATA[Atlantic Cape Community College]]></Name>
<CityName>MAYS LANDING</CityName>
<ZipCode>083302623</ZipCode>
<PhoneNumber>6094634516</PhoneNumber>
<StreetAddress><![CDATA[5100 BLACK HORSE PIKE]]></StreetAddress>
<StreetAddress2/>
<CountryName>United States</CountryName>
<StateName>New Jersey</StateName>
<StateCode>NJ</StateCode>
<CONGRESSDISTRICT>02</CONGRESSDISTRICT>
<CONGRESS_DISTRICT_ORG>NJ02</CONGRESS_DISTRICT_ORG>
<ORG_UEI_NUM>J1THDLJ3RCG3</ORG_UEI_NUM>
<ORG_LGL_BUS_NAME>ATLANTIC COMMUNITY COLLEGE</ORG_LGL_BUS_NAME>
<ORG_PRNT_UEI_NUM>J1THDLJ3RCG3</ORG_PRNT_UEI_NUM>
</Institution>
<Performance_Institution>
<Name><![CDATA[Atlantic Cape Community College]]></Name>
<CityName>Mays Landing</CityName>
<StateCode>NJ</StateCode>
<ZipCode>083302699</ZipCode>
<StreetAddress><![CDATA[5100 Black Horse Pike]]></StreetAddress>
<CountryCode>US</CountryCode>
<CountryName>United States</CountryName>
<StateName>New Jersey</StateName>
<CountryFlag>1</CountryFlag>
<CONGRESSDISTRICT>02</CONGRESSDISTRICT>
<CONGRESS_DISTRICT_PERF>NJ02</CONGRESS_DISTRICT_PERF>
</Performance_Institution>
<ProgramElement>
<Code>7412</Code>
<Text>Advanced Tech Education Prog</Text>
</ProgramElement>
<ProgramReference>
<Code>1032</Code>
<Text>ADVANCED TECHNOLOGY EDUCATION</Text>
</ProgramReference>
<ProgramReference>
<Code>9178</Code>
<Text>UNDERGRADUATE EDUCATION</Text>
</ProgramReference>
<ProgramReference>
<Code>SMET</Code>
<Text>SCIENCE, MATH, ENG &amp; TECH EDUCATION</Text>
</ProgramReference>
<Appropriation>
<Code>0418</Code>
<Name>NSF Education &amp; Human Resource</Name>
<APP_SYMB_ID>040106</APP_SYMB_ID>
</Appropriation>
<Fund>
<Code>04001819DB</Code>
<Name><![CDATA[NSF Education & Human Resource]]></Name>
<FUND_SYMB_ID>040106</FUND_SYMB_ID>
</Fund>
<FUND_OBLG>2018~224761</FUND_OBLG>
<POR>
<DRECONTENT><![CDATA[<div class="porColContainerWBG"> <div class="porContentCol"><p><strong>Intellectual Merit:<br /></strong>Atlantic Cape's 40-member Business and Industry Leadership Team (BILT) created a comprehensive inventory of the knowledge, skills and abilities required of small unmanned aircraft systems (sUAS) technicians. To support this, the PI made a series of 17 fact-finding site-visits to UAS manufacturers, and other related firms, utility companies using UAS, and UAS-involved educational institutions in the United States and Canada. The inventory is utilized by Atlantic Cape as a standard for the alignment of core competencies to develop sUAS Field Technician programs, including course and program learning goals and objectives.<strong><br /><em>Curriculum creation:</em></strong> Atlantic Cape deployed its inventory of in-demand knowledge, skills and abilities as the standard to design and develop stackable sUAS Field Technician curricula. The curricula have undergone external approval channels through NJ higher education, is published in the college catalog, and is available for adaptation by other schools.</p> <p>Through grant funding, Atlantic Cape designed coursework that teaches the knowledge and skills required to safely conduct civil and commercial sUAS operations, and repair and maintain sUAS. The coursework prepares students to work for sUAS firms, to be sUAS entrepreneurs, and to be hired by other employers using sUAS applications for a broad range of business and public sector purposes. Additionally, the coursework implements a program capstone project for students and enables them to build portfolios of their work that can be easily shared with prospective employers and clients. Specifically, Atlantic Cape created three credit-bearing academic programs - including a new degree program - educating students to be sUAS Repair Specialists and Field Technicians. Additionally, Atlantic Cape received a sub-award from Sinclair Community College NSF ATE project titled Educating Entrepreneurial Technicians for Unmanned Aerial Systems (DUE:1902003). The focus of the project is to implement a business plan competition developed at Sinclair at Atlantic Cape. The competition will run in the 2021-2022 academic year.<strong>&nbsp;</strong></p> <p><strong>Broader Impacts:</strong></p> <p><strong><em>Dissemination:</em></strong> The results of project efforts include a website for disseminating deliverables and sharing resources with the goal of helping facilitate design of new sUAS credit bearing programs at other institutions. Products were submitted for dissemination to the National Center for Autonomous Technology. Presentations were made at local conferences, such as the New Jersey Community College Computing Consortium, The New Jersey Community Colleges Best Practices Conference, The League For innovation in The Community College; and at local community groups.</p> <p><strong><em>Novel focus on preparing students' entrepreneurial mindsets and approaches to sUAS employment:</em></strong> Students enrolled in Atlantic Cape's sUAS technician programs are at the forefront of far-reaching and multi-purpose technologies, and current students gain the potential to become the employers of future graduates. To build a culture of entrepreneurship among drone technicians, the project created a new course titled, "The Drone-Powered Economy." Focused on entrepreneurial concepts, the course walks students through developing a comprehensive business plan to launch a sUAS-related business. Atlantic Cape has surveyed seven community colleges offering UAS programs and determined that only three of these colleges currently teach students how to pair entrepreneurial activities with their technical knowledge of drones. In that, Atlantic Cape's project will provide a model and curricula for entrepreneurial-oriented learning to colleges that do not currently have this capacity.</p> <p>Students have gone on to work for civil engineering consulting firms, solar installation companies, a firm that conducts critical electrical asset inspections, and the Federal Aviation Administration. Those that have taken the entrepreneurial path include two students who together started an LLC and worked with graduate students at Rutgers University to develop a subscription-based artificial intelligence product used to detect a novel fungus attacking North American cranberries; and five students who have established businesses using sUAS for commercial photography and cinematography.</p> <p>The program offers coursework focusing sUAS Operations, identified as a 'Gateway' course "sUAS Operations" is required for all four programs, and is pre-arranged into a student's first semester. The course prepares students to sit for the Federal Aviation Administration's Unmanned Aircraft General Examination. Successfully passing the examination leads to the earning of the FAA's Remote Pilot Certificate (commercial drone license). During the three years of the project, 192 students have taken the 'Gateway' course leading to 75% of students earning their FAA Remote Pilot Certificate.</p> <p><strong><em>Robust student enrollment, including successful recruitment of under-represented students:</em></strong> As of Sept. 2020, 84 students have enrolled in four programs adapted and/or developed by the project, of which, 10% are female, 6% are African American/black, and 4% are Hispanic. The sUAS Specialist certificate program has an average enrollment rate of 10% African American and 6% Hispanic/Latinx students. The sUAS Field Technician Associate A.S. degree program has an average enrollment rate of 14% for female students, and the sUAS Field Technician Certificate program has an average enrollment rate of 11% for females. An example of proactive recruitment strategy is the project's participation in the annual <em>Girls in Aviation Day</em> at the Atlantic City International Airport.</p> <p>&nbsp;</p> <p>&nbsp;</p><br> <p>            Last Modified: 10/11/2021<br>      Modified by: James&nbsp;Taggart</p> </div> <div class="porSideCol"> <div class="each-gallery"> <div class="galContent" id="gallery0"> <div class="photoCount" id="photoCount0">          Images (<span id="selectedPhoto0">1</span> of <span class="totalNumber"></span>)           </div> <div class="galControls" id="controls0"></div> <div class="galSlideshow" id="slideshow0"></div> <div class="galEmbox" id="embox"> <div class="image-title"></div> </div> </div> <div class="galNavigation" id="navigation0"> <ul class="thumbs" id="thumbs0"> <li> <a href="/por/images/Reports/POR/2021/1801014/1801014_10537071_1633953419380_picture1--rgov-214x142.jpg" original="/por/images/Reports/POR/2021/1801014/1801014_10537071_1633953419380_picture1--rgov-800width.jpg" title="Soldering"><img src="/por/images/Reports/POR/2021/1801014/1801014_10537071_1633953419380_picture1--rgov-66x44.jpg" alt="Soldering"></a> <div class="imageCaptionContainer"> <div class="imageCaption">Student learning to solder as part of  sUAS Maintenance and Repair</div> <div class="imageCredit">Taggart</div> <div class="imagePermisssions">Public Domain</div> <div class="imageSubmitted">James&nbsp;Taggart</div> <div class="imageTitle">Soldering</div> </div> </li> <li> <a href="/por/images/Reports/POR/2021/1801014/1801014_10537071_1633953549768_picture2--rgov-214x142.jpg" original="/por/images/Reports/POR/2021/1801014/1801014_10537071_1633953549768_picture2--rgov-800width.jpg" title="Learning to fly"><img src="/por/images/Reports/POR/2021/1801014/1801014_10537071_1633953549768_picture2--rgov-66x44.jpg" alt="Learning to fly"></a> <div class="imageCaptionContainer"> <div class="imageCaption">Students learning to fly in sUAS Operations</div> <div class="imageCredit">Taggart</div> <div class="imagePermisssions">Public Domain</div> <div class="imageSubmitted">James&nbsp;Taggart</div> <div class="imageTitle">Learning to fly</div> </div> </li> <li> <a href="/por/images/Reports/POR/2021/1801014/1801014_10537071_1633953639829_picture3--rgov-214x142.jpg" original="/por/images/Reports/POR/2021/1801014/1801014_10537071_1633953639829_picture3--rgov-800width.jpg" title="Learning to fly"><img src="/por/images/Reports/POR/2021/1801014/1801014_10537071_1633953639829_picture3--rgov-66x44.jpg" alt="Learning to fly"></a> <div class="imageCaptionContainer"> <div class="imageCaption">Student learning to fly in sUAS Operations</div> <div class="imageCredit">Taggart</div> <div class="imagePermisssions">Public Domain</div> <div class="imageSubmitted">James&nbsp;Taggart</div> <div class="imageTitle">Learning to fly</div> </div> </li> <li> <a href="/por/images/Reports/POR/2021/1801014/1801014_10537071_1633953888596_picture5--rgov-214x142.jpg" original="/por/images/Reports/POR/2021/1801014/1801014_10537071_1633953888596_picture5--rgov-800width.jpg" title="Remote sensing a farm"><img src="/por/images/Reports/POR/2021/1801014/1801014_10537071_1633953888596_picture5--rgov-66x44.jpg" alt="Remote sensing a farm"></a> <div class="imageCaptionContainer"> <div class="imageCaption">Students working with Rutgers University researchers to create a base-map of a blueberry farm.</div> <div class="imageCredit">Taggart</div> <div class="imagePermisssions">Public Domain</div> <div class="imageSubmitted">James&nbsp;Taggart</div> <div class="imageTitle">Remote sensing a farm</div> </div> </li> <li> <a href="/por/images/Reports/POR/2021/1801014/1801014_10537071_1633954116670_simulator--rgov-214x142.jpg" original="/por/images/Reports/POR/2021/1801014/1801014_10537071_1633954116670_simulator--rgov-800width.jpg" title="Simulator"><img src="/por/images/Reports/POR/2021/1801014/1801014_10537071_1633954116670_simulator--rgov-66x44.jpg" alt="Simulator"></a> <div class="imageCaptionContainer"> <div class="imageCaption">Students practicing on a desktop simulator.</div> <div class="imageCredit">Taggart</div> <div class="imagePermisssions">Royalty-free (unrestricted use)</div> <div class="imageSubmitted">James&nbsp;Taggart</div> <div class="imageTitle">Simulator</div> </div> </li> <li> <a href="/por/images/Reports/POR/2021/1801014/1801014_10537071_1633954363264_examples--rgov-214x142.jpg" original="/por/images/Reports/POR/2021/1801014/1801014_10537071_1633954363264_examples--rgov-800width.jpg" title="Examples"><img src="/por/images/Reports/POR/2021/1801014/1801014_10537071_1633954363264_examples--rgov-66x44.jpg" alt="Examples"></a> <div class="imageCaptionContainer"> <div class="imageCaption">Examples of student coursework.</div> <div class="imageCredit">Taggart</div> <div class="imagePermisssions">Royalty-free (unrestricted use)</div> <div class="imageSubmitted">James&nbsp;Taggart</div> <div class="imageTitle">Examples</div> </div> </li> </ul> </div> </div> </div> </div>]]></DRECONTENT>
<POR_COPY_TXT><![CDATA[ Intellectual Merit: Atlantic Cape's 40-member Business and Industry Leadership Team (BILT) created a comprehensive inventory of the knowledge, skills and abilities required of small unmanned aircraft systems (sUAS) technicians. To support this, the PI made a series of 17 fact-finding site-visits to UAS manufacturers, and other related firms, utility companies using UAS, and UAS-involved educational institutions in the United States and Canada. The inventory is utilized by Atlantic Cape as a standard for the alignment of core competencies to develop sUAS Field Technician programs, including course and program learning goals and objectives. Curriculum creation: Atlantic Cape deployed its inventory of in-demand knowledge, skills and abilities as the standard to design and develop stackable sUAS Field Technician curricula. The curricula have undergone external approval channels through NJ higher education, is published in the college catalog, and is available for adaptation by other schools.  Through grant funding, Atlantic Cape designed coursework that teaches the knowledge and skills required to safely conduct civil and commercial sUAS operations, and repair and maintain sUAS. The coursework prepares students to work for sUAS firms, to be sUAS entrepreneurs, and to be hired by other employers using sUAS applications for a broad range of business and public sector purposes. Additionally, the coursework implements a program capstone project for students and enables them to build portfolios of their work that can be easily shared with prospective employers and clients. Specifically, Atlantic Cape created three credit-bearing academic programs - including a new degree program - educating students to be sUAS Repair Specialists and Field Technicians. Additionally, Atlantic Cape received a sub-award from Sinclair Community College NSF ATE project titled Educating Entrepreneurial Technicians for Unmanned Aerial Systems (DUE:1902003). The focus of the project is to implement a business plan competition developed at Sinclair at Atlantic Cape. The competition will run in the 2021-2022 academic year.   Broader Impacts:  Dissemination: The results of project efforts include a website for disseminating deliverables and sharing resources with the goal of helping facilitate design of new sUAS credit bearing programs at other institutions. Products were submitted for dissemination to the National Center for Autonomous Technology. Presentations were made at local conferences, such as the New Jersey Community College Computing Consortium, The New Jersey Community Colleges Best Practices Conference, The League For innovation in The Community College; and at local community groups.  Novel focus on preparing students' entrepreneurial mindsets and approaches to sUAS employment: Students enrolled in Atlantic Cape's sUAS technician programs are at the forefront of far-reaching and multi-purpose technologies, and current students gain the potential to become the employers of future graduates. To build a culture of entrepreneurship among drone technicians, the project created a new course titled, "The Drone-Powered Economy." Focused on entrepreneurial concepts, the course walks students through developing a comprehensive business plan to launch a sUAS-related business. Atlantic Cape has surveyed seven community colleges offering UAS programs and determined that only three of these colleges currently teach students how to pair entrepreneurial activities with their technical knowledge of drones. In that, Atlantic Cape's project will provide a model and curricula for entrepreneurial-oriented learning to colleges that do not currently have this capacity.  Students have gone on to work for civil engineering consulting firms, solar installation companies, a firm that conducts critical electrical asset inspections, and the Federal Aviation Administration. Those that have taken the entrepreneurial path include two students who together started an LLC and worked with graduate students at Rutgers University to develop a subscription-based artificial intelligence product used to detect a novel fungus attacking North American cranberries; and five students who have established businesses using sUAS for commercial photography and cinematography.  The program offers coursework focusing sUAS Operations, identified as a 'Gateway' course "sUAS Operations" is required for all four programs, and is pre-arranged into a student's first semester. The course prepares students to sit for the Federal Aviation Administration's Unmanned Aircraft General Examination. Successfully passing the examination leads to the earning of the FAA's Remote Pilot Certificate (commercial drone license). During the three years of the project, 192 students have taken the 'Gateway' course leading to 75% of students earning their FAA Remote Pilot Certificate.  Robust student enrollment, including successful recruitment of under-represented students: As of Sept. 2020, 84 students have enrolled in four programs adapted and/or developed by the project, of which, 10% are female, 6% are African American/black, and 4% are Hispanic. The sUAS Specialist certificate program has an average enrollment rate of 10% African American and 6% Hispanic/Latinx students. The sUAS Field Technician Associate A.S. degree program has an average enrollment rate of 14% for female students, and the sUAS Field Technician Certificate program has an average enrollment rate of 11% for females. An example of proactive recruitment strategy is the project's participation in the annual Girls in Aviation Day at the Atlantic City International Airport.             Last Modified: 10/11/2021       Submitted by: James Taggart]]></POR_COPY_TXT>
</POR>
</Award>
</rootTag>
