<?xml version="1.0" encoding="UTF-8"?>
<rootTag>
<Award>
<AwardTitle><![CDATA[Alaska Tech Learners: A Collaboration to Teach College Courses in Software Engineering to High School Students]]></AwardTitle>
<AGENCY>NSF</AGENCY>
<AwardEffectiveDate>10/01/2018</AwardEffectiveDate>
<AwardExpirationDate>08/31/2023</AwardExpirationDate>
<AwardTotalIntnAmount>600000.00</AwardTotalIntnAmount>
<AwardAmount>600000</AwardAmount>
<AwardInstrument>
<Value>Standard Grant</Value>
</AwardInstrument>
<Organization>
<Code>11040100</Code>
<Directorate>
<Abbreviation>EDU</Abbreviation>
<LongName>Directorate for STEM Education</LongName>
</Directorate>
<Division>
<Abbreviation>DUE</Abbreviation>
<LongName>Division Of Undergraduate Education</LongName>
</Division>
</Organization>
<ProgramOfficer>
<SignBlockName>Paul Tymann</SignBlockName>
<PO_EMAI>ptymann@nsf.gov</PO_EMAI>
<PO_PHON>7032922832</PO_PHON>
</ProgramOfficer>
<AbstractNarration><![CDATA[This project is a partnership between Prince William Sound College, nine high schools in seven school districts, and regional employers. The project's long-term goal is to fill needs in Alaska's skilled technical workforce by providing Alaskan high school students with introductory courses in software engineering.  To accomplish this goal, this project will prepare teachers in underserved Alaska high schools to teach dual-enrollment courses in the software engineering fields of commercial web design and mobile application development.  The courses will use a cooperative model of instruction that combines the content expertise of college faculty with the teaching expertise of certified high school teachers. The courses will meet all five of the Alaska state technology standards, and thus be relevant for high school graduation as well as college credit. This project has the potential to enable more school districts to offer dual enrollment STEM courses. The cooperative teaching model has national significance because it could be used by any state to meet STEM educational needs in underserved rural areas. This project also has the benefit of opening multiple career pathways that currently do not exist for many high school students in Alaska. The project focuses on partnering with rural Alaskan school districts, where students are more likely to be Alaska Natives, and to come from low income families. It is predicted that completing these dual enrollment courses can increase the competitiveness of rural Alaskan students for local, high-skill software technology jobs, helping to close the rural Alaska skills gap in technology.  &lt;br/&gt;&lt;br/&gt;The overall goal of this project is to increase the technological competence of teachers and students in all high schools in Alaska. The immediate goal is to partner with high school teachers from multiple school districts to provide coursework for high school students and prepare students for entry-level work as highly-skilled software technologists. Participating high school teachers will first complete college coursework in a specific software engineering topic, to build their content knowledge, skills, and confidence. Each teacher will then teach a dual enrollment course at their high school. A college faculty member will support the teacher, providing oversight and assessment of student outcomes for these courses. This partnership has the potential to create new, high-quality learning experiences for high school students taking dual enrollment information technology courses. The project expects that these courses will provide a pathway to eventual completion of a certificate or associate, bachelor, or graduate degree in software engineering and related fields.&lt;br/&gt;&lt;br/&gt;This award reflects NSF's statutory mission and has been deemed worthy of support through evaluation using the Foundation's intellectual merit and broader impacts review criteria.]]></AbstractNarration>
<MinAmdLetterDate>08/19/2018</MinAmdLetterDate>
<MaxAmdLetterDate>08/19/2018</MaxAmdLetterDate>
<ARRAAmount/>
<TRAN_TYPE>Grant</TRAN_TYPE>
<CFDA_NUM>47.076</CFDA_NUM>
<NSF_PAR_USE_FLAG>1</NSF_PAR_USE_FLAG>
<FUND_AGCY_CODE>4900</FUND_AGCY_CODE>
<AWDG_AGCY_CODE>4900</AWDG_AGCY_CODE>
<AwardID>1801194</AwardID>
<Investigator>
<FirstName>Steven</FirstName>
<LastName>Johnson</LastName>
<PI_MID_INIT>W</PI_MID_INIT>
<PI_SUFX_NAME/>
<PI_FULL_NAME>Steven W Johnson</PI_FULL_NAME>
<EmailAddress><![CDATA[swjohnson@alaska.edu]]></EmailAddress>
<NSF_ID>000758980</NSF_ID>
<StartDate>08/19/2018</StartDate>
<EndDate/>
<RoleCode>Principal Investigator</RoleCode>
</Investigator>
<Institution>
<Name><![CDATA[University of Alaska Anchorage Campus]]></Name>
<CityName>ANCHORAGE</CityName>
<ZipCode>995084614</ZipCode>
<PhoneNumber>9077861777</PhoneNumber>
<StreetAddress><![CDATA[3211 PROVIDENCE DR]]></StreetAddress>
<StreetAddress2/>
<CountryName>United States</CountryName>
<StateName>Alaska</StateName>
<StateCode>AK</StateCode>
<CONGRESSDISTRICT>00</CONGRESSDISTRICT>
<CONGRESS_DISTRICT_ORG>AK00</CONGRESS_DISTRICT_ORG>
<ORG_UEI_NUM>DZFJT2KH9C43</ORG_UEI_NUM>
<ORG_LGL_BUS_NAME>UNIVERSITY OF ALASKA ANCHORAGE</ORG_LGL_BUS_NAME>
<ORG_PRNT_UEI_NUM>KNP1HA2B9BF8</ORG_PRNT_UEI_NUM>
</Institution>
<Performance_Institution>
<Name><![CDATA[Prince William Sound College]]></Name>
<CityName>Valdez</CityName>
<StateCode>AK</StateCode>
<ZipCode>996860097</ZipCode>
<StreetAddress><![CDATA[303 Lowe St]]></StreetAddress>
<CountryCode>US</CountryCode>
<CountryName>United States</CountryName>
<StateName>Alaska</StateName>
<CountryFlag>1</CountryFlag>
<CONGRESSDISTRICT>00</CONGRESSDISTRICT>
<CONGRESS_DISTRICT_PERF>AK00</CONGRESS_DISTRICT_PERF>
</Performance_Institution>
<ProgramElement>
<Code>7412</Code>
<Text>Advanced Tech Education Prog</Text>
</ProgramElement>
<ProgramReference>
<Code>1032</Code>
<Text>ADVANCED TECHNOLOGY EDUCATION</Text>
</ProgramReference>
<ProgramReference>
<Code>9150</Code>
<Text>EXP PROG TO STIM COMP RES</Text>
</ProgramReference>
<ProgramReference>
<Code>9178</Code>
<Text>UNDERGRADUATE EDUCATION</Text>
</ProgramReference>
<ProgramReference>
<Code>SMET</Code>
<Text>SCIENCE, MATH, ENG &amp; TECH EDUCATION</Text>
</ProgramReference>
<Appropriation>
<Code>0418</Code>
<Name>NSF Education &amp; Human Resource</Name>
<APP_SYMB_ID>040106</APP_SYMB_ID>
</Appropriation>
<Fund>
<Code>04001819DB</Code>
<Name><![CDATA[NSF Education & Human Resource]]></Name>
<FUND_SYMB_ID>040106</FUND_SYMB_ID>
</Fund>
<FUND_OBLG>2018~600000</FUND_OBLG>
</Award>
</rootTag>
