<?xml version="1.0" encoding="UTF-8"?>
<rootTag>
<Award>
<AwardTitle><![CDATA[Scaling Up Utah's Automated Manufacturing Technician Pipeline]]></AwardTitle>
<AGENCY>NSF</AGENCY>
<AwardEffectiveDate>05/01/2018</AwardEffectiveDate>
<AwardExpirationDate>04/30/2022</AwardExpirationDate>
<AwardTotalIntnAmount>225000.00</AwardTotalIntnAmount>
<AwardAmount>225000</AwardAmount>
<AwardInstrument>
<Value>Standard Grant</Value>
</AwardInstrument>
<Organization>
<Code>11040100</Code>
<Directorate>
<Abbreviation>EDU</Abbreviation>
<LongName>Directorate for STEM Education</LongName>
</Directorate>
<Division>
<Abbreviation>DUE</Abbreviation>
<LongName>Division Of Undergraduate Education</LongName>
</Division>
</Organization>
<ProgramOfficer>
<SignBlockName>Virginia Carter</SignBlockName>
<PO_EMAI>vccarter@nsf.gov</PO_EMAI>
<PO_PHON>7032924651</PO_PHON>
</ProgramOfficer>
<AbstractNarration><![CDATA[Utah is experiencing a critical shortage of skilled technicians in advanced manufacturing due, in part, to the abundance of large and small industries which continue to automate their facilitates statewide. Furthermore, there are a limited number of advanced manufacturing programs which are able to adequately educate and prepare future technicians for the workforce. In addition to creating an innovative pipeline of high school students into advanced manufacturing to support the economy, this project will provide a refined prepackaged curriculum and programmatic resources that could be easily shared anywhere across the state or nation. The project will serve as a model on how applied technical colleges and secondary schools can collaborate through learning management systems to simultaneously prepare participants with high paying jobs and/or a pathway to college. A professional development model will also be developed and implemented to best serve high school and college faculty as they adapt the advanced manufacturing program at their own institutions. It is anticipated that the expected outcomes and findings will offer the educational community an insight as to how to build blended learning environments comprised of learning management systems with high levels of hands-on training.&lt;br/&gt;&lt;br/&gt;This project will make a significant impact on the capacity and quality of advanced manufacturing technicians statewide by directly impacting high school and college students, Bridgerland Technical College, the Utah System of Technical Colleges, and our industry partners. The benefits to students will be: (1) improved curriculum, (2) higher retention rates, (3) access to a pathway into a career into automated manufacturing and robotics, and (4) strong connections to local industry leaders. The benefits to the College will be: (1) improved curriculum, (2) new branding of recruitment strategies, (3) enhanced tracking/retention, (4) advanced leadership development in project management/grant writing, and (5) a pathway for the College to become a regional training leader in automated manufacturing. The benefits to the Utah System of Technical Colleges will be: (1) a pilot of curriculum development and collaboration across technical colleges, and (2) a mechanism of how to share and scale best practices across the State of Utah. The benefits to industry partners will be: (1) growing number of students pursuing careers in automated manufacturing, and (2) a curriculum more reflective of industry needs.&lt;br/&gt;&lt;br/&gt;This award reflects NSF's statutory mission and has been deemed worthy of support through evaluation using the Foundation's intellectual merit and broader impacts review criteria.]]></AbstractNarration>
<MinAmdLetterDate>03/27/2018</MinAmdLetterDate>
<MaxAmdLetterDate>03/27/2018</MaxAmdLetterDate>
<ARRAAmount/>
<TRAN_TYPE>Grant</TRAN_TYPE>
<CFDA_NUM>47.076</CFDA_NUM>
<NSF_PAR_USE_FLAG>1</NSF_PAR_USE_FLAG>
<FUND_AGCY_CODE>4900</FUND_AGCY_CODE>
<AWDG_AGCY_CODE>4900</AWDG_AGCY_CODE>
<AwardID>1801154</AwardID>
<Investigator>
<FirstName>Mason</FirstName>
<LastName>Lefler</LastName>
<PI_MID_INIT/>
<PI_SUFX_NAME/>
<PI_FULL_NAME>Mason Lefler</PI_FULL_NAME>
<EmailAddress><![CDATA[mlefler@btech.edu]]></EmailAddress>
<NSF_ID>000747007</NSF_ID>
<StartDate>03/27/2018</StartDate>
<EndDate/>
<RoleCode>Principal Investigator</RoleCode>
</Investigator>
<Investigator>
<FirstName>Scott</FirstName>
<LastName>Danielson</LastName>
<PI_MID_INIT/>
<PI_SUFX_NAME/>
<PI_FULL_NAME>Scott Danielson</PI_FULL_NAME>
<EmailAddress><![CDATA[sdanielson@btech.edu]]></EmailAddress>
<NSF_ID>000747011</NSF_ID>
<StartDate>03/27/2018</StartDate>
<EndDate/>
<RoleCode>Co-Principal Investigator</RoleCode>
</Investigator>
<Investigator>
<FirstName>Matt</FirstName>
<LastName>Fuller</LastName>
<PI_MID_INIT/>
<PI_SUFX_NAME/>
<PI_FULL_NAME>Matt Fuller</PI_FULL_NAME>
<EmailAddress><![CDATA[mfuller@btech.edu]]></EmailAddress>
<NSF_ID>000747013</NSF_ID>
<StartDate>03/27/2018</StartDate>
<EndDate/>
<RoleCode>Co-Principal Investigator</RoleCode>
</Investigator>
<Institution>
<Name><![CDATA[Bridgerland Applied Technology College]]></Name>
<CityName>LOGAN</CityName>
<ZipCode>843212292</ZipCode>
<PhoneNumber>4357503214</PhoneNumber>
<StreetAddress><![CDATA[1301 N 600 W]]></StreetAddress>
<StreetAddress2/>
<CountryName>United States</CountryName>
<StateName>Utah</StateName>
<StateCode>UT</StateCode>
<CONGRESSDISTRICT>01</CONGRESSDISTRICT>
<CONGRESS_DISTRICT_ORG>UT01</CONGRESS_DISTRICT_ORG>
<ORG_UEI_NUM>XW23NNCTGEE3</ORG_UEI_NUM>
<ORG_LGL_BUS_NAME>BRIDGERLAND TECHNICAL COLLEGE</ORG_LGL_BUS_NAME>
<ORG_PRNT_UEI_NUM/>
</Institution>
<Performance_Institution>
<Name><![CDATA[Bridgerland Applied Technical College]]></Name>
<CityName>Logan</CityName>
<StateCode>UT</StateCode>
<ZipCode>843212292</ZipCode>
<StreetAddress><![CDATA[1301 North 600 West]]></StreetAddress>
<CountryCode>US</CountryCode>
<CountryName>United States</CountryName>
<StateName>Utah</StateName>
<CountryFlag>1</CountryFlag>
<CONGRESSDISTRICT>01</CONGRESSDISTRICT>
<CONGRESS_DISTRICT_PERF>UT01</CONGRESS_DISTRICT_PERF>
</Performance_Institution>
<ProgramElement>
<Code>7412</Code>
<Text>Advanced Tech Education Prog</Text>
</ProgramElement>
<ProgramReference>
<Code>1032</Code>
<Text>ADVANCED TECHNOLOGY EDUCATION</Text>
</ProgramReference>
<ProgramReference>
<Code>9178</Code>
<Text>UNDERGRADUATE EDUCATION</Text>
</ProgramReference>
<ProgramReference>
<Code>SMET</Code>
<Text>SCIENCE, MATH, ENG &amp; TECH EDUCATION</Text>
</ProgramReference>
<Appropriation>
<Code>0418</Code>
<Name>NSF Education &amp; Human Resource</Name>
<APP_SYMB_ID>040106</APP_SYMB_ID>
</Appropriation>
<Fund>
<Code>04001819DB</Code>
<Name><![CDATA[NSF Education & Human Resource]]></Name>
<FUND_SYMB_ID>040106</FUND_SYMB_ID>
</Fund>
<FUND_OBLG>2018~225000</FUND_OBLG>
<POR>
<DRECONTENT><![CDATA[<div class="porColContainerWBG"> <div class="porContentCol"><p><span id="docs-internal-guid-fe948c6c-7fff-c519-cf6f-d5e564bac4ff"> </span></p> <p dir="ltr"><span>In the Intermountain West, the demand for skilled technicians in advanced manufacturing has significantly increased. Manufacturing is the fourth largest employment sector in Utah and the largest sector in Northern Utah. Both large and small industries throughout the region continue to automate their facilities. Many manufacturers in the Intermountain West are having difficulty finding enough highly skilled technicians to fill available positions. There are also limited programs across the region who offer programs that can adequately educate and prepare enough future technicians for the workforce. To keep up with the industry demand, Bridgerland Technical College recognized the need to increase the quality, capacity, and especially the quantity of skilled technicians in the region. Increasing the pipeline of automated manufacturing and electronic engineering technicians became of utmost importance to the economic vitality of the Intermountain West.&nbsp;</span></p> <p dir="ltr"><span>To increase the pipeline of highly skilled technicians Bridgerland Technical College developed&nbsp; curriculum, increased recruitment, increased retention, and disseminated professional development.&nbsp;</span></p> <p dir="ltr"><em>Curriculum Development - </em><span>Over the life of the grant, Bridgerland focused on redesigning the existing lockstep-teacher-centered curriculum to make it both student-centered, hands-on, and competency-based. The existing curriculum had very few audio-visual demonstrations and ill-defined rubrics. Ten courses were redesigned to better meet the needs of teachers and students. We developed 81 audiovisual lectures, 209 project modeling videos, and 257 industry-centered rubrics throughout all ten courses. These developments allowed students to move at their own pace, review, and make up missed lecture work, and watch clear modeling for project-based labs. The redeveloped rubrics clearly outlined assignment expectations and helped students recognize how assignments foster the required skills they will need when they enter the workforce. Ultimately, this refined curriculum allowed Bridgerland Technical College to increase the number of students who could be taught simultaneously in advanced manufacturing programs.&nbsp;</span></p> <p dir="ltr"><em>Recruitment - </em><span>Over the life of the grant, high school student participation increased by over 45% (over 200 students) through the following recruitment activities: a) maintaining and expanding our dual enrollment high school partnerships from 8 to 17, b) supporting over 12 high schools, colleges, and universities to adopt and adapt our program in their area, and c) creating two industry tour videos to be used in a marketing campaign and used as resources for high school counselors.&nbsp;</span></p> <p dir="ltr"><em>Retention - </em><span>Over the life of the grant, we also increased retention by over 30% through the following retention activities such as: a) conducting annual industry tours of local manufacturers with high school students, counselors, and teachers and b) leveraging college student success coordinators to contact high school students to encourage conversion into the full-time program after graduation.</span></p> <p dir="ltr"><em>Professional Development - </em><span>Over the life of the grant, professional development activities included a) developing and sharing low-cost lab materials, b) conducting our annual two-week professional development for high school teacher facilitators and college faculty, c) maintaining a LMS curriculum repository for partner leaders, d) conducting annual meetings for educational partnership leaders, and e) uploading ten courses to the ATE Central repository for other instructors across the nation to adapt into their programs.&nbsp;</span></p> <p dir="ltr"><span>The following courses were uploaded to the ATE Central repository for dissemination:</span></p> <ul> <li dir="ltr"> <p dir="ltr"><span>Programmable Logic Controllers 1</span></p> </li> <li dir="ltr"> <p dir="ltr"><span>Electrical Motor Controls</span></p> </li> <li dir="ltr"> <p dir="ltr"><span>Basic Electrical Theory and Wiring</span></p> </li> <li dir="ltr"> <p dir="ltr"><span>Microcontrollers 1</span></p> </li> <li dir="ltr"> <p dir="ltr"><span>Microcontrollers 2</span></p> </li> <li dir="ltr"> <p dir="ltr"><span>Introduction to Industrial Robotics</span></p> </li> <li dir="ltr"> <p dir="ltr"><span>3D Modeling</span></p> </li> <li dir="ltr"> <p dir="ltr"><span>Electronics Assembly &amp; Soldering</span></p> </li> <li dir="ltr"> <p dir="ltr"><span>Fluid Power Pneumatics</span></p> </li> <li dir="ltr"> <p dir="ltr">Automation Technician Basics</p> </li> </ul> <p dir="ltr"><span>Through addressing our project goals over the life of the grant, Bridgerland Technical College has increased the quality, capacity, and especially the quantity of students heading into the Automated Manufacturing industry.&nbsp;</span></p> <p dir="ltr"><span>This project made a significant impact on the capacity and quality of advanced manufacturing technicians statewide by directly impacting high school and college students, Bridgerland Technical College, career and technical educators in the region, and our industry partners. The benefits to students were: (1) improved curriculum, (2) higher retention rates, (3) access to a pathway into a career into advanced manufacturing technologies, and (4) strong connections to local industry leaders. The benefits to the Bridgerland Technical College were: (1) improved curriculum, (2) new recruitment strategies, (3) enhanced tracking/retention, (4) advanced leadership development in project management/grant writing, and (5) a pathway for the college to become a regional training leader in advanced manufacturing. The benefits to regional career and technical institutions/teachers were: (1) low cost training materials, (2) curricular materials, (3) professional development, and (4) development of a regional community of practice. The benefits to industry partners were: (1) a growing number of students pursuing careers in automated manufacturing, and (2) a curriculum more reflective of industry needs.</span></p> <div><span><br /></span></div> <p>&nbsp;</p> <p>&nbsp;</p><br> <p>            Last Modified: 08/29/2022<br>      Modified by: Mason&nbsp;Lefler</p> </div> <div class="porSideCol"></div> </div>]]></DRECONTENT>
<POR_COPY_TXT><![CDATA[   In the Intermountain West, the demand for skilled technicians in advanced manufacturing has significantly increased. Manufacturing is the fourth largest employment sector in Utah and the largest sector in Northern Utah. Both large and small industries throughout the region continue to automate their facilities. Many manufacturers in the Intermountain West are having difficulty finding enough highly skilled technicians to fill available positions. There are also limited programs across the region who offer programs that can adequately educate and prepare enough future technicians for the workforce. To keep up with the industry demand, Bridgerland Technical College recognized the need to increase the quality, capacity, and especially the quantity of skilled technicians in the region. Increasing the pipeline of automated manufacturing and electronic engineering technicians became of utmost importance to the economic vitality of the Intermountain West.  To increase the pipeline of highly skilled technicians Bridgerland Technical College developed  curriculum, increased recruitment, increased retention, and disseminated professional development.  Curriculum Development - Over the life of the grant, Bridgerland focused on redesigning the existing lockstep-teacher-centered curriculum to make it both student-centered, hands-on, and competency-based. The existing curriculum had very few audio-visual demonstrations and ill-defined rubrics. Ten courses were redesigned to better meet the needs of teachers and students. We developed 81 audiovisual lectures, 209 project modeling videos, and 257 industry-centered rubrics throughout all ten courses. These developments allowed students to move at their own pace, review, and make up missed lecture work, and watch clear modeling for project-based labs. The redeveloped rubrics clearly outlined assignment expectations and helped students recognize how assignments foster the required skills they will need when they enter the workforce. Ultimately, this refined curriculum allowed Bridgerland Technical College to increase the number of students who could be taught simultaneously in advanced manufacturing programs.  Recruitment - Over the life of the grant, high school student participation increased by over 45% (over 200 students) through the following recruitment activities: a) maintaining and expanding our dual enrollment high school partnerships from 8 to 17, b) supporting over 12 high schools, colleges, and universities to adopt and adapt our program in their area, and c) creating two industry tour videos to be used in a marketing campaign and used as resources for high school counselors.  Retention - Over the life of the grant, we also increased retention by over 30% through the following retention activities such as: a) conducting annual industry tours of local manufacturers with high school students, counselors, and teachers and b) leveraging college student success coordinators to contact high school students to encourage conversion into the full-time program after graduation. Professional Development - Over the life of the grant, professional development activities included a) developing and sharing low-cost lab materials, b) conducting our annual two-week professional development for high school teacher facilitators and college faculty, c) maintaining a LMS curriculum repository for partner leaders, d) conducting annual meetings for educational partnership leaders, and e) uploading ten courses to the ATE Central repository for other instructors across the nation to adapt into their programs.  The following courses were uploaded to the ATE Central repository for dissemination:   Programmable Logic Controllers 1   Electrical Motor Controls   Basic Electrical Theory and Wiring   Microcontrollers 1   Microcontrollers 2   Introduction to Industrial Robotics   3D Modeling   Electronics Assembly &amp; Soldering   Fluid Power Pneumatics   Automation Technician Basics   Through addressing our project goals over the life of the grant, Bridgerland Technical College has increased the quality, capacity, and especially the quantity of students heading into the Automated Manufacturing industry.  This project made a significant impact on the capacity and quality of advanced manufacturing technicians statewide by directly impacting high school and college students, Bridgerland Technical College, career and technical educators in the region, and our industry partners. The benefits to students were: (1) improved curriculum, (2) higher retention rates, (3) access to a pathway into a career into advanced manufacturing technologies, and (4) strong connections to local industry leaders. The benefits to the Bridgerland Technical College were: (1) improved curriculum, (2) new recruitment strategies, (3) enhanced tracking/retention, (4) advanced leadership development in project management/grant writing, and (5) a pathway for the college to become a regional training leader in advanced manufacturing. The benefits to regional career and technical institutions/teachers were: (1) low cost training materials, (2) curricular materials, (3) professional development, and (4) development of a regional community of practice. The benefits to industry partners were: (1) a growing number of students pursuing careers in automated manufacturing, and (2) a curriculum more reflective of industry needs.               Last Modified: 08/29/2022       Submitted by: Mason Lefler]]></POR_COPY_TXT>
</POR>
</Award>
</rootTag>
