<?xml version="1.0" encoding="UTF-8"?>
<rootTag>
<Award>
<AwardTitle><![CDATA[SaTC: TTP: Medium: Collaborative: Securing the Software Supply Chain]]></AwardTitle>
<AGENCY>NSF</AGENCY>
<AwardEffectiveDate>07/01/2018</AwardEffectiveDate>
<AwardExpirationDate>06/30/2022</AwardExpirationDate>
<AwardTotalIntnAmount>465676.00</AwardTotalIntnAmount>
<AwardAmount>465676</AwardAmount>
<AwardInstrument>
<Value>Standard Grant</Value>
</AwardInstrument>
<Organization>
<Code>05050000</Code>
<Directorate>
<Abbreviation>CSE</Abbreviation>
<LongName>Direct For Computer &amp; Info Scie &amp; Enginr</LongName>
</Directorate>
<Division>
<Abbreviation>CNS</Abbreviation>
<LongName>Division Of Computer and Network Systems</LongName>
</Division>
</Organization>
<ProgramOfficer>
<SignBlockName>Rob Beverly</SignBlockName>
<PO_EMAI>rbeverly@nsf.gov</PO_EMAI>
<PO_PHON>7032927068</PO_PHON>
</ProgramOfficer>
<AbstractNarration><![CDATA[Making modern software involves tools such as a source code management system, a verify/build/package system, and a repository for distributing software and updates. The security of this software chain is dramatically overlooked today, as many recent incidents demonstrate. Existing defenses provide piecemeal solutions to individual problems and, when combined, do not provide end-to-end guarantees. &lt;br/&gt; &lt;br/&gt;This project seeks to transition into widespread practical use a system called "in-toto", which provides insights and end-to-end guarantees about the software supply chain. in-toto protects software from the moment it is written by a developer and ensures that the chain of trust can be followed all the way to the software that gets installed on user devices. In-toto generates cryptographically signed metadata for each step in the chain, and links together and carries these metadata throughout the entire chain.&lt;br/&gt; &lt;br/&gt;The salient positive impact comes from making the software development process transparent and publicly verifiable. in-toto provides a natural way to make the code review and testing practices publicly visible, thus incentivizing developers to follow safe software practices.  Through ongoing and future collaborations, in-toto is being integrated into several large software projects that will positively impact millions of computers.&lt;br/&gt;&lt;br/&gt;This award reflects NSF's statutory mission and has been deemed worthy of support through evaluation using the Foundation's intellectual merit and broader impacts review criteria.]]></AbstractNarration>
<MinAmdLetterDate>07/03/2018</MinAmdLetterDate>
<MaxAmdLetterDate>07/03/2018</MaxAmdLetterDate>
<ARRAAmount/>
<TRAN_TYPE>Grant</TRAN_TYPE>
<CFDA_NUM>47.070</CFDA_NUM>
<NSF_PAR_USE_FLAG>1</NSF_PAR_USE_FLAG>
<FUND_AGCY_CODE>4900</FUND_AGCY_CODE>
<AWDG_AGCY_CODE>4900</AWDG_AGCY_CODE>
<AwardID>1801430</AwardID>
<Investigator>
<FirstName>Reza</FirstName>
<LastName>Curtmola</LastName>
<PI_MID_INIT/>
<PI_SUFX_NAME/>
<PI_FULL_NAME>Reza Curtmola</PI_FULL_NAME>
<EmailAddress><![CDATA[crix@njit.edu]]></EmailAddress>
<NSF_ID>000520913</NSF_ID>
<StartDate>07/03/2018</StartDate>
<EndDate/>
<RoleCode>Principal Investigator</RoleCode>
</Investigator>
<Institution>
<Name><![CDATA[New Jersey Institute of Technology]]></Name>
<CityName>NEWARK</CityName>
<ZipCode>071021824</ZipCode>
<PhoneNumber>9735965275</PhoneNumber>
<StreetAddress><![CDATA[323 DR MARTIN LUTHER KING JR BLV]]></StreetAddress>
<StreetAddress2/>
<CountryName>United States</CountryName>
<StateName>New Jersey</StateName>
<StateCode>NJ</StateCode>
<CONGRESSDISTRICT>10</CONGRESSDISTRICT>
<CONGRESS_DISTRICT_ORG>NJ10</CONGRESS_DISTRICT_ORG>
<ORG_UEI_NUM>SGBMHQ7VXNH5</ORG_UEI_NUM>
<ORG_LGL_BUS_NAME>NEW JERSEY INSTITUTE OF TECHNOLOGY</ORG_LGL_BUS_NAME>
<ORG_PRNT_UEI_NUM/>
</Institution>
<Performance_Institution>
<Name><![CDATA[New Jersey Institute of Technology]]></Name>
<CityName>Newark</CityName>
<StateCode>NJ</StateCode>
<ZipCode>071021982</ZipCode>
<StreetAddress><![CDATA[University Heights]]></StreetAddress>
<CountryCode>US</CountryCode>
<CountryName>United States</CountryName>
<StateName>New Jersey</StateName>
<CountryFlag>1</CountryFlag>
<CONGRESSDISTRICT>10</CONGRESSDISTRICT>
<CONGRESS_DISTRICT_PERF>NJ10</CONGRESS_DISTRICT_PERF>
</Performance_Institution>
<ProgramElement>
<Code>8060</Code>
<Text>Secure &amp;Trustworthy Cyberspace</Text>
</ProgramElement>
<ProgramReference>
<Code>025Z</Code>
<Text>SaTC: Secure and Trustworthy Cyberspace</Text>
</ProgramReference>
<ProgramReference>
<Code>7434</Code>
<Text>CNCI</Text>
</ProgramReference>
<ProgramReference>
<Code>7924</Code>
<Text>MEDIUM PROJECT</Text>
</ProgramReference>
<ProgramReference>
<Code>9178</Code>
<Text>UNDERGRADUATE EDUCATION</Text>
</ProgramReference>
<ProgramReference>
<Code>9251</Code>
<Text>REU SUPP-Res Exp for Ugrd Supp</Text>
</ProgramReference>
<Appropriation>
<Code>0118</Code>
<Name>NSF RESEARCH &amp; RELATED ACTIVIT</Name>
<APP_SYMB_ID>040100</APP_SYMB_ID>
</Appropriation>
<Fund>
<Code>01001819DB</Code>
<Name><![CDATA[NSF RESEARCH & RELATED ACTIVIT]]></Name>
<FUND_SYMB_ID>040100</FUND_SYMB_ID>
</Fund>
<FUND_OBLG>2018~465676</FUND_OBLG>
<POR>
<DRECONTENT><![CDATA[<div class="porColContainerWBG"> <div class="porContentCol"><p><span id="docs-internal-guid-4cf7b3d6-7fff-81c8-76a7-e4e9b4f06f17"> <span id="docs-internal-guid-4cf7b3d6-7fff-81c8-76a7-e4e9b4f06f17"> </span></span></p> <p dir="ltr"><span>The main goal of this project is to transition a system, in-toto, that provides end-to-end guarantees about the software supply chain into widespread practical use. in-toto protects software from the moment it is written by a developer and ensures that the chain of trust can be followed all the way to the software that gets installed on user devices. in-toto generates cryptographically signed metadata for each step in the chain, and links together and carries these metadata throughout the entire chain. in-toto attests to the integrity and verifiability of all the actions performed while writing code, compiling, testing, and deploying software. It does so by making it transparent to the user what steps were performed, by whom and in what order. As a result, given guidance by the group creating the software, in-toto allows the end user to verify if a step in the supply chain was intended to be performed, if the step was performed by the right actor, and attests that inputs to steps (e.g., source code) were not tampered with between steps. Furthermore, in-toto provides a natural way to make the code review and testing practices publicly visible, which incentivizes developers to follow safe software development practices.</span></p> <p dir="ltr"><span>&nbsp;</span>In addition, we have improved the security of popular tools throughout the software supply chain. The goal of this effort is twofold. First, we aim to resolve security issues in their design to improve the security of all users, whether they use in-toto or not. Second, we have leveraged these interactions to further the in-toto adoption across a wider array of projects.</p> <p dir="ltr"><span>The outcomes of this project are:</span></p> <p dir="ltr"><strong>1) Through integration into several large software projects / companies and outreach efforts, in-toto has improved the security of millions of users:</strong></p> <ul> <li><span id="docs-internal-guid-4cf7b3d6-7fff-81c8-76a7-e4e9b4f06f17"><span id="docs-internal-guid-4cf7b3d6-7fff-81c8-76a7-e4e9b4f06f17">in-toto has been integrated into several large-scale software projects, including: Debian Linux, Arch Linux, Datadog, ControlPlane, Grafeas, Microsoft, SPDX, SPIRE, Claire, Sigstore, SolarWinds, Jenkins, Kubesec, and Reproducible Builds.</span></span></li> <li><span id="docs-internal-guid-4cf7b3d6-7fff-81c8-76a7-e4e9b4f06f17"><span id="docs-internal-guid-4cf7b3d6-7fff-81c8-76a7-e4e9b4f06f17">in-toto was adopted as a Linux Foundation project (under Cloud Native Computing Foundation). As of March 2022, in-toto has moved to the ?incubation? maturity level.</span></span></li> <li><span id="docs-internal-guid-4cf7b3d6-7fff-81c8-76a7-e4e9b4f06f17"><span id="docs-internal-guid-4cf7b3d6-7fff-81c8-76a7-e4e9b4f06f17">in-toto has a stable and growing community. There is an in-toto community meeting held on a monthly basis, with participants from industry, open source community, and academia, including Google, Intel, VMWare, MITRE, Datadog, Arch Linux, SPDX, and SolarWinds.</span></span></li> <li><span id="docs-internal-guid-4cf7b3d6-7fff-81c8-76a7-e4e9b4f06f17"><span id="docs-internal-guid-4cf7b3d6-7fff-81c8-76a7-e4e9b4f06f17">As part of our outreach efforts, we targeted relevant software development communities through presentations at large events such as DockerCon, KubeCon, KubeCon Europe, DebianConf, CloudNativeCon Europe, and the academic community through presentations at top security conferences (USENIX Security Symposium).</span></span></li> <li><span id="docs-internal-guid-4cf7b3d6-7fff-81c8-76a7-e4e9b4f06f17"><span id="docs-internal-guid-4cf7b3d6-7fff-81c8-76a7-e4e9b4f06f17">Following the unraveling of the SolarWinds attack in December 2020, we have actively engaged in outreach efforts to media, industry and government to bring the in-toto project in focus as a potential framework to strengthen software supply chain security. For example, in-toto was mentioned in Microsoft?s president Brad Smith testimony to the U.S. Congress (Feb 26, 2021). As a result of our continuous outreach efforts, in-toto is on the radar of several government and standardization bodies.</span></span></li> <li><span id="docs-internal-guid-4cf7b3d6-7fff-81c8-76a7-e4e9b4f06f17"><span id="docs-internal-guid-4cf7b3d6-7fff-81c8-76a7-e4e9b4f06f17">The project website is hosted at: <a href="https://in-toto.io/">https://in-toto.io/</a></span></span></li> </ul> <p dir="ltr"><strong>2) Improving the security of web-based Git repositories:</strong></p> <p dir="ltr"><span>We have shown a range of high-impact attacks that can be executed stealthily when developers use the webUI of popular Git hosting services such as GitHub and GitLab. To address these, we have proposed le-git-imate, a defense against these attacks which provides security guarantees comparable and compatible with Git?s standard commit signing mechanism. This enables users to take advantage of GitHub/GitLab?s web-based features without sacrificing security, thus paving the way towards verifiable web-based Git repositories.</span></p> <p dir="ltr"><strong>3) Improving the security of code review systems:</strong></p> <p dir="ltr"><span>Code review systems are an important and necessary component in any software development chain.Unfortunately, their security is under-studied and under-developed. We show several high-impact attacks that can be executed stealthily when developers use the web UI of code review systems such as GitHub and Gerrit. To address these, we have proposed SafeReview, a mechanism that adds verifiability to web-based code review systems. With SafeReview in place, auditors can validate the integrity of the code review process.</span></p> <p dir="ltr"><strong>4) Improving the security of centralized version control systems:</strong></p> <p dir="ltr"><span>We have designed the first commit signing mechanism for centralized version control systems (VCS-es), which supports features such as working with a subset of the repository and allowing clients to work on disjoint sets of files without having to retrieve each other?s changes. We have implemented a prototype for the proposed commitsigning mechanism on top of the SVN codebase and show experimentally that it only incurs a modest overhead. With our solution in place, the security model of VCS-es such as the well-known Apache Subversion (SVN) is substantially improved.</span></p> <p>&nbsp;</p><br> <p>            Last Modified: 08/07/2022<br>      Modified by: Reza&nbsp;Curtmola</p> </div> <div class="porSideCol"></div> </div>]]></DRECONTENT>
<POR_COPY_TXT><![CDATA[    The main goal of this project is to transition a system, in-toto, that provides end-to-end guarantees about the software supply chain into widespread practical use. in-toto protects software from the moment it is written by a developer and ensures that the chain of trust can be followed all the way to the software that gets installed on user devices. in-toto generates cryptographically signed metadata for each step in the chain, and links together and carries these metadata throughout the entire chain. in-toto attests to the integrity and verifiability of all the actions performed while writing code, compiling, testing, and deploying software. It does so by making it transparent to the user what steps were performed, by whom and in what order. As a result, given guidance by the group creating the software, in-toto allows the end user to verify if a step in the supply chain was intended to be performed, if the step was performed by the right actor, and attests that inputs to steps (e.g., source code) were not tampered with between steps. Furthermore, in-toto provides a natural way to make the code review and testing practices publicly visible, which incentivizes developers to follow safe software development practices.  In addition, we have improved the security of popular tools throughout the software supply chain. The goal of this effort is twofold. First, we aim to resolve security issues in their design to improve the security of all users, whether they use in-toto or not. Second, we have leveraged these interactions to further the in-toto adoption across a wider array of projects. The outcomes of this project are: 1) Through integration into several large software projects / companies and outreach efforts, in-toto has improved the security of millions of users:  in-toto has been integrated into several large-scale software projects, including: Debian Linux, Arch Linux, Datadog, ControlPlane, Grafeas, Microsoft, SPDX, SPIRE, Claire, Sigstore, SolarWinds, Jenkins, Kubesec, and Reproducible Builds. in-toto was adopted as a Linux Foundation project (under Cloud Native Computing Foundation). As of March 2022, in-toto has moved to the ?incubation? maturity level. in-toto has a stable and growing community. There is an in-toto community meeting held on a monthly basis, with participants from industry, open source community, and academia, including Google, Intel, VMWare, MITRE, Datadog, Arch Linux, SPDX, and SolarWinds. As part of our outreach efforts, we targeted relevant software development communities through presentations at large events such as DockerCon, KubeCon, KubeCon Europe, DebianConf, CloudNativeCon Europe, and the academic community through presentations at top security conferences (USENIX Security Symposium). Following the unraveling of the SolarWinds attack in December 2020, we have actively engaged in outreach efforts to media, industry and government to bring the in-toto project in focus as a potential framework to strengthen software supply chain security. For example, in-toto was mentioned in Microsoft?s president Brad Smith testimony to the U.S. Congress (Feb 26, 2021). As a result of our continuous outreach efforts, in-toto is on the radar of several government and standardization bodies. The project website is hosted at: https://in-toto.io/  2) Improving the security of web-based Git repositories: We have shown a range of high-impact attacks that can be executed stealthily when developers use the webUI of popular Git hosting services such as GitHub and GitLab. To address these, we have proposed le-git-imate, a defense against these attacks which provides security guarantees comparable and compatible with Git?s standard commit signing mechanism. This enables users to take advantage of GitHub/GitLab?s web-based features without sacrificing security, thus paving the way towards verifiable web-based Git repositories. 3) Improving the security of code review systems: Code review systems are an important and necessary component in any software development chain.Unfortunately, their security is under-studied and under-developed. We show several high-impact attacks that can be executed stealthily when developers use the web UI of code review systems such as GitHub and Gerrit. To address these, we have proposed SafeReview, a mechanism that adds verifiability to web-based code review systems. With SafeReview in place, auditors can validate the integrity of the code review process. 4) Improving the security of centralized version control systems: We have designed the first commit signing mechanism for centralized version control systems (VCS-es), which supports features such as working with a subset of the repository and allowing clients to work on disjoint sets of files without having to retrieve each other?s changes. We have implemented a prototype for the proposed commitsigning mechanism on top of the SVN codebase and show experimentally that it only incurs a modest overhead. With our solution in place, the security model of VCS-es such as the well-known Apache Subversion (SVN) is substantially improved.          Last Modified: 08/07/2022       Submitted by: Reza Curtmola]]></POR_COPY_TXT>
</POR>
</Award>
</rootTag>
