<?xml version="1.0" encoding="UTF-8"?>
<rootTag>
<Award>
<AwardTitle><![CDATA[I-Corps: Optimization Algorithms for Mapping]]></AwardTitle>
<AGENCY>NSF</AGENCY>
<AwardEffectiveDate>01/01/2018</AwardEffectiveDate>
<AwardExpirationDate>06/30/2018</AwardExpirationDate>
<AwardTotalIntnAmount>50000.00</AwardTotalIntnAmount>
<AwardAmount>50000</AwardAmount>
<AwardInstrument>
<Value>Standard Grant</Value>
</AwardInstrument>
<Organization>
<Code>15030000</Code>
<Directorate>
<Abbreviation>TIP</Abbreviation>
<LongName>Dir for Tech, Innovation, &amp; Partnerships</LongName>
</Directorate>
<Division>
<Abbreviation>TI</Abbreviation>
<LongName>Translational Impacts</LongName>
</Division>
</Organization>
<ProgramOfficer>
<SignBlockName>Pamela McCauley</SignBlockName>
<PO_EMAI/>
<PO_PHON/>
</ProgramOfficer>
<AbstractNarration><![CDATA[The broader impact/commercial potential of this I-Corps project is to provide organizations with easy access to efficient logistical planning. The project  will potentially assist emerging businesses and other organizations by providing optimization services in road maps such as finding delivery routes, selecting locations for new facilities, and selecting routes for cables or pipes.  This allows organizations facing such problems to focus on their core mission and outsource the optimization.  This project will enable such organizations to provide better service at lower cost.&lt;br/&gt;&lt;br/&gt;This I-Corps project draws on substantial research aimed at developing of efficient algorithms for finding optimal and near-optimal solutions to optimization problems in planar networks, networks that can be drawn on a flat surface.  Since road maps are mostly planar, these algorithms can be adapted to work on road maps.   The project builds on an implementation of the underlying algorithmic methods.  The implementation can very quickly find high-quality solutions even for very large networks.  The project will explore the commercialization of algorithmic techniques in real-world contexts, and suggest new optimization problems requiring further research.]]></AbstractNarration>
<MinAmdLetterDate>12/04/2017</MinAmdLetterDate>
<MaxAmdLetterDate>12/04/2017</MaxAmdLetterDate>
<ARRAAmount/>
<TRAN_TYPE>Grant</TRAN_TYPE>
<CFDA_NUM>47.041</CFDA_NUM>
<NSF_PAR_USE_FLAG>1</NSF_PAR_USE_FLAG>
<FUND_AGCY_CODE>4900</FUND_AGCY_CODE>
<AWDG_AGCY_CODE>4900</AWDG_AGCY_CODE>
<AwardID>1801106</AwardID>
<Investigator>
<FirstName>Philip</FirstName>
<LastName>Klein</LastName>
<PI_MID_INIT>N</PI_MID_INIT>
<PI_SUFX_NAME/>
<PI_FULL_NAME>Philip N Klein</PI_FULL_NAME>
<EmailAddress><![CDATA[klein@brown.edu]]></EmailAddress>
<NSF_ID>000471803</NSF_ID>
<StartDate>12/04/2017</StartDate>
<EndDate/>
<RoleCode>Principal Investigator</RoleCode>
</Investigator>
<Institution>
<Name><![CDATA[Brown University]]></Name>
<CityName>PROVIDENCE</CityName>
<ZipCode>029129100</ZipCode>
<PhoneNumber>4018632777</PhoneNumber>
<StreetAddress><![CDATA[1 PROSPECT ST]]></StreetAddress>
<StreetAddress2/>
<CountryName>United States</CountryName>
<StateName>Rhode Island</StateName>
<StateCode>RI</StateCode>
<CONGRESSDISTRICT>01</CONGRESSDISTRICT>
<CONGRESS_DISTRICT_ORG>RI01</CONGRESS_DISTRICT_ORG>
<ORG_UEI_NUM>E3FDXZ6TBHW3</ORG_UEI_NUM>
<ORG_LGL_BUS_NAME>BROWN UNIVERSITY</ORG_LGL_BUS_NAME>
<ORG_PRNT_UEI_NUM/>
</Institution>
<Performance_Institution>
<Name><![CDATA[Brown University, Computer Science Dept.]]></Name>
<CityName>Providence</CityName>
<StateCode>RI</StateCode>
<ZipCode>029129002</ZipCode>
<StreetAddress><![CDATA[115 Waterman Street]]></StreetAddress>
<CountryCode>US</CountryCode>
<CountryName>United States</CountryName>
<StateName>Rhode Island</StateName>
<CountryFlag>1</CountryFlag>
<CONGRESSDISTRICT>01</CONGRESSDISTRICT>
<CONGRESS_DISTRICT_PERF>RI01</CONGRESS_DISTRICT_PERF>
</Performance_Institution>
<ProgramElement>
<Code>8023</Code>
<Text>I-Corps</Text>
</ProgramElement>
<ProgramReference>
<Code>9150</Code>
<Text>EXP PROG TO STIM COMP RES</Text>
</ProgramReference>
<Appropriation>
<Code>0118</Code>
<Name>NSF RESEARCH &amp; RELATED ACTIVIT</Name>
<APP_SYMB_ID>040100</APP_SYMB_ID>
</Appropriation>
<Fund>
<Code>01001819DB</Code>
<Name><![CDATA[NSF RESEARCH & RELATED ACTIVIT]]></Name>
<FUND_SYMB_ID>040100</FUND_SYMB_ID>
</Fund>
<FUND_OBLG>2018~50000</FUND_OBLG>
<POR>
<DRECONTENT><![CDATA[<div class="porColContainerWBG"> <div class="porContentCol"><p>The goal of this project was to receive training in start-up methodology and explore commercialization of technology arising out of past NSF-sponsored research.&nbsp; This technology enables fast computation of high-quality solutions to optimization problems in road maps, e.g. vehicle routing and facility location.&nbsp; In vehicle routing, one is given a set of delivery locations, and one must partition these locations among a fleet of vehicles while respecting limits such as vehicle capacities.&nbsp; In facility location, one is given locations of clients, and one must select locations for facilities so that each client is sufficienty close to a selected facility location.&nbsp;&nbsp;<br />The I-Corps training consisted of an intensive on-site workshop together with weekly webinars.&nbsp; As part of the process, the team conducted interviews with potential customers and other potential users of the technology. The training and interviewing were extremely helpful and beneficial.&nbsp; We found that last-mile delivery optimization is growing in importance as more retail customers come to expect deliveries. However, the training led to a conclusion that the technology had not yet been developed to a sufficient degree to allow the evaluation of its potential for commercialization.&nbsp; The team's participation in the project was terminated early and the unspent funds returned.&nbsp; &nbsp; &nbsp;&nbsp;</p><br> <p>            Last Modified: 11/23/2018<br>      Modified by: Philip&nbsp;N&nbsp;Klein</p> </div> <div class="porSideCol"></div> </div>]]></DRECONTENT>
<POR_COPY_TXT><![CDATA[ The goal of this project was to receive training in start-up methodology and explore commercialization of technology arising out of past NSF-sponsored research.  This technology enables fast computation of high-quality solutions to optimization problems in road maps, e.g. vehicle routing and facility location.  In vehicle routing, one is given a set of delivery locations, and one must partition these locations among a fleet of vehicles while respecting limits such as vehicle capacities.  In facility location, one is given locations of clients, and one must select locations for facilities so that each client is sufficienty close to a selected facility location.   The I-Corps training consisted of an intensive on-site workshop together with weekly webinars.  As part of the process, the team conducted interviews with potential customers and other potential users of the technology. The training and interviewing were extremely helpful and beneficial.  We found that last-mile delivery optimization is growing in importance as more retail customers come to expect deliveries. However, the training led to a conclusion that the technology had not yet been developed to a sufficient degree to allow the evaluation of its potential for commercialization.  The team's participation in the project was terminated early and the unspent funds returned.             Last Modified: 11/23/2018       Submitted by: Philip N Klein]]></POR_COPY_TXT>
</POR>
</Award>
</rootTag>
