<?xml version="1.0" encoding="UTF-8"?>
<rootTag>
<Award>
<AwardTitle><![CDATA[Nanostructured 2D-transition metal dichalcogenides]]></AwardTitle>
<AGENCY>NSF</AGENCY>
<AwardEffectiveDate>09/01/2018</AwardEffectiveDate>
<AwardExpirationDate>08/31/2021</AwardExpirationDate>
<AwardTotalIntnAmount>404175.00</AwardTotalIntnAmount>
<AwardAmount>404175</AwardAmount>
<AwardInstrument>
<Value>Standard Grant</Value>
</AwardInstrument>
<Organization>
<Code>03090000</Code>
<Directorate>
<Abbreviation>MPS</Abbreviation>
<LongName>Direct For Mathematical &amp; Physical Scien</LongName>
</Directorate>
<Division>
<Abbreviation>CHE</Abbreviation>
<LongName>Division Of Chemistry</LongName>
</Division>
</Organization>
<ProgramOfficer>
<SignBlockName>Suk-Wah Tam-Chang</SignBlockName>
<PO_EMAI>stamchan@nsf.gov</PO_EMAI>
<PO_PHON>7032928684</PO_PHON>
</ProgramOfficer>
<AbstractNarration><![CDATA[Two-dimensional (2D) materials are those that extend in one plane like a piece of paper, but are only a single molecular layer thick. Thus, essentially all atoms in a 2D material are located at the surface and interact with their environment. This ability to form reactive surfaces makes 2D materials interesting for promoting chemical reactions, such as those driven by electricity or light, processes known as electro- or photocatalysis, respectively. In perfect 2D materials, the lack of broken bonds at the surface of the single molecular layers often makes them quite chemically inert. Useful chemical functionalities arise from crystal imperfections that are challenging to create in a reliable and controlled manner. In this project, Professor Matthias Batzill and his group at the University of South Florida are designing 2D materials with atomic-scale crystal modifications. The researchers then correlate the structural and electronic properties of the 2D materials with their chemical functionalities. Their research may lead to novel concepts for making novel or improved multicomponent 2D materials for electrocatalysis. The research in this project is strongly interdisciplinary and teaches students chemistry concepts that prepare them for jobs in industry or academia. Moreover, this project strengthens international collaborations and encourages students to gain international research experience by fostering student exchanges with collaborating institutions abroad.  Students will collaborate with the University of Electronic Science and Technology of China (UESTC) as well as at Elettra and Soleil synchrotrons in Italy and France, respectively. &lt;br/&gt; &lt;br/&gt;With funding from the Macromolecular, Supramolecular and Nanochemistry (MSN) Program of the Chemistry Division, multi-component and nanostructured transition metal dichalcogenides (TMDCs) are investigated to determine fundamental principles for the creation of catalytically active sites in these materials. Molecular beam epitaxy (MBE) is employed to synthesize model systems with well-defined crystal modifications. Regulating growth conditions in MBE enables control over edge density, composition, and phase boundaries, as well as intrinsic and extrinsic defects. The structure, defects, and interfaces are characterized with atomic resolution by scanning tunneling microscopy and spectroscopy. Photoemission gives additional insight into electronic states and band alignments that promote charge transfer processes. These structural and electronic properties of nanostructured TMDCs are correlated to chemical properties by a combination of vacuum characterization of adsorption and reaction of probe molecules, as well as photocatalytic and electrocatalytic investigations under realistic reaction conditions.&lt;br/&gt;&lt;br/&gt;This award reflects NSF's statutory mission and has been deemed worthy of support through evaluation using the Foundation's intellectual merit and broader impacts review criteria.]]></AbstractNarration>
<MinAmdLetterDate>07/27/2018</MinAmdLetterDate>
<MaxAmdLetterDate>07/27/2018</MaxAmdLetterDate>
<ARRAAmount/>
<TRAN_TYPE>Grant</TRAN_TYPE>
<CFDA_NUM>47.049</CFDA_NUM>
<NSF_PAR_USE_FLAG>1</NSF_PAR_USE_FLAG>
<FUND_AGCY_CODE>4900</FUND_AGCY_CODE>
<AWDG_AGCY_CODE>4900</AWDG_AGCY_CODE>
<AwardID>1801199</AwardID>
<Investigator>
<FirstName>Matthias</FirstName>
<LastName>Batzill</LastName>
<PI_MID_INIT>M</PI_MID_INIT>
<PI_SUFX_NAME/>
<PI_FULL_NAME>Matthias M Batzill</PI_FULL_NAME>
<EmailAddress><![CDATA[mbatzill@cas.usf.edu]]></EmailAddress>
<NSF_ID>000489214</NSF_ID>
<StartDate>07/27/2018</StartDate>
<EndDate/>
<RoleCode>Principal Investigator</RoleCode>
</Investigator>
<Institution>
<Name><![CDATA[University of South Florida]]></Name>
<CityName>TAMPA</CityName>
<ZipCode>336205800</ZipCode>
<PhoneNumber>8139742897</PhoneNumber>
<StreetAddress><![CDATA[4202 E FOWLER AVE]]></StreetAddress>
<StreetAddress2/>
<CountryName>United States</CountryName>
<StateName>Florida</StateName>
<StateCode>FL</StateCode>
<CONGRESSDISTRICT>15</CONGRESSDISTRICT>
<CONGRESS_DISTRICT_ORG>FL15</CONGRESS_DISTRICT_ORG>
<ORG_UEI_NUM>NKAZLXLL7Z91</ORG_UEI_NUM>
<ORG_LGL_BUS_NAME>UNIVERSITY OF SOUTH FLORIDA</ORG_LGL_BUS_NAME>
<ORG_PRNT_UEI_NUM/>
</Institution>
<Performance_Institution>
<Name><![CDATA[University of South Florida]]></Name>
<CityName/>
<StateCode>FL</StateCode>
<ZipCode>336205700</ZipCode>
<StreetAddress/>
<CountryCode>US</CountryCode>
<CountryName>United States</CountryName>
<StateName>Florida</StateName>
<CountryFlag>1</CountryFlag>
<CONGRESSDISTRICT>15</CONGRESSDISTRICT>
<CONGRESS_DISTRICT_PERF>FL15</CONGRESS_DISTRICT_PERF>
</Performance_Institution>
<ProgramElement>
<Code>6885</Code>
<Text>Macromolec/Supramolec/Nano</Text>
</ProgramElement>
<ProgramReference>
<Code>7237</Code>
<Text>NANO NON-SOLIC SCI &amp; ENG AWD</Text>
</ProgramReference>
<ProgramReference>
<Code>8396</Code>
<Text>Clean Energy Technology</Text>
</ProgramReference>
<ProgramReference>
<Code>8399</Code>
<Text>Energy Storage or Transmission</Text>
</ProgramReference>
<Appropriation>
<Code>0118</Code>
<Name>NSF RESEARCH &amp; RELATED ACTIVIT</Name>
<APP_SYMB_ID>040100</APP_SYMB_ID>
</Appropriation>
<Fund>
<Code>01001819DB</Code>
<Name><![CDATA[NSF RESEARCH & RELATED ACTIVIT]]></Name>
<FUND_SYMB_ID>040100</FUND_SYMB_ID>
</Fund>
<FUND_OBLG>2018~404175</FUND_OBLG>
<POR>
<DRECONTENT><![CDATA[<div class="porColContainerWBG"> <div class="porContentCol"><p>Layered materials are characterized by strong covalent bonding in a two-dimensional plane and only very weak interactions between the planes. This allows for an easy exfoliation of these materials in molecularly thin sheets. Such ultrathin materials also make them potentially interesting for applications in heterogeneous- or electro- catalysis, where reactions occur at materials surfaces. The fact that almost all atoms in 2D sheets are located at the surface points to a very high utilization of atoms for surface reactions, which is particularly important in the use of expensive noble metals, like platinum. However, while these 2D sheets expose a high fraction of their atoms at the surface, the structural stability that allows to form these extended sheets also often make them not highly chemically active materials. Therefore, these 2D sheets need to be modified to induce chemically active sites within their planes. In this project we investigated atomic-scale modifications in view of their potential for enhancing chemical functionality. Exfoliation of 2D sheets from bulk materials usually result in high quality defect-free materials and thus this may not enable to study a controlled modification of these materials. Thus, instead we pursued a more complex bottom-up direct growth method that enabled us to synthesize these materials with defined number of layers and to induce intrinsic and extrinsic defects. In addition, the synthesis method also enabled a detailed atomic scale characterization of the physical- and chemical adsorption- properties by scanning probe microscopy. Our studies revealed new modification pathways for molybdenum dichalcogenides, a central material in the field of 2D sheets. We demonstrated that pristine surfaces can be modified with metallic line defects by incorporating excess molybdenum into the lattice. These modified surfaces also exhibit higher electrochemical activity in hydrogen evolution reaction compared to defect free surfaces. Atomic scale characterization combined with theoretical analysis indicate that hydrogen atoms adsorb stronger on these metallic line defects, potentially contributing to higher activities. Other studies focused on utilizing interlayer interactions between 2D sheets to modify their electronic properties. The transitioning from a metal to a semiconductor was measured for Pt-dichalcogenides when reduced from multilayers to a single layer. Such strong variation in the electronic properties is expected to also affect the chemical functionalities. Further work on introduction of impurity dopants into the crystal structure of 2D sheets in order to induce active sites have revealed potential for complex defect formation and variation of properties depending on the thermal treatment of the material. This points towards delicate balance between the processing conditions and the obtained functionalities in this material.</p> <p>This project provided training for two graduate students who successfully defended their PhD. One student went on to become a research engineer in industry while the other student was hired on a tenure track faculty line. Also, the project fostered international collaborations, which allowed graduate students to gain international research experience by conducting research in Europe. The project also established new collaborations with scientists in Italy and Germany, where the latter resulted in a new joint Germany-USA project that will enable continuation and expansion on some of the themes studied in this project.</p> <p>&nbsp;</p><br> <p>            Last Modified: 09/02/2021<br>      Modified by: Matthias&nbsp;M&nbsp;Batzill</p> </div> <div class="porSideCol"></div> </div>]]></DRECONTENT>
<POR_COPY_TXT><![CDATA[ Layered materials are characterized by strong covalent bonding in a two-dimensional plane and only very weak interactions between the planes. This allows for an easy exfoliation of these materials in molecularly thin sheets. Such ultrathin materials also make them potentially interesting for applications in heterogeneous- or electro- catalysis, where reactions occur at materials surfaces. The fact that almost all atoms in 2D sheets are located at the surface points to a very high utilization of atoms for surface reactions, which is particularly important in the use of expensive noble metals, like platinum. However, while these 2D sheets expose a high fraction of their atoms at the surface, the structural stability that allows to form these extended sheets also often make them not highly chemically active materials. Therefore, these 2D sheets need to be modified to induce chemically active sites within their planes. In this project we investigated atomic-scale modifications in view of their potential for enhancing chemical functionality. Exfoliation of 2D sheets from bulk materials usually result in high quality defect-free materials and thus this may not enable to study a controlled modification of these materials. Thus, instead we pursued a more complex bottom-up direct growth method that enabled us to synthesize these materials with defined number of layers and to induce intrinsic and extrinsic defects. In addition, the synthesis method also enabled a detailed atomic scale characterization of the physical- and chemical adsorption- properties by scanning probe microscopy. Our studies revealed new modification pathways for molybdenum dichalcogenides, a central material in the field of 2D sheets. We demonstrated that pristine surfaces can be modified with metallic line defects by incorporating excess molybdenum into the lattice. These modified surfaces also exhibit higher electrochemical activity in hydrogen evolution reaction compared to defect free surfaces. Atomic scale characterization combined with theoretical analysis indicate that hydrogen atoms adsorb stronger on these metallic line defects, potentially contributing to higher activities. Other studies focused on utilizing interlayer interactions between 2D sheets to modify their electronic properties. The transitioning from a metal to a semiconductor was measured for Pt-dichalcogenides when reduced from multilayers to a single layer. Such strong variation in the electronic properties is expected to also affect the chemical functionalities. Further work on introduction of impurity dopants into the crystal structure of 2D sheets in order to induce active sites have revealed potential for complex defect formation and variation of properties depending on the thermal treatment of the material. This points towards delicate balance between the processing conditions and the obtained functionalities in this material.  This project provided training for two graduate students who successfully defended their PhD. One student went on to become a research engineer in industry while the other student was hired on a tenure track faculty line. Also, the project fostered international collaborations, which allowed graduate students to gain international research experience by conducting research in Europe. The project also established new collaborations with scientists in Italy and Germany, where the latter resulted in a new joint Germany-USA project that will enable continuation and expansion on some of the themes studied in this project.          Last Modified: 09/02/2021       Submitted by: Matthias M Batzill]]></POR_COPY_TXT>
</POR>
</Award>
</rootTag>
