<?xml version="1.0" encoding="UTF-8"?>
<rootTag>
<Award>
<AwardTitle><![CDATA[SaTC: CORE: Medium: Collaborative: Presentation-attack-robust biometrics systems via computational imaging of physiology and materials]]></AwardTitle>
<AGENCY>NSF</AGENCY>
<AwardEffectiveDate>10/01/2018</AwardEffectiveDate>
<AwardExpirationDate>09/30/2022</AwardExpirationDate>
<AwardTotalIntnAmount>270450.00</AwardTotalIntnAmount>
<AwardAmount>318450</AwardAmount>
<AwardInstrument>
<Value>Standard Grant</Value>
</AwardInstrument>
<Organization>
<Code>05050000</Code>
<Directorate>
<Abbreviation>CSE</Abbreviation>
<LongName>Direct For Computer &amp; Info Scie &amp; Enginr</LongName>
</Directorate>
<Division>
<Abbreviation>CNS</Abbreviation>
<LongName>Division Of Computer and Network Systems</LongName>
</Division>
</Organization>
<ProgramOfficer>
<SignBlockName>Jeremy Epstein</SignBlockName>
<PO_EMAI>jepstein@nsf.gov</PO_EMAI>
<PO_PHON>7032928338</PO_PHON>
</ProgramOfficer>
<AbstractNarration><![CDATA[Many physical characteristics, such as face, fingerprints, and iris as well as behavioral characteristics such as voice, gait, and keystroke dynamics, are believed to be unique to an individual. Hence, biometric analysis offers a reliable solution to the problem of identity verification. It is now widely acknowledged that biometric systems are vulnerable to manipulation where the true biometric is falsified using various attack strategies; such attacks are referred to as Presentation Attacks (PAs). This project develops computational imaging-based methods for detecting known and unknown PAs for face and iris biometric systems.&lt;br/&gt;&lt;br/&gt;While biometrics has been an active field of research for more than three decades, the design of biometric systems that are robust to a diverse set of known and unknown PAs is still in its infancy. This project seeks to build biometric systems that integrate computational imaging sensors for acquiring physiological, spectral, and material properties with the goal of detecting and mitigating the effects of known and unknown PA attacks. Specifically, as part of the project novel computational cameras will be built that augment traditional sensors used for face and iris recognition by adding subsystems that measure changes in a subject's physiology including vital signs, blood perfusion, voluntary and involuntary responses to external stimuli as well as composition as measured in scattering, reflectance and spectral profiles. The rich signatures sensed by these computational cameras is expected to provide a robust characterization of the true biometric and its variations while providing high discriminability to commonly used PAs. Further, by virtue of outlier detection and open-set modeling, this project develops a highly flexible approach for detecting previously unseen PAs.&lt;br/&gt;&lt;br/&gt;This award reflects NSF's statutory mission and has been deemed worthy of support through evaluation using the Foundation's intellectual merit and broader impacts review criteria.]]></AbstractNarration>
<MinAmdLetterDate>09/06/2018</MinAmdLetterDate>
<MaxAmdLetterDate>05/19/2021</MaxAmdLetterDate>
<ARRAAmount/>
<TRAN_TYPE>Grant</TRAN_TYPE>
<CFDA_NUM>47.070</CFDA_NUM>
<NSF_PAR_USE_FLAG>1</NSF_PAR_USE_FLAG>
<FUND_AGCY_CODE>4900</FUND_AGCY_CODE>
<AWDG_AGCY_CODE>4900</AWDG_AGCY_CODE>
<AwardID>1801372</AwardID>
<Investigator>
<FirstName>Ashok</FirstName>
<LastName>Veeraraghavan</LastName>
<PI_MID_INIT/>
<PI_SUFX_NAME/>
<PI_FULL_NAME>Ashok Veeraraghavan</PI_FULL_NAME>
<EmailAddress><![CDATA[Ashok.Veeraraghavan@gmail.com]]></EmailAddress>
<NSF_ID>000583333</NSF_ID>
<StartDate>09/06/2018</StartDate>
<EndDate/>
<RoleCode>Principal Investigator</RoleCode>
</Investigator>
<Institution>
<Name><![CDATA[William Marsh Rice University]]></Name>
<CityName>Houston</CityName>
<ZipCode>770051827</ZipCode>
<PhoneNumber>7133484820</PhoneNumber>
<StreetAddress><![CDATA[6100 MAIN ST]]></StreetAddress>
<StreetAddress2/>
<CountryName>United States</CountryName>
<StateName>Texas</StateName>
<StateCode>TX</StateCode>
<CONGRESSDISTRICT>09</CONGRESSDISTRICT>
<CONGRESS_DISTRICT_ORG>TX09</CONGRESS_DISTRICT_ORG>
<ORG_UEI_NUM>K51LECU1G8N3</ORG_UEI_NUM>
<ORG_LGL_BUS_NAME>WILLIAM MARSH RICE UNIVERSITY</ORG_LGL_BUS_NAME>
<ORG_PRNT_UEI_NUM/>
</Institution>
<Performance_Institution>
<Name><![CDATA[William Marsh Rice University]]></Name>
<CityName>HOUSTON</CityName>
<StateCode>TX</StateCode>
<ZipCode>770051827</ZipCode>
<StreetAddress><![CDATA[6100 Main St.]]></StreetAddress>
<CountryCode>US</CountryCode>
<CountryName>United States</CountryName>
<StateName>Texas</StateName>
<CountryFlag>1</CountryFlag>
<CONGRESSDISTRICT>09</CONGRESSDISTRICT>
<CONGRESS_DISTRICT_PERF>TX09</CONGRESS_DISTRICT_PERF>
</Performance_Institution>
<ProgramElement>
<Code>1714</Code>
<Text>Special Projects - CNS</Text>
</ProgramElement>
<ProgramElement>
<Code>8060</Code>
<Text>Secure &amp;Trustworthy Cyberspace</Text>
</ProgramElement>
<ProgramReference>
<Code>025Z</Code>
<Text>SaTC: Secure and Trustworthy Cyberspace</Text>
</ProgramReference>
<ProgramReference>
<Code>7434</Code>
<Text>CNCI</Text>
</ProgramReference>
<ProgramReference>
<Code>7924</Code>
<Text>MEDIUM PROJECT</Text>
</ProgramReference>
<ProgramReference>
<Code>9178</Code>
<Text>UNDERGRADUATE EDUCATION</Text>
</ProgramReference>
<ProgramReference>
<Code>9251</Code>
<Text>REU SUPP-Res Exp for Ugrd Supp</Text>
</ProgramReference>
<Appropriation>
<Code>0118</Code>
<Name>NSF RESEARCH &amp; RELATED ACTIVIT</Name>
<APP_SYMB_ID>040100</APP_SYMB_ID>
</Appropriation>
<Appropriation>
<Code>0119</Code>
<Name>NSF RESEARCH &amp; RELATED ACTIVIT</Name>
<APP_SYMB_ID>040100</APP_SYMB_ID>
</Appropriation>
<Appropriation>
<Code>0120</Code>
<Name>NSF RESEARCH &amp; RELATED ACTIVIT</Name>
<APP_SYMB_ID>040100</APP_SYMB_ID>
</Appropriation>
<Appropriation>
<Code>0121</Code>
<Name>NSF RESEARCH &amp; RELATED ACTIVIT</Name>
<APP_SYMB_ID>040100</APP_SYMB_ID>
</Appropriation>
<Fund>
<Code>01001819DB</Code>
<Name><![CDATA[NSF RESEARCH & RELATED ACTIVIT]]></Name>
<FUND_SYMB_ID>040100</FUND_SYMB_ID>
</Fund>
<Fund>
<Code>01001920DB</Code>
<Name><![CDATA[NSF RESEARCH & RELATED ACTIVIT]]></Name>
<FUND_SYMB_ID>040100</FUND_SYMB_ID>
</Fund>
<Fund>
<Code>01002021DB</Code>
<Name><![CDATA[NSF RESEARCH & RELATED ACTIVIT]]></Name>
<FUND_SYMB_ID>040100</FUND_SYMB_ID>
</Fund>
<Fund>
<Code>01002122DB</Code>
<Name><![CDATA[NSF RESEARCH & RELATED ACTIVIT]]></Name>
<FUND_SYMB_ID>040100</FUND_SYMB_ID>
</Fund>
<FUND_OBLG>2018~270450</FUND_OBLG>
<FUND_OBLG>2019~16000</FUND_OBLG>
<FUND_OBLG>2020~16000</FUND_OBLG>
<FUND_OBLG>2021~16000</FUND_OBLG>
<POR>
<DRECONTENT><![CDATA[<div class="porColContainerWBG"> <div class="porContentCol"><p><strong>General Summary</strong></p> <p>The vast majority of the literature in presentation attack detection (PAD) is based on liveness detection techniques (i.e. systems which aim to detect signs of life) using off-the-shelf (OTS) video cameras.&nbsp; Since it is inherently more difficult to spoof multiple modalities and systems simultaneously, multimodal biometrics systems have also been proposed in the literature for PADs. Even in these systems PAs remain a serious cause of concern, as many biometric systems remain vulnerable to the simplest forms of spoofing attack.&nbsp; Existing approaches remain fundamentally limited to liveness detection, with some limited work in the use of multispectral cameras for material identification.</p> <p>Our main goal of this project was to build end-to-end biometric systems that integrate computational imaging sensors for acquiring physiological, spectral and material properties which can be used to detect and mitigate the effects of known and unknown PAs.&nbsp; To this end, we developed programmable hyperspectral sensors that can optically detect differences in materials. In addition, we developed novel anomaly detection and federated learning-based methods for detecting novel known and unknown PAs.&nbsp;&nbsp; Eight conference papers and seven&nbsp; journal papers have been published which describe our findings in this project.&nbsp;&nbsp; Implementation code corresponding to many methods developed in this project have been made publicly available.</p> <p>&nbsp;</p> <p><strong>Intellectual Merit</strong></p> <p>Novel deep one class classification-based anomaly detection methods were developed for detecting unknown PAs.&nbsp; In particular, we developed a Presentation Attack Detection (PAD) model that can be trained in an end-to-end fashion. Specifically, we utilize the representation learning power of a deep Convolutional Neural Networks (CNN) to learn better representation from given bonafide presentation image data and simultaneously learn a classification boundary to enclose the learned representations.&nbsp; In addition, to deal with data scarcity and privacy concerns of biometric data, we developed a novel decentralized method based on federated learning to detect known and unknown PAs.&nbsp;&nbsp; Through communications between data centers and the server, a global PAD model is obtained by iteratively aggregating the model updates from various data centers. Local private data are not accessed during this process. To equip the PAD model with better generalization ability to unseen attacks from users, we further propose a FedGPAD framework.&nbsp; A federated domain disentanglement strategy is exploited in this framework, which disentangles the domain-invariant part of fPAD models among the local data centers and uses them to communicate with server for model aggregation. As such, a global fPAD model with better domain-invariant information will be aggregated in the server, which is more able to generalize well the unseen attacks in the users. Extensive experiments were carried out to demonstrate the effectiveness of the proposed framework, which provides various insights regarding FL for PAD.</p> <p>&nbsp;</p> <p><strong>Broader Impacts</strong></p> <p>All PIs have participated in broader dissemination of the research undertaken in this project. PI Patel gave lectures on the topic related to this project at the IEEE/IAPR summer and winter schools in biometrics in 2020, 2021, 2022 and 2023. PI Veeraraghavan gave a keynote on remote physiology measurements at several venues including the IEEE International Workshop on Physiological sensing. Sankaranarayanan conducted a workshop on "Photons to photos" at CMU involving K-12 students. He also gave multiple invited talks on programmable spectrometry. Multiple datasets on material spectral properties have been released publicly.</p><br> <p>            Last Modified: 02/01/2023<br>      Modified by: Ashok&nbsp;Veeraraghavan</p> </div> <div class="porSideCol"></div> </div>]]></DRECONTENT>
<POR_COPY_TXT><![CDATA[ General Summary  The vast majority of the literature in presentation attack detection (PAD) is based on liveness detection techniques (i.e. systems which aim to detect signs of life) using off-the-shelf (OTS) video cameras.  Since it is inherently more difficult to spoof multiple modalities and systems simultaneously, multimodal biometrics systems have also been proposed in the literature for PADs. Even in these systems PAs remain a serious cause of concern, as many biometric systems remain vulnerable to the simplest forms of spoofing attack.  Existing approaches remain fundamentally limited to liveness detection, with some limited work in the use of multispectral cameras for material identification.  Our main goal of this project was to build end-to-end biometric systems that integrate computational imaging sensors for acquiring physiological, spectral and material properties which can be used to detect and mitigate the effects of known and unknown PAs.  To this end, we developed programmable hyperspectral sensors that can optically detect differences in materials. In addition, we developed novel anomaly detection and federated learning-based methods for detecting novel known and unknown PAs.   Eight conference papers and seven  journal papers have been published which describe our findings in this project.   Implementation code corresponding to many methods developed in this project have been made publicly available.     Intellectual Merit  Novel deep one class classification-based anomaly detection methods were developed for detecting unknown PAs.  In particular, we developed a Presentation Attack Detection (PAD) model that can be trained in an end-to-end fashion. Specifically, we utilize the representation learning power of a deep Convolutional Neural Networks (CNN) to learn better representation from given bonafide presentation image data and simultaneously learn a classification boundary to enclose the learned representations.  In addition, to deal with data scarcity and privacy concerns of biometric data, we developed a novel decentralized method based on federated learning to detect known and unknown PAs.   Through communications between data centers and the server, a global PAD model is obtained by iteratively aggregating the model updates from various data centers. Local private data are not accessed during this process. To equip the PAD model with better generalization ability to unseen attacks from users, we further propose a FedGPAD framework.  A federated domain disentanglement strategy is exploited in this framework, which disentangles the domain-invariant part of fPAD models among the local data centers and uses them to communicate with server for model aggregation. As such, a global fPAD model with better domain-invariant information will be aggregated in the server, which is more able to generalize well the unseen attacks in the users. Extensive experiments were carried out to demonstrate the effectiveness of the proposed framework, which provides various insights regarding FL for PAD.     Broader Impacts  All PIs have participated in broader dissemination of the research undertaken in this project. PI Patel gave lectures on the topic related to this project at the IEEE/IAPR summer and winter schools in biometrics in 2020, 2021, 2022 and 2023. PI Veeraraghavan gave a keynote on remote physiology measurements at several venues including the IEEE International Workshop on Physiological sensing. Sankaranarayanan conducted a workshop on "Photons to photos" at CMU involving K-12 students. He also gave multiple invited talks on programmable spectrometry. Multiple datasets on material spectral properties have been released publicly.       Last Modified: 02/01/2023       Submitted by: Ashok Veeraraghavan]]></POR_COPY_TXT>
</POR>
</Award>
</rootTag>
