<?xml version="1.0" encoding="UTF-8"?>
<rootTag>
<Award>
<AwardTitle><![CDATA[Multivariable Operator Theory: The Interplay between Function Theory, Operator Theory and Operator Algebras]]></AwardTitle>
<AGENCY>NSF</AGENCY>
<AwardEffectiveDate>07/01/2019</AwardEffectiveDate>
<AwardExpirationDate>06/30/2023</AwardExpirationDate>
<AwardTotalIntnAmount>134411.00</AwardTotalIntnAmount>
<AwardAmount>134411</AwardAmount>
<AwardInstrument>
<Value>Standard Grant</Value>
</AwardInstrument>
<Organization>
<Code>03040000</Code>
<Directorate>
<Abbreviation>MPS</Abbreviation>
<LongName>Direct For Mathematical &amp; Physical Scien</LongName>
</Directorate>
<Division>
<Abbreviation>DMS</Abbreviation>
<LongName>Division Of Mathematical Sciences</LongName>
</Division>
</Organization>
<ProgramOfficer>
<SignBlockName>Marian Bocea</SignBlockName>
<PO_EMAI>mbocea@nsf.gov</PO_EMAI>
<PO_PHON>7032922595</PO_PHON>
</ProgramOfficer>
<AbstractNarration><![CDATA[This project belongs to the branch of mathematical analysis known as operator theory. The subject was developed initially as part of the development of the mathematical foundations of quantum mechanics. Since then it has evolved in many directions, with applications not only in physics (such as the currently very active areas of quantum computing and quantum information theory), but also in electrical and mechanical engineering (where its ideas find application in e.g. the design of control systems, or in signal and image processing). A particularly new and exciting branch of this field is known as "noncommutative function theory," which has its origins in the study of certain kinds of optimization problems in engineering. It has now taken on a life of its own. The area of "multivariable operator theory" is multi-faceted but is closely connected with many questions arising in these applications (such as the study of quantum channels, and the theory of "linear matrix inequalities" in optimization). This project is aimed at expanding the array of mathematical tools available for the study of these problems. &lt;br/&gt;&lt;br/&gt;The goal of this project is to study the connection between operator theory and function theory in several variables, by analogy with the very successful one-variable theory, particularly in the rapidly developing area of "noncommutative function theory." The role of analytic function theory in the one-variable setting is very well established; e.g. a central role is played by the Cauchy transform in the unitary/circle setting or the Borel transform in the selfadjoint/real line setting. Noncommutative functions, or nc-functions for short, are meant to play a role analogous to analytic functions in the classical one-variable theory. They arise, for example, as noncommutative Cauchy transforms of "noncommutative" measures, viewed as states on a C*-algebra or related objects (such as an operator system). Problems to be studied include invariant subspaces for noncommutative operator tuples, in particular an nc-function theoretic analysis of "nc-inner" functions, and the development of a version of "noncommutative measure theory" suitable to the desired applications, in particular a version of the Lebesgue decomposition suited to the analysis, for example, of noncommutative analogs of the Cauchy transform. The project will draw on techniques from several currently active areas of mathematical analysis, with the aim of broadening and deepening understanding of the interplay between function theory, operator theory, and operator algebras. The project will also employ novel methods to study some classical objects of analysis to explore open questions in complex analysis and operator theory.&lt;br/&gt;&lt;br/&gt;This award reflects NSF's statutory mission and has been deemed worthy of support through evaluation using the Foundation's intellectual merit and broader impacts review criteria.]]></AbstractNarration>
<MinAmdLetterDate>06/26/2019</MinAmdLetterDate>
<MaxAmdLetterDate>06/26/2019</MaxAmdLetterDate>
<ARRAAmount/>
<TRAN_TYPE>Grant</TRAN_TYPE>
<CFDA_NUM>47.049</CFDA_NUM>
<NSF_PAR_USE_FLAG>1</NSF_PAR_USE_FLAG>
<FUND_AGCY_CODE>4900</FUND_AGCY_CODE>
<AWDG_AGCY_CODE>4900</AWDG_AGCY_CODE>
<AwardID>1900364</AwardID>
<Investigator>
<FirstName>Michael</FirstName>
<LastName>Jury</LastName>
<PI_MID_INIT>T</PI_MID_INIT>
<PI_SUFX_NAME/>
<PI_FULL_NAME>Michael T Jury</PI_FULL_NAME>
<EmailAddress><![CDATA[mjury@ufl.edu]]></EmailAddress>
<NSF_ID>000117377</NSF_ID>
<StartDate>06/26/2019</StartDate>
<EndDate/>
<RoleCode>Principal Investigator</RoleCode>
</Investigator>
<Institution>
<Name><![CDATA[University of Florida]]></Name>
<CityName>GAINESVILLE</CityName>
<ZipCode>326111941</ZipCode>
<PhoneNumber>3523923516</PhoneNumber>
<StreetAddress><![CDATA[1523 UNION RD RM 207]]></StreetAddress>
<StreetAddress2/>
<CountryName>United States</CountryName>
<StateName>Florida</StateName>
<StateCode>FL</StateCode>
<CONGRESSDISTRICT>03</CONGRESSDISTRICT>
<CONGRESS_DISTRICT_ORG>FL03</CONGRESS_DISTRICT_ORG>
<ORG_UEI_NUM>NNFQH1JAPEP3</ORG_UEI_NUM>
<ORG_LGL_BUS_NAME>UNIVERSITY OF FLORIDA</ORG_LGL_BUS_NAME>
<ORG_PRNT_UEI_NUM>D4GCCCMXR1H3</ORG_PRNT_UEI_NUM>
</Institution>
<Performance_Institution>
<Name><![CDATA[University of Florida]]></Name>
<CityName/>
<StateCode>FL</StateCode>
<ZipCode>326118105</ZipCode>
<StreetAddress/>
<CountryCode>US</CountryCode>
<CountryName>United States</CountryName>
<StateName>Florida</StateName>
<CountryFlag>1</CountryFlag>
<CONGRESSDISTRICT>03</CONGRESSDISTRICT>
<CONGRESS_DISTRICT_PERF>FL03</CONGRESS_DISTRICT_PERF>
</Performance_Institution>
<ProgramElement>
<Code>1281</Code>
<Text>ANALYSIS PROGRAM</Text>
</ProgramElement>
<Appropriation>
<Code>0119</Code>
<Name>NSF RESEARCH &amp; RELATED ACTIVIT</Name>
<APP_SYMB_ID>040100</APP_SYMB_ID>
</Appropriation>
<Fund>
<Code>01001920DB</Code>
<Name><![CDATA[NSF RESEARCH & RELATED ACTIVIT]]></Name>
<FUND_SYMB_ID>040100</FUND_SYMB_ID>
</Fund>
<FUND_OBLG>2019~134411</FUND_OBLG>
<POR>
<DRECONTENT><![CDATA[<div class="porColContainerWBG"> <div class="porContentCol"><p>The goal of this project was to study the connection between operator theory and function theory in several variables, by analogy with the very successful one-variable theory, particularly in the rapidly developing area of "noncommutative function theory." Broadly the idea is to extend the ideas and applications of calculus and modern analysis to the realm of functions of several variables for which multiplication is not commutative...that is, x times y is not the same as y times x. (Such variables arise when one replaces ordinary numbers by square arrays or "matrices", and despite the abstraction these objects arise very naturally in many science and engineering problems.) The study of these functions is a rapidly developing area of mathematics, and has already found applications in areas such as optimization and the analysis of "quantum channels" in quantum computing.<br /><br />The fundamental objects of study were various classes of these "noncommutative" functions, analogous to classes of functions commonly encountered in calculus--polynomials, rational functions, and power series. The properties investigated include factorization, convexity, and relationships with "noncommutative measures" which are the analog here of the operation of integration in calculus. Some of the results obtained include:<br /><br />1) a characterization of "partially convex" noncommutative rational functions (functions convex in some of their variables but not others),<br /><br />2) interpolation theorems for noncommutative functions (the problem is: given "sources" x1, x2, etc. and "targets" y1, y2, etc, find a function mapping x1 to y1, x2 to y2, etc., satisfying some preassigned size condition,<br /><br />3) results about "dividing out zeroes" of noncommutative functions, which is somewhat analogous to factoring polynomials in ordinary algebra, but now in the presence of both noncommutativity and size constraints on the factors<br /><br />4) a collection of results describing noncommutative analogs of "integral transforms" of noncommutative functions, which also have applications to factorization<br /><br />Most of these results have versions which hold in the setting of ordinary calculus, but the challenge in the noncommutative setting is first, figuring out what is true (Does the ordinary result generalize in some reasonable way?&nbsp; Sometimes yes, sometimes no) and second, actually proving it. What is notable is that even when there is a strong analogy between the classical and noncommutative statements, the proofs require very different (and usually new) ideas. In addition to the specific results obtained, the further development of these ideas (useful both in themselves and in applications to other problems) is one of the main outcomes.</p><br> <p>            Last Modified: 10/27/2023<br>      Modified by: Michael&nbsp;T&nbsp;Jury</p> </div> <div class="porSideCol"></div> </div>]]></DRECONTENT>
<POR_COPY_TXT><![CDATA[ The goal of this project was to study the connection between operator theory and function theory in several variables, by analogy with the very successful one-variable theory, particularly in the rapidly developing area of "noncommutative function theory." Broadly the idea is to extend the ideas and applications of calculus and modern analysis to the realm of functions of several variables for which multiplication is not commutative...that is, x times y is not the same as y times x. (Such variables arise when one replaces ordinary numbers by square arrays or "matrices", and despite the abstraction these objects arise very naturally in many science and engineering problems.) The study of these functions is a rapidly developing area of mathematics, and has already found applications in areas such as optimization and the analysis of "quantum channels" in quantum computing.  The fundamental objects of study were various classes of these "noncommutative" functions, analogous to classes of functions commonly encountered in calculus--polynomials, rational functions, and power series. The properties investigated include factorization, convexity, and relationships with "noncommutative measures" which are the analog here of the operation of integration in calculus. Some of the results obtained include:  1) a characterization of "partially convex" noncommutative rational functions (functions convex in some of their variables but not others),  2) interpolation theorems for noncommutative functions (the problem is: given "sources" x1, x2, etc. and "targets" y1, y2, etc, find a function mapping x1 to y1, x2 to y2, etc., satisfying some preassigned size condition,  3) results about "dividing out zeroes" of noncommutative functions, which is somewhat analogous to factoring polynomials in ordinary algebra, but now in the presence of both noncommutativity and size constraints on the factors  4) a collection of results describing noncommutative analogs of "integral transforms" of noncommutative functions, which also have applications to factorization  Most of these results have versions which hold in the setting of ordinary calculus, but the challenge in the noncommutative setting is first, figuring out what is true (Does the ordinary result generalize in some reasonable way?  Sometimes yes, sometimes no) and second, actually proving it. What is notable is that even when there is a strong analogy between the classical and noncommutative statements, the proofs require very different (and usually new) ideas. In addition to the specific results obtained, the further development of these ideas (useful both in themselves and in applications to other problems) is one of the main outcomes.       Last Modified: 10/27/2023       Submitted by: Michael T Jury]]></POR_COPY_TXT>
</POR>
</Award>
</rootTag>
