<?xml version="1.0" encoding="UTF-8"?>
<rootTag>
<Award>
<AwardTitle><![CDATA[Research Catalyst: Environmental Quality Assurance using Ion Mobility Spectrometry]]></AwardTitle>
<AGENCY>NSF</AGENCY>
<AwardEffectiveDate>06/01/2019</AwardEffectiveDate>
<AwardExpirationDate>09/30/2022</AwardExpirationDate>
<AwardTotalIntnAmount>200000.00</AwardTotalIntnAmount>
<AwardAmount>200000</AwardAmount>
<AwardInstrument>
<Value>Standard Grant</Value>
</AwardInstrument>
<Organization>
<Code>11060000</Code>
<Directorate>
<Abbreviation>EDU</Abbreviation>
<LongName>Directorate for STEM Education</LongName>
</Directorate>
<Division>
<Abbreviation>EES</Abbreviation>
<LongName>Div. of Equity for Excellence in STEM</LongName>
</Division>
</Organization>
<ProgramOfficer>
<SignBlockName>Carleitta Paige-Anderson</SignBlockName>
<PO_EMAI>cpaigean@nsf.gov</PO_EMAI>
<PO_PHON>7032922816</PO_PHON>
</ProgramOfficer>
<AbstractNarration><![CDATA[Research Catalyst projects provide support for Historically Black Colleges and Universities to work towards establishing research capacity of faculty to strengthen science, technology, engineering and mathematics undergraduate education and research. It is expected that the award will further the faculty member's research capability, improve research and teaching at the institution, and involve undergraduate students in research experiences. The project at Winston Salem State University will investigate novel approaches to ion mobility spectrometry (IMS) when coupled with a membrane sampler for the separation, detection and identification of different classes of compounds in complex matrices. This work will provide research opportunities for undergraduate chemistry majors, while preparing them for careers in STEM.&lt;br/&gt;&lt;br/&gt;The goal of this project is to utilize a novel sample introduction sampler system (SIS) as a single unit using polydimethylsilicone (PDMS) membranes and nanoparticle materials. This will allow sampling, isolation, pre-concentration, separation, and desorption of key environmental pollutants in a single step. The uniqueness of this study is the use of temperature programming similar to a gas chromatography oven, to analyze solid, liquid, and gas samples. Interfacing the unit to an ion mobility spectrometry (IMS) will allow the detection of volatile organic compounds (VOCs) and semi-volatile organic compounds (semi-VOCs) of extreme environmental concern. This project has the potential to develop a sampling and sample introduction approach that requires little or no preparation and use of less or no solvent, is not labor intensive, and has greater analytical reliability. The long-term goal is to use this method for collecting samples in indoor buildings and sites suspected to have been exposed to contaminants and for analyzing water contaminated with VOCs.&lt;br/&gt;&lt;br/&gt;This award reflects NSF's statutory mission and has been deemed worthy of support through evaluation using the Foundation's intellectual merit and broader impacts review criteria.]]></AbstractNarration>
<MinAmdLetterDate>05/05/2019</MinAmdLetterDate>
<MaxAmdLetterDate>05/05/2019</MaxAmdLetterDate>
<ARRAAmount/>
<TRAN_TYPE>Grant</TRAN_TYPE>
<CFDA_NUM>47.076</CFDA_NUM>
<NSF_PAR_USE_FLAG>1</NSF_PAR_USE_FLAG>
<FUND_AGCY_CODE>4900</FUND_AGCY_CODE>
<AWDG_AGCY_CODE>4900</AWDG_AGCY_CODE>
<AwardID>1900124</AwardID>
<Investigator>
<FirstName>A Bakarr</FirstName>
<LastName>Kanu</LastName>
<PI_MID_INIT/>
<PI_SUFX_NAME/>
<PI_FULL_NAME>A Bakarr Kanu</PI_FULL_NAME>
<EmailAddress><![CDATA[abbkanu@gmail.com]]></EmailAddress>
<NSF_ID>000633099</NSF_ID>
<StartDate>05/05/2019</StartDate>
<EndDate/>
<RoleCode>Principal Investigator</RoleCode>
</Investigator>
<Institution>
<Name><![CDATA[Winston-Salem State University]]></Name>
<CityName>WINSTON SALEM</CityName>
<ZipCode>271100003</ZipCode>
<PhoneNumber>3367503019</PhoneNumber>
<StreetAddress><![CDATA[601 S MARTIN LUTHER KING JR DR]]></StreetAddress>
<StreetAddress2/>
<CountryName>United States</CountryName>
<StateName>North Carolina</StateName>
<StateCode>NC</StateCode>
<CONGRESSDISTRICT>05</CONGRESSDISTRICT>
<CONGRESS_DISTRICT_ORG>NC05</CONGRESS_DISTRICT_ORG>
<ORG_UEI_NUM>K54FKGWN2EN5</ORG_UEI_NUM>
<ORG_LGL_BUS_NAME>WINSTON-SALEM STATE UNIVERSITY</ORG_LGL_BUS_NAME>
<ORG_PRNT_UEI_NUM/>
</Institution>
<Performance_Institution>
<Name><![CDATA[Winston-Salem State University]]></Name>
<CityName>Winston-Salem</CityName>
<StateCode>NC</StateCode>
<ZipCode>271100003</ZipCode>
<StreetAddress><![CDATA[601 S. Martin Luther King Jr. Dr]]></StreetAddress>
<CountryCode>US</CountryCode>
<CountryName>United States</CountryName>
<StateName>North Carolina</StateName>
<CountryFlag>1</CountryFlag>
<CONGRESSDISTRICT>05</CONGRESSDISTRICT>
<CONGRESS_DISTRICT_PERF>NC05</CONGRESS_DISTRICT_PERF>
</Performance_Institution>
<ProgramElement>
<Code>1594</Code>
<Text>Hist Black Colleges and Univ</Text>
</ProgramElement>
<ProgramReference>
<Code>9178</Code>
<Text>UNDERGRADUATE EDUCATION</Text>
</ProgramReference>
<Appropriation>
<Code>0419</Code>
<Name>NSF Education &amp; Human Resource</Name>
<APP_SYMB_ID>040106</APP_SYMB_ID>
</Appropriation>
<Fund>
<Code>04001920DB</Code>
<Name><![CDATA[NSF Education & Human Resource]]></Name>
<FUND_SYMB_ID>040106</FUND_SYMB_ID>
</Fund>
<FUND_OBLG>2019~200000</FUND_OBLG>
<POR>
<DRECONTENT><![CDATA[<div class="porColContainerWBG"> <div class="porContentCol"><p>Volatile organic compounds (VOCs) are emitted as gases from certain solids and liquids. They include various chemicals, some of which may have short- and long-term adverse health effects. The concentrations of these chemicals are consistently higher indoors than outdoors. The EPA has recently reported that occupants of buildings can be exposed to indoor VOCs up to five times higher than outdoor levels. Moreover, because most people spend 75% of their time indoors, as opposed to outdoors, exposure to these airborne toxins is ongoing and repetitive. In this investigation, we have developed a sample introduction sampler (SIS) made of membranes for interfacing with an ion mobility spectrometry (IMS) to analyze volatile organic compounds (VOCs) in water, air, and soil samples. The SIS can perform isothermal and temperature programming to release VOCs into the IMS. VOCs are pollutants commonly found in our environment. The need to study VOCs is because several symptoms and long-term health effects are associated with exposure to these compounds. The long-term goal we anticipate with this approach is to collect samples in indoor buildings and sites suspected to have been exposed to contaminants and to analyze water contaminated with VOCs.</p> <p><span>Our project's primary goal was to build a sample introduction device as a single unit to address challenging environmental problems regarding the detection of volatile organic compounds (VOCs). We want this device to detect solid, liquid, and gaseous VOCs with a suitable instrumentation.</span></p> <p><span>Even though the project is still continuing, we are reporting on the outcomes achieved at the time of closing this project. We report on the following results.</span></p> <p><span>1.&nbsp;<span>The project successfully developed a LabView code to control the heating profile of the SIS.</span></span></p> <p><span><span>2. The SIS was interfaced to suitable instrumentations and tested with key VOCs.</span></span></p> <p><span><span>3. We have developed n<span>ew knowledge for extracting VOCs from condensed phases. The SIS can be interfaced with several separation-type instruments.</span></span></span></p> <p><span><span>4. Three peer-reviewed publications resulted from this project. As the project will continue beyond the award period, more publications will result.</span></span></p> <p><span><span>5. Several minority undergraduate students had the opportunity to be trained in research during the lifecycle of the award. Some of these students presented their findings at national meetings and won awards. O<span>ne student presented a poster at the 2020 Annual Biomedical Research Conference for Minority Students: The Virtual Experience, November 9-13, 2020, and won a chemistry award. Another student gave a presentation at our local section of the Central North Carolina American Chemical Society Poster Vendor Night on April 28, 2021. Another student presented at the NSF-sponsored NOBCChE Collaborative Annual Conference and Poster Competition in 2021 and won the second place award for undergraduate students.</span></span></span></p> <p>6. Dr. Kanu, the PI of this award, presented his research at several national meetings during the lifecycle of the award. He also gave two invited research presentations and was invided to Chair/Moderate several specialized sessions at national meetings.</p> <p>7. Dr. Kanu peer-reviewed scientific articles for several scientific journals and served on two review panels for the National Science Foundation.</p> <p>&nbsp;</p> <p>This project will continue well beyond the closing of this award. We gratefully acknowledge the initial support from the National Science Foundation (award # 1900124) that kickstart this project.</p><br> <p>            Last Modified: 07/25/2022<br>      Modified by: A Bakarr&nbsp;Kanu</p> </div> <div class="porSideCol"> <div class="each-gallery"> <div class="galContent" id="gallery0"> <div class="photoCount" id="photoCount0">          Images (<span id="selectedPhoto0">1</span> of <span class="totalNumber"></span>)           </div> <div class="galControls" id="controls0"></div> <div class="galSlideshow" id="slideshow0"></div> <div class="galEmbox" id="embox"> <div class="image-title"></div> </div> </div> <div class="galNavigation" id="navigation0"> <ul class="thumbs" id="thumbs0"> <li> <a href="/por/images/Reports/POR/2022/1900124/1900124_10603837_1658692012602_SIS-MS1900124--rgov-214x142.jpg" original="/por/images/Reports/POR/2022/1900124/1900124_10603837_1658692012602_SIS-MS1900124--rgov-800width.jpg" title="The Interface SIS-MS"><img src="/por/images/Reports/POR/2022/1900124/1900124_10603837_1658692012602_SIS-MS1900124--rgov-66x44.jpg" alt="The Interface SIS-MS"></a> <div class="imageCaptionContainer"> <div class="imageCaption">Illustration of the interface between the SIS and an MS and the data collected for the interface.</div> <div class="imageCredit">A. Bakarr Kanu</div> <div class="imagePermisssions">Copyrighted</div> <div class="imageSubmitted">A Bakarr&nbsp;Kanu</div> <div class="imageTitle">The Interface SIS-MS</div> </div> </li> <li> <a href="/por/images/Reports/POR/2022/1900124/1900124_10603837_1658691872405_SIS-IMS1900124--rgov-214x142.jpg" original="/por/images/Reports/POR/2022/1900124/1900124_10603837_1658691872405_SIS-IMS1900124--rgov-800width.jpg" title="The Interface SIS-IMS"><img src="/por/images/Reports/POR/2022/1900124/1900124_10603837_1658691872405_SIS-IMS1900124--rgov-66x44.jpg" alt="The Interface SIS-IMS"></a> <div class="imageCaptionContainer"> <div class="imageCaption">Illustration of the interface between the SIS and an IMS and the data collected.</div> <div class="imageCredit">A. Bakarr Kanu</div> <div class="imagePermisssions">Copyrighted</div> <div class="imageSubmitted">A Bakarr&nbsp;Kanu</div> <div class="imageTitle">The Interface SIS-IMS</div> </div> </li> </ul> </div> </div> </div> </div>]]></DRECONTENT>
<POR_COPY_TXT><![CDATA[ Volatile organic compounds (VOCs) are emitted as gases from certain solids and liquids. They include various chemicals, some of which may have short- and long-term adverse health effects. The concentrations of these chemicals are consistently higher indoors than outdoors. The EPA has recently reported that occupants of buildings can be exposed to indoor VOCs up to five times higher than outdoor levels. Moreover, because most people spend 75% of their time indoors, as opposed to outdoors, exposure to these airborne toxins is ongoing and repetitive. In this investigation, we have developed a sample introduction sampler (SIS) made of membranes for interfacing with an ion mobility spectrometry (IMS) to analyze volatile organic compounds (VOCs) in water, air, and soil samples. The SIS can perform isothermal and temperature programming to release VOCs into the IMS. VOCs are pollutants commonly found in our environment. The need to study VOCs is because several symptoms and long-term health effects are associated with exposure to these compounds. The long-term goal we anticipate with this approach is to collect samples in indoor buildings and sites suspected to have been exposed to contaminants and to analyze water contaminated with VOCs.  Our project's primary goal was to build a sample introduction device as a single unit to address challenging environmental problems regarding the detection of volatile organic compounds (VOCs). We want this device to detect solid, liquid, and gaseous VOCs with a suitable instrumentation.  Even though the project is still continuing, we are reporting on the outcomes achieved at the time of closing this project. We report on the following results.  1. The project successfully developed a LabView code to control the heating profile of the SIS.  2. The SIS was interfaced to suitable instrumentations and tested with key VOCs.  3. We have developed new knowledge for extracting VOCs from condensed phases. The SIS can be interfaced with several separation-type instruments.  4. Three peer-reviewed publications resulted from this project. As the project will continue beyond the award period, more publications will result.  5. Several minority undergraduate students had the opportunity to be trained in research during the lifecycle of the award. Some of these students presented their findings at national meetings and won awards. One student presented a poster at the 2020 Annual Biomedical Research Conference for Minority Students: The Virtual Experience, November 9-13, 2020, and won a chemistry award. Another student gave a presentation at our local section of the Central North Carolina American Chemical Society Poster Vendor Night on April 28, 2021. Another student presented at the NSF-sponsored NOBCChE Collaborative Annual Conference and Poster Competition in 2021 and won the second place award for undergraduate students.  6. Dr. Kanu, the PI of this award, presented his research at several national meetings during the lifecycle of the award. He also gave two invited research presentations and was invided to Chair/Moderate several specialized sessions at national meetings.  7. Dr. Kanu peer-reviewed scientific articles for several scientific journals and served on two review panels for the National Science Foundation.     This project will continue well beyond the closing of this award. We gratefully acknowledge the initial support from the National Science Foundation (award # 1900124) that kickstart this project.       Last Modified: 07/25/2022       Submitted by: A Bakarr Kanu]]></POR_COPY_TXT>
</POR>
</Award>
</rootTag>
