<?xml version="1.0" encoding="UTF-8"?>
<rootTag>
<Award>
<AwardTitle><![CDATA[Doctoral Dissertation Research: Regional Ecogeographical Impacts of Large Herbivores on Savanna Ecosystems]]></AwardTitle>
<AGENCY>NSF</AGENCY>
<AwardEffectiveDate>08/01/2019</AwardEffectiveDate>
<AwardExpirationDate>08/31/2022</AwardExpirationDate>
<AwardTotalIntnAmount>17994.00</AwardTotalIntnAmount>
<AwardAmount>17994</AwardAmount>
<AwardInstrument>
<Value>Standard Grant</Value>
</AwardInstrument>
<Organization>
<Code>04040000</Code>
<Directorate>
<Abbreviation>SBE</Abbreviation>
<LongName>Direct For Social, Behav &amp; Economic Scie</LongName>
</Directorate>
<Division>
<Abbreviation>BCS</Abbreviation>
<LongName>Division Of Behavioral and Cognitive Sci</LongName>
</Division>
</Organization>
<ProgramOfficer>
<SignBlockName>Jeffrey Mantz</SignBlockName>
<PO_EMAI>jmantz@nsf.gov</PO_EMAI>
<PO_PHON>7032927783</PO_PHON>
</ProgramOfficer>
<AbstractNarration><![CDATA[This doctoral dissertation research improvement project focuses on geographical patterns and processes of savanna ecosystems by quantifying the broad-scale ecological and climatological impacts of the megaherbivores (large herbivores &gt;100 kg), particularly elephants. Savannas and prairies cover a fifth of Earth's land surface, are home to over a half a billion people, and disproportionately affect interannual variability of the global carbon cycle. Yet, there is limited understanding of the factors that create and maintain the low woody cover (trees and bushes) of savannas. For decades, researchers have clearly documented how large herbivores suppress local savanna woody cover, while the large-scale effects continue to remain unclear. By quantifying a large herbivore's ecosystem-wide impacts, this dissertation will enhance understanding of the factors shaping savannas and their influence on global climate. Such understanding is critical for large herbivore conservation worldwide. The work will establish a field site that will benefit the early academic careers of the researchers and create a collaborative partnership with an established savanna researcher. The project will build capacity through a student internship and a week-long programming course for students and faculty. This Doctoral Dissertation Research Improvement award will provide support to enable a promising student to establish an independent research career.&lt;br/&gt;&lt;br/&gt;Despite decades of research, the scientific understanding of the determinants of woody cover in savannas and prairies lags behind that of other biomes. To this end, a growing number of site-specific studies have found that tree mortality rates in some protected areas are principally controlled by large herbivores. However, it is not known whether these impacts significantly affect the total woody cover of the larger landscapes and region. If they do, it will lend significant support to the growing argument that biome extent and persistence can be a direct product of herbivory. This project focuses on quantifying the relationship between African savanna elephant (Loxodonta africana) densities and savanna woody cover in twelve protected areas across elephants' eastern African range. It then asks whether elephants' impacts  alter global climate. To answer these questions, the researchers used satellite imagery to map the woody cover in each of the study sites. NSF funding will be used to assess the accuracy of the maps through the collection of ground truth data at a select site. By incorporating the data into a global network, with plans to monitor the field site into the future, the researchers will establish important baseline data which will be made available to researchers for future studies. Globally, the world's megafauna populations continue to decline and the ecosystems, national revenues, and local livelihoods they support face detrimental consequences. Although this research project will focus on savanna ecosystems in eastern Africa, the research will provide new insights and approaches for megaherbivore conservation in many other countries, including the United States.&lt;br/&gt;&lt;br/&gt;This award reflects NSF's statutory mission and has been deemed worthy of support through evaluation using the Foundation's intellectual merit and broader impacts review criteria.]]></AbstractNarration>
<MinAmdLetterDate>07/24/2019</MinAmdLetterDate>
<MaxAmdLetterDate>07/24/2019</MaxAmdLetterDate>
<ARRAAmount/>
<TRAN_TYPE>Grant</TRAN_TYPE>
<CFDA_NUM>47.075</CFDA_NUM>
<NSF_PAR_USE_FLAG>1</NSF_PAR_USE_FLAG>
<FUND_AGCY_CODE>4900</FUND_AGCY_CODE>
<AWDG_AGCY_CODE>4900</AWDG_AGCY_CODE>
<AwardID>1900108</AwardID>
<Investigator>
<FirstName>Kyla</FirstName>
<LastName>Dahlin</LastName>
<PI_MID_INIT>M</PI_MID_INIT>
<PI_SUFX_NAME/>
<PI_FULL_NAME>Kyla M Dahlin</PI_FULL_NAME>
<EmailAddress><![CDATA[kdahlin@msu.edu]]></EmailAddress>
<NSF_ID>000581095</NSF_ID>
<StartDate>07/24/2019</StartDate>
<EndDate/>
<RoleCode>Principal Investigator</RoleCode>
</Investigator>
<Investigator>
<FirstName>Ryan</FirstName>
<LastName>Nagelkirk</LastName>
<PI_MID_INIT>L</PI_MID_INIT>
<PI_SUFX_NAME/>
<PI_FULL_NAME>Ryan L Nagelkirk</PI_FULL_NAME>
<EmailAddress><![CDATA[nagelki4@msu.edu]]></EmailAddress>
<NSF_ID>000787755</NSF_ID>
<StartDate>07/24/2019</StartDate>
<EndDate/>
<RoleCode>Co-Principal Investigator</RoleCode>
</Investigator>
<Institution>
<Name><![CDATA[Michigan State University]]></Name>
<CityName>EAST LANSING</CityName>
<ZipCode>488242600</ZipCode>
<PhoneNumber>5173555040</PhoneNumber>
<StreetAddress><![CDATA[426 AUDITORIUM RD RM 2]]></StreetAddress>
<StreetAddress2/>
<CountryName>United States</CountryName>
<StateName>Michigan</StateName>
<StateCode>MI</StateCode>
<CONGRESSDISTRICT>07</CONGRESSDISTRICT>
<CONGRESS_DISTRICT_ORG>MI07</CONGRESS_DISTRICT_ORG>
<ORG_UEI_NUM>R28EKN92ZTZ9</ORG_UEI_NUM>
<ORG_LGL_BUS_NAME>MICHIGAN STATE UNIVERSITY</ORG_LGL_BUS_NAME>
<ORG_PRNT_UEI_NUM>VJKZC4D1JN36</ORG_PRNT_UEI_NUM>
</Institution>
<Performance_Institution>
<Name><![CDATA[Selous Game Reserve]]></Name>
<CityName/>
<StateCode/>
<ZipCode/>
<StreetAddress/>
<CountryCode>TZ</CountryCode>
<CountryName>Tanzania</CountryName>
<StateName>RI REQUIRED</StateName>
<CountryFlag>0</CountryFlag>
<CONGRESSDISTRICT/>
<CONGRESS_DISTRICT_PERF>""</CONGRESS_DISTRICT_PERF>
</Performance_Institution>
<ProgramElement>
<Code>8857</Code>
<Text>Geography &amp; Spatial Sci-DDRI</Text>
</ProgramElement>
<ProgramReference>
<Code>1352</Code>
<Text>GEOGRAPHY AND SPATIAL SCIENCES</Text>
</ProgramReference>
<ProgramReference>
<Code>9179</Code>
<Text>GRADUATE INVOLVEMENT</Text>
</ProgramReference>
<Appropriation>
<Code>0119</Code>
<Name>NSF RESEARCH &amp; RELATED ACTIVIT</Name>
<APP_SYMB_ID>040100</APP_SYMB_ID>
</Appropriation>
<Fund>
<Code>01001920DB</Code>
<Name><![CDATA[NSF RESEARCH & RELATED ACTIVIT]]></Name>
<FUND_SYMB_ID>040100</FUND_SYMB_ID>
</Fund>
<FUND_OBLG>2019~17994</FUND_OBLG>
<POR>
<DRECONTENT><![CDATA[<div class="porColContainerWBG"> <div class="porContentCol"><p>Dr. Ryan Nagelkirk completed his dissertation ?Evaluating the ecogeographical effects of Earth's largest terrestrial herbivore? supported by this Doctoral Dissertation Research Improvement Grant. During the funding period Drs Nagelkirk and Dahlin traveled to Murchison Falls National Park in Uganda and collected field data to augment Dr. Nagelkirk?s dissertation work. His dissertation research was focused on the factors that create savannas ? ecosystems that have lower woody cover (trees and bushes) than would otherwise be expected by their climate. Whereas the woody cover of grasslands and forests is predicted by their levels of precipitation, savanna woody cover is suppressed by disturbances such as fire and herbivory.</p> <p>There is no consensus on the necessary magnitude of these disturbances, or whether they are actually the main determinants of woody cover in savannas. However, many ecosystems no longer have their full suite of herbivores, making it difficult to test for the impact of herbivores ? knowledge that would greatly aid rewilding here in the United States, such as the recent efforts of re-establishing bison herds in the plains and savannas of the American West. In Africa, many similar ecosystems still maintain their full suite of herbivores. Dr. Nagelkirk?s work, therefore, aimed to quantify the impacts of fire and herbivores in African savannas, with a particular focus on the African bush elephant, whose proboscidean cousins (i.e. mastodons) once roamed North America. Elephants, along with mastodons, are browsers, feeding on mature woody cover. By toppling trees up to 40 feet tall, elephants are known to reduce woody cover locally. Our research aimed to address whether their local effects translate to the larger landscapes and regions they inhabit. If they do, this would not only help inform elephant conservation, but it would also have major implications for climate and help us understand how our own landscapes changed after mastodons went extinct, an area of ongoing research.</p> <p>Dr. Nagelkirk?s dissertation research primarily relied on quantifying vegetation change over time via remotely sensed imagery from the Landsat mission and on publicly available information about elephant populations. However, woody cover in savannas is notoriously difficult to map from space without very high resolution imagery or field data. Because field data was lacking for our focal sites, this award allowed us to travel to one of these sites and measure woody cover in the field with precise geolocation information collected via GPS. Our field work also allowed us to work with three local students at Makerere University and introduce them to vegetation monitoring techniques. We are in the process of collating these field data so that they can be published online for other researchers to use.</p> <p>&nbsp;</p><br> <p>            Last Modified: 12/05/2022<br>      Modified by: Kyla&nbsp;M&nbsp;Dahlin</p> </div> <div class="porSideCol"></div> </div>]]></DRECONTENT>
<POR_COPY_TXT><![CDATA[ Dr. Ryan Nagelkirk completed his dissertation ?Evaluating the ecogeographical effects of Earth's largest terrestrial herbivore? supported by this Doctoral Dissertation Research Improvement Grant. During the funding period Drs Nagelkirk and Dahlin traveled to Murchison Falls National Park in Uganda and collected field data to augment Dr. Nagelkirk?s dissertation work. His dissertation research was focused on the factors that create savannas ? ecosystems that have lower woody cover (trees and bushes) than would otherwise be expected by their climate. Whereas the woody cover of grasslands and forests is predicted by their levels of precipitation, savanna woody cover is suppressed by disturbances such as fire and herbivory.  There is no consensus on the necessary magnitude of these disturbances, or whether they are actually the main determinants of woody cover in savannas. However, many ecosystems no longer have their full suite of herbivores, making it difficult to test for the impact of herbivores ? knowledge that would greatly aid rewilding here in the United States, such as the recent efforts of re-establishing bison herds in the plains and savannas of the American West. In Africa, many similar ecosystems still maintain their full suite of herbivores. Dr. Nagelkirk?s work, therefore, aimed to quantify the impacts of fire and herbivores in African savannas, with a particular focus on the African bush elephant, whose proboscidean cousins (i.e. mastodons) once roamed North America. Elephants, along with mastodons, are browsers, feeding on mature woody cover. By toppling trees up to 40 feet tall, elephants are known to reduce woody cover locally. Our research aimed to address whether their local effects translate to the larger landscapes and regions they inhabit. If they do, this would not only help inform elephant conservation, but it would also have major implications for climate and help us understand how our own landscapes changed after mastodons went extinct, an area of ongoing research.  Dr. Nagelkirk?s dissertation research primarily relied on quantifying vegetation change over time via remotely sensed imagery from the Landsat mission and on publicly available information about elephant populations. However, woody cover in savannas is notoriously difficult to map from space without very high resolution imagery or field data. Because field data was lacking for our focal sites, this award allowed us to travel to one of these sites and measure woody cover in the field with precise geolocation information collected via GPS. Our field work also allowed us to work with three local students at Makerere University and introduce them to vegetation monitoring techniques. We are in the process of collating these field data so that they can be published online for other researchers to use.          Last Modified: 12/05/2022       Submitted by: Kyla M Dahlin]]></POR_COPY_TXT>
</POR>
</Award>
</rootTag>
