<?xml version="1.0" encoding="UTF-8"?>
<rootTag>
<Award>
<AwardTitle><![CDATA[SHF: Medium: Collaborative Research: Enhancing Mobile VR/AR User Experience: An Integrated Architecture-System Approach]]></AwardTitle>
<AGENCY>NSF</AGENCY>
<AwardEffectiveDate>10/01/2019</AwardEffectiveDate>
<AwardExpirationDate>09/30/2023</AwardExpirationDate>
<AwardTotalIntnAmount>200000.00</AwardTotalIntnAmount>
<AwardAmount>200000</AwardAmount>
<AwardInstrument>
<Value>Continuing Grant</Value>
</AwardInstrument>
<Organization>
<Code>05010000</Code>
<Directorate>
<Abbreviation>CSE</Abbreviation>
<LongName>Direct For Computer &amp; Info Scie &amp; Enginr</LongName>
</Directorate>
<Division>
<Abbreviation>CCF</Abbreviation>
<LongName>Division of Computing and Communication Foundations</LongName>
</Division>
</Organization>
<ProgramOfficer>
<SignBlockName>Danella Zhao</SignBlockName>
<PO_EMAI>dzhao@nsf.gov</PO_EMAI>
<PO_PHON>7032924434</PO_PHON>
</ProgramOfficer>
<AbstractNarration><![CDATA[Virtual reality (VR) and augmented reality (AR) are now experiencing rapid growth and debuting into mainstream markets driven by the significant performance improvement of computing hardware and the revolution of graphics and display technologies. Both VR and AR are increasingly adopted in smartphones for providing rich experience to mobile users. However, the limited hardware resources in mobile devices can barely support the tremendous resource requirements by VR/AR technology and the demand for a good user experience. There are several key challenges that dramatically degrade user experience when enabling VR/AR apps on smartphones. For example, when the VR user shifts her/his eyes slightly, the computer is unable to provide an image that corresponds to the new view in a timely manner. This delay causes motion anomalies and unsatisfying user experience. Other challenges for mobile VR/AR are limited battery life and increased heat dissipation. The investigators on this project are leveraging the unique features of VR/AR and exploring a synergetic architecture-system program to tackle the above performance, battery life, and thermal challenges, thus, enhancing mobile VR/AR user experience. This project will open the door for next generation mobile platforms that provide high-quality low-power VR/AR services to satisfy mobile users. This project will also contribute to society through engaging under-represented groups, and outreach to high-school students, curriculum development on Internet of Things, and disseminating research infrastructure for education and training.&lt;br/&gt;&lt;br/&gt;This project contains four objectives, including (1) approximate computing to eliminate unnecessary workloads in mobile AR/VR to achieve threefold benefits on performance, power, and thermal without sacrificing the user perceived image quality and output accuracy; (2) emerging technologies (e.g., processing-in-memory, multiple chip module (MCM)-GPU) enabled mobile VR/AR for performance/power optimization; (3) exploiting dynamic thermal energy harvesting to cool hotspots, prolong battery life and improve performance; and (4) integration of the key research innovations and cross-technology optimizations to maximize the performance/power/thermal enhancement.&lt;br/&gt;&lt;br/&gt;This award reflects NSF's statutory mission and has been deemed worthy of support through evaluation using the Foundation's intellectual merit and broader impacts review criteria.]]></AbstractNarration>
<MinAmdLetterDate>07/03/2019</MinAmdLetterDate>
<MaxAmdLetterDate>09/09/2019</MaxAmdLetterDate>
<ARRAAmount/>
<TRAN_TYPE>Grant</TRAN_TYPE>
<CFDA_NUM>47.070</CFDA_NUM>
<NSF_PAR_USE_FLAG>1</NSF_PAR_USE_FLAG>
<FUND_AGCY_CODE>4900</FUND_AGCY_CODE>
<AWDG_AGCY_CODE>4900</AWDG_AGCY_CODE>
<AwardID>1900012</AwardID>
<Investigator>
<FirstName>Amer</FirstName>
<LastName>Qouneh</LastName>
<PI_MID_INIT/>
<PI_SUFX_NAME/>
<PI_FULL_NAME>Amer Qouneh</PI_FULL_NAME>
<EmailAddress><![CDATA[amer.qouneh@wne.edu]]></EmailAddress>
<NSF_ID>000744117</NSF_ID>
<StartDate>07/03/2019</StartDate>
<EndDate/>
<RoleCode>Principal Investigator</RoleCode>
</Investigator>
<Institution>
<Name>Western New England University</Name>
<CityName>SPRINGFIELD</CityName>
<ZipCode>011192612</ZipCode>
<PhoneNumber>4137821373</PhoneNumber>
<StreetAddress>1215 WILBRAHAM RD</StreetAddress>
<StreetAddress2/>
<CountryName>United States</CountryName>
<StateName>Massachusetts</StateName>
<StateCode>MA</StateCode>
<CONGRESSDISTRICT>01</CONGRESSDISTRICT>
<CONGRESS_DISTRICT_ORG>MA01</CONGRESS_DISTRICT_ORG>
<ORG_UEI_NUM>J6QJVY8JCQH3</ORG_UEI_NUM>
<ORG_LGL_BUS_NAME>WESTERN NEW ENGLAND UNIVERSITY</ORG_LGL_BUS_NAME>
<ORG_PRNT_UEI_NUM/>
</Institution>
<Performance_Institution>
<Name><![CDATA[Western New England University]]></Name>
<CityName>Springfield</CityName>
<StateCode>MA</StateCode>
<ZipCode>011192684</ZipCode>
<StreetAddress><![CDATA[1215 Wilbraham Road]]></StreetAddress>
<CountryCode>US</CountryCode>
<CountryName>United States</CountryName>
<StateName>Massachusetts</StateName>
<CountryFlag>1</CountryFlag>
<CONGRESSDISTRICT>01</CONGRESSDISTRICT>
<CONGRESS_DISTRICT_PERF>MA01</CONGRESS_DISTRICT_PERF>
</Performance_Institution>
<ProgramElement>
<Code>7798</Code>
<Text>Software &amp; Hardware Foundation</Text>
</ProgramElement>
<ProgramReference>
<Code>7924</Code>
<Text>MEDIUM PROJECT</Text>
</ProgramReference>
<ProgramReference>
<Code>7941</Code>
<Text>COMPUTER ARCHITECTURE</Text>
</ProgramReference>
<Appropriation>
<Code>0119</Code>
<Name>NSF RESEARCH &amp; RELATED ACTIVIT</Name>
<APP_SYMB_ID>040100</APP_SYMB_ID>
</Appropriation>
<Fund>
<Code>01001920DB</Code>
<Name><![CDATA[NSF RESEARCH & RELATED ACTIVIT]]></Name>
<FUND_SYMB_ID>040100</FUND_SYMB_ID>
</Fund>
<FUND_OBLG>2019~200000</FUND_OBLG>
<POR>
<DRECONTENT><![CDATA[<div class="porColContainerWBG"> <div class="porContentCol"><p>The goal of this project was to investigate performance and security improvements in augmented reality/virtual reality (AR/VR) user experience.</p> <p>1. Accelerated Encryption of Streaming Video<br />Encryption is gaining popularity in applications that demand security, privacy, and copyright protection. However, delays, memory bandwidth, and processing requirements pose serious challenges to efficient transmission of streaming video. The situation is exacerbated if multiple users stream concurrently. To improve performance, we presented a solution to this problem by offloading encryption to the memory side using Processing-in-Memory (PIM) architecture. Encryption was realized using Advanced Encryption Standard due to its improved security and flexibility. Our solution demonstrated significant improvement in encryption performance compared to non-PIM architecture. The best performance was achieved by applying user parallelism aggressively and improving QoS via workload balancing. Streaming of encrypted video is critical in AR/VR, commercial, and military applications that demand high performance and security.</p> <p>2. Performance of Facial Recognition on Edge Nodes<br />Edge nodes are being increasingly relied upon in performing tasks that were reserved for the more powerful remote servers. One such task is facial recognition, which we investigated by using a convolutional neural network (CNN). The investigation provided a comparison of prediction times and power consumption between BeagleBone Black, BeagleBone Black AI, and Google's Colab servers. Our results demonstrated that prediction times on BeagleBone Black AI were not better than BeagleBone Black. As expected, predictions times for the PC and Google's Colab servers were more than two times faster than the BeagleBone boards. The BeagleBone Black AI's performance was similar to that of the BeagleBone Black but consumed double the amount of power. Mobile edge nodes could be relied upon to perform facial recognition in AR/VR applications.</p> <p>3. Exploring of AI/ML Applications in Internet of Things<br />Inspired by music and art applications, an artificial intelligence (AI) prompt-generated music and art application was designed. The system allowed the user to make changes and create a different experience on each execution. It created music videos directly from words chosen by the user in the generative prompts.</p> <p>An urban search and rescue software system was designed that allowed a BeagleBone Black platform equipped with a camera to stream live video and images through a web server to remote users. The backend system provided machine learning (ML) classification of the streamed images to help operators with their mission.</p><br> <p>  Last Modified: 12/22/2023<br> Modified by: Amer&nbsp;Qouneh</p></div> <div class="porSideCol" ></div> </div>]]></DRECONTENT>
<POR_COPY_TXT><![CDATA[  The goal of this project was to investigate performance and security improvements in augmented reality/virtual reality (AR/VR) user experience.   1. Accelerated Encryption of Streaming Video Encryption is gaining popularity in applications that demand security, privacy, and copyright protection. However, delays, memory bandwidth, and processing requirements pose serious challenges to efficient transmission of streaming video. The situation is exacerbated if multiple users stream concurrently. To improve performance, we presented a solution to this problem by offloading encryption to the memory side using Processing-in-Memory (PIM) architecture. Encryption was realized using Advanced Encryption Standard due to its improved security and flexibility. Our solution demonstrated significant improvement in encryption performance compared to non-PIM architecture. The best performance was achieved by applying user parallelism aggressively and improving QoS via workload balancing. Streaming of encrypted video is critical in AR/VR, commercial, and military applications that demand high performance and security.   2. Performance of Facial Recognition on Edge Nodes Edge nodes are being increasingly relied upon in performing tasks that were reserved for the more powerful remote servers. One such task is facial recognition, which we investigated by using a convolutional neural network (CNN). The investigation provided a comparison of prediction times and power consumption between BeagleBone Black, BeagleBone Black AI, and Google's Colab servers. Our results demonstrated that prediction times on BeagleBone Black AI were not better than BeagleBone Black. As expected, predictions times for the PC and Google's Colab servers were more than two times faster than the BeagleBone boards. The BeagleBone Black AI's performance was similar to that of the BeagleBone Black but consumed double the amount of power. Mobile edge nodes could be relied upon to perform facial recognition in AR/VR applications.   3. Exploring of AI/ML Applications in Internet of Things Inspired by music and art applications, an artificial intelligence (AI) prompt-generated music and art application was designed. The system allowed the user to make changes and create a different experience on each execution. It created music videos directly from words chosen by the user in the generative prompts.   An urban search and rescue software system was designed that allowed a BeagleBone Black platform equipped with a camera to stream live video and images through a web server to remote users. The backend system provided machine learning (ML) classification of the streamed images to help operators with their mission.     Last Modified: 12/22/2023       Submitted by: AmerQouneh]]></POR_COPY_TXT>
</POR>
</Award>
</rootTag>
