<?xml version="1.0" encoding="UTF-8"?>
<rootTag>
<Award>
<AwardTitle><![CDATA[Active Learning Modules to Support Problem-Based Learning: Effects on Engineering Retention and Academic Outcomes of At-Risk Students]]></AwardTitle>
<AGENCY>NSF</AGENCY>
<AwardEffectiveDate>09/01/2018</AwardEffectiveDate>
<AwardExpirationDate>07/31/2021</AwardExpirationDate>
<AwardTotalIntnAmount>474798.00</AwardTotalIntnAmount>
<AwardAmount>474798</AwardAmount>
<AwardInstrument>
<Value>Standard Grant</Value>
</AwardInstrument>
<Organization>
<Code>11040000</Code>
<Directorate>
<Abbreviation>EDU</Abbreviation>
<LongName>Directorate for STEM Education</LongName>
</Directorate>
<Division>
<Abbreviation>DUE</Abbreviation>
<LongName>Division Of Undergraduate Education</LongName>
</Division>
</Organization>
<ProgramOfficer>
<SignBlockName>Alexandra Medina-Borja</SignBlockName>
<PO_EMAI>amedinab@nsf.gov</PO_EMAI>
<PO_PHON>7032927557</PO_PHON>
</ProgramOfficer>
<AbstractNarration><![CDATA[In response to the Nation's need to improve the preparation of undergraduate students so they can succeed as productive members of the future STEM workforce, this project expands and explores an instructional approach that has shown promising results in increasing the success of undergraduate engineering students in an introductory course - engineering design graphics. The overarching purpose of the project is to refine a transferable active learning framework and the associated instructional resources to promote engineering persistence, academic success, and engagement. Such an instructional approach is critical and has strong implications for student persistence in engineering degree programs. The impacts of this project will include: (a) promoting the design and development of effective STEM learning and teaching knowledge and practice; (b) broadening the implementation of effective instructional practices and innovations; (c) enhancing retention of STEM students by addressing high failure rates in introductory classes; and (d) increasing the persistence of all demographic groups in the first two years of college. &lt;br/&gt;&lt;br/&gt;More specifically, the project's approach will involve the use of active performance learning modules. The investigative team will explore the factors that affect program persistence in order to create a curricular approach that will improve the student experience, particularly for at-risk students, such as female students, underrepresented minorities, and first-generation college students. The instructional approach of this project will be disseminated to other two- and four-year institutions and will include recommendations for identifying at-risk students and for improving student engagement and retention. A mixed-methods design will enable the investigative team to collect and analyze information from students related to: program persistence, self-efficacy, academic success, and engagement. The project will have implications not only for effectiveness of student learning, but also for the retention of students in engineering.]]></AbstractNarration>
<MinAmdLetterDate>11/19/2018</MinAmdLetterDate>
<MaxAmdLetterDate>11/19/2018</MaxAmdLetterDate>
<ARRAAmount/>
<TRAN_TYPE>Grant</TRAN_TYPE>
<CFDA_NUM>47.076</CFDA_NUM>
<NSF_PAR_USE_FLAG>1</NSF_PAR_USE_FLAG>
<FUND_AGCY_CODE>4900</FUND_AGCY_CODE>
<AWDG_AGCY_CODE>4900</AWDG_AGCY_CODE>
<AwardID>1900348</AwardID>
<Investigator>
<FirstName>Jeremy</FirstName>
<LastName>Ernst</LastName>
<PI_MID_INIT/>
<PI_SUFX_NAME/>
<PI_FULL_NAME>Jeremy Ernst</PI_FULL_NAME>
<EmailAddress><![CDATA[ernstj1@erau.edu]]></EmailAddress>
<NSF_ID>000256207</NSF_ID>
<StartDate>11/19/2018</StartDate>
<EndDate/>
<RoleCode>Principal Investigator</RoleCode>
</Investigator>
<Institution>
<Name>Embry-Riddle Aeronautical University</Name>
<CityName>DAYTONA BEACH</CityName>
<ZipCode>321143910</ZipCode>
<PhoneNumber>3862267695</PhoneNumber>
<StreetAddress>1 AEROSPACE BLVD</StreetAddress>
<StreetAddress2/>
<CountryName>United States</CountryName>
<StateName>Florida</StateName>
<StateCode>FL</StateCode>
<CONGRESSDISTRICT>06</CONGRESSDISTRICT>
<CONGRESS_DISTRICT_ORG>FL06</CONGRESS_DISTRICT_ORG>
<ORG_UEI_NUM>U5MMBAC9XAM5</ORG_UEI_NUM>
<ORG_LGL_BUS_NAME>EMBRY-RIDDLE AERONAUTICAL UNIVERSITY, INC.</ORG_LGL_BUS_NAME>
<ORG_PRNT_UEI_NUM/>
</Institution>
<Performance_Institution>
<Name><![CDATA[Embry-Riddle Aeronautical University]]></Name>
<CityName/>
<StateCode>FL</StateCode>
<ZipCode>321143966</ZipCode>
<StreetAddress/>
<CountryCode>US</CountryCode>
<CountryName>United States</CountryName>
<StateName>Florida</StateName>
<CountryFlag>1</CountryFlag>
<CONGRESSDISTRICT>06</CONGRESSDISTRICT>
<CONGRESS_DISTRICT_PERF>FL06</CONGRESS_DISTRICT_PERF>
</Performance_Institution>
<ProgramElement>
<Code>1998</Code>
<Text>IUSE</Text>
</ProgramElement>
<ProgramReference>
<Code>8209</Code>
<Text>Improv Undergrad STEM Ed(IUSE)</Text>
</ProgramReference>
<ProgramReference>
<Code>8244</Code>
<Text>EHR CL Opportunities (NSF 14-302)</Text>
</ProgramReference>
<ProgramReference>
<Code>9178</Code>
<Text>UNDERGRADUATE EDUCATION</Text>
</ProgramReference>
<Appropriation>
<Code>0417</Code>
<Name>NSF Education &amp; Human Resource</Name>
<APP_SYMB_ID>040106</APP_SYMB_ID>
</Appropriation>
<Fund>
<Code>04001718DB</Code>
<Name><![CDATA[NSF Education & Human Resource]]></Name>
<FUND_SYMB_ID>040106</FUND_SYMB_ID>
</Fund>
<FUND_OBLG>2017~474798</FUND_OBLG>
<POR>
<DRECONTENT><![CDATA[<div class="porColContainerWBG"> <div class="porContentCol"><p id="docs-internal-guid-62275cbe-7fff-72c4-12db-10281baf421f" style="line-height: 1.38; text-indent: 36pt; margin-top: 0pt; margin-bottom: 0pt;" dir="ltr"><span style="font-size: 11pt; font-family: Arial; color: #000000; background-color: transparent; font-weight: 400; font-style: normal; font-variant: normal; text-decoration: none; vertical-align: baseline; white-space: pre-wrap;">In order to increase persistence in engineering degree programs, the Active Learning Modules to Support Problem-Based Learning: Effects on Engineering Retention and Academic Outcomes of At-Risk Students project developed and evaluated online active learning modules in an introductory engineering graphics course. Persistence rates in engineering fields are lower than in other STEM and non-STEM fields. The traditional format of engineering course delivery through lectures of large populations may not be optimal for students identified as at risk of non-matriculation. Therefore, the development of engaging online active learning modules that relate course content to a real-world application can serve to improve students&rsquo; self-efficacy, academic success, and spatial ability that are all factors impacting persistence.&nbsp;</span></p> <p style="line-height: 1.38; text-indent: 36pt; margin-top: 0pt; margin-bottom: 0pt;" dir="ltr"><span style="font-size: 11pt; font-family: Arial; color: #000000; background-color: transparent; font-weight: 400; font-style: normal; font-variant: normal; text-decoration: none; vertical-align: baseline; white-space: pre-wrap;">Through program evaluation, significance was identified for student self-efficacy, mental rotation ability, final exam grades, and self-regulation. Identifiable differences between students enrolled in engineering design graphics at risk of non-matriculation and students not at risk were also identified in areas of self-efficacy, mental rotation ability, and final exam grades. Artifacts from the study include the online active learning module framework, an open access ebook with a print-on-demand option format of the active learning modules, as well as published articles and conference presentations communicating the impacts of applying active learning modules.&nbsp;</span></p> <p style="line-height: 1.38; margin-top: 0pt; margin-bottom: 0pt;" dir="ltr"><span style="font-size: 11pt; font-family: Arial; color: #000000; background-color: transparent; font-weight: 400; font-style: normal; font-variant: normal; text-decoration: none; vertical-align: baseline; white-space: pre-wrap;">&nbsp;&nbsp;&nbsp; </span><span style="font-size: 11pt; font-family: Arial; color: #000000; background-color: transparent; font-weight: 400; font-style: normal; font-variant: normal; text-decoration: none; vertical-align: baseline; white-space: pre-wrap;">The online active learning modules are a combination of ten modules focussed on relating introductory engineering graphics content to real-world applications to increase understanding of basic principles. The modules were delivered to students through an online learning management software where students completed the modules anytime between classes so that course time could be used for hands-on practice versus lecturing. After the study, the modules will be freely available to the public for secondary or post-secondary levels through open access in an ebook version as well as and print-on-demand option available for the cost of printing.&nbsp;</span></p> <p style="line-height: 1.38; text-indent: 36pt; margin-top: 0pt; margin-bottom: 0pt;" dir="ltr"><span style="font-size: 11pt; font-family: Arial; color: #000000; background-color: transparent; font-weight: 400; font-style: normal; font-variant: normal; text-decoration: none; vertical-align: baseline; white-space: pre-wrap;">Support for the structure and delivery of the active learning modules has been made available through a number of peer-reviewed journals and communicated at several conferences. With such support, the project has provided to the public a resource of knowledge and related material for incorporating elements associated with increasing persistence, especially of underrepresented populations and students at risk of non-matriculation, in the structuring of engineering or related programs. Additionally, the study can be used in the public to further support research related to active learning modules and improving engineering persistence rates.&nbsp;</span></p> <p style="line-height: 1.38; text-indent: 36pt; margin-top: 0pt; margin-bottom: 0pt;" dir="ltr"><span style="font-size: 11pt; font-family: Arial; color: #000000; background-color: transparent; font-weight: 400; font-style: normal; font-variant: normal; text-decoration: none; vertical-align: baseline; white-space: pre-wrap;">This IUSE project provides, to the public, both support for an active learning modules framework as well as content that can be used in the classroom to further student success in engineering programs.</span></p><br> <p>            Last Modified: 08/31/2021<br>      Modified by: Jeremy&nbsp;Ernst</p> </div> <div class="porSideCol"></div> </div>]]></DRECONTENT>
<POR_COPY_TXT><![CDATA[In order to increase persistence in engineering degree programs, the Active Learning Modules to Support Problem-Based Learning: Effects on Engineering Retention and Academic Outcomes of At-Risk Students project developed and evaluated online active learning modules in an introductory engineering graphics course. Persistence rates in engineering fields are lower than in other STEM and non-STEM fields. The traditional format of engineering course delivery through lectures of large populations may not be optimal for students identified as at risk of non-matriculation. Therefore, the development of engaging online active learning modules that relate course content to a real-world application can serve to improve students’ self-efficacy, academic success, and spatial ability that are all factors impacting persistence.  Through program evaluation, significance was identified for student self-efficacy, mental rotation ability, final exam grades, and self-regulation. Identifiable differences between students enrolled in engineering design graphics at risk of non-matriculation and students not at risk were also identified in areas of self-efficacy, mental rotation ability, and final exam grades. Artifacts from the study include the online active learning module framework, an open access ebook with a print-on-demand option format of the active learning modules, as well as published articles and conference presentations communicating the impacts of applying active learning modules.      The online active learning modules are a combination of ten modules focussed on relating introductory engineering graphics content to real-world applications to increase understanding of basic principles. The modules were delivered to students through an online learning management software where students completed the modules anytime between classes so that course time could be used for hands-on practice versus lecturing. After the study, the modules will be freely available to the public for secondary or post-secondary levels through open access in an ebook version as well as and print-on-demand option available for the cost of printing.  Support for the structure and delivery of the active learning modules has been made available through a number of peer-reviewed journals and communicated at several conferences. With such support, the project has provided to the public a resource of knowledge and related material for incorporating elements associated with increasing persistence, especially of underrepresented populations and students at risk of non-matriculation, in the structuring of engineering or related programs. Additionally, the study can be used in the public to further support research related to active learning modules and improving engineering persistence rates.  This IUSE project provides, to the public, both support for an active learning modules framework as well as content that can be used in the classroom to further student success in engineering programs.       Last Modified: 08/31/2021       Submitted by: Jeremy Ernst]]></POR_COPY_TXT>
</POR>
</Award>
</rootTag>
