<?xml version="1.0" encoding="UTF-8"?>
<rootTag>
<Award>
<AwardTitle><![CDATA[High-Performance Panoptic Mass Spectrometry for Electrocatalytic Reaction Screening]]></AwardTitle>
<AGENCY>NSF</AGENCY>
<AwardEffectiveDate>06/15/2019</AwardEffectiveDate>
<AwardExpirationDate>05/31/2022</AwardExpirationDate>
<AwardTotalIntnAmount>450000.00</AwardTotalIntnAmount>
<AwardAmount>450000</AwardAmount>
<AwardInstrument>
<Value>Standard Grant</Value>
</AwardInstrument>
<Organization>
<Code>03090000</Code>
<Directorate>
<Abbreviation>MPS</Abbreviation>
<LongName>Direct For Mathematical &amp; Physical Scien</LongName>
</Directorate>
<Division>
<Abbreviation>CHE</Abbreviation>
<LongName>Division Of Chemistry</LongName>
</Division>
</Organization>
<ProgramOfficer>
<SignBlockName>Tingyu Li</SignBlockName>
<PO_EMAI>tli@nsf.gov</PO_EMAI>
<PO_PHON>7032924949</PO_PHON>
</ProgramOfficer>
<AbstractNarration><![CDATA[In this project funded by the Chemical Structure, Dynamics, and Mechanisms-B and Chemical Measurement and Imaging Programs, Professor Abraham Badu-Tawiah of the Department of Chemistry and Biochemistry at Ohio State University is developing a new electrocatalytic screening platform for the selective reactions (oxidation) of carbon carbon double bonds. The project seeks to identify electrocatalytic conditions that enable selective synthesis of high-value fine chemicals.  Education and outreach activities are designed to directly impact students in the early stages (K-12) of their educational experience. The project is well-positioned to introduce students - including groups underrepresented in the STEM fields - to interdisciplinary science. &lt;br/&gt;&lt;br/&gt;The majority of heterogeneous electrocatalysts are oxides or metals dispersed onto oxide supports. Traditionally, oxide synthesis and subsequent reactivity screening occur separately in two independent experiments. This project targets an all-in-one panoptic system that combines in-situ oxide synthesis and catalytic reaction screening into a single experimental step.  The research involves the development of a multimodal, contained, nano-electrospray system for  the in-situ preparation of the eletrocatalyst and subsequent modification of the reaction environment in real-time.  Anodic reaction screening is investigated using the electrooxidation of alkenes by non-inert metal electrodes to produce several important reactive chemical intermediates. Cathodic reaction screening is showcased using the selective reduction of carbon carbon double bonds in the presence of carbon oxygen double bonds.&lt;br/&gt;&lt;br/&gt;This award reflects NSF's statutory mission and has been deemed worthy of support through evaluation using the Foundation's intellectual merit and broader impacts review criteria.]]></AbstractNarration>
<MinAmdLetterDate>06/13/2019</MinAmdLetterDate>
<MaxAmdLetterDate>06/13/2019</MaxAmdLetterDate>
<ARRAAmount/>
<TRAN_TYPE>Grant</TRAN_TYPE>
<CFDA_NUM>47.049</CFDA_NUM>
<NSF_PAR_USE_FLAG>1</NSF_PAR_USE_FLAG>
<FUND_AGCY_CODE>4900</FUND_AGCY_CODE>
<AWDG_AGCY_CODE>4900</AWDG_AGCY_CODE>
<AwardID>1900271</AwardID>
<Investigator>
<FirstName>Abraham</FirstName>
<LastName>Badu-Tawiah</LastName>
<PI_MID_INIT>K</PI_MID_INIT>
<PI_SUFX_NAME/>
<PI_FULL_NAME>Abraham K Badu-Tawiah</PI_FULL_NAME>
<EmailAddress><![CDATA[badu-tawiah.1@osu.edu]]></EmailAddress>
<NSF_ID>000677702</NSF_ID>
<StartDate>06/13/2019</StartDate>
<EndDate/>
<RoleCode>Principal Investigator</RoleCode>
</Investigator>
<Institution>
<Name><![CDATA[Ohio State University]]></Name>
<CityName>COLUMBUS</CityName>
<ZipCode>432101016</ZipCode>
<PhoneNumber>6146888735</PhoneNumber>
<StreetAddress><![CDATA[1960 KENNY RD]]></StreetAddress>
<StreetAddress2/>
<CountryName>United States</CountryName>
<StateName>Ohio</StateName>
<StateCode>OH</StateCode>
<CONGRESSDISTRICT>03</CONGRESSDISTRICT>
<CONGRESS_DISTRICT_ORG>OH03</CONGRESS_DISTRICT_ORG>
<ORG_UEI_NUM>DLWBSLWAJWR1</ORG_UEI_NUM>
<ORG_LGL_BUS_NAME>OHIO STATE UNIVERSITY, THE</ORG_LGL_BUS_NAME>
<ORG_PRNT_UEI_NUM>MN4MDDMN8529</ORG_PRNT_UEI_NUM>
</Institution>
<Performance_Institution>
<Name><![CDATA[The Ohio State University]]></Name>
<CityName>Columbus</CityName>
<StateCode>OH</StateCode>
<ZipCode>432101016</ZipCode>
<StreetAddress><![CDATA[100 W. 18th Ave.]]></StreetAddress>
<CountryCode>US</CountryCode>
<CountryName>United States</CountryName>
<StateName>Ohio</StateName>
<CountryFlag>1</CountryFlag>
<CONGRESSDISTRICT>03</CONGRESSDISTRICT>
<CONGRESS_DISTRICT_PERF>OH03</CONGRESS_DISTRICT_PERF>
</Performance_Institution>
<ProgramElement>
<Code>6880</Code>
<Text>Chemical Measurement &amp; Imaging</Text>
</ProgramElement>
<ProgramElement>
<Code>9102</Code>
<Text>Chem Struct,Dynmcs&amp;Mechansms B</Text>
</ProgramElement>
<ProgramReference>
<Code>8650</Code>
<Text>Sustainable Chemistry</Text>
</ProgramReference>
<Appropriation>
<Code>0119</Code>
<Name>NSF RESEARCH &amp; RELATED ACTIVIT</Name>
<APP_SYMB_ID>040100</APP_SYMB_ID>
</Appropriation>
<Fund>
<Code>01001920DB</Code>
<Name><![CDATA[NSF RESEARCH & RELATED ACTIVIT]]></Name>
<FUND_SYMB_ID>040100</FUND_SYMB_ID>
</Fund>
<FUND_OBLG>2019~450000</FUND_OBLG>
<POR>
<DRECONTENT><![CDATA[<div class="porColContainerWBG"> <div class="porContentCol"><p>Overall, by the end of Year 3, this project had explored all phases of medium for which chemical reaction is possible, including solution-phase, droplet-phase, plasma-droplet phase, and gas-phase. We have shown that chemical reactions can be combined with the analysis of various analytes during online mass spectrometry, ranging from large biomolecular proteins, peptides, small organic molecules, and lipids. We have created a multitude analytical devices that made possible the selected chemical reactions. A prototype of the contained nESI/APCI source is under development. The capabilities of the contained-ESI source have been greatly improved allowing this reactive source to cover a range of different chemical reactions. Lastly, we have invented the new concept of panoptic mass spectrometry that is related to the creation of a four-quadrant mass spectrometry approach. This approach allows anodic and cathodic electrocatalytic experiments to be performed independently of the mode of operation of the mass spectrometers. This enables detailed mechanistic investigations that are not possible on the traditional electrochemical mass spectrometry experiments where the electrochemical cell is intimately linked to the mass analyzer.</p> <p class="Pa4">Within the past three years, we published 12 papers, including Kulyk, D.S.; Swiner, D.J.; Sahraeian, T.; Badu-Tawiah, A.K. <em>Anal. Chem.</em>, <strong>2019</strong>, <em>91</em>(18), 11562-11568; Miller, C.; Burris, B.; Badu-Tawiah, A.K. <em>J. Am. Soc. Mass Spectrom.,</em> <strong>2020, </strong>31, 1499?1508; Chintalapudi, K.; Badu-Tawiah, A.K. <em>Chem. Sci.,</em> <strong>2020, </strong>11, 9891; Kulyk, D.S.; Amoah, E.; Badu-Tawiah, A.K. <em>Anal. Chem., </em><strong>2020</strong>, 92, 15025?15033; Lee, S.; Kulyk, D.S.; Marano, N.; Badu-Tawiah, A.K. <em>Anal. Chem. </em><strong>2021</strong>, 93, 4, 2440; Frey, B.S.; Damon, D.; Allen, D.M.; Baker, J.; Asamoah, S.; Badu-Tawiah, A.K. <em>Analyst</em>,&nbsp;<strong>2021</strong>, 146, 6780 ? 6787; Heiss, D.R.; Badu-Tawiah, A.K. <em>Anal. Chem.</em>,&nbsp;<strong>2021</strong>, 93, 50, 16779?16786; Kulyk, D.S.; Sahraeian, T.; Lee, S.; Badu-Tawiah, A.K. <em>Analytical Chemistry,&nbsp;</em><strong>2021</strong><strong>,&nbsp;</strong>93,&nbsp;13632?13640; Burris, B.J.; Badu-Tawiah, A.K. <em>Anal. Chem.,&nbsp;</em><strong>2021,&nbsp;</strong>93, 13001?13007; Swiner, D.J.; Kulyk, D.S.; Osae, H.; Durisek, G.R.; Badu-Tawiah, A.K.&nbsp;<em>Anal. Chem.</em>&nbsp;<strong>2022,</strong>&nbsp;94, 5, 2358?2365; Frey, B.S.; Heiss, D.R.; Badu-Tawiah, A.K. <em>Anal. Chem.</em>&nbsp;<strong>2022,&nbsp;</strong>94, 10, 4417?4425; Frey, B.S.; Damon, D.E.; Badu-Tawiah, A.K. <em>Anal. Chem.</em>,&nbsp;<strong>2022</strong>&nbsp;DOI:10.1021/acs.analchem.2c00711</p> <p>In 2021, the PI was able to graduate nine (9) PhD students, many of whom were directly or indirectly involved in this project, including Dr. Sierra Jackson, Dr. Devin Swiner, Dr. Suji Lee, Dr. Benji Frey, Dr. Kavyasree Chintalapudi, Dr. Savithra Jayaraj, Dr. Ben Burris, Dr. Derik Heiss, and Dr. Mickey Rogers. The Badu-Tawiah research group offers student training at all levels, including postdoctoral, graduate, undergraduate, high school, and middle school educational experiences. This unique opportunity is possible because of the simplicity of our experiments involving inexpensive home-made devices, which mitigates the risk of working with novice.</p> <p>After returning from COVID lockdown in 2021, 14 undergraduate researchers (Nicholas Marano, Jill Baker, Danyelle M. Allen, Samuel Asamoah, George R. Durisek III, Bridgette Agbodza, Ashley S. Thomas, Trae Wilson, Michelle Maina, Nava Ramazanali, Hannah Osae, Maia Bates, Leah Walsh,<span style="text-decoration: underline;"> </span>&nbsp;and Anna Nordmann) and two (2) researchers from a local high school (Solomon Lisath and Anish Gupta, both from St. Charles Preparatory School, Columbus, Ohio) participated in research activities directly related to the specific objectives of the project. Ten (10) of the undergraduate advisees (71%) were female and seven (50%; Samuel Asamoah, Bridgette Agbodza, Ashley S. Thomas, Trae Wilson, Michelle Maina, Hannah Osae, and Maia Bates) were African American.<strong><em> </em></strong>We are able to recruit underrepresented minorities because of our ?Science-in-Reverse? educational program in which the PI uses his own example and progress as a mirror image for students.<strong> </strong>We pay special attention to the needs of minorities; we employ a hierarchical engagement approach where students at a higher educational level engage the next lower level. Most of the undergraduate researchers worked in regular school year but about 40% of them participated in intensive 10-week research internship programs organized in the PI?s laboratory during the summer months and were supported by LSAMP (Louis Stokes Alliance Minority Partnership), a local OSU <em>MUSE (Mentoring Undergraduate Scholars for Excellence) program, and<strong> </strong></em>project funds from this grant. By participating in interdisciplinary research at the interface of organic chemistry, analytical chemistry, and biomedicine, the students gain critical thinking, problem solving, and effective communication skills as well as hands-on experience with cutting edge research techniques. Students who participate in the summer research program worked independently but also within a research team having a common goal, which provided considerable opportunities for informal discussion of the results between the students and exposure to scientific research in a highly collaborative environment.</p> <p class="Pa4">&nbsp;</p> <p>&nbsp;</p><br> <p>            Last Modified: 07/06/2022<br>      Modified by: Abraham&nbsp;K&nbsp;Badu-Tawiah</p> </div> <div class="porSideCol"></div> </div>]]></DRECONTENT>
<POR_COPY_TXT><![CDATA[ Overall, by the end of Year 3, this project had explored all phases of medium for which chemical reaction is possible, including solution-phase, droplet-phase, plasma-droplet phase, and gas-phase. We have shown that chemical reactions can be combined with the analysis of various analytes during online mass spectrometry, ranging from large biomolecular proteins, peptides, small organic molecules, and lipids. We have created a multitude analytical devices that made possible the selected chemical reactions. A prototype of the contained nESI/APCI source is under development. The capabilities of the contained-ESI source have been greatly improved allowing this reactive source to cover a range of different chemical reactions. Lastly, we have invented the new concept of panoptic mass spectrometry that is related to the creation of a four-quadrant mass spectrometry approach. This approach allows anodic and cathodic electrocatalytic experiments to be performed independently of the mode of operation of the mass spectrometers. This enables detailed mechanistic investigations that are not possible on the traditional electrochemical mass spectrometry experiments where the electrochemical cell is intimately linked to the mass analyzer. Within the past three years, we published 12 papers, including Kulyk, D.S.; Swiner, D.J.; Sahraeian, T.; Badu-Tawiah, A.K. Anal. Chem., 2019, 91(18), 11562-11568; Miller, C.; Burris, B.; Badu-Tawiah, A.K. J. Am. Soc. Mass Spectrom., 2020, 31, 1499?1508; Chintalapudi, K.; Badu-Tawiah, A.K. Chem. Sci., 2020, 11, 9891; Kulyk, D.S.; Amoah, E.; Badu-Tawiah, A.K. Anal. Chem., 2020, 92, 15025?15033; Lee, S.; Kulyk, D.S.; Marano, N.; Badu-Tawiah, A.K. Anal. Chem. 2021, 93, 4, 2440; Frey, B.S.; Damon, D.; Allen, D.M.; Baker, J.; Asamoah, S.; Badu-Tawiah, A.K. Analyst, 2021, 146, 6780 ? 6787; Heiss, D.R.; Badu-Tawiah, A.K. Anal. Chem., 2021, 93, 50, 16779?16786; Kulyk, D.S.; Sahraeian, T.; Lee, S.; Badu-Tawiah, A.K. Analytical Chemistry, 2021, 93, 13632?13640; Burris, B.J.; Badu-Tawiah, A.K. Anal. Chem., 2021, 93, 13001?13007; Swiner, D.J.; Kulyk, D.S.; Osae, H.; Durisek, G.R.; Badu-Tawiah, A.K. Anal. Chem. 2022, 94, 5, 2358?2365; Frey, B.S.; Heiss, D.R.; Badu-Tawiah, A.K. Anal. Chem. 2022, 94, 10, 4417?4425; Frey, B.S.; Damon, D.E.; Badu-Tawiah, A.K. Anal. Chem., 2022 DOI:10.1021/acs.analchem.2c00711  In 2021, the PI was able to graduate nine (9) PhD students, many of whom were directly or indirectly involved in this project, including Dr. Sierra Jackson, Dr. Devin Swiner, Dr. Suji Lee, Dr. Benji Frey, Dr. Kavyasree Chintalapudi, Dr. Savithra Jayaraj, Dr. Ben Burris, Dr. Derik Heiss, and Dr. Mickey Rogers. The Badu-Tawiah research group offers student training at all levels, including postdoctoral, graduate, undergraduate, high school, and middle school educational experiences. This unique opportunity is possible because of the simplicity of our experiments involving inexpensive home-made devices, which mitigates the risk of working with novice.  After returning from COVID lockdown in 2021, 14 undergraduate researchers (Nicholas Marano, Jill Baker, Danyelle M. Allen, Samuel Asamoah, George R. Durisek III, Bridgette Agbodza, Ashley S. Thomas, Trae Wilson, Michelle Maina, Nava Ramazanali, Hannah Osae, Maia Bates, Leah Walsh,  and Anna Nordmann) and two (2) researchers from a local high school (Solomon Lisath and Anish Gupta, both from St. Charles Preparatory School, Columbus, Ohio) participated in research activities directly related to the specific objectives of the project. Ten (10) of the undergraduate advisees (71%) were female and seven (50%; Samuel Asamoah, Bridgette Agbodza, Ashley S. Thomas, Trae Wilson, Michelle Maina, Hannah Osae, and Maia Bates) were African American. We are able to recruit underrepresented minorities because of our ?Science-in-Reverse? educational program in which the PI uses his own example and progress as a mirror image for students. We pay special attention to the needs of minorities; we employ a hierarchical engagement approach where students at a higher educational level engage the next lower level. Most of the undergraduate researchers worked in regular school year but about 40% of them participated in intensive 10-week research internship programs organized in the PI?s laboratory during the summer months and were supported by LSAMP (Louis Stokes Alliance Minority Partnership), a local OSU MUSE (Mentoring Undergraduate Scholars for Excellence) program, and project funds from this grant. By participating in interdisciplinary research at the interface of organic chemistry, analytical chemistry, and biomedicine, the students gain critical thinking, problem solving, and effective communication skills as well as hands-on experience with cutting edge research techniques. Students who participate in the summer research program worked independently but also within a research team having a common goal, which provided considerable opportunities for informal discussion of the results between the students and exposure to scientific research in a highly collaborative environment.            Last Modified: 07/06/2022       Submitted by: Abraham K Badu-Tawiah]]></POR_COPY_TXT>
</POR>
</Award>
</rootTag>
