<?xml version="1.0" encoding="UTF-8"?>
<rootTag>
<Award>
<AwardTitle><![CDATA[Banach Spaces with a Focus on Sobolev-Style Spaces, Frame Theory, and Quantum Graphs]]></AwardTitle>
<AGENCY>NSF</AGENCY>
<AwardEffectiveDate>07/01/2019</AwardEffectiveDate>
<AwardExpirationDate>06/30/2024</AwardExpirationDate>
<AwardTotalIntnAmount>154264.00</AwardTotalIntnAmount>
<AwardAmount>154264</AwardAmount>
<AwardInstrument>
<Value>Standard Grant</Value>
</AwardInstrument>
<Organization>
<Code>03040000</Code>
<Directorate>
<Abbreviation>MPS</Abbreviation>
<LongName>Direct For Mathematical &amp; Physical Scien</LongName>
</Directorate>
<Division>
<Abbreviation>DMS</Abbreviation>
<LongName>Division Of Mathematical Sciences</LongName>
</Division>
</Organization>
<ProgramOfficer>
<SignBlockName>Marian Bocea</SignBlockName>
<PO_EMAI>mbocea@nsf.gov</PO_EMAI>
<PO_PHON>7032922595</PO_PHON>
</ProgramOfficer>
<AbstractNarration><![CDATA[Banach spaces are a useful and powerful abstract framework to understand real-world data such as images, sound, or experimental results, and they do so in at least two different levels. First, for a particular instance of data, a Banach space provides a way to rigorously quantify various characteristics of that data. At a second level of abstraction, studying the structure of the whole space consisting of all possible instances of data has been crucial to the solution of certain problems, such as the prediction of the future behavior of the system being modeled. For this project, the spaces under consideration come from both signal processing (which deals with the problem of storing information about an object by considering it as a sum of simpler ones) and Quantum Information Science (which studies a mathematical framework for communications where one can encode information not as a string of 0s and 1s as today's computers do, but rather in the state of a quantum-mechanical system). The PI seeks to advance the knowledge of some spaces coming from the two aforementioned practical settings -- as well as related analytical considerations -- via fundamental research, including research conducted by undergraduate students under the PI's supervision. In addition, through his outreach and mentoring of postdocs, the PI will contribute to growing and diversifying the group of students and researchers in STEM fields.&lt;br/&gt;&lt;br/&gt;The project is divided into three parts. The first is inspired by an uncertainty principle in time-frequency analysis, which is related to Sobolev-style inequalities and spaces associated to finite graphs endowed with an extra "magnetic" structure. The name comes from the fact that the presence of a magnetic potential in some quantum-mechanical models of bonds between atoms is modeled not just with a graph, but also with an additional assignment of a complex number of modulus one to each edge of the graph. The second part of the project seeks to generalize the theory of frames, i.e. overcomplete bases, from the Hilbert space setting to the general Banach space one, where we no longer enjoy the advantages of having a large group of symmetries. Significant work has already been done in this direction, but mostly in the infinite-dimensional setting, and the PI will continue developing the nascent theory of frames on finite-dimensional Banach spaces. The third part is focused on quantum graphs, which are linear spaces of complex-valued matrices that come from Quantum Information Theory and can be considered as generalizations of classical combinatorial graphs. The PI will investigate quantum versions of a variety of classical results in graph theory, particularly those related to the aforementioned Sobolev-style inequalities.&lt;br/&gt;&lt;br/&gt;This award reflects NSF's statutory mission and has been deemed worthy of support through evaluation using the Foundation's intellectual merit and broader impacts review criteria.]]></AbstractNarration>
<MinAmdLetterDate>06/21/2019</MinAmdLetterDate>
<MaxAmdLetterDate>05/02/2023</MaxAmdLetterDate>
<ARRAAmount/>
<TRAN_TYPE>Grant</TRAN_TYPE>
<CFDA_NUM>47.049</CFDA_NUM>
<NSF_PAR_USE_FLAG>1</NSF_PAR_USE_FLAG>
<FUND_AGCY_CODE>4900</FUND_AGCY_CODE>
<AWDG_AGCY_CODE>4900</AWDG_AGCY_CODE>
<AwardID>1900985</AwardID>
<Investigator>
<FirstName>Javier</FirstName>
<LastName>Chavez-Dominguez</LastName>
<PI_MID_INIT>A</PI_MID_INIT>
<PI_SUFX_NAME/>
<PI_FULL_NAME>Javier A Chavez-Dominguez</PI_FULL_NAME>
<EmailAddress><![CDATA[jachavezd@ou.edu]]></EmailAddress>
<NSF_ID>000654150</NSF_ID>
<StartDate>06/21/2019</StartDate>
<EndDate/>
<RoleCode>Principal Investigator</RoleCode>
</Investigator>
<Institution>
<Name><![CDATA[University of Oklahoma Norman Campus]]></Name>
<CityName>NORMAN</CityName>
<ZipCode>730193003</ZipCode>
<PhoneNumber>4053254757</PhoneNumber>
<StreetAddress><![CDATA[660 PARRINGTON OVAL RM 301]]></StreetAddress>
<StreetAddress2/>
<CountryName>United States</CountryName>
<StateName>Oklahoma</StateName>
<StateCode>OK</StateCode>
<CONGRESSDISTRICT>04</CONGRESSDISTRICT>
<CONGRESS_DISTRICT_ORG>OK04</CONGRESS_DISTRICT_ORG>
<ORG_UEI_NUM>EVTSTTLCEWS5</ORG_UEI_NUM>
<ORG_LGL_BUS_NAME>UNIVERSITY OF OKLAHOMA</ORG_LGL_BUS_NAME>
<ORG_PRNT_UEI_NUM/>
</Institution>
<Performance_Institution>
<Name><![CDATA[University of Oklahoma Norman Campus]]></Name>
<CityName>Norman</CityName>
<StateCode>OK</StateCode>
<ZipCode>730193103</ZipCode>
<StreetAddress><![CDATA[601 Elm Avenue, Room 1018]]></StreetAddress>
<CountryCode>US</CountryCode>
<CountryName>United States</CountryName>
<StateName>Oklahoma</StateName>
<CountryFlag>1</CountryFlag>
<CONGRESSDISTRICT>04</CONGRESSDISTRICT>
<CONGRESS_DISTRICT_PERF>OK04</CONGRESS_DISTRICT_PERF>
</Performance_Institution>
<ProgramElement>
<Code>1281</Code>
<Text>ANALYSIS PROGRAM</Text>
</ProgramElement>
<ProgramReference>
<Code>7203</Code>
<Text>QUANTUM INFORMATION SCIENCE</Text>
</ProgramReference>
<ProgramReference>
<Code>9150</Code>
<Text>EXP PROG TO STIM COMP RES</Text>
</ProgramReference>
<Appropriation>
<Code>0119</Code>
<Name>NSF RESEARCH &amp; RELATED ACTIVIT</Name>
<APP_SYMB_ID>040100</APP_SYMB_ID>
</Appropriation>
<Fund>
<Code>01001920DB</Code>
<Name><![CDATA[NSF RESEARCH & RELATED ACTIVIT]]></Name>
<FUND_SYMB_ID>040100</FUND_SYMB_ID>
</Fund>
<FUND_OBLG>2019~154264</FUND_OBLG>
</Award>
</rootTag>
