<?xml version="1.0" encoding="UTF-8"?>
<rootTag>
<Award>
<AwardTitle><![CDATA[CIF: Medium: Delay, Reliability, Rate Tradeoffs in Wireless Broadcast Channels]]></AwardTitle>
<AGENCY>NSF</AGENCY>
<AwardEffectiveDate>07/01/2019</AwardEffectiveDate>
<AwardExpirationDate>06/30/2024</AwardExpirationDate>
<AwardTotalIntnAmount>3000000.00</AwardTotalIntnAmount>
<AwardAmount>1439805</AwardAmount>
<AwardInstrument>
<Value>Continuing Grant</Value>
</AwardInstrument>
<Organization>
<Code>05010000</Code>
<Directorate>
<Abbreviation>CSE</Abbreviation>
<LongName>Direct For Computer &amp; Info Scie &amp; Enginr</LongName>
</Directorate>
<Division>
<Abbreviation>CCF</Abbreviation>
<LongName>Division of Computing and Communication Foundations</LongName>
</Division>
</Organization>
<ProgramOfficer>
<SignBlockName>Phillip Regalia</SignBlockName>
<PO_EMAI>pregalia@nsf.gov</PO_EMAI>
<PO_PHON>7032922981</PO_PHON>
</ProgramOfficer>
<AbstractNarration><![CDATA[Greater demands are being placed on our wireless networks: not only must they support a growing number of voice and data applications where data rate is of prime importance, but wireless networks are also increasingly being used in delay- and reliability-sensitive technologies including tele-medicine, tele-conferencing, interactive-gaming, and sending delay-sensitive control information for spectrum sharing, real-time energy management, and autonomous vehicles. However, arbitrarily high data rates, low delays and high reliabilities cannot be achieved simultaneously over noisy and time-varying wireless channels. This research will seek to characterize, in a technology-agnostic manner, the fundamental (Delay, Reliability, Rate) tradeoffs in communications over the last-hop of wireless networks, where one base-station wishes to communicate independent messages to many users. The results will provide fundamental performance benchmarks and algorithmic prototypes for industries working towards these ambitious goals. The project also seeks to broaden participation through activities designed to increase enrollment and engagement of students from under-represented groups in computing.&lt;br/&gt;&lt;br/&gt;The (Delay, Reliability, Rate) tradeoffs will be characterized from information and communication theoretic perspectives. From an information theoretic perspective, the capacity region has long been the central focus, characterizing the number of messages that can be reliably (with vanishingly small probability of error) be communicated to the users simultaneously as the number of channel uses (and hence delay) tends to infinity. Such metrics ignore latency constraints present in practical systems. This research aims to characterize the set of messages that can be communicated to each user in a broadcast setting when the delay is finite and one tolerates some error. Transmission schemes must be carefully re-thought to incorporate these latency and reliability constraints, in particular when the channels to the users change over time as in a wireless channel. The information theoretic study will be complemented by more practically motivated communication theoretic (Delay Reliability, Rate) tradeoffs for the tractable multi-layer erasure channel (that extends simple erasure channels studied in the communications and networking communities) and then the practically relevant Gaussian fading broadcast channel.&lt;br/&gt;&lt;br/&gt;This award reflects NSF's statutory mission and has been deemed worthy of support through evaluation using the Foundation's intellectual merit and broader impacts review criteria.]]></AbstractNarration>
<MinAmdLetterDate>04/26/2019</MinAmdLetterDate>
<MaxAmdLetterDate>06/10/2022</MaxAmdLetterDate>
<ARRAAmount/>
<TRAN_TYPE>Grant</TRAN_TYPE>
<CFDA_NUM>47.070</CFDA_NUM>
<NSF_PAR_USE_FLAG>1</NSF_PAR_USE_FLAG>
<FUND_AGCY_CODE>4900</FUND_AGCY_CODE>
<AWDG_AGCY_CODE>4900</AWDG_AGCY_CODE>
<AwardID>1900911</AwardID>
<Investigator>
<FirstName>Daniela</FirstName>
<LastName>Tuninetti</LastName>
<PI_MID_INIT/>
<PI_SUFX_NAME/>
<PI_FULL_NAME>Daniela Tuninetti</PI_FULL_NAME>
<EmailAddress><![CDATA[danielat@uic.edu]]></EmailAddress>
<NSF_ID>000302799</NSF_ID>
<StartDate>04/26/2019</StartDate>
<EndDate/>
<RoleCode>Co-Principal Investigator</RoleCode>
</Investigator>
<Investigator>
<FirstName>Natasha</FirstName>
<LastName>Devroye</LastName>
<PI_MID_INIT/>
<PI_SUFX_NAME/>
<PI_FULL_NAME>Natasha Devroye</PI_FULL_NAME>
<EmailAddress><![CDATA[devroye@uic.edu]]></EmailAddress>
<NSF_ID>000524358</NSF_ID>
<StartDate>04/26/2019</StartDate>
<EndDate/>
<RoleCode>Principal Investigator</RoleCode>
</Investigator>
<Investigator>
<FirstName>Besma</FirstName>
<LastName>Smida</LastName>
<PI_MID_INIT/>
<PI_SUFX_NAME/>
<PI_FULL_NAME>Besma Smida</PI_FULL_NAME>
<EmailAddress><![CDATA[smida@uic.edu]]></EmailAddress>
<NSF_ID>000583749</NSF_ID>
<StartDate>04/26/2019</StartDate>
<EndDate/>
<RoleCode>Co-Principal Investigator</RoleCode>
</Investigator>
<Institution>
<Name>University of Illinois at Chicago</Name>
<CityName>CHICAGO</CityName>
<ZipCode>606124305</ZipCode>
<PhoneNumber>3129962862</PhoneNumber>
<StreetAddress>809 S MARSHFIELD AVE M/C 551</StreetAddress>
<StreetAddress2/>
<CountryName>United States</CountryName>
<StateName>Illinois</StateName>
<StateCode>IL</StateCode>
<CONGRESSDISTRICT>07</CONGRESSDISTRICT>
<CONGRESS_DISTRICT_ORG>IL07</CONGRESS_DISTRICT_ORG>
<ORG_UEI_NUM>W8XEAJDKMXH3</ORG_UEI_NUM>
<ORG_LGL_BUS_NAME>UNIVERSITY OF ILLINOIS</ORG_LGL_BUS_NAME>
<ORG_PRNT_UEI_NUM/>
</Institution>
<Performance_Institution>
<Name><![CDATA[University of Illinois at Chicago]]></Name>
<CityName>Chicago</CityName>
<StateCode>IL</StateCode>
<ZipCode>606077053</ZipCode>
<StreetAddress><![CDATA[851 S. Morgan St. M/C 154]]></StreetAddress>
<CountryCode>US</CountryCode>
<CountryName>United States</CountryName>
<StateName>Illinois</StateName>
<CountryFlag>1</CountryFlag>
<CONGRESSDISTRICT>07</CONGRESSDISTRICT>
<CONGRESS_DISTRICT_PERF>IL07</CONGRESS_DISTRICT_PERF>
</Performance_Institution>
<ProgramElement>
<Code>055Y</Code>
<Text>CISE Education and Workforce</Text>
</ProgramElement>
<ProgramElement>
<Code>2878</Code>
<Text>Special Projects - CCF</Text>
</ProgramElement>
<ProgramElement>
<Code>7797</Code>
<Text>Comm &amp; Information Foundations</Text>
</ProgramElement>
<ProgramReference>
<Code>7482</Code>
<Text>BROADENING PARTIC IN COMPUTING</Text>
</ProgramReference>
<ProgramReference>
<Code>7924</Code>
<Text>MEDIUM PROJECT</Text>
</ProgramReference>
<ProgramReference>
<Code>7936</Code>
<Text>SIGNAL PROCESSING</Text>
</ProgramReference>
<ProgramReference>
<Code>9102</Code>
<Text>WOMEN, MINORITY, DISABLED, NEC</Text>
</ProgramReference>
<Appropriation>
<Code/>
<Name/>
<APP_SYMB_ID/>
</Appropriation>
<Appropriation>
<Code>0119</Code>
<Name>NSF RESEARCH &amp; RELATED ACTIVIT</Name>
<APP_SYMB_ID>040100</APP_SYMB_ID>
</Appropriation>
<Appropriation>
<Code>0120</Code>
<Name>NSF RESEARCH &amp; RELATED ACTIVIT</Name>
<APP_SYMB_ID>040100</APP_SYMB_ID>
</Appropriation>
<Fund>
<Code>01002223DB</Code>
<Name><![CDATA[NSF RESEARCH & RELATED ACTIVIT]]></Name>
<FUND_SYMB_ID>040100</FUND_SYMB_ID>
</Fund>
<Fund>
<Code>01001920DB</Code>
<Name><![CDATA[NSF RESEARCH & RELATED ACTIVIT]]></Name>
<FUND_SYMB_ID>040100</FUND_SYMB_ID>
</Fund>
<Fund>
<Code>01002021DB</Code>
<Name><![CDATA[NSF RESEARCH & RELATED ACTIVIT]]></Name>
<FUND_SYMB_ID>040100</FUND_SYMB_ID>
</Fund>
<FUND_OBLG>2019~293728</FUND_OBLG>
<FUND_OBLG>2020~906272</FUND_OBLG>
<FUND_OBLG>2022~239805</FUND_OBLG>
</Award>
</rootTag>
