<?xml version="1.0" encoding="UTF-8"?>
<rootTag>
<Award>
<AwardTitle><![CDATA[FET: Medium: Collaborative Research: Engineerable Molecular Computing: Flying like an Airplane, not like a Bird]]></AwardTitle>
<AGENCY>NSF</AGENCY>
<AwardEffectiveDate>07/15/2019</AwardEffectiveDate>
<AwardExpirationDate>06/30/2023</AwardExpirationDate>
<AwardTotalIntnAmount>400000.00</AwardTotalIntnAmount>
<AwardAmount>400000</AwardAmount>
<AwardInstrument>
<Value>Continuing Grant</Value>
</AwardInstrument>
<Organization>
<Code>05010000</Code>
<Directorate>
<Abbreviation>CSE</Abbreviation>
<LongName>Direct For Computer &amp; Info Scie &amp; Enginr</LongName>
</Directorate>
<Division>
<Abbreviation>CCF</Abbreviation>
<LongName>Division of Computing and Communication Foundations</LongName>
</Division>
</Organization>
<ProgramOfficer>
<SignBlockName>Mitra Basu</SignBlockName>
<PO_EMAI>mbasu@nsf.gov</PO_EMAI>
<PO_PHON>7032928649</PO_PHON>
</ProgramOfficer>
<AbstractNarration><![CDATA[Computation via chemical reactions is prevalent in biology as every cell performs sophisticated information processing on internal and external chemical signals. Engineering synthetic biochemical pathways that are likewise capable of decision-making will impact a range of applications in manufacturing, chemical sensing, and medicine. Work funded by this project constructs smart molecular systems using two novel paradigms that, although inspired by biology, are very different from evolved biological systems (analogously to how airplanes do not fly by flapping their wings). The success of this project will lead to a new understanding of how chemical reactions can perform information processing, and to a new generation of functional molecular devices. The educational and outreach activities funded by this project, in collaboration with the Association for Women in Mathematics, also address the serious problem of the low percentage of women in computer science research.&lt;br/&gt;&lt;br/&gt;Direct analysis and manipulation of molecular information (e.g., the information encoded in the concentrations of various molecules) is where molecular computing outcompetes its electronic counterparts. The project advances the computer science theory and experimental capability to engineer chemical information processing with nucleic acids (DNA) by two new paradigms: (1) molecular computation programmed by the stoichiometry of reactions (independent of reaction rates); (2) molecular computation programmed by a simple combinatorial model of thermodynamics. The new paradigms result in greater robustness and easier programmability than existing approaches. Also, in contrast to existing methods, this proposal will yield reusable molecular computation, whereby switching the input results in dynamically updating output.&lt;br/&gt;&lt;br/&gt;This award reflects NSF's statutory mission and has been deemed worthy of support through evaluation using the Foundation's intellectual merit and broader impacts review criteria.]]></AbstractNarration>
<MinAmdLetterDate>07/08/2019</MinAmdLetterDate>
<MaxAmdLetterDate>09/08/2021</MaxAmdLetterDate>
<ARRAAmount/>
<TRAN_TYPE>Grant</TRAN_TYPE>
<CFDA_NUM>47.070</CFDA_NUM>
<NSF_PAR_USE_FLAG>1</NSF_PAR_USE_FLAG>
<FUND_AGCY_CODE>4900</FUND_AGCY_CODE>
<AWDG_AGCY_CODE>4900</AWDG_AGCY_CODE>
<AwardID>1900931</AwardID>
<Investigator>
<FirstName>David</FirstName>
<LastName>Doty</LastName>
<PI_MID_INIT>S</PI_MID_INIT>
<PI_SUFX_NAME/>
<PI_FULL_NAME>David S Doty</PI_FULL_NAME>
<EmailAddress><![CDATA[doty@ucdavis.edu]]></EmailAddress>
<NSF_ID>000591166</NSF_ID>
<StartDate>07/08/2019</StartDate>
<EndDate/>
<RoleCode>Principal Investigator</RoleCode>
</Investigator>
<Institution>
<Name><![CDATA[University of California-Davis]]></Name>
<CityName>DAVIS</CityName>
<ZipCode>956186153</ZipCode>
<PhoneNumber>5307547700</PhoneNumber>
<StreetAddress><![CDATA[1850 RESEARCH PARK DR, STE 300]]></StreetAddress>
<StreetAddress2/>
<CountryName>United States</CountryName>
<StateName>California</StateName>
<StateCode>CA</StateCode>
<CONGRESSDISTRICT>04</CONGRESSDISTRICT>
<CONGRESS_DISTRICT_ORG>CA04</CONGRESS_DISTRICT_ORG>
<ORG_UEI_NUM>TX2DAGQPENZ5</ORG_UEI_NUM>
<ORG_LGL_BUS_NAME>UNIVERSITY OF CALIFORNIA, DAVIS</ORG_LGL_BUS_NAME>
<ORG_PRNT_UEI_NUM>NUDGYLBB4S99</ORG_PRNT_UEI_NUM>
</Institution>
<Performance_Institution>
<Name><![CDATA[University of California-Davis]]></Name>
<CityName>Davis</CityName>
<StateCode>CA</StateCode>
<ZipCode>956186134</ZipCode>
<StreetAddress><![CDATA[One Shields Ave]]></StreetAddress>
<CountryCode>US</CountryCode>
<CountryName>United States</CountryName>
<StateName>California</StateName>
<CountryFlag>1</CountryFlag>
<CONGRESSDISTRICT>04</CONGRESSDISTRICT>
<CONGRESS_DISTRICT_PERF>CA04</CONGRESS_DISTRICT_PERF>
</Performance_Institution>
<ProgramElement>
<Code>089Y</Code>
<Text>FET-Fndtns of Emerging Tech</Text>
</ProgramElement>
<ProgramReference>
<Code>7924</Code>
<Text>MEDIUM PROJECT</Text>
</ProgramReference>
<ProgramReference>
<Code>7931</Code>
<Text>COMPUTATIONAL BIOLOGY</Text>
</ProgramReference>
<Appropriation>
<Code>0119</Code>
<Name>NSF RESEARCH &amp; RELATED ACTIVIT</Name>
<APP_SYMB_ID>040100</APP_SYMB_ID>
</Appropriation>
<Appropriation>
<Code>0121</Code>
<Name>NSF RESEARCH &amp; RELATED ACTIVIT</Name>
<APP_SYMB_ID>040100</APP_SYMB_ID>
</Appropriation>
<Fund>
<Code>01001920DB</Code>
<Name><![CDATA[NSF RESEARCH & RELATED ACTIVIT]]></Name>
<FUND_SYMB_ID>040100</FUND_SYMB_ID>
</Fund>
<Fund>
<Code>01002122DB</Code>
<Name><![CDATA[NSF RESEARCH & RELATED ACTIVIT]]></Name>
<FUND_SYMB_ID>040100</FUND_SYMB_ID>
</Fund>
<FUND_OBLG>2019~221962</FUND_OBLG>
<FUND_OBLG>2021~178038</FUND_OBLG>
<POR>
<DRECONTENT><![CDATA[<div class="porColContainerWBG"> <div class="porContentCol"><p>**Intellectual Merit:**&nbsp;<br />The intellectual merit of this proposal lies in developing new systematic ways of programming smart molecular systems. For the existing technology of DNA strand displacement cascades, new methods of programming computation using reaction stoichiometry were theoretically analyzed and experimentally implemented. Going beyond strand displacement cascades, behavior was systematically programmed by the design of thermodynamic equilibria rather than the kinetic pathway, and DNA systems were engineered such that fast kinetic pathways automatically exist. Importantly, in contrast with existing methods, this proposal resulted in reusable molecular computation, where switching the input results in dynamically updating output.<br />Significant work was accomplished in both thrusts of the proposal (1) Stoichiometric analog computation with chemical reactions, and (2) Molecular algorithms programmed by thermodynamic binding networks. Several conjectures from each aim were proven, which were disseminated to the broader research community in peer-reviewed conference and journal publications. In addition, some experimental results were obtained in each thrust, which the PIs are currently preparing for submission to journals.</p> <p><br />**Broader Impacts:** The proposal's approach treats chemical systems as information-rich and programmable, thus requiring an approach founded on the information sciences. The proposed research brought the fields of chemistry, biology, and computer science closer to each other intellectually. For example, understanding how efficient information processing is possible in the insufficiently ordered world of chemistry generalizes to electronic computing in settings lacking the defined memory space and synchrony of the von Neumann architecture (i.e., the domain of distributed computing). The exciting applications of smart molecular systems in medicine exemplify the direct way in which molecular algorithms in the models studied here could benefit society (molecular algorithms for identifying and curing diseases.)</p> <p><br />The project also contributed to the development of undergraduate and graduate courses, which will train students in applying the principles of computer science and electrical engineering to traditionally incompatible domains. The PI participated in the AvenueE and VIP research programs at UC Davis as part of the project, programs respectively for helping community college transfer students to be mentored by faculty and getting involved in research.</p><br> <p>            Last Modified: 07/04/2023<br>      Modified by: David&nbsp;S&nbsp;Doty</p> </div> <div class="porSideCol"></div> </div>]]></DRECONTENT>
<POR_COPY_TXT><![CDATA[ **Intellectual Merit:**  The intellectual merit of this proposal lies in developing new systematic ways of programming smart molecular systems. For the existing technology of DNA strand displacement cascades, new methods of programming computation using reaction stoichiometry were theoretically analyzed and experimentally implemented. Going beyond strand displacement cascades, behavior was systematically programmed by the design of thermodynamic equilibria rather than the kinetic pathway, and DNA systems were engineered such that fast kinetic pathways automatically exist. Importantly, in contrast with existing methods, this proposal resulted in reusable molecular computation, where switching the input results in dynamically updating output. Significant work was accomplished in both thrusts of the proposal (1) Stoichiometric analog computation with chemical reactions, and (2) Molecular algorithms programmed by thermodynamic binding networks. Several conjectures from each aim were proven, which were disseminated to the broader research community in peer-reviewed conference and journal publications. In addition, some experimental results were obtained in each thrust, which the PIs are currently preparing for submission to journals.   **Broader Impacts:** The proposal's approach treats chemical systems as information-rich and programmable, thus requiring an approach founded on the information sciences. The proposed research brought the fields of chemistry, biology, and computer science closer to each other intellectually. For example, understanding how efficient information processing is possible in the insufficiently ordered world of chemistry generalizes to electronic computing in settings lacking the defined memory space and synchrony of the von Neumann architecture (i.e., the domain of distributed computing). The exciting applications of smart molecular systems in medicine exemplify the direct way in which molecular algorithms in the models studied here could benefit society (molecular algorithms for identifying and curing diseases.)   The project also contributed to the development of undergraduate and graduate courses, which will train students in applying the principles of computer science and electrical engineering to traditionally incompatible domains. The PI participated in the AvenueE and VIP research programs at UC Davis as part of the project, programs respectively for helping community college transfer students to be mentored by faculty and getting involved in research.       Last Modified: 07/04/2023       Submitted by: David S Doty]]></POR_COPY_TXT>
</POR>
</Award>
</rootTag>
