<?xml version="1.0" encoding="UTF-8"?>
<rootTag>
<Award>
<AwardTitle><![CDATA[Research Initiation Award: Predictive Models for Wind-Penetrated Power Systems Using Bayesian Approach]]></AwardTitle>
<AGENCY>NSF</AGENCY>
<AwardEffectiveDate>04/15/2019</AwardEffectiveDate>
<AwardExpirationDate>03/31/2024</AwardExpirationDate>
<AwardTotalIntnAmount>275420.00</AwardTotalIntnAmount>
<AwardAmount>275420</AwardAmount>
<AwardInstrument>
<Value>Standard Grant</Value>
</AwardInstrument>
<Organization>
<Code>11060000</Code>
<Directorate>
<Abbreviation>EDU</Abbreviation>
<LongName>Directorate for STEM Education</LongName>
</Directorate>
<Division>
<Abbreviation>EES</Abbreviation>
<LongName>Div. of Equity for Excellence in STEM</LongName>
</Division>
</Organization>
<ProgramOfficer>
<SignBlockName>Joyce Belcher</SignBlockName>
<PO_EMAI>jbelcher@nsf.gov</PO_EMAI>
<PO_PHON>7032928221</PO_PHON>
</ProgramOfficer>
<AbstractNarration><![CDATA[Research Initiation Awards provide support for junior and mid-career faculty at Historically Black Colleges and Universities who are building new research programs or redirecting and rebuilding existing research programs. It is expected that the award helps to further the faculty member's research capability and effectiveness, improves research and teaching at the home institution, and involves undergraduate students in research experiences. The award to the University of the District of Columbia has potential broader impacts in a number of areas. The goal of this project is to develop the concept, model, simulate, and characterize a novel framework for predictive wind speed and wind-penetrated power systems making use of less precise existing models and associated outcomes. This will make important contributions to improving the methodology of probabilistic renewable energy forecasts.&lt;br/&gt;&lt;br/&gt;The goal of the research is to develop a novel Bayesian approach to take into account the uncertainties inherent in the wind speed models due to variation among the locations of the wind turbines on a wind farm in a wind-penetrated power system; wind blow angle of attack at the hubs of the turbines in a wind farm; and variation among the distances between multiple dependent correlated wind farms and random loads in a wind-penetrated power system, simultaneously. Bayesian information will result in better decisions while it improves the characterization of wind speeds as it has lower variance in estimates, as well as less bias. The result will be better utilization of wind resources and less reliance on the need for thermal capacity  to be in service to compensate for wind variability. Furthermore, the goal is to present the application of proposed approaches to well-known power system problems such as stochastic economic dispatch, linearized AC optimal power flow, and security constraint unit commitment.&lt;br/&gt;&lt;br/&gt;This award reflects NSF's statutory mission and has been deemed worthy of support through evaluation using the Foundation's intellectual merit and broader impacts review criteria.]]></AbstractNarration>
<MinAmdLetterDate>03/18/2019</MinAmdLetterDate>
<MaxAmdLetterDate>03/18/2019</MaxAmdLetterDate>
<ARRAAmount/>
<TRAN_TYPE>Grant</TRAN_TYPE>
<CFDA_NUM>47.076</CFDA_NUM>
<NSF_PAR_USE_FLAG>1</NSF_PAR_USE_FLAG>
<FUND_AGCY_CODE>4900</FUND_AGCY_CODE>
<AWDG_AGCY_CODE>4900</AWDG_AGCY_CODE>
<AwardID>1900462</AwardID>
<Investigator>
<FirstName>Amir Hossein</FirstName>
<LastName>Shahirinia</LastName>
<PI_MID_INIT/>
<PI_SUFX_NAME/>
<PI_FULL_NAME>Amir Hossein Shahirinia</PI_FULL_NAME>
<EmailAddress><![CDATA[amir.shahirinia@udc.edu]]></EmailAddress>
<NSF_ID>000757196</NSF_ID>
<StartDate>03/18/2019</StartDate>
<EndDate/>
<RoleCode>Principal Investigator</RoleCode>
</Investigator>
<Institution>
<Name><![CDATA[University of the District of Columbia]]></Name>
<CityName>WASHINGTON</CityName>
<ZipCode>200081122</ZipCode>
<PhoneNumber>2022746260</PhoneNumber>
<StreetAddress><![CDATA[4200 CONNECTICUT AVE NW BLDG 39]]></StreetAddress>
<StreetAddress2/>
<CountryName>United States</CountryName>
<StateName>District of Columbia</StateName>
<StateCode>DC</StateCode>
<CONGRESSDISTRICT>00</CONGRESSDISTRICT>
<CONGRESS_DISTRICT_ORG>DC00</CONGRESS_DISTRICT_ORG>
<ORG_UEI_NUM>NLULJV36KE96</ORG_UEI_NUM>
<ORG_LGL_BUS_NAME>UNIVERSITY OF THE DISTRICT OF COLUMBIA</ORG_LGL_BUS_NAME>
<ORG_PRNT_UEI_NUM/>
</Institution>
<Performance_Institution>
<Name><![CDATA[University of the District of Columbia]]></Name>
<CityName>Washington, DC</CityName>
<StateCode>DC</StateCode>
<ZipCode>200081122</ZipCode>
<StreetAddress><![CDATA[4200 Connecticut Ave., NW Bldg 4]]></StreetAddress>
<CountryCode>US</CountryCode>
<CountryName>United States</CountryName>
<StateName>District of Columbia</StateName>
<CountryFlag>1</CountryFlag>
<CONGRESSDISTRICT>00</CONGRESSDISTRICT>
<CONGRESS_DISTRICT_PERF>DC00</CONGRESS_DISTRICT_PERF>
</Performance_Institution>
<ProgramElement>
<Code>1594</Code>
<Text>Hist Black Colleges and Univ</Text>
</ProgramElement>
<ProgramReference>
<Code>9178</Code>
<Text>UNDERGRADUATE EDUCATION</Text>
</ProgramReference>
<Appropriation>
<Code>0419</Code>
<Name>NSF Education &amp; Human Resource</Name>
<APP_SYMB_ID>040106</APP_SYMB_ID>
</Appropriation>
<Fund>
<Code>04001920DB</Code>
<Name><![CDATA[NSF Education & Human Resource]]></Name>
<FUND_SYMB_ID>040106</FUND_SYMB_ID>
</Fund>
<FUND_OBLG>2019~275420</FUND_OBLG>
</Award>
</rootTag>
