<?xml version="1.0" encoding="UTF-8"?>
<rootTag>
<Award>
<AwardTitle><![CDATA[SHF: Medium: Collaborative Research: Enhancing Mobile VR/AR User Experience: An Integrated Architecture-System Approach]]></AwardTitle>
<AGENCY>NSF</AGENCY>
<AwardEffectiveDate>10/01/2019</AwardEffectiveDate>
<AwardExpirationDate>09/30/2023</AwardExpirationDate>
<AwardTotalIntnAmount>450000.00</AwardTotalIntnAmount>
<AwardAmount>450000</AwardAmount>
<AwardInstrument>
<Value>Continuing Grant</Value>
</AwardInstrument>
<Organization>
<Code>05010000</Code>
<Directorate>
<Abbreviation>CSE</Abbreviation>
<LongName>Direct For Computer &amp; Info Scie &amp; Enginr</LongName>
</Directorate>
<Division>
<Abbreviation>CCF</Abbreviation>
<LongName>Division of Computing and Communication Foundations</LongName>
</Division>
</Organization>
<ProgramOfficer>
<SignBlockName>Danella Zhao</SignBlockName>
<PO_EMAI>dzhao@nsf.gov</PO_EMAI>
<PO_PHON>7032924434</PO_PHON>
</ProgramOfficer>
<AbstractNarration><![CDATA[Virtual reality (VR) and augmented reality (AR) are now experiencing rapid growth and debuting into mainstream markets driven by the significant performance improvement of computing hardware and the revolution of graphics and display technologies. Both VR and AR are increasingly adopted in smartphones for providing rich experience to mobile users. However, the limited hardware resources in mobile devices can barely support the tremendous resource requirements by VR/AR technology and the demand for a good user experience. There are several key challenges that dramatically degrade user experience when enabling VR/AR apps on smartphones. For example, when the VR user shifts her/his eyes slightly, the computer is unable to provide an image that corresponds to the new view in a timely manner. This delay causes motion anomalies and unsatisfying user experience. Other challenges for mobile VR/AR are limited battery life and increased heat dissipation. The investigators on this project are leveraging the unique features of VR/AR and exploring a synergetic architecture-system program to tackle the above performance, battery life, and thermal challenges, thus, enhancing mobile VR/AR user experience. This project will open the door for next generation mobile platforms that provide high-quality low-power VR/AR services to satisfy mobile users. This project will also contribute to society through engaging under-represented groups, and outreach to high-school students, curriculum development on Internet of Things, and disseminating research infrastructure for education and training.&lt;br/&gt;&lt;br/&gt;This project contains four objectives, including (1) approximate computing to eliminate unnecessary workloads in mobile AR/VR to achieve threefold benefits on performance, power, and thermal without sacrificing the user perceived image quality and output accuracy; (2) emerging technologies (e.g., processing-in-memory, multiple chip module (MCM)-GPU) enabled mobile VR/AR for performance/power optimization; (3) exploiting dynamic thermal energy harvesting to cool hotspots, prolong battery life and improve performance; and (4) integration of the key research innovations and cross-technology optimizations to maximize the performance/power/thermal enhancement.&lt;br/&gt;&lt;br/&gt;This award reflects NSF's statutory mission and has been deemed worthy of support through evaluation using the Foundation's intellectual merit and broader impacts review criteria.]]></AbstractNarration>
<MinAmdLetterDate>07/03/2019</MinAmdLetterDate>
<MaxAmdLetterDate>06/25/2021</MaxAmdLetterDate>
<ARRAAmount/>
<TRAN_TYPE>Grant</TRAN_TYPE>
<CFDA_NUM>47.070</CFDA_NUM>
<NSF_PAR_USE_FLAG>1</NSF_PAR_USE_FLAG>
<FUND_AGCY_CODE>4900</FUND_AGCY_CODE>
<AWDG_AGCY_CODE>4900</AWDG_AGCY_CODE>
<AwardID>1900904</AwardID>
<Investigator>
<FirstName>Xin</FirstName>
<LastName>Fu</LastName>
<PI_MID_INIT/>
<PI_SUFX_NAME/>
<PI_FULL_NAME>Xin Fu</PI_FULL_NAME>
<EmailAddress><![CDATA[xfu8@central.uh.edu]]></EmailAddress>
<NSF_ID>000583715</NSF_ID>
<StartDate>07/03/2019</StartDate>
<EndDate/>
<RoleCode>Principal Investigator</RoleCode>
</Investigator>
<Institution>
<Name>University of Houston</Name>
<CityName>HOUSTON</CityName>
<ZipCode>772043067</ZipCode>
<PhoneNumber>7137435773</PhoneNumber>
<StreetAddress>4300 MARTIN LUTHER KING BLVD</StreetAddress>
<StreetAddress2/>
<CountryName>United States</CountryName>
<StateName>Texas</StateName>
<StateCode>TX</StateCode>
<CONGRESSDISTRICT>18</CONGRESSDISTRICT>
<CONGRESS_DISTRICT_ORG>TX18</CONGRESS_DISTRICT_ORG>
<ORG_UEI_NUM>QKWEF8XLMTT3</ORG_UEI_NUM>
<ORG_LGL_BUS_NAME>UNIVERSITY OF HOUSTON SYSTEM</ORG_LGL_BUS_NAME>
<ORG_PRNT_UEI_NUM/>
</Institution>
<Performance_Institution>
<Name><![CDATA[University of Houston]]></Name>
<CityName/>
<StateCode>TX</StateCode>
<ZipCode>772042015</ZipCode>
<StreetAddress/>
<CountryCode>US</CountryCode>
<CountryName>United States</CountryName>
<StateName>Texas</StateName>
<CountryFlag>1</CountryFlag>
<CONGRESSDISTRICT>18</CONGRESSDISTRICT>
<CONGRESS_DISTRICT_PERF>TX18</CONGRESS_DISTRICT_PERF>
</Performance_Institution>
<ProgramElement>
<Code>7798</Code>
<Text>Software &amp; Hardware Foundation</Text>
</ProgramElement>
<ProgramReference>
<Code>7924</Code>
<Text>MEDIUM PROJECT</Text>
</ProgramReference>
<ProgramReference>
<Code>7941</Code>
<Text>COMPUTER ARCHITECTURE</Text>
</ProgramReference>
<ProgramReference>
<Code>9102</Code>
<Text>WOMEN, MINORITY, DISABLED, NEC</Text>
</ProgramReference>
<Appropriation>
<Code>0119</Code>
<Name>NSF RESEARCH &amp; RELATED ACTIVIT</Name>
<APP_SYMB_ID>040100</APP_SYMB_ID>
</Appropriation>
<Fund>
<Code>01001920DB</Code>
<Name><![CDATA[NSF RESEARCH & RELATED ACTIVIT]]></Name>
<FUND_SYMB_ID>040100</FUND_SYMB_ID>
</Fund>
<FUND_OBLG>2019~450000</FUND_OBLG>
<POR>
<DRECONTENT><![CDATA[<div class="porColContainerWBG"> <div class="porContentCol"><p>The objective of this research is to explore a synergetic architecture-system research program to holistically and cooperatively enhance mobile VR/AR (Virtual Reality/Augmented Reality) user experience. Especially, we intend to simultaneously improve performance, power, and security while also providing guaranteed perception/accuracy for mobile VR/AR users. We have made the following major achievements:</p> <p>(1)&nbsp;&nbsp; &nbsp;Enabling Universal Realistic Rendering for Modern Mobile VR: To provide users with a fully immersive environment, VR post-processing, which adds numerous realistic effects on the frame after rendering, plays a key role in modern VR systems. Current post-processing is processed separately from normal rendering by the graphics processing unit (GPU). As a result, the GPU need to first render a high-resolution frame and then add the post-processing effects within a very short time frame. Our in-depth experimental results on commercial VR products demonstrate that the post-processing in VR applications extends the VR frame time by approximately 2X on average. Furthermore, the ever-increasing resolution requirements of modern VR significantly increase the workloads for post-processing in the execution pipeline. This long delay causes VR real-time execution to frequently miss the critical frame-time deadline, thus hurting users' quality of experience. Based on the analysis of VR post-processing workflow and its common realistic effects, we observe that post-processing shares the same hardware pipeline with normal rendering, and even reuses the intermediate data produced by normal rendering. To fully utilize this hardware-level similarity and capture the data locality, we propose a novel universal realistic rendering architecture for VR, named Post0-VR, which eliminates post-processing by directly merging the common realistic effects into the normal rendering process. Based on our newly proposed VR architecture design, we further propose a dynamic accuracy adjustment method to simplify the normal rendering without hurting users' perception.</p> <p>(2)&nbsp;&nbsp; Exploring Fast and Lightweight Mobile Multi-User AR: Multi-user augmented reality (MuAR) enables different users to interact with the same virtual object and continuously exchange environment information between users. The state-of-the-art MuAR uses the 3D point cloud as the backbone to support real-world analysis, view synchronization between users, virtual object rendering, and movement tracking. Although the 3D point cloud could achieve high potential accuracy and simplify position tracking, the complex data structure of the 3D point cloud costs extensive generating and processing time which contributes to the major latencies in modern MuAR systems. As a result, commercial AR frameworks need a long startup overhead to prepare the environment and long run-time latency to deliver virtual objects for users. Based on the analysis of the MuAR workflow and its synchronization mechanism, we observe that in a stable environment, maintaining the facing side of the real-world scene already provides enough information to support virtual object placement and rendering in the MuAR system. Thus, to provide the user with a smooth experience, we use the quadtree structure, which represents the 2D scene using semantics segmentation and depth information to replace the expensive 3D point cloud. To handle the potential virtual objects placement shift during the view synchronization of users, we further propose a novel correction method by collaboratively analyzing the real-world environment and maintaining the virtual object synchronization among users. Combining all designs, we implement a fast and lightweight multi-user AR framework, named AR-Light in a common-used AR platform.</p> <p>(3)&nbsp;&nbsp;&nbsp; Encryption of Streaming Video for Security:To provide video streaming with security, privacy and copyright protection, encryption is necessary. However, delay, memory and compute requirements pose serious challenges to efficient transmission. The situation becomes more challenging when multiple users stream concurrently. We present a solution to this problem by offloading encryption to the memory side using Processing-In-Memory (PIM) architecture. Advanced Encryption Standard is used due to its security and flexibility. Encryption performance is improved significantly compared to non-PIM CPU implementation. The best performance was obtained by aggressively applying user parallelism and improving QoS by balancing the workload. Streaming parallel data/video that is encrypted benefits AR/VR systems as well as commercial streaming systems.</p> <p>&nbsp;</p><br> <p>  Last Modified: 12/14/2023<br> Modified by: Xin&nbsp;Fu</p></div> <div class="porSideCol" ></div> </div>]]></DRECONTENT>
<POR_COPY_TXT><![CDATA[  The objective of this research is to explore a synergetic architecture-system research program to holistically and cooperatively enhance mobile VR/AR (Virtual Reality/Augmented Reality) user experience. Especially, we intend to simultaneously improve performance, power, and security while also providing guaranteed perception/accuracy for mobile VR/AR users. We have made the following major achievements:   (1) Enabling Universal Realistic Rendering for Modern Mobile VR: To provide users with a fully immersive environment, VR post-processing, which adds numerous realistic effects on the frame after rendering, plays a key role in modern VR systems. Current post-processing is processed separately from normal rendering by the graphics processing unit (GPU). As a result, the GPU need to first render a high-resolution frame and then add the post-processing effects within a very short time frame. Our in-depth experimental results on commercial VR products demonstrate that the post-processing in VR applications extends the VR frame time by approximately 2X on average. Furthermore, the ever-increasing resolution requirements of modern VR significantly increase the workloads for post-processing in the execution pipeline. This long delay causes VR real-time execution to frequently miss the critical frame-time deadline, thus hurting users' quality of experience. Based on the analysis of VR post-processing workflow and its common realistic effects, we observe that post-processing shares the same hardware pipeline with normal rendering, and even reuses the intermediate data produced by normal rendering. To fully utilize this hardware-level similarity and capture the data locality, we propose a novel universal realistic rendering architecture for VR, named Post0-VR, which eliminates post-processing by directly merging the common realistic effects into the normal rendering process. Based on our newly proposed VR architecture design, we further propose a dynamic accuracy adjustment method to simplify the normal rendering without hurting users' perception.   (2) Exploring Fast and Lightweight Mobile Multi-User AR: Multi-user augmented reality (MuAR) enables different users to interact with the same virtual object and continuously exchange environment information between users. The state-of-the-art MuAR uses the 3D point cloud as the backbone to support real-world analysis, view synchronization between users, virtual object rendering, and movement tracking. Although the 3D point cloud could achieve high potential accuracy and simplify position tracking, the complex data structure of the 3D point cloud costs extensive generating and processing time which contributes to the major latencies in modern MuAR systems. As a result, commercial AR frameworks need a long startup overhead to prepare the environment and long run-time latency to deliver virtual objects for users. Based on the analysis of the MuAR workflow and its synchronization mechanism, we observe that in a stable environment, maintaining the facing side of the real-world scene already provides enough information to support virtual object placement and rendering in the MuAR system. Thus, to provide the user with a smooth experience, we use the quadtree structure, which represents the 2D scene using semantics segmentation and depth information to replace the expensive 3D point cloud. To handle the potential virtual objects placement shift during the view synchronization of users, we further propose a novel correction method by collaboratively analyzing the real-world environment and maintaining the virtual object synchronization among users. Combining all designs, we implement a fast and lightweight multi-user AR framework, named AR-Light in a common-used AR platform.   (3) Encryption of Streaming Video for Security:To provide video streaming with security, privacy and copyright protection, encryption is necessary. However, delay, memory and compute requirements pose serious challenges to efficient transmission. The situation becomes more challenging when multiple users stream concurrently. We present a solution to this problem by offloading encryption to the memory side using Processing-In-Memory (PIM) architecture. Advanced Encryption Standard is used due to its security and flexibility. Encryption performance is improved significantly compared to non-PIM CPU implementation. The best performance was obtained by aggressively applying user parallelism and improving QoS by balancing the workload. Streaming parallel data/video that is encrypted benefits AR/VR systems as well as commercial streaming systems.        Last Modified: 12/14/2023       Submitted by: XinFu]]></POR_COPY_TXT>
</POR>
</Award>
</rootTag>
