<?xml version="1.0" encoding="UTF-8"?>
<rootTag>
<Award>
<AwardTitle><![CDATA[Asymptotic vs. Uniform Approximation in Dynamical Systems and Number Theory]]></AwardTitle>
<AGENCY>NSF</AGENCY>
<AwardEffectiveDate>07/01/2019</AwardEffectiveDate>
<AwardExpirationDate>06/30/2023</AwardExpirationDate>
<AwardTotalIntnAmount>223000.00</AwardTotalIntnAmount>
<AwardAmount>223000</AwardAmount>
<AwardInstrument>
<Value>Standard Grant</Value>
</AwardInstrument>
<Organization>
<Code>03040000</Code>
<Directorate>
<Abbreviation>MPS</Abbreviation>
<LongName>Direct For Mathematical &amp; Physical Scien</LongName>
</Directorate>
<Division>
<Abbreviation>DMS</Abbreviation>
<LongName>Division Of Mathematical Sciences</LongName>
</Division>
</Organization>
<ProgramOfficer>
<SignBlockName>Marian Bocea</SignBlockName>
<PO_EMAI>mbocea@nsf.gov</PO_EMAI>
<PO_PHON>7032922595</PO_PHON>
</ProgramOfficer>
<AbstractNarration><![CDATA[This project deals with certain algebraic dynamical systems and their applications to number theory. A dynamical system here stands for an abstract set of points together with an evolution law that governs the way points move over time. Such abstract dynamical systems form the basis for models of a wide range of important phenomena in science and engineering. It turns out that also many problems in mathematics concerning simultaneous approximation of real numbers by rational numbers can be understood in terms of the behavior of dynamical systems. Furthermore, systems that arise in this context are of algebraic nature, which makes it possible to use a wide variety of sophisticated tools for their investigation. This research project aims to advance the framework of algebraic dynamical systems in approximation theory, develop new methods, and obtain far-reaching generalizations of results in the field. Graduate and undergraduate students will be involved in the project and introduced to new methods and techniques in number theory and dynamics. These students will also supervise research projects within the framework of the PRIMES program, an after-school research program for high school students. &lt;br/&gt;&lt;br/&gt;During recent years there has been an influx of new ideas concerning connections between Diophantine approximation and dynamical systems. This research project continues the study of phenomena in both homogeneous dynamics and number theory in two directions: related to so-called asymptotic and uniform approximation. Among mathematical tools to be employed are: quantitative non-divergence on the space of lattices, Schmidt games and their modifications, integral inequalities of Eskin-Margulis-Mozes, exponential mixing, equidistribution properties, and geometry of numbers.&lt;br/&gt;&lt;br/&gt;This award reflects NSF's statutory mission and has been deemed worthy of support through evaluation using the Foundation's intellectual merit and broader impacts review criteria.]]></AbstractNarration>
<MinAmdLetterDate>05/29/2019</MinAmdLetterDate>
<MaxAmdLetterDate>05/29/2019</MaxAmdLetterDate>
<ARRAAmount/>
<TRAN_TYPE>Grant</TRAN_TYPE>
<CFDA_NUM>47.049</CFDA_NUM>
<NSF_PAR_USE_FLAG>1</NSF_PAR_USE_FLAG>
<FUND_AGCY_CODE>4900</FUND_AGCY_CODE>
<AWDG_AGCY_CODE>4900</AWDG_AGCY_CODE>
<AwardID>1900560</AwardID>
<Investigator>
<FirstName>Dmitry</FirstName>
<LastName>Kleinbock</LastName>
<PI_MID_INIT>Y</PI_MID_INIT>
<PI_SUFX_NAME/>
<PI_FULL_NAME>Dmitry Y Kleinbock</PI_FULL_NAME>
<EmailAddress><![CDATA[kleinboc@brandeis.edu]]></EmailAddress>
<NSF_ID>000116626</NSF_ID>
<StartDate>05/29/2019</StartDate>
<EndDate/>
<RoleCode>Principal Investigator</RoleCode>
</Investigator>
<Institution>
<Name><![CDATA[Brandeis University]]></Name>
<CityName>WALTHAM</CityName>
<ZipCode>024532728</ZipCode>
<PhoneNumber>7817362121</PhoneNumber>
<StreetAddress><![CDATA[415 SOUTH ST]]></StreetAddress>
<StreetAddress2/>
<CountryName>United States</CountryName>
<StateName>Massachusetts</StateName>
<StateCode>MA</StateCode>
<CONGRESSDISTRICT>05</CONGRESSDISTRICT>
<CONGRESS_DISTRICT_ORG>MA05</CONGRESS_DISTRICT_ORG>
<ORG_UEI_NUM>MXLZGAMFEKN5</ORG_UEI_NUM>
<ORG_LGL_BUS_NAME>BRANDEIS UNIVERSITY</ORG_LGL_BUS_NAME>
<ORG_PRNT_UEI_NUM/>
</Institution>
<Performance_Institution>
<Name><![CDATA[Brandeis University]]></Name>
<CityName>Waltham</CityName>
<StateCode>MA</StateCode>
<ZipCode>024532728</ZipCode>
<StreetAddress><![CDATA[415 South Street, MS-116]]></StreetAddress>
<CountryCode>US</CountryCode>
<CountryName>United States</CountryName>
<StateName>Massachusetts</StateName>
<CountryFlag>1</CountryFlag>
<CONGRESSDISTRICT>05</CONGRESSDISTRICT>
<CONGRESS_DISTRICT_PERF>MA05</CONGRESS_DISTRICT_PERF>
</Performance_Institution>
<ProgramElement>
<Code>1264</Code>
<Text>ALGEBRA,NUMBER THEORY,AND COM</Text>
</ProgramElement>
<ProgramElement>
<Code>1281</Code>
<Text>ANALYSIS PROGRAM</Text>
</ProgramElement>
<Appropriation>
<Code>0119</Code>
<Name>NSF RESEARCH &amp; RELATED ACTIVIT</Name>
<APP_SYMB_ID>040100</APP_SYMB_ID>
</Appropriation>
<Fund>
<Code>01001920DB</Code>
<Name><![CDATA[NSF RESEARCH & RELATED ACTIVIT]]></Name>
<FUND_SYMB_ID>040100</FUND_SYMB_ID>
</Fund>
<FUND_OBLG>2019~223000</FUND_OBLG>
<POR>
<DRECONTENT><![CDATA[<div class="porColContainerWBG"> <div class="porContentCol"><p><span>This project dealt with certain algebraic dynamical systems and their applications to number theory. A dynamical system here stands for an abstract set of points together with an evolution law that governs the way points move over time. Such abstract dynamical systems form the basis for models of a wide range of important phenomena in science and engineering. It turns out that also many problems in mathematics concerning simultaneous approximation of real numbers by rational numbers can be understood in terms of the behavior of dynamical systems. Furthermore, systems that arise in this context are of algebraic nature, which makes it possible to use a wide variety of sophisticated tools for their investigation.</span></p> <p><span>The main theme of the project was studying&nbsp;of phenomena in both homogeneous dynamics and number theory in two directions: related to so-called asymptotic and uniform approximation. Here are some examples. Jointly with Mirzadeh, the PI g</span>eneralizedg a theorem of Kadyrov on the Hausdorff dimension of exceptional sets in homogeneous dynamics, and used it to estimate from above the dimension of sets of weighted uniformly badly approximable systems of linear forms. With Moshchevitin the PI estimated uniform Diophantine exponents of points on algebraic hypersurfaces, and then complemented this result by constructing singular vectors and linear forms on manifolds&nbsp; with Moshchevitin and Weiss.</p> <p>A new uniform set-up of the throey of shrinking targets in dynamical systems was developed by the PI with Konstantoulas and Richter by studying the so-called&nbsp;essentially always hitting property and proving several concrete results for the full/zero measure of the corresponding orbits.<br /><br />With An and Guan the PI proved the winning property of the set of points avoiding a fixed target in the set-up of homogeneous dynamics, with applications to vaues of generalized binary quadratic forms.</p> <p><span>An</span><span>other directi<span>on</span><span>&nbsp;was related t<span>o</span>&nbsp;rati<span>onal p<span>oints&nbsp;<span>on<span>&nbsp;quadric hypersurfaces, whose distribution was stidued using dynamics. Supp<span>ose that&nbsp;</span>there is a dense set&nbsp;<span>of th<span>ose p<span>oints. H<span>ow are they distributed? and h<span>ow likely is it t<span>o find a rati<span>onal&nbsp;</span>p<span>oint with relatively small den<span>ominat<span>or n<span>ot far fr<span>om a typical p<span>oint&nbsp;<span>on the hypersurface? This was the subject&nbsp;<span>of the PI<span>'s</span>&nbsp;now published paper with&nbsp;<span>&nbsp;Fishman, Merrill and Simmons. The dynamical system resp<span>onsible f<span>or the appr<span>oximati<span>on pr<span>operties happens t<span>o be a fl<span>ow&nbsp;<span>on a qu<span>otient&nbsp;<span>of the special&nbsp;<span>orth<span>og<span>onal gr<span>oup&nbsp;<span>of the c<span>orrespo<span>nding quadratic f<span>orm.</span></span></span></span></span></span></span></span></span></span></span></span></span></span></span></span></span></span></span></span></span></span></span></span></span></span></span></span></span></span></span></span></span></span></span></span></span></span></span></p> <p><span>Yet another direction is studying improvement of Dirichlet's theorem, which is related to the behavior of certain trajectories near critical loci in the space of lattices. Extenstions to arbitrary norm appeared in several papers with Rao.</span>&nbsp;There the PI studied Dirichlet-improvable vectors for cylindrical norms and in a weighted set-up. Dynamical Borel-Cantelli lemmas for uniform approximation were established on space of 2-lattices with Yu, and then in much bigger generality with&nbsp;Strombergsson and Yu. The latter work dealt with finding necessary and sufficient conditions for psi-Dirichlet-improvability of generic systems of linear forms. A related work with&nbsp;de Saxce, Shah and Yang&nbsp;estalished criteria for equidistribution of translates of generic points on straight lines in the space of lattices, implying definite results concerning Dirichlet-improvability of generic points on planar lines.<br /><br />Two papers were written by Skenderi: there the PI proved new Khintchine type theorems for subhomogeneous functions, both in asymptotic and in uniform Diophantine approximation set-up.<br /><br />A substantial part of the PI's activity was related to the Dimension Drop phenomenon in homogeneous dynamics. With Mirzadeh the PI proved &nbsp;the Dimension Drop Conjecture for a special flow on the space of lattices, then generalized it to an axiomatic set-up including many special cases, as well as to escape on average on compact homogeneous spaces.<br /><br /><span>Other results include: c</span>omputing measure and dimension of sets arising in studying product of weighted continued fraction coefficients (with Bakhtawar, Hussain and Wang), proving a new dynamical Borel-Cantelli lemma for recurrence under Lipschitz twists (with Zheng), and studying ubiquitous systems in the product setting (with Wang).</p><br> <p>  Last Modified: 11/12/2023<br> Modified by: Dmitry&nbsp;Y&nbsp;Kleinbock</p></div> <div class="porSideCol" ></div> </div>]]></DRECONTENT>
<POR_COPY_TXT><![CDATA[  This project dealt with certain algebraic dynamical systems and their applications to number theory. A dynamical system here stands for an abstract set of points together with an evolution law that governs the way points move over time. Such abstract dynamical systems form the basis for models of a wide range of important phenomena in science and engineering. It turns out that also many problems in mathematics concerning simultaneous approximation of real numbers by rational numbers can be understood in terms of the behavior of dynamical systems. Furthermore, systems that arise in this context are of algebraic nature, which makes it possible to use a wide variety of sophisticated tools for their investigation.   The main theme of the project was studyingof phenomena in both homogeneous dynamics and number theory in two directions: related to so-called asymptotic and uniform approximation. Here are some examples. Jointly with Mirzadeh, the PI generalizedg a theorem of Kadyrov on the Hausdorff dimension of exceptional sets in homogeneous dynamics, and used it to estimate from above the dimension of sets of weighted uniformly badly approximable systems of linear forms. With Moshchevitin the PI estimated uniform Diophantine exponents of points on algebraic hypersurfaces, and then complemented this result by constructing singular vectors and linear forms on manifolds with Moshchevitin and Weiss.   A new uniform set-up of the throey of shrinking targets in dynamical systems was developed by the PI with Konstantoulas and Richter by studying the so-calledessentially always hitting property and proving several concrete results for the full/zero measure of the corresponding orbits.  With An and Guan the PI proved the winning property of the set of points avoiding a fixed target in the set-up of homogeneous dynamics, with applications to vaues of generalized binary quadratic forms.   Another directionwas related torational pointsonquadric hypersurfaces, whose distribution was stidued using dynamics. Suppose thatthere is a dense setof those points. How are they distributed? and how likely is it to find a rationalpoint with relatively small denominator not far from a typical pointon the hypersurface? This was the subjectof the PI'snow published paper withFishman, Merrill and Simmons. The dynamical system responsible for the approximation properties happens to be a flowon a quotientof the specialorthogonal groupof the corresponding quadratic form.   Yet another direction is studying improvement of Dirichlet's theorem, which is related to the behavior of certain trajectories near critical loci in the space of lattices. Extenstions to arbitrary norm appeared in several papers with Rao.There the PI studied Dirichlet-improvable vectors for cylindrical norms and in a weighted set-up. Dynamical Borel-Cantelli lemmas for uniform approximation were established on space of 2-lattices with Yu, and then in much bigger generality withStrombergsson and Yu. The latter work dealt with finding necessary and sufficient conditions for psi-Dirichlet-improvability of generic systems of linear forms. A related work withde Saxce, Shah and Yangestalished criteria for equidistribution of translates of generic points on straight lines in the space of lattices, implying definite results concerning Dirichlet-improvability of generic points on planar lines.  Two papers were written by Skenderi: there the PI proved new Khintchine type theorems for subhomogeneous functions, both in asymptotic and in uniform Diophantine approximation set-up.  A substantial part of the PI's activity was related to the Dimension Drop phenomenon in homogeneous dynamics. With Mirzadeh the PI proved the Dimension Drop Conjecture for a special flow on the space of lattices, then generalized it to an axiomatic set-up including many special cases, as well as to escape on average on compact homogeneous spaces.  Other results include: computing measure and dimension of sets arising in studying product of weighted continued fraction coefficients (with Bakhtawar, Hussain and Wang), proving a new dynamical Borel-Cantelli lemma for recurrence under Lipschitz twists (with Zheng), and studying ubiquitous systems in the product setting (with Wang).     Last Modified: 11/12/2023       Submitted by: DmitryYKleinbock]]></POR_COPY_TXT>
</POR>
</Award>
</rootTag>
