<?xml version="1.0" encoding="UTF-8"?>
<rootTag>
<Award>
<AwardTitle><![CDATA[Catalyst Project: Integrated Learning of Sleep Science]]></AwardTitle>
<AGENCY>NSF</AGENCY>
<AwardEffectiveDate>08/01/2019</AwardEffectiveDate>
<AwardExpirationDate>07/31/2022</AwardExpirationDate>
<AwardTotalIntnAmount>145305.00</AwardTotalIntnAmount>
<AwardAmount>145305</AwardAmount>
<AwardInstrument>
<Value>Standard Grant</Value>
</AwardInstrument>
<Organization>
<Code>11060000</Code>
<Directorate>
<Abbreviation>EDU</Abbreviation>
<LongName>Directorate for STEM Education</LongName>
</Directorate>
<Division>
<Abbreviation>EES</Abbreviation>
<LongName>Div. of Equity for Excellence in STEM</LongName>
</Division>
</Organization>
<ProgramOfficer>
<SignBlockName>Carleitta Paige-Anderson</SignBlockName>
<PO_EMAI>cpaigean@nsf.gov</PO_EMAI>
<PO_PHON>7032922816</PO_PHON>
</ProgramOfficer>
<AbstractNarration><![CDATA[Catalyst Projects provide support for Historically Black Colleges and Universities to work towards establishing research capacity of faculty to strengthen science, technology, engineering and mathematics undergraduate education and research. It is expected that the award will further the faculty member's research capability, improve research and teaching at the institution, and involve undergraduate students in research experiences. This project will investigate the impacts of learning about the basic science of sleep on interest and motivation among STEM students on interest and motivation.  Further, this project will enhance teaching and learning at Fort Valley State University and increase professional development and marketable quantitative skills of underrepresented STEM students to prepare them for workforce entry or graduate school.  &lt;br/&gt;&lt;br/&gt;The goal of this project is to understand the impact of an integrated research and education plan that focuses on the introduction of basic sleep science into the learning curriculum as an intervention to impact student STEM interest, motivation and performance. This project builds on Social Cognitive Career Theory and preliminary data that suggest that learning about the basic science of sleep, sleep deprivation and its health effects promote academic interest, motivation and performance in STEM fields. To meet this goal, researchers will investigate the impact of science based sleep education modules, consisting of a series of sleep science based research components and the incorporation of technology tools with education on sleep-related health outcomes. At the conclusion of this project we expect to have shown that introduction of the science based sleep education modules  is an effective method for enhancing learning of and engagement in complex STEM science concepts by students, and established the effectiveness of the professional development of educators in basic sleep science as an intervention tool for student success. This project addresses a significant need to identify the most effective interventions for enhancing interest, motivation and performance in STEM fields and to disseminate this knowledge directly to educators and students. Moreover, this project will contribute to a general framework to evaluate the delivery of basic science concepts and project based learning services in undergraduate STEM education.&lt;br/&gt;&lt;br/&gt;This award reflects NSF's statutory mission and has been deemed worthy of support through evaluation using the Foundation's intellectual merit and broader impacts review criteria.]]></AbstractNarration>
<MinAmdLetterDate>07/25/2019</MinAmdLetterDate>
<MaxAmdLetterDate>07/25/2019</MaxAmdLetterDate>
<ARRAAmount/>
<TRAN_TYPE>Grant</TRAN_TYPE>
<CFDA_NUM>47.076</CFDA_NUM>
<NSF_PAR_USE_FLAG>1</NSF_PAR_USE_FLAG>
<FUND_AGCY_CODE>4900</FUND_AGCY_CODE>
<AWDG_AGCY_CODE>4900</AWDG_AGCY_CODE>
<AwardID>1900572</AwardID>
<Investigator>
<FirstName>Felicia</FirstName>
<LastName>Jefferson</LastName>
<PI_MID_INIT/>
<PI_SUFX_NAME/>
<PI_FULL_NAME>Felicia Jefferson</PI_FULL_NAME>
<EmailAddress><![CDATA[fjefferson@unr.edu]]></EmailAddress>
<NSF_ID>000700531</NSF_ID>
<StartDate>07/25/2019</StartDate>
<EndDate/>
<RoleCode>Principal Investigator</RoleCode>
</Investigator>
<Institution>
<Name><![CDATA[Fort Valley State University]]></Name>
<CityName>FORT VALLEY</CityName>
<ZipCode>310304313</ZipCode>
<PhoneNumber>4788256253</PhoneNumber>
<StreetAddress><![CDATA[1005 STATE UNIVERSITY DR]]></StreetAddress>
<StreetAddress2/>
<CountryName>United States</CountryName>
<StateName>Georgia</StateName>
<StateCode>GA</StateCode>
<CONGRESSDISTRICT>02</CONGRESSDISTRICT>
<CONGRESS_DISTRICT_ORG>GA02</CONGRESS_DISTRICT_ORG>
<ORG_UEI_NUM>LVDJS9UYPLD4</ORG_UEI_NUM>
<ORG_LGL_BUS_NAME>FORT VALLEY STATE UNIVERSITY</ORG_LGL_BUS_NAME>
<ORG_PRNT_UEI_NUM>LVDJS9UYPLD4</ORG_PRNT_UEI_NUM>
</Institution>
<Performance_Institution>
<Name><![CDATA[Fort Valley State University]]></Name>
<CityName/>
<StateCode>GA</StateCode>
<ZipCode>310304313</ZipCode>
<StreetAddress/>
<CountryCode>US</CountryCode>
<CountryName>United States</CountryName>
<StateName>Georgia</StateName>
<CountryFlag>1</CountryFlag>
<CONGRESSDISTRICT>02</CONGRESSDISTRICT>
<CONGRESS_DISTRICT_PERF>GA02</CONGRESS_DISTRICT_PERF>
</Performance_Institution>
<ProgramElement>
<Code>1594</Code>
<Text>Hist Black Colleges and Univ</Text>
</ProgramElement>
<ProgramReference>
<Code>9178</Code>
<Text>UNDERGRADUATE EDUCATION</Text>
</ProgramReference>
<Appropriation>
<Code>0419</Code>
<Name>NSF Education &amp; Human Resource</Name>
<APP_SYMB_ID>040106</APP_SYMB_ID>
</Appropriation>
<Fund>
<Code>04001920DB</Code>
<Name><![CDATA[NSF Education & Human Resource]]></Name>
<FUND_SYMB_ID>040106</FUND_SYMB_ID>
</Fund>
<FUND_OBLG>2019~145305</FUND_OBLG>
<POR>
<DRECONTENT><![CDATA[<div class="porColContainerWBG"> <div class="porContentCol"><p>This research addresses fundamental questions about student STEM interest, motivation and academic performance in STEM student success. The specific objectives of this project are built on impactful basic and applied sleep science research studies published by the PI in the recent 10 years. This project expanded knowledge in Social Cognitive Career Theory (SCCT)&nbsp;research, where results suggest that students remain engaged and invested in the goal of having a STEM career. Results of the study suggest that learning about the science of sleep, sleep deprivation and its health effects promoted academic interest, motivation and performance in STEM fields. The goal of this research project was to determine if understanding the basic science behind sleep and sleep deprivation positively impacts student science performance. A sleep education program intervention was used. Participants were asked to keep a sleep diary, and complete sleep and career interest surveys/questionnaires. Student grades and attendance were included in data analysis as well. Investigations into whether STEM course incorporated sleep interventions increased the interest of Science, Technology, Engineering, and Mathematics (STEM) field to both majors and non-majors in STEM fields through engagement in multiple STEM courses had a positive outcome on students' perceptions of STEM, remaining in STEM fields, and providing additional basis for scientific methodology. Moreover, results from this project demonstrated that introduction of the science-based sleep education modules (SBSEM) is an effective method for enhancing learning of and engagement in complex STEM science concepts by students. This project addresses a significant need and strategic goals of the National Academies of Science to identify the most effective interventions for enhancing interest, motivation and performance in STEM fields and to disseminate this knowledge directly to educators and students. It also provides knowledge of the basic science tools and interventions required for retaining students in America's STEM pipeline and ultimate career fields, contributing to the security and prosperity of the nation.&nbsp;</p> <p>&nbsp;</p><br> <p>            Last Modified: 09/20/2022<br>      Modified by: Felicia&nbsp;Jefferson</p> </div> <div class="porSideCol"></div> </div>]]></DRECONTENT>
<POR_COPY_TXT><![CDATA[ This research addresses fundamental questions about student STEM interest, motivation and academic performance in STEM student success. The specific objectives of this project are built on impactful basic and applied sleep science research studies published by the PI in the recent 10 years. This project expanded knowledge in Social Cognitive Career Theory (SCCT) research, where results suggest that students remain engaged and invested in the goal of having a STEM career. Results of the study suggest that learning about the science of sleep, sleep deprivation and its health effects promoted academic interest, motivation and performance in STEM fields. The goal of this research project was to determine if understanding the basic science behind sleep and sleep deprivation positively impacts student science performance. A sleep education program intervention was used. Participants were asked to keep a sleep diary, and complete sleep and career interest surveys/questionnaires. Student grades and attendance were included in data analysis as well. Investigations into whether STEM course incorporated sleep interventions increased the interest of Science, Technology, Engineering, and Mathematics (STEM) field to both majors and non-majors in STEM fields through engagement in multiple STEM courses had a positive outcome on students' perceptions of STEM, remaining in STEM fields, and providing additional basis for scientific methodology. Moreover, results from this project demonstrated that introduction of the science-based sleep education modules (SBSEM) is an effective method for enhancing learning of and engagement in complex STEM science concepts by students. This project addresses a significant need and strategic goals of the National Academies of Science to identify the most effective interventions for enhancing interest, motivation and performance in STEM fields and to disseminate this knowledge directly to educators and students. It also provides knowledge of the basic science tools and interventions required for retaining students in America's STEM pipeline and ultimate career fields, contributing to the security and prosperity of the nation.           Last Modified: 09/20/2022       Submitted by: Felicia Jefferson]]></POR_COPY_TXT>
</POR>
</Award>
</rootTag>
