<?xml version="1.0" encoding="UTF-8"?>
<rootTag>
<Award>
<AwardTitle><![CDATA[FET: Medium: Memory Processing Unit (MPU) - An Efficient, Reconfigurable In-memory Computing Fabric]]></AwardTitle>
<AGENCY>NSF</AGENCY>
<AwardEffectiveDate>07/15/2019</AwardEffectiveDate>
<AwardExpirationDate>06/30/2024</AwardExpirationDate>
<AwardTotalIntnAmount>952552.00</AwardTotalIntnAmount>
<AwardAmount>960352</AwardAmount>
<AwardInstrument>
<Value>Continuing Grant</Value>
</AwardInstrument>
<Organization>
<Code>05010000</Code>
<Directorate>
<Abbreviation>CSE</Abbreviation>
<LongName>Direct For Computer &amp; Info Scie &amp; Enginr</LongName>
</Directorate>
<Division>
<Abbreviation>CCF</Abbreviation>
<LongName>Division of Computing and Communication Foundations</LongName>
</Division>
</Organization>
<ProgramOfficer>
<SignBlockName>Sankar Basu</SignBlockName>
<PO_EMAI>sabasu@nsf.gov</PO_EMAI>
<PO_PHON>7032927843</PO_PHON>
</ProgramOfficer>
<AbstractNarration><![CDATA[Artificial Intelligence (AI) is expected to become a disruptive force for both emerging and mature industry sectors. However, current AI progress is mostly driven by software and algorithm advances, while physical AI implementation is limited by hardware systems that were primarily developed to perform conventional computing tasks. Large scale implementation of AI in smart homes, robotics and autonomous vehicles will only become possible with hardware innovations, through new computing architectures and devices that can overcome the limits of today's systems in terms of power efficiency and speed. This project aims at precisely addressing these problems through the development of a new in-memory computing architecture that is naturally suited for AI applications. Undergraduate and graduate students will be trained to become experts at the interface of nanoelectronic devices and computing architecture, and be able to join the workforce of computer engineering and semiconductor research and development. The knowledge developed in this project will also be widely disseminated to the general public through publications, tutorials, course modules, high-school visits and industry partnerships. &lt;br/&gt;&lt;br/&gt;The proposed project will lead to a new computing architecture that is fundamentally efficient, parallel, modular and reconfigurable. Unlike specialized accelerators designed for specific algorithms, the project aims at developing a general memory-centric hardware platform that can be used for a broad range of computing tasks. The program will be carried out through multidisciplinary research efforts organized around five central thrusts that cover small scale prototype and circuit verification, uniform module development, scalable chip design, algorithm mapping, and system benchmarking and optimization. Key performance parameters will be measured and optimized, while new devices, circuit components, design tools and simulation packages will be developed and shared with the research community and the general public to help broaden the impact of the project.&lt;br/&gt;&lt;br/&gt;This award reflects NSF's statutory mission and has been deemed worthy of support through evaluation using the Foundation's intellectual merit and broader impacts review criteria.]]></AbstractNarration>
<MinAmdLetterDate>07/15/2019</MinAmdLetterDate>
<MaxAmdLetterDate>07/12/2021</MaxAmdLetterDate>
<ARRAAmount/>
<TRAN_TYPE>Grant</TRAN_TYPE>
<CFDA_NUM>47.070</CFDA_NUM>
<NSF_PAR_USE_FLAG>1</NSF_PAR_USE_FLAG>
<FUND_AGCY_CODE>4900</FUND_AGCY_CODE>
<AWDG_AGCY_CODE>4900</AWDG_AGCY_CODE>
<AwardID>1900675</AwardID>
<Investigator>
<FirstName>Wei</FirstName>
<LastName>Lu</LastName>
<PI_MID_INIT/>
<PI_SUFX_NAME/>
<PI_FULL_NAME>Wei Lu</PI_FULL_NAME>
<EmailAddress><![CDATA[wluee@eecs.umich.edu]]></EmailAddress>
<NSF_ID>000492897</NSF_ID>
<StartDate>07/15/2019</StartDate>
<EndDate/>
<RoleCode>Principal Investigator</RoleCode>
</Investigator>
<Investigator>
<FirstName>Zhengya</FirstName>
<LastName>Zhang</LastName>
<PI_MID_INIT/>
<PI_SUFX_NAME/>
<PI_FULL_NAME>Zhengya Zhang</PI_FULL_NAME>
<EmailAddress><![CDATA[zhengya@eecs.umich.edu]]></EmailAddress>
<NSF_ID>000542768</NSF_ID>
<StartDate>07/15/2019</StartDate>
<EndDate/>
<RoleCode>Co-Principal Investigator</RoleCode>
</Investigator>
<Institution>
<Name><![CDATA[Regents of the University of Michigan - Ann Arbor]]></Name>
<CityName>ANN ARBOR</CityName>
<ZipCode>481091079</ZipCode>
<PhoneNumber>7347636438</PhoneNumber>
<StreetAddress><![CDATA[1109 GEDDES AVE, SUITE 3300]]></StreetAddress>
<StreetAddress2/>
<CountryName>United States</CountryName>
<StateName>Michigan</StateName>
<StateCode>MI</StateCode>
<CONGRESSDISTRICT>06</CONGRESSDISTRICT>
<CONGRESS_DISTRICT_ORG>MI06</CONGRESS_DISTRICT_ORG>
<ORG_UEI_NUM>GNJ7BBP73WE9</ORG_UEI_NUM>
<ORG_LGL_BUS_NAME>REGENTS OF THE UNIVERSITY OF MICHIGAN</ORG_LGL_BUS_NAME>
<ORG_PRNT_UEI_NUM/>
</Institution>
<Performance_Institution>
<Name><![CDATA[University of Michigan Ann Arbor]]></Name>
<CityName>Ann Arbor</CityName>
<StateCode>MI</StateCode>
<ZipCode>481091274</ZipCode>
<StreetAddress><![CDATA[3003 South State St. Room 1062]]></StreetAddress>
<CountryCode>US</CountryCode>
<CountryName>United States</CountryName>
<StateName>Michigan</StateName>
<CountryFlag>1</CountryFlag>
<CONGRESSDISTRICT>06</CONGRESSDISTRICT>
<CONGRESS_DISTRICT_PERF>MI06</CONGRESS_DISTRICT_PERF>
</Performance_Institution>
<ProgramElement>
<Code>089Y</Code>
<Text>FET-Fndtns of Emerging Tech</Text>
</ProgramElement>
<ProgramElement>
<Code>7798</Code>
<Text>Software &amp; Hardware Foundation</Text>
</ProgramElement>
<ProgramReference>
<Code>076Z</Code>
<Text>FET: Foundations of Emerging Technologie</Text>
</ProgramReference>
<ProgramReference>
<Code>7924</Code>
<Text>MEDIUM PROJECT</Text>
</ProgramReference>
<ProgramReference>
<Code>7945</Code>
<Text>DES AUTO FOR MICRO &amp; NANO SYST</Text>
</ProgramReference>
<ProgramReference>
<Code>9251</Code>
<Text>REU SUPP-Res Exp for Ugrd Supp</Text>
</ProgramReference>
<Appropriation>
<Code>0119</Code>
<Name>NSF RESEARCH &amp; RELATED ACTIVIT</Name>
<APP_SYMB_ID>040100</APP_SYMB_ID>
</Appropriation>
<Appropriation>
<Code>0120</Code>
<Name>NSF RESEARCH &amp; RELATED ACTIVIT</Name>
<APP_SYMB_ID>040100</APP_SYMB_ID>
</Appropriation>
<Appropriation>
<Code>0121</Code>
<Name>NSF RESEARCH &amp; RELATED ACTIVIT</Name>
<APP_SYMB_ID>040100</APP_SYMB_ID>
</Appropriation>
<Fund>
<Code>01001920DB</Code>
<Name><![CDATA[NSF RESEARCH & RELATED ACTIVIT]]></Name>
<FUND_SYMB_ID>040100</FUND_SYMB_ID>
</Fund>
<Fund>
<Code>01002021DB</Code>
<Name><![CDATA[NSF RESEARCH & RELATED ACTIVIT]]></Name>
<FUND_SYMB_ID>040100</FUND_SYMB_ID>
</Fund>
<Fund>
<Code>01002122DB</Code>
<Name><![CDATA[NSF RESEARCH & RELATED ACTIVIT]]></Name>
<FUND_SYMB_ID>040100</FUND_SYMB_ID>
</Fund>
<FUND_OBLG>2019~352551</FUND_OBLG>
<FUND_OBLG>2020~307802</FUND_OBLG>
<FUND_OBLG>2021~299999</FUND_OBLG>
</Award>
</rootTag>
