<?xml version="1.0" encoding="UTF-8"?>
<rootTag>
<Award>
<AwardTitle><![CDATA[Enantioselective Catalysis Enabled by Imidazole-Based Biaryl Ligands]]></AwardTitle>
<AGENCY>NSF</AGENCY>
<AwardEffectiveDate>08/01/2019</AwardEffectiveDate>
<AwardExpirationDate>07/31/2022</AwardExpirationDate>
<AwardTotalIntnAmount>449999.00</AwardTotalIntnAmount>
<AwardAmount>449999</AwardAmount>
<AwardInstrument>
<Value>Standard Grant</Value>
</AwardInstrument>
<Organization>
<Code>03090000</Code>
<Directorate>
<Abbreviation>MPS</Abbreviation>
<LongName>Direct For Mathematical &amp; Physical Scien</LongName>
</Directorate>
<Division>
<Abbreviation>CHE</Abbreviation>
<LongName>Division Of Chemistry</LongName>
</Division>
</Organization>
<ProgramOfficer>
<SignBlockName>George Richter-Addo</SignBlockName>
<PO_EMAI>grichter@nsf.gov</PO_EMAI>
<PO_PHON>7032927528</PO_PHON>
</ProgramOfficer>
<AbstractNarration><![CDATA[With this award, the Chemical Synthesis Program of the Division of Chemistry is supporting the research of Professor Aaron Aponick of the Department of Chemistry at the University of Florida.  The project focuses on the design of new kinds metal-containing complexes used in the synthesis of organic compounds used in agriculture, clean energy technologies and pharmaceuticals. The chemical industry relies on such reactions as means of producing new compounds and materials more easily than classical reaction chemistry (with less energy, time or required separations).   The team led by Professor Aponick is developing catalysts that show promise for the applications in advanced manufacturing. This project also provides hands-on training for students.  Public outreach is achieved by public lectures at the University of Florida. Public outreach also includes Chemistry Day at the Mall, Molecular Mania. This event is popular with children and fosters interactions with the public in general. Many visitors with diverse socioeconomic backgrounds&lt;br/&gt;participate.&lt;br/&gt;&lt;br/&gt;The Chemical Synthesis Program of the Division of Chemistry is supporting the research of Professor Aaron Aponick of the Department of Chemistry at the University of Florida who is developing a new class of ligands for homogeneous catalysis. His "P-N" ligands incorporates imidazole substituents in an atropisomeric chiral biaryl backbone.  Many P,N-ligands are known, but Professor Aponick's imidazole-based systems exhibit distinctive and often superior catalytic behavior.  A major aim of the research is to elucidate the principles underpinning the reactivity and selectivity imparted by this modular ligand platform.  Mechanistic studies are being employed to provide a fundamental understanding of the organometallic chemistry.  The Aponick group is utilizing kinetic and crystallographic studies to interrogate how the coordination chemistry of these so-called Stack-ligands influences the catalytic activity.  Further studies utilize the more basic and geometrically constrained imidazole moiety to enable new reactions that rely on what appears to be a bifunctional and hemilabile coordination motif.  With this strategy, new enantioselective copper- and palladium-catalyzed reactions are being developed. This research program is providing hands-on training for students.  Their professional development is emphasized in all aspects of the work.&lt;br/&gt;&lt;br/&gt;This award reflects NSF's statutory mission and has been deemed worthy of support through evaluation using the Foundation's intellectual merit and broader impacts review criteria.]]></AbstractNarration>
<MinAmdLetterDate>07/22/2019</MinAmdLetterDate>
<MaxAmdLetterDate>07/22/2019</MaxAmdLetterDate>
<ARRAAmount/>
<TRAN_TYPE>Grant</TRAN_TYPE>
<CFDA_NUM>47.049</CFDA_NUM>
<NSF_PAR_USE_FLAG>1</NSF_PAR_USE_FLAG>
<FUND_AGCY_CODE>4900</FUND_AGCY_CODE>
<AWDG_AGCY_CODE>4900</AWDG_AGCY_CODE>
<AwardID>1900299</AwardID>
<Investigator>
<FirstName>Aaron</FirstName>
<LastName>Aponick</LastName>
<PI_MID_INIT/>
<PI_SUFX_NAME/>
<PI_FULL_NAME>Aaron Aponick</PI_FULL_NAME>
<EmailAddress><![CDATA[aponick@chem.ufl.edu]]></EmailAddress>
<NSF_ID>000206924</NSF_ID>
<StartDate>07/22/2019</StartDate>
<EndDate/>
<RoleCode>Principal Investigator</RoleCode>
</Investigator>
<Institution>
<Name><![CDATA[University of Florida]]></Name>
<CityName>GAINESVILLE</CityName>
<ZipCode>326111941</ZipCode>
<PhoneNumber>3523923516</PhoneNumber>
<StreetAddress><![CDATA[1523 UNION RD RM 207]]></StreetAddress>
<StreetAddress2/>
<CountryName>United States</CountryName>
<StateName>Florida</StateName>
<StateCode>FL</StateCode>
<CONGRESSDISTRICT>03</CONGRESSDISTRICT>
<CONGRESS_DISTRICT_ORG>FL03</CONGRESS_DISTRICT_ORG>
<ORG_UEI_NUM>NNFQH1JAPEP3</ORG_UEI_NUM>
<ORG_LGL_BUS_NAME>UNIVERSITY OF FLORIDA</ORG_LGL_BUS_NAME>
<ORG_PRNT_UEI_NUM>D4GCCCMXR1H3</ORG_PRNT_UEI_NUM>
</Institution>
<Performance_Institution>
<Name><![CDATA[University of Florida]]></Name>
<CityName/>
<StateCode>FL</StateCode>
<ZipCode>326112002</ZipCode>
<StreetAddress/>
<CountryCode>US</CountryCode>
<CountryName>United States</CountryName>
<StateName>Florida</StateName>
<CountryFlag>1</CountryFlag>
<CONGRESSDISTRICT>03</CONGRESSDISTRICT>
<CONGRESS_DISTRICT_PERF>FL03</CONGRESS_DISTRICT_PERF>
</Performance_Institution>
<ProgramElement>
<Code>6878</Code>
<Text>Chemical Synthesis</Text>
</ProgramElement>
<ProgramReference>
<Code>8037</Code>
<Text>Advanced Manufacturing</Text>
</ProgramReference>
<Appropriation>
<Code>0119</Code>
<Name>NSF RESEARCH &amp; RELATED ACTIVIT</Name>
<APP_SYMB_ID>040100</APP_SYMB_ID>
</Appropriation>
<Fund>
<Code>01001920DB</Code>
<Name><![CDATA[NSF RESEARCH & RELATED ACTIVIT]]></Name>
<FUND_SYMB_ID>040100</FUND_SYMB_ID>
</Fund>
<FUND_OBLG>2019~449999</FUND_OBLG>
<POR>
<DRECONTENT><![CDATA[<div class="porColContainerWBG"> <div class="porContentCol"><p>The development of chiral ligands for catalytic enantioselective organometallic reactions is of the utmost importance for the advancement of a variety of different fields.&nbsp; Pushing the boundaries of synthetic chemistry enables the synthesis of next generation materials, medicines, and fine chemicals.&nbsp; This project centered on advancing a unique family of ligands under development in our laboratory, now dubbed Stack-ligands.&nbsp; These ligands contain a phosphine and an amine for coordination (a P,N-ligand) and feature a chiral biaryl imidazole where the chiral axis is stabilized by pi-pi interactions. &nbsp;The research here was centered on developing new chemistry that is enabled by the novel ligand structure. &nbsp;Over the course of the project, the work focused on furthering copper acetylide addition chemistry and expanding the scope of the applications available with these ligands to palladium chemistry.&nbsp; Through this work, we found that using a small subset of ligands from the StackPhos family provides useful information on the chiral space needed for efficient and selective catalysis, thereby streamlining reaction development.&nbsp; This was applied to copper-acetylide chemistry where it was used to produce useful chiral materials.&nbsp; Additionally, we have found that our Stack ligands are quite selective in palladium catalyzed processes such as cross-coupling and are uniquely suited to interesting new palladium (II) chemistry as they are superior at recognizing enantiotopic olefin pi-faces.&nbsp; This latter information led to the development of a novel lactone synthesis that is a reverse Tsuji-Trost reaction, of sorts.</p> <p>In addition to the scientific aspects of this work, the broader impacts stem from a variety of activities.&nbsp; The human resource development component of the work originates from the training that the research participants receive.&nbsp; Their development is both technical, where they learn the essential skills and techniques needed for employment as a synthetic chemist in fields such as the pharmaceutical industry, agrochemistry, or materials science, and intellectual as they build the skills needed to devise, optimize, and troubleshoot new reactions and reaction sequences.&nbsp; We are also committed to outreach and education.&nbsp; Although, during the award period, this was impacted by the Covid epidemic, we participated in Molecular Mania, which is an outreach event at a local shopping mall.&nbsp; In addition, the PI is the conference chair of the FloHet conferences that bring approximately 200-250 synthetic chemists together in Gainesville, FL every other year.&nbsp; In 2020, we increased the participation from primarily undergraduate institutions by inviting and encouraging professors and undergraduates to attend and present their work.&nbsp; This was successful in that their attendance and participation increased, but this also resulted in students, some from groups that have historically been underrepresented in the sciences, to apply and attend our graduate program, and likely others.&nbsp; Through these training, teaching, and outreach efforts we are impacting the next generations of scientists.</p> <p>&nbsp;</p><br> <p>            Last Modified: 11/29/2022<br>      Modified by: Aaron&nbsp;Aponick</p> </div> <div class="porSideCol"></div> </div>]]></DRECONTENT>
<POR_COPY_TXT><![CDATA[ The development of chiral ligands for catalytic enantioselective organometallic reactions is of the utmost importance for the advancement of a variety of different fields.  Pushing the boundaries of synthetic chemistry enables the synthesis of next generation materials, medicines, and fine chemicals.  This project centered on advancing a unique family of ligands under development in our laboratory, now dubbed Stack-ligands.  These ligands contain a phosphine and an amine for coordination (a P,N-ligand) and feature a chiral biaryl imidazole where the chiral axis is stabilized by pi-pi interactions.  The research here was centered on developing new chemistry that is enabled by the novel ligand structure.  Over the course of the project, the work focused on furthering copper acetylide addition chemistry and expanding the scope of the applications available with these ligands to palladium chemistry.  Through this work, we found that using a small subset of ligands from the StackPhos family provides useful information on the chiral space needed for efficient and selective catalysis, thereby streamlining reaction development.  This was applied to copper-acetylide chemistry where it was used to produce useful chiral materials.  Additionally, we have found that our Stack ligands are quite selective in palladium catalyzed processes such as cross-coupling and are uniquely suited to interesting new palladium (II) chemistry as they are superior at recognizing enantiotopic olefin pi-faces.  This latter information led to the development of a novel lactone synthesis that is a reverse Tsuji-Trost reaction, of sorts.  In addition to the scientific aspects of this work, the broader impacts stem from a variety of activities.  The human resource development component of the work originates from the training that the research participants receive.  Their development is both technical, where they learn the essential skills and techniques needed for employment as a synthetic chemist in fields such as the pharmaceutical industry, agrochemistry, or materials science, and intellectual as they build the skills needed to devise, optimize, and troubleshoot new reactions and reaction sequences.  We are also committed to outreach and education.  Although, during the award period, this was impacted by the Covid epidemic, we participated in Molecular Mania, which is an outreach event at a local shopping mall.  In addition, the PI is the conference chair of the FloHet conferences that bring approximately 200-250 synthetic chemists together in Gainesville, FL every other year.  In 2020, we increased the participation from primarily undergraduate institutions by inviting and encouraging professors and undergraduates to attend and present their work.  This was successful in that their attendance and participation increased, but this also resulted in students, some from groups that have historically been underrepresented in the sciences, to apply and attend our graduate program, and likely others.  Through these training, teaching, and outreach efforts we are impacting the next generations of scientists.          Last Modified: 11/29/2022       Submitted by: Aaron Aponick]]></POR_COPY_TXT>
</POR>
</Award>
</rootTag>
