<?xml version="1.0" encoding="UTF-8"?>
<rootTag>
<Award>
<AwardTitle><![CDATA[Diatomic chemistry of low coordination metal complexes]]></AwardTitle>
<AGENCY>NSF</AGENCY>
<AwardEffectiveDate>06/15/2019</AwardEffectiveDate>
<AwardExpirationDate>11/30/2023</AwardExpirationDate>
<AwardTotalIntnAmount>460000.00</AwardTotalIntnAmount>
<AwardAmount>460000</AwardAmount>
<AwardInstrument>
<Value>Continuing Grant</Value>
</AwardInstrument>
<Organization>
<Code>03090000</Code>
<Directorate>
<Abbreviation>MPS</Abbreviation>
<LongName>Direct For Mathematical &amp; Physical Scien</LongName>
</Directorate>
<Division>
<Abbreviation>CHE</Abbreviation>
<LongName>Division Of Chemistry</LongName>
</Division>
</Organization>
<ProgramOfficer>
<SignBlockName>John Gilje</SignBlockName>
<PO_EMAI>jwgilje@nsf.gov</PO_EMAI>
<PO_PHON>7032928840</PO_PHON>
</ProgramOfficer>
<AbstractNarration><![CDATA[Very small molecules common in interstellar space are often unstable and very reactive. For example, the compound that contains a phosphorus atom (P) bonded to a single nitrogen atom (N) was the first phosphorus compound to be detected in space, but this molecule has only fleeting existence on earth because it easily reacts with other molecules. Nonetheless, this P-N species has been proposed as a starting materials for electronic and magnetic materials. Because these molecules are so simple, but so reactive, a very important research topic is focused on how to prepare and stabilize them. In this project, funded by the Chemical Synthesis Program of the Chemistry Division, Professor Jeremy Smith of the Department of Chemistry at Indiana University, is developing a new strategy to make a variety of simple, yet highly reactive molecules. The strategy involves individually attaching two atoms (P and N) to two different metals. These species are then brought into contact and the P and N then to bind each other, while being stabilized by the metals. In addition to training students for entry into the technological workforce, the team develops materials to assist teachers and the general public in reading and interpreting scientific research. &lt;br/&gt;&lt;br/&gt;&lt;br/&gt;In this project a combination of synthetic, spectroscopic and computational methods are used to assemble and characterize diatomic molecules as ligands in transition metal complexes. The modular nature of the building block strategy allows a range of diatomic molecules to be accessed, with the resulting compounds displaying unusual magnetic and reactivity properties. In collaboration with the Indiana University College of Arts and Science Office of Science Outreach, publications resulting from the research are deconstructed to assist teachers and the general public to understand and interpret the concepts, assumptions, and methods of scientific papers.&lt;br/&gt;&lt;br/&gt;This award reflects NSF's statutory mission and has been deemed worthy of support through evaluation using the Foundation's intellectual merit and broader impacts review criteria.]]></AbstractNarration>
<MinAmdLetterDate>06/14/2019</MinAmdLetterDate>
<MaxAmdLetterDate>04/06/2020</MaxAmdLetterDate>
<ARRAAmount/>
<TRAN_TYPE>Grant</TRAN_TYPE>
<CFDA_NUM>47.049</CFDA_NUM>
<NSF_PAR_USE_FLAG>1</NSF_PAR_USE_FLAG>
<FUND_AGCY_CODE>4900</FUND_AGCY_CODE>
<AWDG_AGCY_CODE>4900</AWDG_AGCY_CODE>
<AwardID>1900020</AwardID>
<Investigator>
<FirstName>Jeremy</FirstName>
<LastName>Smith</LastName>
<PI_MID_INIT>M</PI_MID_INIT>
<PI_SUFX_NAME/>
<PI_FULL_NAME>Jeremy M Smith</PI_FULL_NAME>
<EmailAddress><![CDATA[smith962@indiana.edu]]></EmailAddress>
<NSF_ID>000085614</NSF_ID>
<StartDate>06/14/2019</StartDate>
<EndDate/>
<RoleCode>Principal Investigator</RoleCode>
</Investigator>
<Institution>
<Name>Indiana University</Name>
<CityName>BLOOMINGTON</CityName>
<ZipCode>474057000</ZipCode>
<PhoneNumber>3172783473</PhoneNumber>
<StreetAddress>107 S INDIANA AVE</StreetAddress>
<StreetAddress2/>
<CountryName>United States</CountryName>
<StateName>Indiana</StateName>
<StateCode>IN</StateCode>
<CONGRESSDISTRICT>09</CONGRESSDISTRICT>
<CONGRESS_DISTRICT_ORG>IN09</CONGRESS_DISTRICT_ORG>
<ORG_UEI_NUM>YH86RTW2YVJ4</ORG_UEI_NUM>
<ORG_LGL_BUS_NAME>TRUSTEES OF INDIANA UNIVERSITY</ORG_LGL_BUS_NAME>
<ORG_PRNT_UEI_NUM/>
</Institution>
<Performance_Institution>
<Name><![CDATA[Indiana University]]></Name>
<CityName>Bloomington</CityName>
<StateCode>IN</StateCode>
<ZipCode>474057102</ZipCode>
<StreetAddress><![CDATA[800 E Kirkwood Ave]]></StreetAddress>
<CountryCode>US</CountryCode>
<CountryName>United States</CountryName>
<StateName>Indiana</StateName>
<CountryFlag>1</CountryFlag>
<CONGRESSDISTRICT>09</CONGRESSDISTRICT>
<CONGRESS_DISTRICT_PERF>IN09</CONGRESS_DISTRICT_PERF>
</Performance_Institution>
<ProgramElement>
<Code>6878</Code>
<Text>Chemical Synthesis</Text>
</ProgramElement>
<Appropriation>
<Code>0119</Code>
<Name>NSF RESEARCH &amp; RELATED ACTIVIT</Name>
<APP_SYMB_ID>040100</APP_SYMB_ID>
</Appropriation>
<Appropriation>
<Code>0120</Code>
<Name>NSF RESEARCH &amp; RELATED ACTIVIT</Name>
<APP_SYMB_ID>040100</APP_SYMB_ID>
</Appropriation>
<Fund>
<Code>01001920DB</Code>
<Name><![CDATA[NSF RESEARCH & RELATED ACTIVIT]]></Name>
<FUND_SYMB_ID>040100</FUND_SYMB_ID>
</Fund>
<Fund>
<Code>01002021DB</Code>
<Name><![CDATA[NSF RESEARCH & RELATED ACTIVIT]]></Name>
<FUND_SYMB_ID>040100</FUND_SYMB_ID>
</Fund>
<FUND_OBLG>2019~319187</FUND_OBLG>
<FUND_OBLG>2020~140813</FUND_OBLG>
</Award>
</rootTag>
