<?xml version="1.0" encoding="UTF-8"?>
<rootTag>
<Award>
<AwardTitle><![CDATA[Developing a Noyce Teacher Education Community of Practice to Broaden Participation and Build Capacity of Minority-serving Institutions in STEM]]></AwardTitle>
<AGENCY>NSF</AGENCY>
<AwardEffectiveDate>03/01/2019</AwardEffectiveDate>
<AwardExpirationDate>08/31/2023</AwardExpirationDate>
<AwardTotalIntnAmount>493656.00</AwardTotalIntnAmount>
<AwardAmount>493656</AwardAmount>
<AwardInstrument>
<Value>Standard Grant</Value>
</AwardInstrument>
<Organization>
<Code>11040100</Code>
<Directorate>
<Abbreviation>EDU</Abbreviation>
<LongName>Directorate for STEM Education</LongName>
</Directorate>
<Division>
<Abbreviation>DUE</Abbreviation>
<LongName>Division Of Undergraduate Education</LongName>
</Division>
</Organization>
<ProgramOfficer>
<SignBlockName>James A. M. Alvarez</SignBlockName>
<PO_EMAI>jalvarez@nsf.gov</PO_EMAI>
<PO_PHON>7032922323</PO_PHON>
</ProgramOfficer>
<AbstractNarration><![CDATA[With support from the Robert Noyce Teacher Scholarship Program (Noyce), this workshop hosted by the Quality Education for Minorities (QEM) Network aims to serve the national need of increasing the diversity of the STEM teacher workforce. Through this effort, the project will serve a long-term goal of improving the representation of students of color in K-12 mathematics and science coursework, undergraduate STEM majors, and the STEM workforce. Relative to the composition of kindergarten through twelfth grade students in the United States, the current teaching force lacks racial and gender diversity. Minority Serving Institutions (MSIs) have the potential to produce significant numbers of teachers from diverse backgrounds. Through Noyce support, MSIs have the potential to offer incentives for STEM undergraduates to pursue K-12 teaching careers. &lt;br/&gt;&lt;br/&gt;The QEM Network will use organizational learning to meet the following objectives in three phases: (1) Initiation Phase - Conduct one webinar per year (over two years) targeting approximately 500 potential PIs and administrators from 100 MSIs to discuss institutional and individual readiness for preparing a competitive Noyce proposal and the social and civic responsibility of MSIs to advance diversity in STEM teaching; (2) Engagement Phase - Provide one workshop per year (over two years) for MSI faculty members to connect Noyce proposal ideas to larger societal needs for diversity in STEM teaching; and (3) Maintenance Phase - Provide ongoing tailored post-workshop guidance focused on enhancing participants' ability to complete and submit competitive Noyce proposals and reinforce societal needs for diversity in STEM teaching. This project will assist with developing tools that help MSIs to compete for the resources necessary to provide measurable resources to their STEM education students, so that their students can become STEM teachers who make important contributions to our nation. The Noyce program supports talented STEM undergraduate majors and professionals to become effective K-12 STEM teachers in high-need school districts and experienced, exemplary K-12 STEM teachers to become STEM master teachers. It also supports research on the persistence, retention, and effectiveness of K-12 teachers in high-need school districts.&lt;br/&gt;&lt;br/&gt;This award reflects NSF's statutory mission and has been deemed worthy of support through evaluation using the Foundation's intellectual merit and broader impacts review criteria.]]></AbstractNarration>
<MinAmdLetterDate>03/01/2019</MinAmdLetterDate>
<MaxAmdLetterDate>03/13/2023</MaxAmdLetterDate>
<ARRAAmount/>
<TRAN_TYPE>Grant</TRAN_TYPE>
<CFDA_NUM>47.076</CFDA_NUM>
<NSF_PAR_USE_FLAG>1</NSF_PAR_USE_FLAG>
<FUND_AGCY_CODE>4900</FUND_AGCY_CODE>
<AWDG_AGCY_CODE>4900</AWDG_AGCY_CODE>
<AwardID>1900664</AwardID>
<Investigator>
<FirstName>Mercy</FirstName>
<LastName>Mugo</LastName>
<PI_MID_INIT>W</PI_MID_INIT>
<PI_SUFX_NAME/>
<PI_FULL_NAME>Mercy W Mugo</PI_FULL_NAME>
<EmailAddress><![CDATA[mmugo@qem.org]]></EmailAddress>
<NSF_ID>000730946</NSF_ID>
<StartDate>10/13/2021</StartDate>
<EndDate/>
<RoleCode>Principal Investigator</RoleCode>
</Investigator>
<Investigator>
<FirstName>IVORY</FirstName>
<LastName>TOLDSON</LastName>
<PI_MID_INIT>A</PI_MID_INIT>
<PI_SUFX_NAME/>
<PI_FULL_NAME>IVORY A TOLDSON</PI_FULL_NAME>
<EmailAddress><![CDATA[itoldson@qem.org]]></EmailAddress>
<NSF_ID>000727410</NSF_ID>
<StartDate>03/01/2019</StartDate>
<EndDate>10/13/2021</EndDate>
<RoleCode>Former Principal Investigator</RoleCode>
</Investigator>
<Investigator>
<FirstName>Laura-Lee</FirstName>
<LastName>Davidson</LastName>
<PI_MID_INIT/>
<PI_SUFX_NAME/>
<PI_FULL_NAME>Laura-Lee Davidson</PI_FULL_NAME>
<EmailAddress><![CDATA[lauralee.davidson@udc.edu]]></EmailAddress>
<NSF_ID>000720956</NSF_ID>
<StartDate>03/01/2019</StartDate>
<EndDate/>
<RoleCode>Co-Principal Investigator</RoleCode>
</Investigator>
<Institution>
<Name>QUALITY EDUCATION FOR MINORITIES NETWORK</Name>
<CityName>WASHINGTON</CityName>
<ZipCode>200362406</ZipCode>
<PhoneNumber>2026591818</PhoneNumber>
<StreetAddress>1818 N ST NW STE 350</StreetAddress>
<StreetAddress2/>
<CountryName>United States</CountryName>
<StateName>District of Columbia</StateName>
<StateCode>DC</StateCode>
<CONGRESSDISTRICT>00</CONGRESSDISTRICT>
<CONGRESS_DISTRICT_ORG>DC00</CONGRESS_DISTRICT_ORG>
<ORG_UEI_NUM>M1LSMGM4J768</ORG_UEI_NUM>
<ORG_LGL_BUS_NAME>QUALITY EDUCATION FOR MINORITIES NETWORK (INC)</ORG_LGL_BUS_NAME>
<ORG_PRNT_UEI_NUM/>
</Institution>
<Performance_Institution>
<Name><![CDATA[QUALITY EDUCATION FOR MINORITIES NETWORK]]></Name>
<CityName/>
<StateCode>DC</StateCode>
<ZipCode>200362406</ZipCode>
<StreetAddress/>
<CountryCode>US</CountryCode>
<CountryName>United States</CountryName>
<StateName>District of Columbia</StateName>
<CountryFlag>1</CountryFlag>
<CONGRESSDISTRICT>00</CONGRESSDISTRICT>
<CONGRESS_DISTRICT_PERF>DC00</CONGRESS_DISTRICT_PERF>
</Performance_Institution>
<ProgramElement>
<Code>1795</Code>
<Text>Robert Noyce Scholarship Pgm</Text>
</ProgramElement>
<ProgramReference>
<Code>7556</Code>
<Text>CONFERENCE AND WORKSHOPS</Text>
</ProgramReference>
<ProgramReference>
<Code>9178</Code>
<Text>UNDERGRADUATE EDUCATION</Text>
</ProgramReference>
<ProgramReference>
<Code>SMET</Code>
<Text>SCIENCE, MATH, ENG &amp; TECH EDUCATION</Text>
</ProgramReference>
<Appropriation>
<Code>0419</Code>
<Name>NSF Education &amp; Human Resource</Name>
<APP_SYMB_ID>040106</APP_SYMB_ID>
</Appropriation>
<Fund>
<Code>04001920DB</Code>
<Name><![CDATA[NSF Education & Human Resource]]></Name>
<FUND_SYMB_ID>040106</FUND_SYMB_ID>
</Fund>
<FUND_OBLG>2019~493656</FUND_OBLG>
<POR>
<DRECONTENT><![CDATA[<div class="porColContainerWBG"> <div class="porContentCol"><p>Between 2019 and 2023,&nbsp;with support&nbsp;from the&nbsp;National Science Foundation (NSF) Award #1900664, the Quality Education for Minorities (QEM) Network&nbsp;conducted seven workshops and one webinar to&nbsp;provide&nbsp;technical&nbsp;assistance&nbsp;to minority-serving institutions (MSIs) to increase&nbsp;their participation and competitiveness in NSF&rsquo;s Robert&nbsp;Noyce&nbsp;Teacher Scholarship Program.&nbsp;Workshop participants&nbsp;included&nbsp;two person teams&nbsp;consisting of a STEM faculty member and a teacher education faculty member from MSIs with&nbsp;accredited&nbsp;teacher education programs.&nbsp;Through&nbsp;this&nbsp;project, MSIs&nbsp;capacity was&nbsp;strengthened through proposal development&nbsp;support, exposure to potential collaborators, and enhancement to their overall infrastructure to support STEM education initiatives.&nbsp;By&nbsp;providing&nbsp;resources and support to MSIs, these grants help attract and train more diverse cohorts of future STEM teachers ultimately helping create more inclusive learning environments for all students.</p> <p class="paragraph">Over the period of this award, 262 faculty members from 87 distinct colleges and universities (51 HBCUs, 22 HSIs, 6 AANAPISIs/HSIs, 5 PWIs, 2 ANNH/AANAPISI, and 1 PBI) attended the eight QEM/Noyce sponsored events. The workshops and webinar provided a platform for faculty to network with peers at other institutions and exchange ideas.</p> <p class="paragraph">The QEM Noyce Workshops provided hands-on training in the preparation and submission of competitive proposals to the NSF Noyce Teacher Scholarship Program as well as professional development focused on current teacher education research and best practices. The workshops were designed to equip participants with the necessary skills and knowledge to successfully secure funding from the NSF for their teacher education programs. The agenda topics and other relevant materials were selected to augment the workshop&rsquo;s training and professional development.&nbsp;The interactive nature of the workshops allowed for a collaborative learning experience where participants could share their own experiences and learn from each other's successes and failures.</p> <p><strong>NSF Awards to Workshops Participants</strong>:&nbsp;A search of NSF&rsquo;s awards database revealed that since&nbsp;convening&nbsp;the&nbsp;first workshop under this grant&nbsp;in&nbsp;2019,&nbsp;twenty-two teams at&nbsp;minority serving&nbsp;institutions (MSIs)&nbsp;who participated in&nbsp;QEM sponsored&nbsp;Noyce workshops have&nbsp;been awarded a total of&nbsp;over $20M in Noyce awards (see visual Map).&nbsp;This significant amount of funding&nbsp;to MSIs&nbsp;highlights the importance and impact of the Noyce program&nbsp;in supporting STEM education and addressing teacher shortages&nbsp;by these institutions.&nbsp;</p> <p>Research funding obtained through successful research proposals&nbsp;submitted by Noyce participants would help ensure faculty have access to resources for the conduct of research on MSIs campuses and students get scholarships to pursue STEM education. This increased capacity, in turn, improves student access to quality undergraduate education and research opportunities; promotes the integration of research and teaching; and enhances faculty scholarly productivity overall.</p> <p><strong>About QEM</strong>: The QEM Network was established in 1990 as a non-profit organization in Washington, DC, dedicated to improving education for minorities throughout the nation. QEM works with minority and non-minority individuals, organizations, and institutions to help coordinate and energize efforts to improve the education of minorities, particularly in STEM. QEM&rsquo;s technical assistance projects support institutional efforts to ensure that students who graduate with degrees in STEM disciplines are well-prepared to successfully pursue STEM graduate study or transition into the STEM workforce.</p> <p>&nbsp;</p><br> <p>  Last Modified: 12/19/2023<br> Modified by: Mercy&nbsp;W&nbsp;Mugo</p></div> <div class="porSideCol" ><div class="each-gallery"> <div class="galContent" id="gallery0"> <div class="photoCount" id="photoCount0">          Image         </div> <div class="galControls onePhoto" id="controls0"></div> <div class="galSlideshow" id="slideshow0"></div> <div class="galEmbox" id="embox"> <div class="image-title"></div> </div> </div> <div class="galNavigation onePhoto" id="navigation0"> <ul class="thumbs" id="thumbs0"> <li> <a href="/por/images/Reports/POR/2023/1900664/1900664_10595174_1701723554109_Slide1--rgov-214x142.png" original="/por/images/Reports/POR/2023/1900664/1900664_10595174_1701723554109_Slide1--rgov-800width.png" title="Success Rate of Past QEM Noyce Workshop Attendees, by State"><img src="/por/images/Reports/POR/2023/1900664/1900664_10595174_1701723554109_Slide1--rgov-66x44.png" alt="Success Rate of Past QEM Noyce Workshop Attendees, by State"></a> <div class="imageCaptionContainer"> <div class="imageCaption">Between 2019-2023,  2019, twenty-two teams at minority serving institutions (MSIs) who participated in QEM sponsored Noyce workshops have received over $20M in Noyce awards.</div> <div class="imageCredit">QEM Network</div> <div class="imagePermisssions">Copyrighted</div> <div class="imageSubmitted">Mercy&nbsp;W&nbsp;Mugo <div class="imageTitle">Success Rate of Past QEM Noyce Workshop Attendees, by State</div> </div> </li></ul> </div> </div></div> </div>]]></DRECONTENT>
<POR_COPY_TXT><![CDATA[  Between 2019 and 2023,with supportfrom theNational Science Foundation (NSF) Award #1900664, the Quality Education for Minorities (QEM) Networkconducted seven workshops and one webinar toprovidetechnicalassistanceto minority-serving institutions (MSIs) to increasetheir participation and competitiveness in NSFs RobertNoyceTeacher Scholarship Program.Workshop participantsincludedtwo person teamsconsisting of a STEM faculty member and a teacher education faculty member from MSIs withaccreditedteacher education programs.Throughthisproject, MSIscapacity wasstrengthened through proposal developmentsupport, exposure to potential collaborators, and enhancement to their overall infrastructure to support STEM education initiatives.Byprovidingresources and support to MSIs, these grants help attract and train more diverse cohorts of future STEM teachers ultimately helping create more inclusive learning environments for all students.   Over the period of this award, 262 faculty members from 87 distinct colleges and universities (51 HBCUs, 22 HSIs, 6 AANAPISIs/HSIs, 5 PWIs, 2 ANNH/AANAPISI, and 1 PBI) attended the eight QEM/Noyce sponsored events. The workshops and webinar provided a platform for faculty to network with peers at other institutions and exchange ideas.   The QEM Noyce Workshops provided hands-on training in the preparation and submission of competitive proposals to the NSF Noyce Teacher Scholarship Program as well as professional development focused on current teacher education research and best practices. The workshops were designed to equip participants with the necessary skills and knowledge to successfully secure funding from the NSF for their teacher education programs. The agenda topics and other relevant materials were selected to augment the workshops training and professional development.The interactive nature of the workshops allowed for a collaborative learning experience where participants could share their own experiences and learn from each other's successes and failures.   NSF Awards to Workshops Participants:A search of NSFs awards database revealed that sinceconveningthefirst workshop under this grantin2019,twenty-two teams atminority servinginstitutions (MSIs)who participated inQEM sponsoredNoyce workshops havebeen awarded a total ofover $20M in Noyce awards (see visual Map).This significant amount of fundingto MSIshighlights the importance and impact of the Noyce programin supporting STEM education and addressing teacher shortagesby these institutions.   Research funding obtained through successful research proposalssubmitted by Noyce participants would help ensure faculty have access to resources for the conduct of research on MSIs campuses and students get scholarships to pursue STEM education. This increased capacity, in turn, improves student access to quality undergraduate education and research opportunities; promotes the integration of research and teaching; and enhances faculty scholarly productivity overall.   About QEM: The QEM Network was established in 1990 as a non-profit organization in Washington, DC, dedicated to improving education for minorities throughout the nation. QEM works with minority and non-minority individuals, organizations, and institutions to help coordinate and energize efforts to improve the education of minorities, particularly in STEM. QEMs technical assistance projects support institutional efforts to ensure that students who graduate with degrees in STEM disciplines are well-prepared to successfully pursue STEM graduate study or transition into the STEM workforce.        Last Modified: 12/19/2023       Submitted by: MercyWMugo]]></POR_COPY_TXT>
</POR>
</Award>
</rootTag>
