<?xml version="1.0" encoding="UTF-8"?>
<rootTag>
<Award>
<AwardTitle><![CDATA[Decoding the Infrared Spectra of High Frequency Molecular Vibrations]]></AwardTitle>
<AGENCY>NSF</AGENCY>
<AwardEffectiveDate>09/01/2020</AwardEffectiveDate>
<AwardExpirationDate>08/31/2024</AwardExpirationDate>
<AwardTotalIntnAmount>450000.00</AwardTotalIntnAmount>
<AwardAmount>450000</AwardAmount>
<AwardInstrument>
<Value>Continuing Grant</Value>
</AwardInstrument>
<Organization>
<Code>03090000</Code>
<Directorate>
<Abbreviation>MPS</Abbreviation>
<LongName>Direct For Mathematical &amp; Physical Scien</LongName>
</Directorate>
<Division>
<Abbreviation>CHE</Abbreviation>
<LongName>Division Of Chemistry</LongName>
</Division>
</Organization>
<ProgramOfficer>
<SignBlockName>Colby Foss</SignBlockName>
<PO_EMAI>cfoss@nsf.gov</PO_EMAI>
<PO_PHON>7032925327</PO_PHON>
</ProgramOfficer>
<AbstractNarration><![CDATA[Molecules can be detected and identified by how they vibrate.  Their vibrations typically occur at frequencies corresponding to infrared light. Thus, by observing how molecules absorb different wavelengths of infrared light (the laboratory technique is called vibrational spectroscopy), we can tell something about their structure and properties.  However, as molecules become large (in other words “polyatomic”, meaning many atoms), or if a small molecule is surrounded by other molecules (for example, an alcohol molecule dissolved in water), their vibrations become very complicated and difficult to interpret. In this project, funded by the Chemical Structure, Dynamics and Mechanisms A of the Chemistry Division, Professor Edwin Sibert of the University of Wisconsin-Madison is extending current theoretical models in order to enhance our ability to extract structural information from the vibrations of polyatomic molecules and molecules dissolved in liquids. This research is expected to enhance our ability to interpret get a detailed picture of a molecule’s structure and its interaction with other molecules in its environment.  The models developed in this research also have implications for understanding complex biochemical processes as well as the practical design of molecules for a variety of applications, including pharmaceuticals and fuels.  Finally, the Sibert research group is also developing electronic learning resources for the undergraduate chemistry program at UW Madison.  Professor Silbert is involved in the design of electronic resources for students. These resources extend from helping students understand the forces at play in solvation phenomena to educating them about the significant contributions of chemistry to our society.&lt;br/&gt;&lt;br/&gt;Liquid phase infrared spectra of the CH, NH and OH stretch regions often lack the spectral resolution required to interrogate how the motions of nuclei evolve upon molecular excitation. The analogous molecular motions sampled in cold clusters are governed by similar forces, yet, due to the limited cluster size and cold temperatures, the experimental spectra of these high frequency vibrations have sufficiently narrow line shapes that spectral features are revealed. The aim of this project is to provide the theoretical tools that are required for interpreting these features in order to both reveal the underlying dynamics and extract structural and environmental information. The limited size of these clusters also allows for the rigorous testing of the theoretical models. This testing includes quantifying the quality of the techniques used to determine the underlying force fields. Designing drugs and predicting outcomes of combustion reactions depend on chemists’ ability to determine such force fields in order to calculate the relative stabilities of various chemical species and understand how environment affects those stabilities. The broader impact of this project includes generating open source computer software to enable scientists to measure and understand these stabilities as well as to provide a training ground for students in this research area.&lt;br/&gt;&lt;br/&gt;This award reflects NSF's statutory mission and has been deemed worthy of support through evaluation using the Foundation's intellectual merit and broader impacts review criteria.]]></AbstractNarration>
<MinAmdLetterDate>02/28/2020</MinAmdLetterDate>
<MaxAmdLetterDate>07/31/2020</MaxAmdLetterDate>
<ARRAAmount/>
<TRAN_TYPE>Grant</TRAN_TYPE>
<CFDA_NUM>47.049</CFDA_NUM>
<NSF_PAR_USE_FLAG>1</NSF_PAR_USE_FLAG>
<FUND_AGCY_CODE>4900</FUND_AGCY_CODE>
<AWDG_AGCY_CODE>4900</AWDG_AGCY_CODE>
<AwardID>1900095</AwardID>
<Investigator>
<FirstName>Edwin</FirstName>
<LastName>Sibert</LastName>
<PI_MID_INIT>L</PI_MID_INIT>
<PI_SUFX_NAME>III</PI_SUFX_NAME>
<PI_FULL_NAME>Edwin L Sibert</PI_FULL_NAME>
<EmailAddress><![CDATA[sibert@chem.wisc.edu]]></EmailAddress>
<NSF_ID>000178260</NSF_ID>
<StartDate>02/28/2020</StartDate>
<EndDate/>
<RoleCode>Principal Investigator</RoleCode>
</Investigator>
<Institution>
<Name><![CDATA[University of Wisconsin-Madison]]></Name>
<CityName>MADISON</CityName>
<ZipCode>537151218</ZipCode>
<PhoneNumber>6082623822</PhoneNumber>
<StreetAddress><![CDATA[21 N PARK ST STE 6301]]></StreetAddress>
<StreetAddress2/>
<CountryName>United States</CountryName>
<StateName>Wisconsin</StateName>
<StateCode>WI</StateCode>
<CONGRESSDISTRICT>02</CONGRESSDISTRICT>
<CONGRESS_DISTRICT_ORG>WI02</CONGRESS_DISTRICT_ORG>
<ORG_UEI_NUM>LCLSJAGTNZQ7</ORG_UEI_NUM>
<ORG_LGL_BUS_NAME>UNIVERSITY OF WISCONSIN SYSTEM</ORG_LGL_BUS_NAME>
<ORG_PRNT_UEI_NUM/>
</Institution>
<Performance_Institution>
<Name><![CDATA[University of Wisconsin-Madison]]></Name>
<CityName/>
<StateCode>WI</StateCode>
<ZipCode>537151218</ZipCode>
<StreetAddress/>
<CountryCode>US</CountryCode>
<CountryName>United States</CountryName>
<StateName>Wisconsin</StateName>
<CountryFlag>1</CountryFlag>
<CONGRESSDISTRICT>02</CONGRESSDISTRICT>
<CONGRESS_DISTRICT_PERF>WI02</CONGRESS_DISTRICT_PERF>
</Performance_Institution>
<ProgramElement>
<Code>9101</Code>
<Text>Chem Struct,Dynmcs&amp;Mechansms A</Text>
</ProgramElement>
<ProgramReference>
<Code>9263</Code>
<Text>COMPUTATIONAL SCIENCE &amp; ENGING</Text>
</ProgramReference>
<Appropriation>
<Code>0120</Code>
<Name>NSF RESEARCH &amp; RELATED ACTIVIT</Name>
<APP_SYMB_ID>040100</APP_SYMB_ID>
</Appropriation>
<Fund>
<Code>01002021DB</Code>
<Name><![CDATA[NSF RESEARCH & RELATED ACTIVIT]]></Name>
<FUND_SYMB_ID>040100</FUND_SYMB_ID>
</Fund>
<FUND_OBLG>2020~450000</FUND_OBLG>
</Award>
</rootTag>
