<?xml version="1.0" encoding="UTF-8"?>
<rootTag>
<Award>
<AwardTitle><![CDATA[FET: Medium: Collaborative Research: Automated Analysis and Exploration of High-dimensional and Multimodal Molecular Energy Landscapes]]></AwardTitle>
<AGENCY>NSF</AGENCY>
<AwardEffectiveDate>08/01/2019</AwardEffectiveDate>
<AwardExpirationDate>07/31/2023</AwardExpirationDate>
<AwardTotalIntnAmount>580000.00</AwardTotalIntnAmount>
<AwardAmount>580000</AwardAmount>
<AwardInstrument>
<Value>Continuing Grant</Value>
</AwardInstrument>
<Organization>
<Code>05010000</Code>
<Directorate>
<Abbreviation>CSE</Abbreviation>
<LongName>Direct For Computer &amp; Info Scie &amp; Enginr</LongName>
</Directorate>
<Division>
<Abbreviation>CCF</Abbreviation>
<LongName>Division of Computing and Communication Foundations</LongName>
</Division>
</Organization>
<ProgramOfficer>
<SignBlockName>Stephanie Gage</SignBlockName>
<PO_EMAI>sgage@nsf.gov</PO_EMAI>
<PO_PHON>7032924748</PO_PHON>
</ProgramOfficer>
<AbstractNarration><![CDATA[The activities in this project are inspired by central standing questions hampering our ability to understand cellular mechanisms at a molecular level. Decades of scientific inquiry have demonstrated that biological molecules are constantly on the move, assuming different forms and switching between them to interface with different molecular partners in the cell. Their motions can be conceptualized as hops in an energy landscape that organizes the vast space of forms assumed by a molecule by grouping together forms with similar energies into states. Molecular energy landscapes govern the underlying dynamics of a molecule and expose the relationship between form, changes to form, and function. This project brings together concepts and techniques from engineering, mathematics, and biology to advance algorithmic research on automated and efficient analysis and exploration of molecular energy landscapes. In particular, the proposed activities develop advanced, data-driven algorithms for automated detection and extraction of global and local structures of a landscape and utilization of such structures (and their characteristics) to advance the state of computation of molecular energy landscapes. This project benefits researchers of diverse sub-communities in computational and biological sciences. The project will also result in open-source codes, online teaching modules and tutorials, publicly-available data, workshops, software demos, and will provides excellent opportunities to train under-represented students at the interface of different disciplines and domains.&lt;br/&gt;&lt;br/&gt;The activities in this project support understanding of cellular mechanism at a molecular level and  advance the state of computation of molecular energy landscapes in support of such understanding. The project advances algorithmic research in exploratory landscape analysis in evolutionary computation, high-dimensional geometry and spatial statistics, and stochastic optimization to address fundamental challenges in automated, efficient analysis and exploration of high-dimensional and multimodal landscapes. The primary focus is on molecular energy landscapes that organize microstates of a molecular system, govern the underlying dynamics, and expose the relationship between form, changes to form, and function. The project puts forth data-driven techniques to uncover the underlying organization of global and local structures of a landscape and exploit such structures to formulate algorithmic design principles for effective computation of molecular energy landscapes via stochastic optimization. The proposed activities will make general contributions to evolutionary computation, stochastic optimization, spatial statistics, and high-dimensional geometry. In particular, the work will benefit researchers in these communities that have application-driven interests in molecular modeling and modeling of complex, dynamic systems. The research will be disseminated via various venues, including open-source codes in C++, Python, and R so as to reach diverse communities of researchers and students, online teaching modules, online tutorials, and publicly-available landscape-related data.  This interdisciplinary project creates excellent opportunities to train under-represented students of all backgrounds at the interface of optimization and search, geometry, statistics, and computational biology.&lt;br/&gt;&lt;br/&gt;This award reflects NSF's statutory mission and has been deemed worthy of support through evaluation using the Foundation's intellectual merit and broader impacts review criteria.]]></AbstractNarration>
<MinAmdLetterDate>07/26/2019</MinAmdLetterDate>
<MaxAmdLetterDate>07/27/2022</MaxAmdLetterDate>
<ARRAAmount/>
<TRAN_TYPE>Grant</TRAN_TYPE>
<CFDA_NUM>47.070</CFDA_NUM>
<NSF_PAR_USE_FLAG>1</NSF_PAR_USE_FLAG>
<FUND_AGCY_CODE>4900</FUND_AGCY_CODE>
<AWDG_AGCY_CODE>4900</AWDG_AGCY_CODE>
<AwardID>1900061</AwardID>
<Investigator>
<FirstName>Wanli</FirstName>
<LastName>Qiao</LastName>
<PI_MID_INIT/>
<PI_SUFX_NAME/>
<PI_FULL_NAME>Wanli Qiao</PI_FULL_NAME>
<EmailAddress><![CDATA[wqiao@gmu.edu]]></EmailAddress>
<NSF_ID>000733343</NSF_ID>
<StartDate>08/01/2019</StartDate>
<EndDate/>
<RoleCode>Principal Investigator</RoleCode>
</Investigator>
<Investigator>
<FirstName>Wanli</FirstName>
<LastName>Qiao</LastName>
<PI_MID_INIT/>
<PI_SUFX_NAME/>
<PI_FULL_NAME>Wanli Qiao</PI_FULL_NAME>
<EmailAddress><![CDATA[wqiao@gmu.edu]]></EmailAddress>
<NSF_ID>000733343</NSF_ID>
<StartDate>07/26/2019</StartDate>
<EndDate>08/01/2019</EndDate>
<RoleCode>Former Co-Principal Investigator</RoleCode>
</Investigator>
<Investigator>
<FirstName>Amarda</FirstName>
<LastName>Shehu</LastName>
<PI_MID_INIT/>
<PI_SUFX_NAME/>
<PI_FULL_NAME>Amarda Shehu</PI_FULL_NAME>
<EmailAddress><![CDATA[ashehu@gmu.edu]]></EmailAddress>
<NSF_ID>000538530</NSF_ID>
<StartDate>07/27/2022</StartDate>
<EndDate/>
<RoleCode>Co-Principal Investigator</RoleCode>
</Investigator>
<Investigator>
<FirstName>Amarda</FirstName>
<LastName>Shehu</LastName>
<PI_MID_INIT/>
<PI_SUFX_NAME/>
<PI_FULL_NAME>Amarda Shehu</PI_FULL_NAME>
<EmailAddress><![CDATA[ashehu@gmu.edu]]></EmailAddress>
<NSF_ID>000538530</NSF_ID>
<StartDate>07/26/2019</StartDate>
<EndDate>08/01/2019</EndDate>
<RoleCode>Former Principal Investigator</RoleCode>
</Investigator>
<Institution>
<Name><![CDATA[George Mason University]]></Name>
<CityName>FAIRFAX</CityName>
<ZipCode>220304422</ZipCode>
<PhoneNumber>7039932295</PhoneNumber>
<StreetAddress><![CDATA[4400 UNIVERSITY DR]]></StreetAddress>
<StreetAddress2/>
<CountryName>United States</CountryName>
<StateName>Virginia</StateName>
<StateCode>VA</StateCode>
<CONGRESSDISTRICT>11</CONGRESSDISTRICT>
<CONGRESS_DISTRICT_ORG>VA11</CONGRESS_DISTRICT_ORG>
<ORG_UEI_NUM>EADLFP7Z72E5</ORG_UEI_NUM>
<ORG_LGL_BUS_NAME>GEORGE MASON UNIVERSITY</ORG_LGL_BUS_NAME>
<ORG_PRNT_UEI_NUM/>
</Institution>
<Performance_Institution>
<Name><![CDATA[George Mason University]]></Name>
<CityName>Fairfax</CityName>
<StateCode>VA</StateCode>
<ZipCode>220304422</ZipCode>
<StreetAddress><![CDATA[4400 University Drive]]></StreetAddress>
<CountryCode>US</CountryCode>
<CountryName>United States</CountryName>
<StateName>Virginia</StateName>
<CountryFlag>1</CountryFlag>
<CONGRESSDISTRICT>11</CONGRESSDISTRICT>
<CONGRESS_DISTRICT_PERF>VA11</CONGRESS_DISTRICT_PERF>
</Performance_Institution>
<ProgramElement>
<Code>089Y</Code>
<Text>FET-Fndtns of Emerging Tech</Text>
</ProgramElement>
<ProgramReference>
<Code>7924</Code>
<Text>MEDIUM PROJECT</Text>
</ProgramReference>
<ProgramReference>
<Code>7931</Code>
<Text>COMPUTATIONAL BIOLOGY</Text>
</ProgramReference>
<Appropriation>
<Code>0119</Code>
<Name>NSF RESEARCH &amp; RELATED ACTIVIT</Name>
<APP_SYMB_ID>040100</APP_SYMB_ID>
</Appropriation>
<Appropriation>
<Code>0121</Code>
<Name>NSF RESEARCH &amp; RELATED ACTIVIT</Name>
<APP_SYMB_ID>040100</APP_SYMB_ID>
</Appropriation>
<Fund>
<Code>01001920DB</Code>
<Name><![CDATA[NSF RESEARCH & RELATED ACTIVIT]]></Name>
<FUND_SYMB_ID>040100</FUND_SYMB_ID>
</Fund>
<Fund>
<Code>01002122DB</Code>
<Name><![CDATA[NSF RESEARCH & RELATED ACTIVIT]]></Name>
<FUND_SYMB_ID>040100</FUND_SYMB_ID>
</Fund>
<FUND_OBLG>2019~247648</FUND_OBLG>
<FUND_OBLG>2021~332352</FUND_OBLG>
<POR>
<DRECONTENT><![CDATA[<div class="porColContainerWBG"> <div class="porContentCol"><p>This proposal has advanced algorithmic research on obtaining a fundamental understanding of the relationship between form and function. The project has broadened our understanding by accounting for dynamics; that is, how changes in form relate to changes in function. A central construct has guided the formulation of all novel algorithms that have resulted from this project, the energy landscape that governs interconversions of a molecule between conformations with varying energies. The research activities carried out in this project have allowed, among others, to reconstruct energy landscapes of wildtype and variants of protein molecules and have shown how differences in landscapes can be linked to phenotypical changes to explain the role of protein structure and dynamics in how mutations affect biological processes in cancers and other disorders in the cell.</p> <p>Several foundational challenges were identified and addressed during the course of this project: (1) The high dimensionality and modality of molecular energy landscapes make it non-trivial to uncover the underlying organization of a landscape. Several approaches have been formulated to both reduce the dimensionality of the space over which one searches to fill in missing pieces of an energy landscape, as well as lift to the desired dimensionality where important and on the fly. (2) It is unclear how one can exploit and relate uncovered local and global landscape structures to biological (dys)function. Several statistical and geometrical techniques have been formulated to identify and extract such structures, as well as utilize them to compare landscapes and so compare protein variants to explain the impact of mutations. (3) It is unclear how uncovered local and global landscape features can be used as design principles to improve the effectiveness of the optimization algorithms used to explore energy landscapes. Novel landscape analysis and exploration techniques and algorithms have been proposed that improve the exploration-exploitation balance.</p> <p>This project has brought together concepts and techniques from engineering, mathematics, and biology. The research has made general contributions to evolutionary computation, stochastic optimization, spatial statistics, and high-dimensional geometry. In particular, the research has benefitted researchers in these communities that have application-driven interests in molecular modeling andmodeling of complex, dynamic systems. The research has been disseminated via diverse venues, including open source, publicly-available software packages, models, and data. It has provided training for under-represented students of all levels at the interface of optimization and search, geometry, statistics, and&nbsp;computational biology.</p><br> <p>            Last Modified: 10/31/2023<br>      Modified by: Amarda&nbsp;Shehu</p> </div> <div class="porSideCol"></div> </div>]]></DRECONTENT>
<POR_COPY_TXT><![CDATA[ This proposal has advanced algorithmic research on obtaining a fundamental understanding of the relationship between form and function. The project has broadened our understanding by accounting for dynamics; that is, how changes in form relate to changes in function. A central construct has guided the formulation of all novel algorithms that have resulted from this project, the energy landscape that governs interconversions of a molecule between conformations with varying energies. The research activities carried out in this project have allowed, among others, to reconstruct energy landscapes of wildtype and variants of protein molecules and have shown how differences in landscapes can be linked to phenotypical changes to explain the role of protein structure and dynamics in how mutations affect biological processes in cancers and other disorders in the cell.  Several foundational challenges were identified and addressed during the course of this project: (1) The high dimensionality and modality of molecular energy landscapes make it non-trivial to uncover the underlying organization of a landscape. Several approaches have been formulated to both reduce the dimensionality of the space over which one searches to fill in missing pieces of an energy landscape, as well as lift to the desired dimensionality where important and on the fly. (2) It is unclear how one can exploit and relate uncovered local and global landscape structures to biological (dys)function. Several statistical and geometrical techniques have been formulated to identify and extract such structures, as well as utilize them to compare landscapes and so compare protein variants to explain the impact of mutations. (3) It is unclear how uncovered local and global landscape features can be used as design principles to improve the effectiveness of the optimization algorithms used to explore energy landscapes. Novel landscape analysis and exploration techniques and algorithms have been proposed that improve the exploration-exploitation balance.  This project has brought together concepts and techniques from engineering, mathematics, and biology. The research has made general contributions to evolutionary computation, stochastic optimization, spatial statistics, and high-dimensional geometry. In particular, the research has benefitted researchers in these communities that have application-driven interests in molecular modeling andmodeling of complex, dynamic systems. The research has been disseminated via diverse venues, including open source, publicly-available software packages, models, and data. It has provided training for under-represented students of all levels at the interface of optimization and search, geometry, statistics, and computational biology.       Last Modified: 10/31/2023       Submitted by: Amarda Shehu]]></POR_COPY_TXT>
</POR>
</Award>
</rootTag>
