<?xml version="1.0" encoding="UTF-8"?>
<rootTag>
<Award>
<AwardTitle><![CDATA[Research Initiation Award: A Symmetry-Adapted Perturbation Theory Approach to Reaction Force Analysis]]></AwardTitle>
<AGENCY>NSF</AGENCY>
<AwardEffectiveDate>05/01/2019</AwardEffectiveDate>
<AwardExpirationDate>04/30/2024</AwardExpirationDate>
<AwardTotalIntnAmount>224936.00</AwardTotalIntnAmount>
<AwardAmount>224936</AwardAmount>
<AwardInstrument>
<Value>Standard Grant</Value>
</AwardInstrument>
<Organization>
<Code>11060000</Code>
<Directorate>
<Abbreviation>EDU</Abbreviation>
<LongName>Directorate for STEM Education</LongName>
</Directorate>
<Division>
<Abbreviation>EES</Abbreviation>
<LongName>Div. of Equity for Excellence in STEM</LongName>
</Division>
</Organization>
<ProgramOfficer>
<SignBlockName>Leroy Jones II</SignBlockName>
<PO_EMAI>ljones@nsf.gov</PO_EMAI>
<PO_PHON>7032924684</PO_PHON>
</ProgramOfficer>
<AbstractNarration><![CDATA[Research Initiation Awards provide support for junior and mid-career faculty at Historically Black Colleges and Universities who are building new research programs or redirecting and rebuilding existing programs. It is expected that the award helps to further the faculty member's research capability and effectiveness, improves research and teaching at the home institution, and involves undergraduate students in research experiences. The project seeks to use symmetry-adapted perturbation theory (SAPT) to investigate the underlying forces that drive chemical reactivity. Moreover, the project will create an interdisciplinary research environment to facilitate collaborative research between students in multiple disciplines.&lt;br/&gt;&lt;br/&gt;This study will investigate an approach for reaction force analysis of chemical reactions using symmetry-adapted perturbation theory. In this approach, SAPT will be used to decompose the reaction force into physically motivated contributions from electrostatics, induction, exchange-repulsion, and dispersion. The primary objectives are to implement and test this method on model chemical reactions and to make this method widely available by implementing it in a free open-source python-based toolkit called pyREX (python Reaction Energy eXtension). Findings from this study will enhance existing knowledge on the primary forces that facilitate chemical reactions, specifically the contribution of individual noncovalent interactions to the activation energy. The development of pyREX as a free and opensource software will ensure that the code is widely available to the broader quantum chemistry community and will encourage collaborations with users of the code.&lt;br/&gt;&lt;br/&gt;This award reflects NSF's statutory mission and has been deemed worthy of support through evaluation using the Foundation's intellectual merit and broader impacts review criteria.]]></AbstractNarration>
<MinAmdLetterDate>04/02/2019</MinAmdLetterDate>
<MaxAmdLetterDate>09/27/2021</MaxAmdLetterDate>
<ARRAAmount/>
<TRAN_TYPE>Grant</TRAN_TYPE>
<CFDA_NUM>47.076</CFDA_NUM>
<NSF_PAR_USE_FLAG>1</NSF_PAR_USE_FLAG>
<FUND_AGCY_CODE>4900</FUND_AGCY_CODE>
<AWDG_AGCY_CODE>4900</AWDG_AGCY_CODE>
<AwardID>1900710</AwardID>
<Investigator>
<FirstName>Muhsinah</FirstName>
<LastName>Morris</LastName>
<PI_MID_INIT>L</PI_MID_INIT>
<PI_SUFX_NAME/>
<PI_FULL_NAME>Muhsinah L Morris</PI_FULL_NAME>
<EmailAddress><![CDATA[muhsinah.morris@morehouse.edu]]></EmailAddress>
<NSF_ID>000801122</NSF_ID>
<StartDate>09/27/2021</StartDate>
<EndDate/>
<RoleCode>Principal Investigator</RoleCode>
</Investigator>
<Investigator>
<FirstName>Wallace</FirstName>
<LastName>Derricotte</LastName>
<PI_MID_INIT/>
<PI_SUFX_NAME/>
<PI_FULL_NAME>Wallace Derricotte</PI_FULL_NAME>
<EmailAddress><![CDATA[wallace.derricotte@morehouse.edu]]></EmailAddress>
<NSF_ID>000780372</NSF_ID>
<StartDate>04/02/2019</StartDate>
<EndDate>09/27/2021</EndDate>
<RoleCode>Former Principal Investigator</RoleCode>
</Investigator>
<Institution>
<Name><![CDATA[Morehouse College]]></Name>
<CityName>ATLANTA</CityName>
<ZipCode>303143773</ZipCode>
<PhoneNumber>4706390633</PhoneNumber>
<StreetAddress><![CDATA[830 WESTVIEW DR SW]]></StreetAddress>
<StreetAddress2/>
<CountryName>United States</CountryName>
<StateName>Georgia</StateName>
<StateCode>GA</StateCode>
<CONGRESSDISTRICT>05</CONGRESSDISTRICT>
<CONGRESS_DISTRICT_ORG>GA05</CONGRESS_DISTRICT_ORG>
<ORG_UEI_NUM>KTE2MFWTKAE5</ORG_UEI_NUM>
<ORG_LGL_BUS_NAME>MOREHOUSE COLLEGE INC</ORG_LGL_BUS_NAME>
<ORG_PRNT_UEI_NUM>KTE2MFWTKAE5</ORG_PRNT_UEI_NUM>
</Institution>
<Performance_Institution>
<Name><![CDATA[Morehouse College]]></Name>
<CityName>Atlanta</CityName>
<StateCode>GA</StateCode>
<ZipCode>303143773</ZipCode>
<StreetAddress><![CDATA[830 Westview Dr. SW]]></StreetAddress>
<CountryCode>US</CountryCode>
<CountryName>United States</CountryName>
<StateName>Georgia</StateName>
<CountryFlag>1</CountryFlag>
<CONGRESSDISTRICT>05</CONGRESSDISTRICT>
<CONGRESS_DISTRICT_PERF>GA05</CONGRESS_DISTRICT_PERF>
</Performance_Institution>
<ProgramElement>
<Code>1594</Code>
<Text>Hist Black Colleges and Univ</Text>
</ProgramElement>
<ProgramReference>
<Code>9178</Code>
<Text>UNDERGRADUATE EDUCATION</Text>
</ProgramReference>
<Appropriation>
<Code>0419</Code>
<Name>NSF Education &amp; Human Resource</Name>
<APP_SYMB_ID>040106</APP_SYMB_ID>
</Appropriation>
<Fund>
<Code>04001920DB</Code>
<Name><![CDATA[NSF Education & Human Resource]]></Name>
<FUND_SYMB_ID>040106</FUND_SYMB_ID>
</Fund>
<FUND_OBLG>2019~224936</FUND_OBLG>
</Award>
</rootTag>
