<?xml version="1.0" encoding="UTF-8"?>
<rootTag>
<Award>
<AwardTitle><![CDATA[III: Medium: De Rham-Hodge theory modeling and learning of biomolecular data]]></AwardTitle>
<AGENCY>NSF</AGENCY>
<AwardEffectiveDate>08/01/2019</AwardEffectiveDate>
<AwardExpirationDate>07/31/2024</AwardExpirationDate>
<AwardTotalIntnAmount>1184362.00</AwardTotalIntnAmount>
<AwardAmount>1184362</AwardAmount>
<AwardInstrument>
<Value>Continuing Grant</Value>
</AwardInstrument>
<Organization>
<Code>05020000</Code>
<Directorate>
<Abbreviation>CSE</Abbreviation>
<LongName>Direct For Computer &amp; Info Scie &amp; Enginr</LongName>
</Directorate>
<Division>
<Abbreviation>IIS</Abbreviation>
<LongName>Div Of Information &amp; Intelligent Systems</LongName>
</Division>
</Organization>
<ProgramOfficer>
<SignBlockName>Sylvia Spengler</SignBlockName>
<PO_EMAI>sspengle@nsf.gov</PO_EMAI>
<PO_PHON>7032927347</PO_PHON>
</ProgramOfficer>
<AbstractNarration><![CDATA[Understanding the rules of life is the major mission of biological sciences in the 21st Century. The availability of massive biological data and the recent advances in computational algorithms have paved the way for biological sciences to transition from a qualitative, phenomenological and descriptive to a quantitative, analytical and predictive approach. However, this transition is hindered by tremendous structural complexity and excessively large datasets. For example, even all the world's computers put together do not have enough power to design drugs automatically because of the structural complexity of protein-drug interactions, excessively large datasets associated with drug configurations, and the high dimensionality of involved molecular simulation and/or machine learning. These challenges will be addressed by innovative mathematical strategies in the present project. A team from mathematics and computer science at Michigan State University will turn sophisticated mathematics into computational algorithms that create simplified representations of complex biomolecules or their interactions. As a result, deep learning and other types of machine learning can be efficiently carried out to extract the structure-function relationship from massive and diverse biomolecular datasets. This information will be extremely valuable for revealing the rules of life and for design new biomolecules, including biomedicine, which ultimately tests our understanding of the biomolecular world and brings a direct benefit to human health. Additionally, this project will support the development of undergraduate and graduate-level courses on computational biophysics and machine learning at Michigan State University. Finally, this research will facilitate the cross-disciplinary training of the next generation researchers who are experts on advanced mathematics, computer algorithms, and molecular-level biology.&lt;br/&gt;&lt;br/&gt;The objective of the present project is to develop novel de Rham-Hodge theory-based approaches to revolutionize the current practice in biomolecular data analysis and modeling. The de Rham-Hodge theory is a hallmark of the 20th Century?s mathematics that has had a great impact in modern mathematics, quantum physics, and computer science. The investigators will introduce for the first time the de Rham-Hodge theory to reduce the structural complexity of biomolecules. Additionally, the research team will propose the persistent de Rham-Hodge theory and element-specific de Rham-Hodge theory for the first time to properly encode chemical and biological information in biomolecular data representation. These methods will be carefully integrated with advanced machine learning or deep learning algorithms to reveal biomolecular structure-function relationships. Moreover, the investigators will extensively validate the proposed methods on a variety of datasets, such as protein binding to the proteins, ligands, DNA and RNA, protein folding stability changes upon mutation, drug toxicity, solvation, solubility, and partition coefficient. Finally, user-friendly software packages and online servers will be developed using parallel and GPU architectures for researchers who are not formally trained in advanced mathematics or sophisticated machine learning.&lt;br/&gt;&lt;br/&gt;This award reflects NSF's statutory mission and has been deemed worthy of support through evaluation using the Foundation's intellectual merit and broader impacts review criteria.]]></AbstractNarration>
<MinAmdLetterDate>07/26/2019</MinAmdLetterDate>
<MaxAmdLetterDate>10/15/2020</MaxAmdLetterDate>
<ARRAAmount/>
<TRAN_TYPE>Grant</TRAN_TYPE>
<CFDA_NUM>47.070</CFDA_NUM>
<NSF_PAR_USE_FLAG>1</NSF_PAR_USE_FLAG>
<FUND_AGCY_CODE>4900</FUND_AGCY_CODE>
<AWDG_AGCY_CODE>4900</AWDG_AGCY_CODE>
<AwardID>1900473</AwardID>
<Investigator>
<FirstName>Yiying</FirstName>
<LastName>Tong</LastName>
<PI_MID_INIT/>
<PI_SUFX_NAME/>
<PI_FULL_NAME>Yiying Tong</PI_FULL_NAME>
<EmailAddress><![CDATA[ytong@msu.edu]]></EmailAddress>
<NSF_ID>000488002</NSF_ID>
<StartDate>07/26/2019</StartDate>
<EndDate/>
<RoleCode>Co-Principal Investigator</RoleCode>
</Investigator>
<Investigator>
<FirstName>Guowei</FirstName>
<LastName>Wei</LastName>
<PI_MID_INIT/>
<PI_SUFX_NAME/>
<PI_FULL_NAME>Guowei Wei</PI_FULL_NAME>
<EmailAddress><![CDATA[wei@math.msu.edu]]></EmailAddress>
<NSF_ID>000492141</NSF_ID>
<StartDate>07/26/2019</StartDate>
<EndDate/>
<RoleCode>Principal Investigator</RoleCode>
</Investigator>
<Institution>
<Name><![CDATA[Michigan State University]]></Name>
<CityName>EAST LANSING</CityName>
<ZipCode>488242600</ZipCode>
<PhoneNumber>5173555040</PhoneNumber>
<StreetAddress><![CDATA[426 AUDITORIUM RD RM 2]]></StreetAddress>
<StreetAddress2/>
<CountryName>United States</CountryName>
<StateName>Michigan</StateName>
<StateCode>MI</StateCode>
<CONGRESSDISTRICT>07</CONGRESSDISTRICT>
<CONGRESS_DISTRICT_ORG>MI07</CONGRESS_DISTRICT_ORG>
<ORG_UEI_NUM>R28EKN92ZTZ9</ORG_UEI_NUM>
<ORG_LGL_BUS_NAME>MICHIGAN STATE UNIVERSITY</ORG_LGL_BUS_NAME>
<ORG_PRNT_UEI_NUM>VJKZC4D1JN36</ORG_PRNT_UEI_NUM>
</Institution>
<Performance_Institution>
<Name><![CDATA[Michigan State University]]></Name>
<CityName>East Lansing</CityName>
<StateCode>MI</StateCode>
<ZipCode>482242600</ZipCode>
<StreetAddress/>
<CountryCode>US</CountryCode>
<CountryName>United States</CountryName>
<StateName>Michigan</StateName>
<CountryFlag>1</CountryFlag>
<CONGRESSDISTRICT>13</CONGRESSDISTRICT>
<CONGRESS_DISTRICT_PERF>MI13</CONGRESS_DISTRICT_PERF>
</Performance_Institution>
<ProgramElement>
<Code>7364</Code>
<Text>Info Integration &amp; Informatics</Text>
</ProgramElement>
<ProgramReference>
<Code>7364</Code>
<Text>INFO INTEGRATION &amp; INFORMATICS</Text>
</ProgramReference>
<ProgramReference>
<Code>7924</Code>
<Text>MEDIUM PROJECT</Text>
</ProgramReference>
<Appropriation>
<Code>0119</Code>
<Name>NSF RESEARCH &amp; RELATED ACTIVIT</Name>
<APP_SYMB_ID>040100</APP_SYMB_ID>
</Appropriation>
<Appropriation>
<Code>0120</Code>
<Name>NSF RESEARCH &amp; RELATED ACTIVIT</Name>
<APP_SYMB_ID>040100</APP_SYMB_ID>
</Appropriation>
<Fund>
<Code>01001920DB</Code>
<Name><![CDATA[NSF RESEARCH & RELATED ACTIVIT]]></Name>
<FUND_SYMB_ID>040100</FUND_SYMB_ID>
</Fund>
<Fund>
<Code>01002021DB</Code>
<Name><![CDATA[NSF RESEARCH & RELATED ACTIVIT]]></Name>
<FUND_SYMB_ID>040100</FUND_SYMB_ID>
</Fund>
<FUND_OBLG>2019~939547</FUND_OBLG>
<FUND_OBLG>2020~244815</FUND_OBLG>
</Award>
</rootTag>
