<?xml version="1.0" encoding="UTF-8"?>
<rootTag>
<Award>
<AwardTitle><![CDATA[Excellence in Research - Collaborative Research: Fate and transport of neonicotinoid insecticides in the environment]]></AwardTitle>
<AGENCY>NSF</AGENCY>
<AwardEffectiveDate>08/01/2019</AwardEffectiveDate>
<AwardExpirationDate>06/30/2024</AwardExpirationDate>
<AwardTotalIntnAmount>395000.00</AwardTotalIntnAmount>
<AwardAmount>434618</AwardAmount>
<AwardInstrument>
<Value>Standard Grant</Value>
</AwardInstrument>
<Organization>
<Code>07020000</Code>
<Directorate>
<Abbreviation>ENG</Abbreviation>
<LongName>Directorate For Engineering</LongName>
</Directorate>
<Division>
<Abbreviation>CBET</Abbreviation>
<LongName>Div Of Chem, Bioeng, Env, &amp; Transp Sys</LongName>
</Division>
</Organization>
<ProgramOfficer>
<SignBlockName>Mamadou Diallo</SignBlockName>
<PO_EMAI>mdiallo@nsf.gov</PO_EMAI>
<PO_PHON>7032924257</PO_PHON>
</ProgramOfficer>
<AbstractNarration><![CDATA[Neonicotinoids were first used commercially starting in the 1990's. Since that time they have become the most widely used insecticides in the world. This widespread use has led to concerns regarding the potential for neonicotinoids to impact human and ecological health. Currently there are gaps in our understanding of neonicotinoid reactivity in the environment that hinder our ability to assess these impacts. This project will help address these gaps through a comprehensive study of the environmental fate and transport of neonicotinoids. The specific objectives are to understand how seven important neonicotinoid insecticides move, accumulate, and/or degrade in agricultural soils, surface water, and groundwater. Results will be used to develop and validate models to predict the long-term impacts of these compounds in the environment. The research will be carried out by a collaboration of researchers and students at Jackson State University and Tennessee State University, broadening participation and the diversity of the environmental engineering workforce.&lt;br/&gt;&lt;br/&gt;Neonicotinoids have become the world's most widely used insecticides since they were first commercially used in the early 1990s. Such widespread use has led to concerns regarding the potential for neonicotinoids to impact human and ecological health.  This project will use a systematic and comprehensive approach to study the environmental fate and transport of the most widely used neonicotinoids in agricultural soils. To achieve this goal, the team will 1) examine the sorption and degradation of seven globally important neonicotinoids including imidacloprid, thiamethoxam, clothianidin, dinotefuran, acetamiprid, thiacloprid, and nitenpyram in three typical agricultural soils using laboratory batch tests; 2) investigate the transport and dissipation/accumulation of these neonicotinoids in soil environments in laboratory column tests, greenhouse simulation tests, and controlled field tests with multiple plant growing cycles; 3) investigate the dissipation/accumulation of neonicotinoids in surface water and groundwater at laboratory and pilot scale; and 4) study the long-term environmental impacts of neonicotinoids using fate and transport models verified with experimental data. The scaled-up greenhouse and field test data will advance understanding of the behavior of neonicotinoids in the environment at a level of breadth and depth necessary to verify the fate and transport simulation model. This model will allow the prediction of the long-term environmental impacts of the use of neonicotinoids.&lt;br/&gt;&lt;br/&gt;This award reflects NSF's statutory mission and has been deemed worthy of support through evaluation using the Foundation's intellectual merit and broader impacts review criteria.]]></AbstractNarration>
<MinAmdLetterDate>07/24/2019</MinAmdLetterDate>
<MaxAmdLetterDate>08/30/2022</MaxAmdLetterDate>
<ARRAAmount/>
<TRAN_TYPE>Grant</TRAN_TYPE>
<CFDA_NUM>47.041, 47.083</CFDA_NUM>
<NSF_PAR_USE_FLAG>1</NSF_PAR_USE_FLAG>
<FUND_AGCY_CODE>4900</FUND_AGCY_CODE>
<AWDG_AGCY_CODE>4900</AWDG_AGCY_CODE>
<AwardID>1900151</AwardID>
<Investigator>
<FirstName>Lin</FirstName>
<LastName>Li</LastName>
<PI_MID_INIT/>
<PI_SUFX_NAME/>
<PI_FULL_NAME>Lin Li</PI_FULL_NAME>
<EmailAddress><![CDATA[lli1@tnstate.edu]]></EmailAddress>
<NSF_ID>000333299</NSF_ID>
<StartDate>07/24/2019</StartDate>
<EndDate/>
<RoleCode>Principal Investigator</RoleCode>
</Investigator>
<Investigator>
<FirstName>Roger</FirstName>
<LastName>Painter</LastName>
<PI_MID_INIT>D</PI_MID_INIT>
<PI_SUFX_NAME/>
<PI_FULL_NAME>Roger D Painter</PI_FULL_NAME>
<EmailAddress><![CDATA[rpainter@tnstate.edu]]></EmailAddress>
<NSF_ID>000346980</NSF_ID>
<StartDate>07/24/2019</StartDate>
<EndDate/>
<RoleCode>Co-Principal Investigator</RoleCode>
</Investigator>
<Investigator>
<FirstName>Andrea</FirstName>
<LastName>Gardiner</LastName>
<PI_MID_INIT>R</PI_MID_INIT>
<PI_SUFX_NAME/>
<PI_FULL_NAME>Andrea R Gardiner</PI_FULL_NAME>
<EmailAddress><![CDATA[agardine@tnstate.edu]]></EmailAddress>
<NSF_ID>000840151</NSF_ID>
<StartDate>01/12/2022</StartDate>
<EndDate/>
<RoleCode>Co-Principal Investigator</RoleCode>
</Investigator>
<Investigator>
<FirstName>Lonnie</FirstName>
<LastName>Sharpe</LastName>
<PI_MID_INIT/>
<PI_SUFX_NAME/>
<PI_FULL_NAME>Lonnie Sharpe</PI_FULL_NAME>
<EmailAddress><![CDATA[sharpe@coe.tsuniv.edu]]></EmailAddress>
<NSF_ID>000250074</NSF_ID>
<StartDate>07/24/2019</StartDate>
<EndDate>01/12/2022</EndDate>
<RoleCode>Former Co-Principal Investigator</RoleCode>
</Investigator>
<Institution>
<Name><![CDATA[Tennessee State University]]></Name>
<CityName>NASHVILLE</CityName>
<ZipCode>372091500</ZipCode>
<PhoneNumber>6159637631</PhoneNumber>
<StreetAddress><![CDATA[3500 JOHN A MERRITT BLVD]]></StreetAddress>
<StreetAddress2/>
<CountryName>United States</CountryName>
<StateName>Tennessee</StateName>
<StateCode>TN</StateCode>
<CONGRESSDISTRICT>05</CONGRESSDISTRICT>
<CONGRESS_DISTRICT_ORG>TN05</CONGRESS_DISTRICT_ORG>
<ORG_UEI_NUM>N63ZMY7UETA3</ORG_UEI_NUM>
<ORG_LGL_BUS_NAME>TENNESSEE STATE UNIVERSITY</ORG_LGL_BUS_NAME>
<ORG_PRNT_UEI_NUM/>
</Institution>
<Performance_Institution>
<Name><![CDATA[Tennessee State University]]></Name>
<CityName>Nashville</CityName>
<StateCode>TN</StateCode>
<ZipCode>372091561</ZipCode>
<StreetAddress><![CDATA[3500 John A Merritt Boulevard]]></StreetAddress>
<CountryCode>US</CountryCode>
<CountryName>United States</CountryName>
<StateName>Tennessee</StateName>
<CountryFlag>1</CountryFlag>
<CONGRESSDISTRICT>05</CONGRESSDISTRICT>
<CONGRESS_DISTRICT_PERF>TN05</CONGRESS_DISTRICT_PERF>
</Performance_Institution>
<ProgramElement>
<Code>070Y</Code>
<Text>HBCU-EiR - HBCU-Excellence in</Text>
</ProgramElement>
<ProgramElement>
<Code>1440</Code>
<Text>EnvE-Environmental Engineering</Text>
</ProgramElement>
<ProgramReference>
<Code>012Z</Code>
<Text>AitF FULL Projects</Text>
</ProgramReference>
<Appropriation>
<Code/>
<Name/>
<APP_SYMB_ID/>
</Appropriation>
<Appropriation>
<Code>0119</Code>
<Name>NSF RESEARCH &amp; RELATED ACTIVIT</Name>
<APP_SYMB_ID>040100</APP_SYMB_ID>
</Appropriation>
<Fund>
<Code>01002223DB</Code>
<Name><![CDATA[NSF RESEARCH & RELATED ACTIVIT]]></Name>
<FUND_SYMB_ID>040100</FUND_SYMB_ID>
</Fund>
<Fund>
<Code>01001920DB</Code>
<Name><![CDATA[NSF RESEARCH & RELATED ACTIVIT]]></Name>
<FUND_SYMB_ID>040100</FUND_SYMB_ID>
</Fund>
<FUND_OBLG>2019~395000</FUND_OBLG>
<FUND_OBLG>2022~39618</FUND_OBLG>
</Award>
</rootTag>
