<?xml version="1.0" encoding="UTF-8"?>
<rootTag>
<Award>
<AwardTitle><![CDATA[RUI/Collaborative Research: Investigation of Ion Currents in the Oxyfuel Cutting Flame and their Links to Critical Process Parameters]]></AwardTitle>
<AGENCY>NSF</AGENCY>
<AwardEffectiveDate>08/01/2019</AwardEffectiveDate>
<AwardExpirationDate>07/31/2023</AwardExpirationDate>
<AwardTotalIntnAmount>173606.00</AwardTotalIntnAmount>
<AwardAmount>173606</AwardAmount>
<AwardInstrument>
<Value>Standard Grant</Value>
</AwardInstrument>
<Organization>
<Code>07030000</Code>
<Directorate>
<Abbreviation>ENG</Abbreviation>
<LongName>Directorate For Engineering</LongName>
</Directorate>
<Division>
<Abbreviation>CMMI</Abbreviation>
<LongName>Div Of Civil, Mechanical, &amp; Manufact Inn</LongName>
</Division>
</Organization>
<ProgramOfficer>
<SignBlockName>Andrew Wells</SignBlockName>
<PO_EMAI>awells@nsf.gov</PO_EMAI>
<PO_PHON>7032927225</PO_PHON>
</ProgramOfficer>
<AbstractNarration><![CDATA[The award seeks to address serious persistent challenges in providing process feedback to better control and fully automate the oxyfuel cutting process.  Though it is more than a century old, oxyfuel's (or 'flame-cutting's') unparalleled performance on thick steel has rendered it an enduring favorite in shipyards, building construction, rail, defense, and countless other heavy industries.  The harsh operating environment (open flames, extreme heat) limit the ability of contemporary sensor suites to provide reliable data essential for process feedback control and automation.  A potential solution to this problem is motivated by preliminary measurements demonstrating that electrical events called 'ion currents' associated with the flame itself can reliably indicate vital process states.  The research will probe the underlying physics of the flame via modeling and experimental efforts. If successful the work could realize reliable cost-effective control and automation of the oxyfuel cutting process, a capability of great interest to many core US industries involved in construction, and major equipment manufacture for defense and energy applications. This is a collaborative research, whereby the experimental work will be undertaken at a predominantly undergraduate institute, while most of the modeling efforts will be conducted at the partner university. Engaging undergraduate students in industrially relevant research projects will hopefully encourage and promote advanced manufacturing beyond those immediately involved, and encourage broader participation. Collaboration with the partner university and the industrial partner, IHT-Automation, will also increase the workforce preparedness of both the graduate student and undergraduate students working on this project. &lt;br/&gt; &lt;br/&gt;This work tests the validity of a reduced-order ion transport model that considers standoff distance, work-surface/kerf chemical activity, and flame chemical activity with respect to the resulting current-voltage characteristic between the oxyfuel cutting torch and the workpiece.  A novel spinning disc Langmuir probe technique will establish a spatially resolved map for the ion densities in the flame.  Using these data as a reference, a multi-dimensional computational fluid dynamics simulation will be built on recently developed reduced chemical kinetic models to fully resolve the formation and transport of charged species throughout the flow.  Subsequent analysis of the modeling and experimental results will validate or reject a highly simplified one-dimensional transport model relating the current-voltage characteristic of the flame to critical events.  These include drift in standoff, ready-to-pierce, pierce success/failure, loss-of-cut prediction, drift in fuel/oxygen ratio, flameout, and potentially others.&lt;br/&gt;&lt;br/&gt;This award reflects NSF's statutory mission and has been deemed worthy of support through evaluation using the Foundation's intellectual merit and broader impacts review criteria.]]></AbstractNarration>
<MinAmdLetterDate>06/26/2019</MinAmdLetterDate>
<MaxAmdLetterDate>06/26/2019</MaxAmdLetterDate>
<ARRAAmount/>
<TRAN_TYPE>Grant</TRAN_TYPE>
<CFDA_NUM>47.041</CFDA_NUM>
<NSF_PAR_USE_FLAG>1</NSF_PAR_USE_FLAG>
<FUND_AGCY_CODE>4900</FUND_AGCY_CODE>
<AWDG_AGCY_CODE>4900</AWDG_AGCY_CODE>
<AwardID>1900698</AwardID>
<Investigator>
<FirstName>Christopher</FirstName>
<LastName>Martin</LastName>
<PI_MID_INIT>R</PI_MID_INIT>
<PI_SUFX_NAME/>
<PI_FULL_NAME>Christopher R Martin</PI_FULL_NAME>
<EmailAddress><![CDATA[crm28@psu.edu]]></EmailAddress>
<NSF_ID>000753943</NSF_ID>
<StartDate>06/26/2019</StartDate>
<EndDate/>
<RoleCode>Principal Investigator</RoleCode>
</Investigator>
<Institution>
<Name><![CDATA[Pennsylvania State Univ University Park]]></Name>
<CityName>UNIVERSITY PARK</CityName>
<ZipCode>168021503</ZipCode>
<PhoneNumber>8148651372</PhoneNumber>
<StreetAddress><![CDATA[201 OLD MAIN]]></StreetAddress>
<StreetAddress2/>
<CountryName>United States</CountryName>
<StateName>Pennsylvania</StateName>
<StateCode>PA</StateCode>
<CONGRESSDISTRICT>15</CONGRESSDISTRICT>
<CONGRESS_DISTRICT_ORG>PA15</CONGRESS_DISTRICT_ORG>
<ORG_UEI_NUM>NPM2J7MSCF61</ORG_UEI_NUM>
<ORG_LGL_BUS_NAME>THE PENNSYLVANIA STATE UNIVERSITY</ORG_LGL_BUS_NAME>
<ORG_PRNT_UEI_NUM/>
</Institution>
<Performance_Institution>
<Name><![CDATA[Pennsylvania State Univ University Park]]></Name>
<CityName>Altoona</CityName>
<StateCode>PA</StateCode>
<ZipCode>166013794</ZipCode>
<StreetAddress><![CDATA[3000 Ivyside Dr]]></StreetAddress>
<CountryCode>US</CountryCode>
<CountryName>United States</CountryName>
<StateName>Pennsylvania</StateName>
<CountryFlag>1</CountryFlag>
<CONGRESSDISTRICT>13</CONGRESSDISTRICT>
<CONGRESS_DISTRICT_PERF>PA13</CONGRESS_DISTRICT_PERF>
</Performance_Institution>
<ProgramElement>
<Code>088Y</Code>
<Text>AM-Advanced Manufacturing</Text>
</ProgramElement>
<ProgramReference>
<Code>082E</Code>
<Text>MFG MACHINES &amp; METROLOGY</Text>
</ProgramReference>
<ProgramReference>
<Code>083E</Code>
<Text>MATERIAL TRANSFORMATION PROC</Text>
</ProgramReference>
<ProgramReference>
<Code>9229</Code>
<Text>RES IN UNDERGRAD INST-RESEARCH</Text>
</ProgramReference>
<Appropriation>
<Code>0119</Code>
<Name>NSF RESEARCH &amp; RELATED ACTIVIT</Name>
<APP_SYMB_ID>040100</APP_SYMB_ID>
</Appropriation>
<Fund>
<Code>01001920DB</Code>
<Name><![CDATA[NSF RESEARCH & RELATED ACTIVIT]]></Name>
<FUND_SYMB_ID>040100</FUND_SYMB_ID>
</Fund>
<FUND_OBLG>2019~173606</FUND_OBLG>
<POR>
<DRECONTENT><![CDATA[<div class="porColContainerWBG"> <div class="porContentCol"><p>This project investigated the feasibility of using the electrical properties of oxyfuel cutting torch&rsquo;s preheat flame to replace sensors in the mechanized cutting process.</p> <p><strong>Part I: An Initial Empirical Approach to the Problem</strong></p> <p>A significant body of data was accumulated for the electrical properties of the oxy-methane preheat flame while controlling for fuel/oxygen ratio, total flow rate, standoff, work condition (rust, oil, salts, etc.), work temperature, and work composition.&nbsp; Weak currents were monitored while applying a range of voltages between +10 and -10 volts between the torch and actively cooled metal coupons made of steel and copper.</p> <p>There are three regimes: positive and negative saturation at the extremes of voltage with an ohmic regime in the center.&nbsp; Regime 1 (negative saturation) and 2 (ohmic) showed highly repeatable variation with the flow rate, fuel/oxygen ratio, and standoff.</p> <p>However, regime 3 was wildly unrepeatable over steel despite great care taken to control the surface condition and temperature.&nbsp; However, when done over copper, experiments were extremely repeatable at the minimum currents found over steel. &nbsp;It seemed that steel was contributing additional ions to the flame.</p> <p><strong>Part II: Investigating the Source of Secondary Ions</strong></p> <p>The discovery of secondary ions contributed by the work was exciting because it posed a possible means to identify ready-to-pierce, but it was also troubling since unrepeatable signals threaten the viability of a measurement.&nbsp; It was important to positively identify their source.&nbsp; Iron was an unlikely candidate, but carbon is already known to be essential to the primary ions in flames.</p> <p>To test the hypothesis, a series of three wires with constant diameter were burned: one steel with high carbon content, one steel with low carbon content, and one 99.995% pure iron.&nbsp; The test was repeated multiple times for each wire with a consistent feed rate while applying a positive voltage bias to the torch so the positive saturation current could be measured.&nbsp; Then, graphite dust was fluidized and blown into the flame at various mass flow rates.</p> <p>The regime 3 current was found to track with the rate of addition of carbon into the flame in all tests.</p> <p><strong>Part III: A Theoretical Framework</strong></p> <p>Over the course of the project, a pair of one-dimensional reduced-order models were constructed that provide a physics-based theoretical link between the features of the current-voltage characteristic and physical properties of the flame and cutting process.&nbsp; The models showed that:</p> <ol> <li>Negative saturation occurs when positive ions are forced to travel back to the torch tip against the direction of flow;</li> <li>Positive saturation occurs when electrons are driven away from the work surface, and all remaining current is due to the surviving ions from the flame;</li> <li>Regime 2 appears ohmic, but is also significantly influenced by ion sheaths at the work and torch tip;</li> <li>Secondary ion formation simply adds to the regime 3 current unless it occurs so close to the work surface that some of the new free electrons are captured as well;</li> </ol> <p><strong>Part IV: Confirming the Flame&rsquo;s Electrical Structure</strong></p> <p>A new technique for extracting spatial information from the transient insertion Langmuir (TIL) probe was developed to measure the flame&rsquo;s electrical cross-section with a resolution of 0.15mm.&nbsp; The results show a beautiful array of oblong ion rings approximately 1 mm across around each of the twelve preheat channels on the torch tip.&nbsp; This confirmed the model&rsquo;s view that ions form in the inner cones and recombine in the outer cone.</p> <p><strong>Part V: The Fitness of Measurements</strong></p> <p>Regime 2 was found to be an excellent measurement of standoff distance in a healthy cut and in preheat mode.&nbsp; If the cut is allowed to cool to the point of near loss-of-cut (for example by excessive feed rate), the resistance is significantly increased by the corresponding reduction in secondary ions.&nbsp; If the cut is excessively slow, top-edge dross can temporarily shorten the electrical path length, causing scatter in the measurements equivalent to the height of the dross.</p> <p>Regime 1 was found to be a measurement of the flame health, since it indicates the distance over which ions needed to travel to reach the torch tip.&nbsp; It is roughly equivalent to an operator adjusting the fuel/oxygen ratio by observing the length of the inner cone.</p> <p>Regime 3 was found to be an indicator of ready-to-pierce, since the appearance of secondary ions is accelerated when the plate approaches its kindling temperature.</p><br> <p>  Last Modified: 11/13/2023<br> Modified by: Christopher&nbsp;R&nbsp;Martin</p></div> <div class="porSideCol" ><div class="each-gallery"> <div class="galContent" id="gallery0"> <div class="photoCount" id="photoCount0">          Images (<span id="selectedPhoto0">1</span> of <span class="totalNumber"></span>)          </div> <div class="galControls onePhoto" id="controls0"></div> <div class="galSlideshow" id="slideshow0"></div> <div class="galEmbox" id="embox"> <div class="image-title"></div> </div> </div> <div class="galNavigation" id="navigation0"> <ul class="thumbs" id="thumbs0"> <li> <a href="/por/images/Reports/POR/2023/1900698/1900698_10614768_1699912881207_ex1--rgov-214x142.png" original="/por/images/Reports/POR/2023/1900698/1900698_10614768_1699912881207_ex1--rgov-800width.png" title="Standoff versis regime 2 resistance"><img src="/por/images/Reports/POR/2023/1900698/1900698_10614768_1699912881207_ex1--rgov-66x44.png" alt="Standoff versis regime 2 resistance"></a> <div class="imageCaptionContainer"> <div class="imageCaption">The standoff distance between the torch tip and the work surface versus the regime 2 electrical resistance.</div> <div class="imageCredit">C. Martin</div> <div class="imagePermisssions">Copyrighted</div> <div class="imageSubmitted">Christopher&nbsp;R&nbsp;Martin <div class="imageTitle">Standoff versis regime 2 resistance</div> </div> </li><li> <a href="/por/images/Reports/POR/2023/1900698/1900698_10614768_1699909705637_ivtyp--rgov-214x142.png" original="/por/images/Reports/POR/2023/1900698/1900698_10614768_1699909705637_ivtyp--rgov-800width.png" title="Typical Current-Voltage Characteristics"><img src="/por/images/Reports/POR/2023/1900698/1900698_10614768_1699909705637_ivtyp--rgov-66x44.png" alt="Typical Current-Voltage Characteristics"></a> <div class="imageCaptionContainer"> <div class="imageCaption">Current-voltage characteristics plotted for three combinations of standoff distance and fuel-oxygen ratio.  Three regimes are visible starting from left-to-right.</div> <div class="imageCredit">C. Martin</div> <div class="imagePermisssions">Copyrighted</div> <div class="imageSubmitted">Christopher&nbsp;R&nbsp;Martin <div class="imageTitle">Typical Current-Voltage Characteristics</div> </div> </li><li> <a href="/por/images/Reports/POR/2023/1900698/1900698_10614768_1699909220996_i1r--rgov-214x142.png" original="/por/images/Reports/POR/2023/1900698/1900698_10614768_1699909220996_i1r--rgov-800width.png" title="Negative Saturation Current vs F/O Ratio"><img src="/por/images/Reports/POR/2023/1900698/1900698_10614768_1699909220996_i1r--rgov-66x44.png" alt="Negative Saturation Current vs F/O Ratio"></a> <div class="imageCaptionContainer"> <div class="imageCaption">The negative saturation current is the transition between regimes 1 and 2, and is shown to be well correlated with fuel/oxidizer ratio.</div> <div class="imageCredit">C. Martin</div> <div class="imagePermisssions">Copyrighted</div> <div class="imageSubmitted">Christopher&nbsp;R&nbsp;Martin <div class="imageTitle">Negative Saturation Current vs F/O Ratio</div> </div> </li><li> <a href="/por/images/Reports/POR/2023/1900698/1900698_10614768_1699909878924_all_rotated--rgov-214x142.png" original="/por/images/Reports/POR/2023/1900698/1900698_10614768_1699909878924_all_rotated--rgov-800width.png" title="Ion Current Density in the Oxy-Methane Flame"><img src="/por/images/Reports/POR/2023/1900698/1900698_10614768_1699909878924_all_rotated--rgov-66x44.png" alt="Ion Current Density in the Oxy-Methane Flame"></a> <div class="imageCaptionContainer"> <div class="imageCaption">These images show the post-processing results of horizontal slices of the oxy-methane flame taken with the transient insertion Langmuir probe.</div> <div class="imageCredit">C. Martin</div> <div class="imagePermisssions">Copyrighted</div> <div class="imageSubmitted">Christopher&nbsp;R&nbsp;Martin <div class="imageTitle">Ion Current Density in the Oxy-Methane Flame</div> </div> </li><li> <a href="/por/images/Reports/POR/2023/1900698/1900698_10614768_1699913117406_speed--rgov-214x142.png" original="/por/images/Reports/POR/2023/1900698/1900698_10614768_1699913117406_speed--rgov-800width.png" title="Regime 2 resistance versus cut health"><img src="/por/images/Reports/POR/2023/1900698/1900698_10614768_1699913117406_speed--rgov-66x44.png" alt="Regime 2 resistance versus cut health"></a> <div class="imageCaptionContainer"> <div class="imageCaption">Regime 2 resistance was also found to vary with the cut health.  At high standoffs with high feed rates, the resistance goes up when the cut "goes cold."</div> <div class="imageCredit">C. Martin</div> <div class="imagePermisssions">Copyrighted</div> <div class="imageSubmitted">Christopher&nbsp;R&nbsp;Martin <div class="imageTitle">Regime 2 resistance versus cut health</div> </div> </li><li> <a href="/por/images/Reports/POR/2023/1900698/1900698_10614768_1699912521547_exp_photo--rgov-214x142.png" original="/por/images/Reports/POR/2023/1900698/1900698_10614768_1699912521547_exp_photo--rgov-800width.png" title="The TIL probe"><img src="/por/images/Reports/POR/2023/1900698/1900698_10614768_1699912521547_exp_photo--rgov-66x44.png" alt="The TIL probe"></a> <div class="imageCaptionContainer"> <div class="imageCaption">The transient insertion Langmuir probe used to obtain the highest quality ion current density cross sections.  The disc is shown with four .005in diameter wires.</div> <div class="imageCredit">C. Martin</div> <div class="imagePermisssions">Copyrighted</div> <div class="imageSubmitted">Christopher&nbsp;R&nbsp;Martin <div class="imageTitle">The TIL probe</div> </div> </li></ul> </div> </div></div> </div>]]></DRECONTENT>
<POR_COPY_TXT><![CDATA[  This project investigated the feasibility of using the electrical properties of oxyfuel cutting torchs preheat flame to replace sensors in the mechanized cutting process.   Part I: An Initial Empirical Approach to the Problem   A significant body of data was accumulated for the electrical properties of the oxy-methane preheat flame while controlling for fuel/oxygen ratio, total flow rate, standoff, work condition (rust, oil, salts, etc.), work temperature, and work composition. Weak currents were monitored while applying a range of voltages between +10 and -10 volts between the torch and actively cooled metal coupons made of steel and copper.   There are three regimes: positive and negative saturation at the extremes of voltage with an ohmic regime in the center. Regime 1 (negative saturation) and 2 (ohmic) showed highly repeatable variation with the flow rate, fuel/oxygen ratio, and standoff.   However, regime 3 was wildly unrepeatable over steel despite great care taken to control the surface condition and temperature. However, when done over copper, experiments were extremely repeatable at the minimum currents found over steel. It seemed that steel was contributing additional ions to the flame.   Part II: Investigating the Source of Secondary Ions   The discovery of secondary ions contributed by the work was exciting because it posed a possible means to identify ready-to-pierce, but it was also troubling since unrepeatable signals threaten the viability of a measurement. It was important to positively identify their source. Iron was an unlikely candidate, but carbon is already known to be essential to the primary ions in flames.   To test the hypothesis, a series of three wires with constant diameter were burned: one steel with high carbon content, one steel with low carbon content, and one 99.995% pure iron. The test was repeated multiple times for each wire with a consistent feed rate while applying a positive voltage bias to the torch so the positive saturation current could be measured. Then, graphite dust was fluidized and blown into the flame at various mass flow rates.   The regime 3 current was found to track with the rate of addition of carbon into the flame in all tests.   Part III: A Theoretical Framework   Over the course of the project, a pair of one-dimensional reduced-order models were constructed that provide a physics-based theoretical link between the features of the current-voltage characteristic and physical properties of the flame and cutting process. The models showed that:  Negative saturation occurs when positive ions are forced to travel back to the torch tip against the direction of flow; Positive saturation occurs when electrons are driven away from the work surface, and all remaining current is due to the surviving ions from the flame; Regime 2 appears ohmic, but is also significantly influenced by ion sheaths at the work and torch tip; Secondary ion formation simply adds to the regime 3 current unless it occurs so close to the work surface that some of the new free electrons are captured as well;    Part IV: Confirming the Flames Electrical Structure   A new technique for extracting spatial information from the transient insertion Langmuir (TIL) probe was developed to measure the flames electrical cross-section with a resolution of 0.15mm. The results show a beautiful array of oblong ion rings approximately 1 mm across around each of the twelve preheat channels on the torch tip. This confirmed the models view that ions form in the inner cones and recombine in the outer cone.   Part V: The Fitness of Measurements   Regime 2 was found to be an excellent measurement of standoff distance in a healthy cut and in preheat mode. If the cut is allowed to cool to the point of near loss-of-cut (for example by excessive feed rate), the resistance is significantly increased by the corresponding reduction in secondary ions. If the cut is excessively slow, top-edge dross can temporarily shorten the electrical path length, causing scatter in the measurements equivalent to the height of the dross.   Regime 1 was found to be a measurement of the flame health, since it indicates the distance over which ions needed to travel to reach the torch tip. It is roughly equivalent to an operator adjusting the fuel/oxygen ratio by observing the length of the inner cone.   Regime 3 was found to be an indicator of ready-to-pierce, since the appearance of secondary ions is accelerated when the plate approaches its kindling temperature.     Last Modified: 11/13/2023       Submitted by: ChristopherRMartin]]></POR_COPY_TXT>
</POR>
</Award>
</rootTag>
