<?xml version="1.0" encoding="UTF-8"?>
<rootTag>
<Award>
<AwardTitle><![CDATA[Excellence in Research: Mechanistic Prediction of Soil Microbial Response to Temperature Change]]></AwardTitle>
<AGENCY>NSF</AGENCY>
<AwardEffectiveDate>06/01/2019</AwardEffectiveDate>
<AwardExpirationDate>05/31/2024</AwardExpirationDate>
<AwardTotalIntnAmount>999429.00</AwardTotalIntnAmount>
<AwardAmount>1118709</AwardAmount>
<AwardInstrument>
<Value>Standard Grant</Value>
</AwardInstrument>
<Organization>
<Code>08010209</Code>
<Directorate>
<Abbreviation>BIO</Abbreviation>
<LongName>Direct For Biological Sciences</LongName>
</Directorate>
<Division>
<Abbreviation>DEB</Abbreviation>
<LongName>Division Of Environmental Biology</LongName>
</Division>
</Organization>
<ProgramOfficer>
<SignBlockName>Kendra McLauchlan</SignBlockName>
<PO_EMAI>kmclauch@nsf.gov</PO_EMAI>
<PO_PHON>7032922217</PO_PHON>
</ProgramOfficer>
<AbstractNarration><![CDATA[Microbes in soils break down organic material and produce CO2, a major greenhouse gas in the atmosphere responsible for global warming. In turn, rising temperatures may increase the activity of these microbes, causing more CO2 to be lost to the atmosphere. The so-called positive feedback is a daunting threat to ecosystem sustainability and human society. However, responses of microbes in soils are complex. Different microbial groups may respond differently to temperature increase through changes in growth, composition and physiology. There may also be genetic changes to these microbes, which may profoundly change the impact of microbial activities.  Genetic changes in response to temperature increases have rarely been studied. In addition, soil organic carbon varies substantially in how quickly it can be decomposed by microbes as temperatures increase. Given this level of complexity, it is difficult to achieve accurate predictions of soil response to temperature change. This research will design a unique soil warming experiment to test hypotheses on microbial responses to future environmental changes. Results will add substantially to knowledge on carbon cycling and allow better forecasts of environmental changes. In addition, this project will greatly increase research capacity at an institution serving underrepresented minorities, with strong impacts on their training and retention in STEM fields.&lt;br/&gt;&lt;br/&gt;In this project, it is hypothesized that soil warming will cause consistently more CO2 loss to the atmosphere. This is likely driven by greater microbial decomposition of recalcitrant carbon compounds in soil organic matter (SOM), supported by elevated phenolic oxidase activity and greater diversity in fungal laccase genes. To address this hypothesis, a soil warming infrastructure will be established at Tennessee State University (TSU) to collect high frequency data on soil respiration, SOM content and quality, microbial community composition, extracellular enzyme activities, and microbial genomic information for at least two years. It is further hypothesized that thermal adaptation will result in decreased carbon use efficiency (CUE) and accelerated biomass turnover (rB) of microbial communities under warming. To address this hypothesis, the streams of data collected in the experiment will be integrated with a microbial ecosystem model to estimate the temperature sensitivities of CUE and rB. These efforts will improve the mechanistic understanding of soil microbial community response to temperature change. The project results should improve the representation of microbial processes in Earth system models. By developing strong research collaborations with the University of California Irvine (UCI), a leading institution in microbial and ecological sciences, this project will enable underrepresented minorities to participate in learning state-of-the-art modeling skills, and to get hands-on experience in microbial and molecular analytical techniques.&lt;br/&gt;&lt;br/&gt;This award reflects NSF's statutory mission and has been deemed worthy of support through evaluation using the Foundation's intellectual merit and broader impacts review criteria.]]></AbstractNarration>
<MinAmdLetterDate>05/22/2019</MinAmdLetterDate>
<MaxAmdLetterDate>06/04/2021</MaxAmdLetterDate>
<ARRAAmount/>
<TRAN_TYPE>Grant</TRAN_TYPE>
<CFDA_NUM>47.074</CFDA_NUM>
<NSF_PAR_USE_FLAG>1</NSF_PAR_USE_FLAG>
<FUND_AGCY_CODE>4900</FUND_AGCY_CODE>
<AWDG_AGCY_CODE>4900</AWDG_AGCY_CODE>
<AwardID>1900885</AwardID>
<Investigator>
<FirstName>Steven</FirstName>
<LastName>Allison</LastName>
<PI_MID_INIT>D</PI_MID_INIT>
<PI_SUFX_NAME/>
<PI_FULL_NAME>Steven D Allison</PI_FULL_NAME>
<EmailAddress><![CDATA[allisons@uci.edu]]></EmailAddress>
<NSF_ID>000214491</NSF_ID>
<StartDate>05/22/2019</StartDate>
<EndDate/>
<RoleCode>Co-Principal Investigator</RoleCode>
</Investigator>
<Investigator>
<FirstName>Dafeng</FirstName>
<LastName>Hui</LastName>
<PI_MID_INIT/>
<PI_SUFX_NAME/>
<PI_FULL_NAME>Dafeng Hui</PI_FULL_NAME>
<EmailAddress><![CDATA[dhui@tnstate.edu]]></EmailAddress>
<NSF_ID>000509623</NSF_ID>
<StartDate>05/22/2019</StartDate>
<EndDate/>
<RoleCode>Co-Principal Investigator</RoleCode>
</Investigator>
<Investigator>
<FirstName>Jason</FirstName>
<LastName>de Koff</LastName>
<PI_MID_INIT>P</PI_MID_INIT>
<PI_SUFX_NAME/>
<PI_FULL_NAME>Jason P de Koff</PI_FULL_NAME>
<EmailAddress><![CDATA[jdekoff@tnstate.edu]]></EmailAddress>
<NSF_ID>000587889</NSF_ID>
<StartDate>05/22/2019</StartDate>
<EndDate/>
<RoleCode>Co-Principal Investigator</RoleCode>
</Investigator>
<Investigator>
<FirstName>Jianwei</FirstName>
<LastName>Li</LastName>
<PI_MID_INIT/>
<PI_SUFX_NAME/>
<PI_FULL_NAME>Jianwei Li</PI_FULL_NAME>
<EmailAddress><![CDATA[jli2@tnstate.edu]]></EmailAddress>
<NSF_ID>000714449</NSF_ID>
<StartDate>05/22/2019</StartDate>
<EndDate/>
<RoleCode>Principal Investigator</RoleCode>
</Investigator>
<Institution>
<Name><![CDATA[Tennessee State University]]></Name>
<CityName>NASHVILLE</CityName>
<ZipCode>372091500</ZipCode>
<PhoneNumber>6159637631</PhoneNumber>
<StreetAddress><![CDATA[3500 JOHN A MERRITT BLVD]]></StreetAddress>
<StreetAddress2/>
<CountryName>United States</CountryName>
<StateName>Tennessee</StateName>
<StateCode>TN</StateCode>
<CONGRESSDISTRICT>05</CONGRESSDISTRICT>
<CONGRESS_DISTRICT_ORG>TN05</CONGRESS_DISTRICT_ORG>
<ORG_UEI_NUM>N63ZMY7UETA3</ORG_UEI_NUM>
<ORG_LGL_BUS_NAME>TENNESSEE STATE UNIVERSITY</ORG_LGL_BUS_NAME>
<ORG_PRNT_UEI_NUM/>
</Institution>
<Performance_Institution>
<Name><![CDATA[Tennessee State University]]></Name>
<CityName>Nashville</CityName>
<StateCode>TN</StateCode>
<ZipCode>372091561</ZipCode>
<StreetAddress><![CDATA[3500 John A Merritt Blvd]]></StreetAddress>
<CountryCode>US</CountryCode>
<CountryName>United States</CountryName>
<StateName>Tennessee</StateName>
<CountryFlag>1</CountryFlag>
<CONGRESSDISTRICT>05</CONGRESSDISTRICT>
<CONGRESS_DISTRICT_PERF>TN05</CONGRESS_DISTRICT_PERF>
</Performance_Institution>
<ProgramElement>
<Code>070Y</Code>
<Text>HBCU-EiR - HBCU-Excellence in</Text>
</ProgramElement>
<ProgramReference>
<Code>097Z</Code>
<Text>COVID-19 Impacts on Existing Activities</Text>
</ProgramReference>
<ProgramReference>
<Code>102Z</Code>
<Text>COVID-Disproportionate Impcts Inst-Indiv</Text>
</ProgramReference>
<Appropriation>
<Code>0119</Code>
<Name>NSF RESEARCH &amp; RELATED ACTIVIT</Name>
<APP_SYMB_ID>040100</APP_SYMB_ID>
</Appropriation>
<Appropriation>
<Code>0121</Code>
<Name>NSF RESEARCH &amp; RELATED ACTIVIT</Name>
<APP_SYMB_ID>040100</APP_SYMB_ID>
</Appropriation>
<Fund>
<Code>01001920DB</Code>
<Name><![CDATA[NSF RESEARCH & RELATED ACTIVIT]]></Name>
<FUND_SYMB_ID>040100</FUND_SYMB_ID>
</Fund>
<Fund>
<Code>01002122DB</Code>
<Name><![CDATA[NSF RESEARCH & RELATED ACTIVIT]]></Name>
<FUND_SYMB_ID>040100</FUND_SYMB_ID>
</Fund>
<FUND_OBLG>2019~999429</FUND_OBLG>
<FUND_OBLG>2021~119280</FUND_OBLG>
</Award>
</rootTag>
