<?xml version="1.0" encoding="UTF-8"?>
<rootTag>
<Award>
<AwardTitle><![CDATA[Research Initiation Award: Novel Perovskite Solar Cells Based on Interface Manipulation]]></AwardTitle>
<AGENCY>NSF</AGENCY>
<AwardEffectiveDate>05/15/2019</AwardEffectiveDate>
<AwardExpirationDate>04/30/2025</AwardExpirationDate>
<AwardTotalIntnAmount>299998.00</AwardTotalIntnAmount>
<AwardAmount>519998</AwardAmount>
<AwardInstrument>
<Value>Standard Grant</Value>
</AwardInstrument>
<Organization>
<Code>11060000</Code>
<Directorate>
<Abbreviation>EDU</Abbreviation>
<LongName>Directorate for STEM Education</LongName>
</Directorate>
<Division>
<Abbreviation>EES</Abbreviation>
<LongName>Div. of Equity for Excellence in STEM</LongName>
</Division>
</Organization>
<ProgramOfficer>
<SignBlockName>Leroy Jones II</SignBlockName>
<PO_EMAI>ljones@nsf.gov</PO_EMAI>
<PO_PHON>7032924684</PO_PHON>
</ProgramOfficer>
<AbstractNarration><![CDATA[Research Initiation Awards provide support for junior and mid-career faculty at Historically Black Colleges and Universities who are building new research programs or redirecting and rebuilding existing research programs. It is expected that the award helps to further the faculty member's research capability and effectiveness, improves research and teaching at the home institution, and involves undergraduate students in research experiences. The award to Jackson State University has potential broader impacts in a number of areas. The goal of this project is to study the stability and efficiency of perovskite solar cells by adding a ternary semiconductor layer; as well as to enhance teaching and learning at the university at the undergraduate level. &lt;br/&gt;&lt;br/&gt;This work focuses on improving the stability and efficiency of perovskite solar cells (PSCs) by interface manipulation. Ternary semiconductor layers with hydrophobic groups and controllable energy levels will be used as interface layers in PSCs with the aim of obtaining high stability and high efficiency. The goals are to: 1) develop the synthesis methods for ternary semiconductor layers with adjustable energy levels controlled by the three element ratios, which can decrease the charge recombination in the devices; 2) passivate the ternary semiconductor layers with hydrophobic groups to prevent moisture penetrating the devices, which can improve the moisture stability; 3) design and develop novel PSC device structures with the interface layers; and 4) optimize PSCs device performance using the ternary semiconductor layers towards high stability and high efficiency. This study has the potential to solve the stability issue of PSCs and facilitate the development of PSCs toward practical applications. This project will be conducted in collaboration with the University of Southern Mississippi and Emory University.&lt;br/&gt;&lt;br/&gt;This award reflects NSF's statutory mission and has been deemed worthy of support through evaluation using the Foundation's intellectual merit and broader impacts review criteria.]]></AbstractNarration>
<MinAmdLetterDate>04/30/2019</MinAmdLetterDate>
<MaxAmdLetterDate>04/18/2022</MaxAmdLetterDate>
<ARRAAmount/>
<TRAN_TYPE>Grant</TRAN_TYPE>
<CFDA_NUM>47.076</CFDA_NUM>
<NSF_PAR_USE_FLAG>1</NSF_PAR_USE_FLAG>
<FUND_AGCY_CODE>4900</FUND_AGCY_CODE>
<AWDG_AGCY_CODE>4900</AWDG_AGCY_CODE>
<AwardID>1900047</AwardID>
<Investigator>
<FirstName>Qilin</FirstName>
<LastName>Dai</LastName>
<PI_MID_INIT/>
<PI_SUFX_NAME/>
<PI_FULL_NAME>Qilin Dai</PI_FULL_NAME>
<EmailAddress><![CDATA[qilin.dai@jsums.edu]]></EmailAddress>
<NSF_ID>000733282</NSF_ID>
<StartDate>04/30/2019</StartDate>
<EndDate/>
<RoleCode>Principal Investigator</RoleCode>
</Investigator>
<Institution>
<Name><![CDATA[Jackson State University]]></Name>
<CityName>JACKSON</CityName>
<ZipCode>392170002</ZipCode>
<PhoneNumber>6019792008</PhoneNumber>
<StreetAddress><![CDATA[1400 J R LYNCH ST]]></StreetAddress>
<StreetAddress2/>
<CountryName>United States</CountryName>
<StateName>Mississippi</StateName>
<StateCode>MS</StateCode>
<CONGRESSDISTRICT>02</CONGRESSDISTRICT>
<CONGRESS_DISTRICT_ORG>MS02</CONGRESS_DISTRICT_ORG>
<ORG_UEI_NUM>WFVHMSF6BU45</ORG_UEI_NUM>
<ORG_LGL_BUS_NAME>JACKSON STATE UNIVERSITY</ORG_LGL_BUS_NAME>
<ORG_PRNT_UEI_NUM/>
</Institution>
<Performance_Institution>
<Name><![CDATA[Jackson State University]]></Name>
<CityName>Jackson</CityName>
<StateCode>MS</StateCode>
<ZipCode>392170002</ZipCode>
<StreetAddress/>
<CountryCode>US</CountryCode>
<CountryName>United States</CountryName>
<StateName>Mississippi</StateName>
<CountryFlag>1</CountryFlag>
<CONGRESSDISTRICT>02</CONGRESSDISTRICT>
<CONGRESS_DISTRICT_PERF>MS02</CONGRESS_DISTRICT_PERF>
</Performance_Institution>
<ProgramElement>
<Code>1594</Code>
<Text>Hist Black Colleges and Univ</Text>
</ProgramElement>
<ProgramReference>
<Code>9150</Code>
<Text>EXP PROG TO STIM COMP RES</Text>
</ProgramReference>
<ProgramReference>
<Code>9178</Code>
<Text>UNDERGRADUATE EDUCATION</Text>
</ProgramReference>
<Appropriation>
<Code/>
<Name/>
<APP_SYMB_ID/>
</Appropriation>
<Appropriation>
<Code>0419</Code>
<Name>NSF Education &amp; Human Resource</Name>
<APP_SYMB_ID>040106</APP_SYMB_ID>
</Appropriation>
<Fund>
<Code>04002223DB</Code>
<Name><![CDATA[NSF Education & Human Resource]]></Name>
<FUND_SYMB_ID>040106</FUND_SYMB_ID>
</Fund>
<Fund>
<Code>04001920DB</Code>
<Name><![CDATA[NSF Education & Human Resource]]></Name>
<FUND_SYMB_ID>040106</FUND_SYMB_ID>
</Fund>
<FUND_OBLG>2019~299998</FUND_OBLG>
<FUND_OBLG>2022~220000</FUND_OBLG>
</Award>
</rootTag>
