<?xml version="1.0" encoding="UTF-8"?>
<rootTag>
<Award>
<AwardTitle><![CDATA[Catalyst Award: Exploring Free Living Nematode Microbiome through Marker Gene-Based and Shotgun Metagenomic Sequencing of Single Nematodes]]></AwardTitle>
<AGENCY>NSF</AGENCY>
<AwardEffectiveDate>06/01/2019</AwardEffectiveDate>
<AwardExpirationDate>06/30/2023</AwardExpirationDate>
<AwardTotalIntnAmount>169702.00</AwardTotalIntnAmount>
<AwardAmount>223953</AwardAmount>
<AwardInstrument>
<Value>Standard Grant</Value>
</AwardInstrument>
<Organization>
<Code>11060000</Code>
<Directorate>
<Abbreviation>EDU</Abbreviation>
<LongName>Directorate for STEM Education</LongName>
</Directorate>
<Division>
<Abbreviation>EES</Abbreviation>
<LongName>Div. of Equity for Excellence in STEM</LongName>
</Division>
</Organization>
<ProgramOfficer>
<SignBlockName>Carleitta Paige-Anderson</SignBlockName>
<PO_EMAI>cpaigean@nsf.gov</PO_EMAI>
<PO_PHON>7032922816</PO_PHON>
</ProgramOfficer>
<AbstractNarration><![CDATA[Catalyst Projects provide support for Historically Black Colleges and Universities to work towards establishing research capacity of faculty to strengthen science, technology, engineering and mathematics undergraduate education and research. It is expected that the award will further the faculty member's research capability, improve research and teaching at the institution, and involve undergraduate students in research experiences. This project at Elizabeth City State University will investigate the specific associations between nematodes and prokaryote communities in freshwater and marine ecological sites using marker gene-based and shotgun metagenomics sequencing. The project will introduce underrepresented minority students to molecular techniques, while preparing them for graduate school or entry into the STEM workforce.&lt;br/&gt;&lt;br/&gt;Complex biological processes are carried out through interactions of biotic and abiotic components. Nematodes are ubiquitous and arguably the most diverse and numerically dominant component of the meiofauna. Their close association with the most diverse group, the prokaryotes, would play a critical role in sediment ecological processes, however, this remains largely unexplored. The goal of the project is to employ a tiered approach to investigate this association and its ecological implications in 15 nematode taxa. An initial, phylogenetically informative marker gene-based characterization will be followed by shotgun metagenomic sequence-based functional analysis. Shotgun sequence data of nematodes &amp; associated microbial communities will be used to predict community functional potential using gene and gene family functionality of recognized associations through putative metabolite profiles. This will be in the framework of inter- and intraspecific genetic variations and community ecological relevance in freshwater and marine environments.&lt;br/&gt;&lt;br/&gt;This award reflects NSF's statutory mission and has been deemed worthy of support through evaluation using the Foundation's intellectual merit and broader impacts review criteria.]]></AbstractNarration>
<MinAmdLetterDate>05/01/2019</MinAmdLetterDate>
<MaxAmdLetterDate>06/23/2021</MaxAmdLetterDate>
<ARRAAmount/>
<TRAN_TYPE>Grant</TRAN_TYPE>
<CFDA_NUM>47.076</CFDA_NUM>
<NSF_PAR_USE_FLAG>1</NSF_PAR_USE_FLAG>
<FUND_AGCY_CODE>4900</FUND_AGCY_CODE>
<AWDG_AGCY_CODE>4900</AWDG_AGCY_CODE>
<AwardID>1900390</AwardID>
<Investigator>
<FirstName>Eyualem</FirstName>
<LastName>Abebe</LastName>
<PI_MID_INIT/>
<PI_SUFX_NAME/>
<PI_FULL_NAME>Eyualem Abebe</PI_FULL_NAME>
<EmailAddress><![CDATA[Abebee@easternflorida.edu]]></EmailAddress>
<NSF_ID>000086853</NSF_ID>
<StartDate>05/01/2019</StartDate>
<EndDate/>
<RoleCode>Principal Investigator</RoleCode>
</Investigator>
<Institution>
<Name><![CDATA[Elizabeth City State University]]></Name>
<CityName>ELIZABETH CITY</CityName>
<ZipCode>279099913</ZipCode>
<PhoneNumber>2523353222</PhoneNumber>
<StreetAddress><![CDATA[1704 WEEKSVILLE RD]]></StreetAddress>
<StreetAddress2/>
<CountryName>United States</CountryName>
<StateName>North Carolina</StateName>
<StateCode>NC</StateCode>
<CONGRESSDISTRICT>01</CONGRESSDISTRICT>
<CONGRESS_DISTRICT_ORG>NC01</CONGRESS_DISTRICT_ORG>
<ORG_UEI_NUM>K2QMZUVDPKW1</ORG_UEI_NUM>
<ORG_LGL_BUS_NAME>ELIZABETH CITY STATE UNIVERSITY</ORG_LGL_BUS_NAME>
<ORG_PRNT_UEI_NUM>N8DMK1K4C2K5</ORG_PRNT_UEI_NUM>
</Institution>
<Performance_Institution>
<Name><![CDATA[Elizabeth City State University]]></Name>
<CityName>Elizabeth City</CityName>
<StateCode>NC</StateCode>
<ZipCode>279097806</ZipCode>
<StreetAddress><![CDATA[1704 Weeksville Rd]]></StreetAddress>
<CountryCode>US</CountryCode>
<CountryName>United States</CountryName>
<StateName>North Carolina</StateName>
<CountryFlag>1</CountryFlag>
<CONGRESSDISTRICT>01</CONGRESSDISTRICT>
<CONGRESS_DISTRICT_PERF>NC01</CONGRESS_DISTRICT_PERF>
</Performance_Institution>
<ProgramElement>
<Code>1594</Code>
<Text>Hist Black Colleges and Univ</Text>
</ProgramElement>
<ProgramReference>
<Code>9178</Code>
<Text>UNDERGRADUATE EDUCATION</Text>
</ProgramReference>
<Appropriation>
<Code>0419</Code>
<Name>NSF Education &amp; Human Resource</Name>
<APP_SYMB_ID>040106</APP_SYMB_ID>
</Appropriation>
<Appropriation>
<Code>0420</Code>
<Name>NSF Education &amp; Human Resource</Name>
<APP_SYMB_ID>040106</APP_SYMB_ID>
</Appropriation>
<Appropriation>
<Code>0421</Code>
<Name>NSF Education &amp; Human Resource</Name>
<APP_SYMB_ID>040106</APP_SYMB_ID>
</Appropriation>
<Fund>
<Code>04001920DB</Code>
<Name><![CDATA[NSF Education & Human Resource]]></Name>
<FUND_SYMB_ID>040106</FUND_SYMB_ID>
</Fund>
<Fund>
<Code>04002021DB</Code>
<Name><![CDATA[NSF Education & Human Resource]]></Name>
<FUND_SYMB_ID>040106</FUND_SYMB_ID>
</Fund>
<Fund>
<Code>04002122DB</Code>
<Name><![CDATA[NSF Education & Human Resource]]></Name>
<FUND_SYMB_ID>040106</FUND_SYMB_ID>
</Fund>
<FUND_OBLG>2019~168959</FUND_OBLG>
<FUND_OBLG>2020~33800</FUND_OBLG>
<FUND_OBLG>2021~20451</FUND_OBLG>
</Award>
</rootTag>
