<?xml version="1.0" encoding="UTF-8"?>
<rootTag>
<Award>
<AwardTitle><![CDATA[AF: Medium: Theory of Computation - New Algorithmic and Hardness Techniques]]></AwardTitle>
<AGENCY>NSF</AGENCY>
<AwardEffectiveDate>09/01/2019</AwardEffectiveDate>
<AwardExpirationDate>08/31/2024</AwardExpirationDate>
<AwardTotalIntnAmount>1200000.00</AwardTotalIntnAmount>
<AwardAmount>1200000</AwardAmount>
<AwardInstrument>
<Value>Continuing Grant</Value>
</AwardInstrument>
<Organization>
<Code>05010000</Code>
<Directorate>
<Abbreviation>CSE</Abbreviation>
<LongName>Direct For Computer &amp; Info Scie &amp; Enginr</LongName>
</Directorate>
<Division>
<Abbreviation>CCF</Abbreviation>
<LongName>Division of Computing and Communication Foundations</LongName>
</Division>
</Organization>
<ProgramOfficer>
<SignBlockName>Peter Brass</SignBlockName>
<PO_EMAI>pbrass@nsf.gov</PO_EMAI>
<PO_PHON>7032922182</PO_PHON>
</ProgramOfficer>
<AbstractNarration><![CDATA[The goal of this project is developing new theoretical tools for understanding the power and limits of efficient computation. Underlying every computer application, (and indeed computer industry, from networks to security to optimization to storage and so on) available today are ingenious algorithms that utilize the various important resources (time, space, communication) in an efficient manner. However, for not-yet-existing applications (or industries), is their unavailability due to the lack of efficient algorithms that may yet be discovered, or are the underlying problems really intractable, and thus impossible to solve efficiently? This project seeks both new efficient algorithms, as well as new methods for proving intractability. The ideas to be explored by the project use tools and connections to problems from several areas in mathematics, physics and information theory, and promise progress on some of the deepest problems in computational complexity.&lt;br/&gt;&lt;br/&gt;On the algorithmic side, the project will focus on a wide variety of optimization problems in which the search space has some symmetry. The project will explore algebraic and geometric techniques to analyze both alternating-minimization and geodesic algorithms to solve new problems for which efficient solutions do not yet exist: these include classes of non-convex problems and exponentially large linear programs. On the intractability side, this research will focus on extending a new method of "lifting" hardness results for complex computational models, such as Boolean circuits, proof systems, communication networks and semi-definite programming, from hardness results for much simpler models such as decision trees and polynomials.&lt;br/&gt;&lt;br/&gt;This award reflects NSF's statutory mission and has been deemed worthy of support through evaluation using the Foundation's intellectual merit and broader impacts review criteria.]]></AbstractNarration>
<MinAmdLetterDate>04/30/2019</MinAmdLetterDate>
<MaxAmdLetterDate>01/11/2022</MaxAmdLetterDate>
<ARRAAmount/>
<TRAN_TYPE>Grant</TRAN_TYPE>
<CFDA_NUM>47.070</CFDA_NUM>
<NSF_PAR_USE_FLAG>1</NSF_PAR_USE_FLAG>
<FUND_AGCY_CODE>4900</FUND_AGCY_CODE>
<AWDG_AGCY_CODE>4900</AWDG_AGCY_CODE>
<AwardID>1900460</AwardID>
<Investigator>
<FirstName>Avi</FirstName>
<LastName>Wigderson</LastName>
<PI_MID_INIT/>
<PI_SUFX_NAME/>
<PI_FULL_NAME>Avi Wigderson</PI_FULL_NAME>
<EmailAddress><![CDATA[avi@math.ias.edu]]></EmailAddress>
<NSF_ID>000203043</NSF_ID>
<StartDate>04/30/2019</StartDate>
<EndDate/>
<RoleCode>Principal Investigator</RoleCode>
</Investigator>
<Investigator>
<FirstName>Irit</FirstName>
<LastName>Dinur</LastName>
<PI_MID_INIT/>
<PI_SUFX_NAME/>
<PI_FULL_NAME>Irit Dinur</PI_FULL_NAME>
<EmailAddress><![CDATA[idinur@ias.edu]]></EmailAddress>
<NSF_ID>000813048</NSF_ID>
<StartDate>11/18/2019</StartDate>
<EndDate>08/06/2020</EndDate>
<RoleCode>Former Co-Principal Investigator</RoleCode>
</Investigator>
<Investigator>
<FirstName>Toniann</FirstName>
<LastName>Pitassi</LastName>
<PI_MID_INIT/>
<PI_SUFX_NAME/>
<PI_FULL_NAME>Toniann Pitassi</PI_FULL_NAME>
<EmailAddress><![CDATA[tp2684@columbia.edu]]></EmailAddress>
<NSF_ID>000208869</NSF_ID>
<StartDate>04/30/2019</StartDate>
<EndDate>01/11/2022</EndDate>
<RoleCode>Former Co-Principal Investigator</RoleCode>
</Investigator>
<Institution>
<Name><![CDATA[Institute For Advanced Study]]></Name>
<CityName>PRINCETON</CityName>
<ZipCode>085404952</ZipCode>
<PhoneNumber>6097348000</PhoneNumber>
<StreetAddress><![CDATA[1 EINSTEIN DR]]></StreetAddress>
<StreetAddress2/>
<CountryName>United States</CountryName>
<StateName>New Jersey</StateName>
<StateCode>NJ</StateCode>
<CONGRESSDISTRICT>12</CONGRESSDISTRICT>
<CONGRESS_DISTRICT_ORG>NJ12</CONGRESS_DISTRICT_ORG>
<ORG_UEI_NUM>MNMJWSC5Z4H1</ORG_UEI_NUM>
<ORG_LGL_BUS_NAME>INSTITUTE FOR ADVANCED STUDY - LOUIS BAMBERGER &amp; MRS FELIX FULD FOUNDATION</ORG_LGL_BUS_NAME>
<ORG_PRNT_UEI_NUM/>
</Institution>
<Performance_Institution>
<Name><![CDATA[Institute For Advanced Study]]></Name>
<CityName>Princeton</CityName>
<StateCode>NJ</StateCode>
<ZipCode>085404907</ZipCode>
<StreetAddress><![CDATA[Einstein Drive]]></StreetAddress>
<CountryCode>US</CountryCode>
<CountryName>United States</CountryName>
<StateName>New Jersey</StateName>
<CountryFlag>1</CountryFlag>
<CONGRESSDISTRICT>12</CONGRESSDISTRICT>
<CONGRESS_DISTRICT_PERF>NJ12</CONGRESS_DISTRICT_PERF>
</Performance_Institution>
<ProgramElement>
<Code>2878</Code>
<Text>Special Projects - CCF</Text>
</ProgramElement>
<ProgramElement>
<Code>7796</Code>
<Text>Algorithmic Foundations</Text>
</ProgramElement>
<ProgramReference>
<Code>7924</Code>
<Text>MEDIUM PROJECT</Text>
</ProgramReference>
<ProgramReference>
<Code>7927</Code>
<Text>COMPLEXITY &amp; CRYPTOGRAPHY</Text>
</ProgramReference>
<ProgramReference>
<Code>9102</Code>
<Text>WOMEN, MINORITY, DISABLED, NEC</Text>
</ProgramReference>
<Appropriation>
<Code>0119</Code>
<Name>NSF RESEARCH &amp; RELATED ACTIVIT</Name>
<APP_SYMB_ID>040100</APP_SYMB_ID>
</Appropriation>
<Appropriation>
<Code>0121</Code>
<Name>NSF RESEARCH &amp; RELATED ACTIVIT</Name>
<APP_SYMB_ID>040100</APP_SYMB_ID>
</Appropriation>
<Fund>
<Code>01001920DB</Code>
<Name><![CDATA[NSF RESEARCH & RELATED ACTIVIT]]></Name>
<FUND_SYMB_ID>040100</FUND_SYMB_ID>
</Fund>
<Fund>
<Code>01002122DB</Code>
<Name><![CDATA[NSF RESEARCH & RELATED ACTIVIT]]></Name>
<FUND_SYMB_ID>040100</FUND_SYMB_ID>
</Fund>
<FUND_OBLG>2019~592500</FUND_OBLG>
<FUND_OBLG>2021~607500</FUND_OBLG>
</Award>
</rootTag>
