<?xml version="1.0" encoding="UTF-8"?>
<rootTag>
<Award>
<AwardTitle><![CDATA[Collaborative Research: Fracture and Healing of Elastomers: An Experimental and Theoretical Investigation at High Spatiotemporal Resolution]]></AwardTitle>
<AGENCY>NSF</AGENCY>
<AwardEffectiveDate>06/01/2019</AwardEffectiveDate>
<AwardExpirationDate>05/31/2023</AwardExpirationDate>
<AwardTotalIntnAmount>329999.00</AwardTotalIntnAmount>
<AwardAmount>329999</AwardAmount>
<AwardInstrument>
<Value>Standard Grant</Value>
</AwardInstrument>
<Organization>
<Code>07030000</Code>
<Directorate>
<Abbreviation>ENG</Abbreviation>
<LongName>Directorate For Engineering</LongName>
</Directorate>
<Division>
<Abbreviation>CMMI</Abbreviation>
<LongName>Div Of Civil, Mechanical, &amp; Manufact Inn</LongName>
</Division>
</Organization>
<ProgramOfficer>
<SignBlockName>Lucy T. Zhang</SignBlockName>
<PO_EMAI>luzhang@nsf.gov</PO_EMAI>
<PO_PHON>7032925016</PO_PHON>
</ProgramOfficer>
<AbstractNarration><![CDATA[The phenomena of how fractures begin (nucleate) and grow (propagate) in elastomers and other soft organic solids have long occupied the interest of numerous investigators across different disciplines. While initial progress has been made in the basic qualitative understanding of both, there is a lack of a quantitative and unified understanding that bridges the two phenomena. In this context, this award supports a research collaboration on the theoretical and experimental analysis of how fracture nucleates, propagates, and possibly self-heals in elastomers subjected to arbitrarily large deformations. In addition to addressing a fundamental scientific question that has remained open for decades, the knowledge sought by this research is essential for the advancement of a broad range of technologies and medical prognoses. For instance, the results from this project will provide direct insight into: the failure of tires, the design of stronger adhesives, the rupture of aneurisms, the design of cartilage, modeling of wound healing, etc. Additionally, this project will train two graduate students for careers in academia or industry and will integrate research results in the undergraduate and graduate curricula at the University of Illinois Urbana-Champaign and the University of Texas at Austin. The PIs will also carry out activities to promote interest in high school students to pursue higher education and careers in STEM programs, especially in the field of mechanics, through the creation of lesson modules and laboratory demonstrations.&lt;br/&gt; &lt;br/&gt;The main objective of this project is two-fold: i) to carry out experiments at high spatiotemporal resolution that produce quantitative measurements concerning internal fracture nucleation and propagation, as well as healing, in three elastomers of practical significance, and ii) to construct and numerically implement a continuum theory that, with direct guidance from the experiments, describes, explains, and predicts the nucleation and propagation of fracture, and healing in elastomers undergoing arbitrarily large viscoelastic deformations. The experimental component entails the development of new experiments that will leverage the use of optical microscopy and high-speed imaging in order to capture and measure the evolution of the various underlying processes at an unprecedented spatiotemporal resolution of 1 micron and 200 microseconds. On the other hand, the theoretical component involves a novel mathematical formulation, and associated numerical implementation, that views fracture and healing in a unified manner as a phase transition and that allows, by design, for the accounting of the various underlying mechanisms (storage of energy by elastic deformation and dissipation of energy by viscous deformation and the creation of new surfaces) in a clear, natural, and theoretically consistent manner.&lt;br/&gt;&lt;br/&gt;This award reflects NSF's statutory mission and has been deemed worthy of support through evaluation using the Foundation's intellectual merit and broader impacts review criteria.]]></AbstractNarration>
<MinAmdLetterDate>05/28/2019</MinAmdLetterDate>
<MaxAmdLetterDate>05/28/2019</MaxAmdLetterDate>
<ARRAAmount/>
<TRAN_TYPE>Grant</TRAN_TYPE>
<CFDA_NUM>47.041</CFDA_NUM>
<NSF_PAR_USE_FLAG>1</NSF_PAR_USE_FLAG>
<FUND_AGCY_CODE>4900</FUND_AGCY_CODE>
<AWDG_AGCY_CODE>4900</AWDG_AGCY_CODE>
<AwardID>1900191</AwardID>
<Investigator>
<FirstName>Krishnaswamy</FirstName>
<LastName>Ravi-Chandar</LastName>
<PI_MID_INIT/>
<PI_SUFX_NAME/>
<PI_FULL_NAME>Krishnaswamy Ravi-Chandar</PI_FULL_NAME>
<EmailAddress><![CDATA[kravi@mail.utexas.edu]]></EmailAddress>
<NSF_ID>000465619</NSF_ID>
<StartDate>05/28/2019</StartDate>
<EndDate/>
<RoleCode>Principal Investigator</RoleCode>
</Investigator>
<Institution>
<Name><![CDATA[University of Texas at Austin]]></Name>
<CityName>AUSTIN</CityName>
<ZipCode>787121139</ZipCode>
<PhoneNumber>5124716424</PhoneNumber>
<StreetAddress><![CDATA[110 INNER CAMPUS DR]]></StreetAddress>
<StreetAddress2/>
<CountryName>United States</CountryName>
<StateName>Texas</StateName>
<StateCode>TX</StateCode>
<CONGRESSDISTRICT>25</CONGRESSDISTRICT>
<CONGRESS_DISTRICT_ORG>TX25</CONGRESS_DISTRICT_ORG>
<ORG_UEI_NUM>V6AFQPN18437</ORG_UEI_NUM>
<ORG_LGL_BUS_NAME>UNIVERSITY OF TEXAS AT AUSTIN</ORG_LGL_BUS_NAME>
<ORG_PRNT_UEI_NUM>X5NKD2NFF2V3</ORG_PRNT_UEI_NUM>
</Institution>
<Performance_Institution>
<Name><![CDATA[University of Texas at Austin]]></Name>
<CityName>Austin</CityName>
<StateCode>TX</StateCode>
<ZipCode>787121221</ZipCode>
<StreetAddress/>
<CountryCode>US</CountryCode>
<CountryName>United States</CountryName>
<StateName>Texas</StateName>
<CountryFlag>1</CountryFlag>
<CONGRESSDISTRICT>25</CONGRESSDISTRICT>
<CONGRESS_DISTRICT_PERF>TX25</CONGRESS_DISTRICT_PERF>
</Performance_Institution>
<ProgramElement>
<Code>1630</Code>
<Text>Mechanics of Materials and Str</Text>
</ProgramElement>
<ProgramReference>
<Code>022E</Code>
<Text>SOLID MECHANICS</Text>
</ProgramReference>
<Appropriation>
<Code>0119</Code>
<Name>NSF RESEARCH &amp; RELATED ACTIVIT</Name>
<APP_SYMB_ID>040100</APP_SYMB_ID>
</Appropriation>
<Fund>
<Code>01001920DB</Code>
<Name><![CDATA[NSF RESEARCH & RELATED ACTIVIT]]></Name>
<FUND_SYMB_ID>040100</FUND_SYMB_ID>
</Fund>
<FUND_OBLG>2019~329999</FUND_OBLG>
</Award>
</rootTag>
