<?xml version="1.0" encoding="UTF-8"?>
<rootTag>
<Award>
<AwardTitle><![CDATA[Fluorescent Probes for the Detection of Ethylene]]></AwardTitle>
<AGENCY>NSF</AGENCY>
<AwardEffectiveDate>07/01/2019</AwardEffectiveDate>
<AwardExpirationDate>12/31/2023</AwardExpirationDate>
<AwardTotalIntnAmount>300000.00</AwardTotalIntnAmount>
<AwardAmount>300000</AwardAmount>
<AwardInstrument>
<Value>Standard Grant</Value>
</AwardInstrument>
<Organization>
<Code>03090000</Code>
<Directorate>
<Abbreviation>MPS</Abbreviation>
<LongName>Direct For Mathematical &amp; Physical Scien</LongName>
</Directorate>
<Division>
<Abbreviation>CHE</Abbreviation>
<LongName>Division Of Chemistry</LongName>
</Division>
</Organization>
<ProgramOfficer>
<SignBlockName>Tong Ren</SignBlockName>
<PO_EMAI>tren@nsf.gov</PO_EMAI>
<PO_PHON>7032928840</PO_PHON>
</ProgramOfficer>
<AbstractNarration><![CDATA[Ethylene is an important chemicals in modern society, with impacts ranging from the production of plastics and other chemicals to playing a significant role in the food supply chain as the primary ripening hormone of some fruit. As a result, there has been a significant effort to detect this small molecule via instrumentation and with molecular recognition. While these efforts have led to some sensitive approaches for ethylene detection, methods for detecting ethylene in complex environments (such as inside a plant cell) do not currently exist. In this project, Professor Michel of the University of Denver is developing new small molecule probes that increase fluorescence upon reaction with ethylene. An understanding of the relationship between the structure of the probe and its signaling property in a specific environment are critical to the sensitive detection of ethylene. Fluorescent and color-producing probes have the unique ability to produce color within otherwise invisible chemical processes. This research is being developed into an integrated lecture-lab module for undergraduate organic students to provide context to underrepresented topics. Professor Michel develops outreach demonstrations at local high schools. Due to the desire to understand and control ethylene in the fruit supply chain, this research may have a broader impact on society by increasing the understanding of the molecular roles of ethylene in the ripening processes; thereby preventing premature food spoilage and reducing agricultural waste. Further, the graduate and undergraduate students working on this project are underrepresented minorities who are gaining a unique skill set due to the interdisciplinary nature of this project. &lt;br/&gt;&lt;br/&gt;With funding from the Chemical Structure, Dynamics, and Mechanisms B program of the Chemistry Division, Professor Michel of the University of Denver is developing new small molecule fluorescent probes for the detection of ethylene. Due to the relatively small and unreactive nature of ethylene under the confined conditions of living systems, an organometallic-based approach is being developed, which requires a fundamental understanding of the relationship between the ligands bound to the metal center and stoichiometric reactivity with ethylene. This research determines the optimal probes for a particular application, such as the detection of ethylene in relevant biological systems including A. thaliana and E. coli. Detection of ethylene in these organisms is being investigated with probe modifications tailored to the specific goals and challenges presented by these systems. The detection of gaseous ethylene in the atmosphere including from ripening fruit is also being investigated.&lt;br/&gt;&lt;br/&gt;This award reflects NSF's statutory mission and has been deemed worthy of support through evaluation using the Foundation's intellectual merit and broader impacts review criteria.]]></AbstractNarration>
<MinAmdLetterDate>05/17/2019</MinAmdLetterDate>
<MaxAmdLetterDate>05/17/2019</MaxAmdLetterDate>
<ARRAAmount/>
<TRAN_TYPE>Grant</TRAN_TYPE>
<CFDA_NUM>47.049</CFDA_NUM>
<NSF_PAR_USE_FLAG>1</NSF_PAR_USE_FLAG>
<FUND_AGCY_CODE>4900</FUND_AGCY_CODE>
<AWDG_AGCY_CODE>4900</AWDG_AGCY_CODE>
<AwardID>1900482</AwardID>
<Investigator>
<FirstName>Brian</FirstName>
<LastName>Michel</LastName>
<PI_MID_INIT/>
<PI_SUFX_NAME/>
<PI_FULL_NAME>Brian Michel</PI_FULL_NAME>
<EmailAddress><![CDATA[brian.michel@du.edu]]></EmailAddress>
<NSF_ID>000736489</NSF_ID>
<StartDate>05/17/2019</StartDate>
<EndDate/>
<RoleCode>Principal Investigator</RoleCode>
</Investigator>
<Institution>
<Name><![CDATA[University of Denver]]></Name>
<CityName>DENVER</CityName>
<ZipCode>802104711</ZipCode>
<PhoneNumber>3038712000</PhoneNumber>
<StreetAddress><![CDATA[2199 S UNIVERSITY BLVD]]></StreetAddress>
<StreetAddress2/>
<CountryName>United States</CountryName>
<StateName>Colorado</StateName>
<StateCode>CO</StateCode>
<CONGRESSDISTRICT>01</CONGRESSDISTRICT>
<CONGRESS_DISTRICT_ORG>CO01</CONGRESS_DISTRICT_ORG>
<ORG_UEI_NUM>WCUGNQQ8DZU1</ORG_UEI_NUM>
<ORG_LGL_BUS_NAME>COLORADO SEMINARY</ORG_LGL_BUS_NAME>
<ORG_PRNT_UEI_NUM>WCUGNQQ8DZU1</ORG_PRNT_UEI_NUM>
</Institution>
<Performance_Institution>
<Name><![CDATA[University of Denver]]></Name>
<CityName>Denver</CityName>
<StateCode>CO</StateCode>
<ZipCode>802104711</ZipCode>
<StreetAddress><![CDATA[2199 S. University Blvd.]]></StreetAddress>
<CountryCode>US</CountryCode>
<CountryName>United States</CountryName>
<StateName>Colorado</StateName>
<CountryFlag>1</CountryFlag>
<CONGRESSDISTRICT>01</CONGRESSDISTRICT>
<CONGRESS_DISTRICT_PERF>CO01</CONGRESS_DISTRICT_PERF>
</Performance_Institution>
<ProgramElement>
<Code>9102</Code>
<Text>Chem Struct,Dynmcs&amp;Mechansms B</Text>
</ProgramElement>
<ProgramReference>
<Code>7234</Code>
<Text>SENSORS NON-SOLICITATION RESEA</Text>
</ProgramReference>
<ProgramReference>
<Code>8037</Code>
<Text>Advanced Manufacturing</Text>
</ProgramReference>
<ProgramReference>
<Code>8091</Code>
<Text>BRAIN Initiative Res Support</Text>
</ProgramReference>
<Appropriation>
<Code>0119</Code>
<Name>NSF RESEARCH &amp; RELATED ACTIVIT</Name>
<APP_SYMB_ID>040100</APP_SYMB_ID>
</Appropriation>
<Fund>
<Code>01001920DB</Code>
<Name><![CDATA[NSF RESEARCH & RELATED ACTIVIT]]></Name>
<FUND_SYMB_ID>040100</FUND_SYMB_ID>
</Fund>
<FUND_OBLG>2019~300000</FUND_OBLG>
</Award>
</rootTag>
