<?xml version="1.0" encoding="UTF-8"?>
<rootTag>
<Award>
<AwardTitle><![CDATA[Long Time Dynamics in Combustion, Mixing, and Fluids Models]]></AwardTitle>
<AGENCY>NSF</AGENCY>
<AwardEffectiveDate>07/15/2019</AwardEffectiveDate>
<AwardExpirationDate>06/30/2023</AwardExpirationDate>
<AwardTotalIntnAmount>210940.00</AwardTotalIntnAmount>
<AwardAmount>210940</AwardAmount>
<AwardInstrument>
<Value>Standard Grant</Value>
</AwardInstrument>
<Organization>
<Code>03040000</Code>
<Directorate>
<Abbreviation>MPS</Abbreviation>
<LongName>Direct For Mathematical &amp; Physical Scien</LongName>
</Directorate>
<Division>
<Abbreviation>DMS</Abbreviation>
<LongName>Division Of Mathematical Sciences</LongName>
</Division>
</Organization>
<ProgramOfficer>
<SignBlockName>Marian Bocea</SignBlockName>
<PO_EMAI>mbocea@nsf.gov</PO_EMAI>
<PO_PHON>7032922595</PO_PHON>
</ProgramOfficer>
<AbstractNarration><![CDATA[The aim of this project is a better understanding of mathematical models of several important real world phenomena, including propagation of reactive processes, turbulent motion of fluids, and mixing of substances by such motion.  Reactive processes (e.g., forest fires) frequently occur in a patchwork of different environments (trees, brush, grass), through which the process propagates at different rates.  The theory of homogenization aims to better understand how the dynamics of the process over large scales (long distances and times) depends on smaller scale variations in the environment.  The main goal of this part of the project is to demonstrate that thanks to averaging over large regions, the long term behavior of the process can be predicted with a large degree of confidence without the need for overly detailed information about the composition of the environment.  Mixing via fluid motion is crucial in the production of materials such as alloys, as well as in enhancement of processes such as chemical reactions.  Quantifying mixing efficiency of flows and identifying those that stand out in this respect is therefore of great importance.  The PI recently constructed universal mixers, flows that are particularly efficient in mixing.  These have a relatively simple structure but may be too irregular for practical applications.  The main goal of this part of the project is to identify more regular universal mixers, as well as to study how such fast mixing affects diffusive processes (e.g., heat transport).  Even without considering its effects on mixing of substances, our understanding of the motion of fluids is still far from satisfactory.  The study of onset of turbulence and the associated creation of small scale structures in fluids is important in mathematics as well as in physics and engineering, and while it has seen great progress in recent years, many fundamental questions remain unresolved.  In this part of the project, the PI proposes to study how fast the development of turbulent structures in fluids can be and how severe this turbulence can become, both in the bulk of the fluid and in the vicinity of regular as well as irregular boundaries (walls of the fluid container).&lt;br/&gt;&lt;br/&gt;Physical processes such as combustion, mixing, and fluid turbulence, whose study motivates this project, are modeled by linear and nonlinear partial differential equations, including reaction-diffusion equations, transport equations, drift-diffusion equations, and equations of fluid dynamics.  The primary focus of this project, which consists of three parts, is the study of long term dynamics of the solutions of these equations as well as their possible formation of singularities in finite time.  The aim of the first part of the project is the understanding of large scale behavior of reactive processes spreading through heterogeneous media, including obtaining a satisfactory homogenization theory for these models in multi-dimensional random media.  The aim of the second part of the project is the study of mixing efficiency of flows and the search for sufficiently regular universal mixers, flows that are highly efficient in mixing of substances advected by them regardless of the initial configuration of the latter.  Enhancement of diffusion in drift-diffusion equations via flow-induced mixing will also be studied.  The aim of the third part of the project is the study of turbulence in two-dimensional Euler and related equations of fluid dynamics, including rapid growth of gradients of solutions in the bulk of the fluid and possible formation of finite time singularities in more singular models.  The question of well-posedness of Euler equations in planar domains with irregular boundaries will also be addressed.&lt;br/&gt;&lt;br/&gt;This award reflects NSF's statutory mission and has been deemed worthy of support through evaluation using the Foundation's intellectual merit and broader impacts review criteria.]]></AbstractNarration>
<MinAmdLetterDate>07/05/2019</MinAmdLetterDate>
<MaxAmdLetterDate>07/05/2019</MaxAmdLetterDate>
<ARRAAmount/>
<TRAN_TYPE>Grant</TRAN_TYPE>
<CFDA_NUM>47.049</CFDA_NUM>
<NSF_PAR_USE_FLAG>1</NSF_PAR_USE_FLAG>
<FUND_AGCY_CODE>4900</FUND_AGCY_CODE>
<AWDG_AGCY_CODE>4900</AWDG_AGCY_CODE>
<AwardID>1900943</AwardID>
<Investigator>
<FirstName>Andrej</FirstName>
<LastName>Zlatos</LastName>
<PI_MID_INIT/>
<PI_SUFX_NAME/>
<PI_FULL_NAME>Andrej Zlatos</PI_FULL_NAME>
<EmailAddress><![CDATA[azlatos@ucsd.edu]]></EmailAddress>
<NSF_ID>000488185</NSF_ID>
<StartDate>07/05/2019</StartDate>
<EndDate/>
<RoleCode>Principal Investigator</RoleCode>
</Investigator>
<Institution>
<Name><![CDATA[University of California-San Diego]]></Name>
<CityName>LA JOLLA</CityName>
<ZipCode>920930021</ZipCode>
<PhoneNumber>8585344896</PhoneNumber>
<StreetAddress><![CDATA[9500 GILMAN DR]]></StreetAddress>
<StreetAddress2/>
<CountryName>United States</CountryName>
<StateName>California</StateName>
<StateCode>CA</StateCode>
<CONGRESSDISTRICT>50</CONGRESSDISTRICT>
<CONGRESS_DISTRICT_ORG>CA50</CONGRESS_DISTRICT_ORG>
<ORG_UEI_NUM>UYTTZT6G9DT1</ORG_UEI_NUM>
<ORG_LGL_BUS_NAME>UNIVERSITY OF CALIFORNIA, SAN DIEGO</ORG_LGL_BUS_NAME>
<ORG_PRNT_UEI_NUM/>
</Institution>
<Performance_Institution>
<Name><![CDATA[University of California-San Diego]]></Name>
<CityName>La Jolla</CityName>
<StateCode>CA</StateCode>
<ZipCode>920930112</ZipCode>
<StreetAddress><![CDATA[9500 Gilman Drive #0112]]></StreetAddress>
<CountryCode>US</CountryCode>
<CountryName>United States</CountryName>
<StateName>California</StateName>
<CountryFlag>1</CountryFlag>
<CONGRESSDISTRICT>50</CONGRESSDISTRICT>
<CONGRESS_DISTRICT_PERF>CA50</CONGRESS_DISTRICT_PERF>
</Performance_Institution>
<ProgramElement>
<Code>1281</Code>
<Text>ANALYSIS PROGRAM</Text>
</ProgramElement>
<Appropriation>
<Code>0119</Code>
<Name>NSF RESEARCH &amp; RELATED ACTIVIT</Name>
<APP_SYMB_ID>040100</APP_SYMB_ID>
</Appropriation>
<Fund>
<Code>01001920DB</Code>
<Name><![CDATA[NSF RESEARCH & RELATED ACTIVIT]]></Name>
<FUND_SYMB_ID>040100</FUND_SYMB_ID>
</Fund>
<FUND_OBLG>2019~210940</FUND_OBLG>
<POR>
<DRECONTENT><![CDATA[<div class="porColContainerWBG"> <div class="porContentCol"><p>The PI's research supported under this award involved study of mathematical models for reactive processes, mixing, and fluid dynamics.<br /><br />Reactive processes such as forest fires, chemical kinetics, or population dynamics are modeled by reaction-diffusion equations, and the PI studied the dynamics of their solutions.&nbsp; He showed that homogenization occurs in various settings, including reactions modelling combustion and population dynamics in multidimensional random environments.&nbsp; This means that effects of spatial and/or temporal randomness in the environment average out over large space-time scales, so on these scales solutions to the equation propagate as if they were in homogeneous (i.e., devoid of structure) environments, with only small additional random fluctuations.<br /><br />The PI also obtained very precise estimates on long term propagation of different reactive processes through homogeneous media.&nbsp; This includes description of long term nonlinear reactive dynamics in terms of much simpler linear dynamics, up to negligible errors, and optimal bounds on propagation rates of certain super-ballistic reactive processes.<br /><br />Mixing of substances in fluid media is modeled by transport equations, and the PI studied those transporting velocity fields that are most efficient in mixing.&nbsp; Among other results, he showed that certain flows with relatively simple structures are nevertheless optimally efficient at mixing of arbitrary initial distributions of the&nbsp; substance, meaning that they are exponential universal mixers.<br /><br />The motion of ideal fluids is modeled by the Euler equations of fluid dynamics.&nbsp; The PI studied the dynamics of two-dimensional ideal fluids on planar regions with rough boundaries, quantifying the effects of corners and other irregularities of the boundary on the fluid motion.&nbsp; He also discovered criteria guaranteeing that fluid singularities in a closely related model, the gSQG patch equation, cannot develop in the interior of the domain in finite time.<br /><br />The research resulting from this award is important from the theoretical perspective but is also relevant to other branches of science and engineering.&nbsp; In particular, it contributes to a better understanding of mathematical models describing physical processes such as combustion, population dynamics, or fluid mechanics.&nbsp; The PI also mentored the research work of five students and postdocs on topics within the scope of this award.&nbsp; This effort resulted in nine joint research papers with these mentees, and has contributed to the training of future workforce in one of the crucial STEM areas.</p><br> <p>            Last Modified: 10/29/2023<br>      Modified by: Andrej&nbsp;Zlatos</p> </div> <div class="porSideCol"></div> </div>]]></DRECONTENT>
<POR_COPY_TXT><![CDATA[ The PI's research supported under this award involved study of mathematical models for reactive processes, mixing, and fluid dynamics.  Reactive processes such as forest fires, chemical kinetics, or population dynamics are modeled by reaction-diffusion equations, and the PI studied the dynamics of their solutions.  He showed that homogenization occurs in various settings, including reactions modelling combustion and population dynamics in multidimensional random environments.  This means that effects of spatial and/or temporal randomness in the environment average out over large space-time scales, so on these scales solutions to the equation propagate as if they were in homogeneous (i.e., devoid of structure) environments, with only small additional random fluctuations.  The PI also obtained very precise estimates on long term propagation of different reactive processes through homogeneous media.  This includes description of long term nonlinear reactive dynamics in terms of much simpler linear dynamics, up to negligible errors, and optimal bounds on propagation rates of certain super-ballistic reactive processes.  Mixing of substances in fluid media is modeled by transport equations, and the PI studied those transporting velocity fields that are most efficient in mixing.  Among other results, he showed that certain flows with relatively simple structures are nevertheless optimally efficient at mixing of arbitrary initial distributions of the  substance, meaning that they are exponential universal mixers.  The motion of ideal fluids is modeled by the Euler equations of fluid dynamics.  The PI studied the dynamics of two-dimensional ideal fluids on planar regions with rough boundaries, quantifying the effects of corners and other irregularities of the boundary on the fluid motion.  He also discovered criteria guaranteeing that fluid singularities in a closely related model, the gSQG patch equation, cannot develop in the interior of the domain in finite time.  The research resulting from this award is important from the theoretical perspective but is also relevant to other branches of science and engineering.  In particular, it contributes to a better understanding of mathematical models describing physical processes such as combustion, population dynamics, or fluid mechanics.  The PI also mentored the research work of five students and postdocs on topics within the scope of this award.  This effort resulted in nine joint research papers with these mentees, and has contributed to the training of future workforce in one of the crucial STEM areas.       Last Modified: 10/29/2023       Submitted by: Andrej Zlatos]]></POR_COPY_TXT>
</POR>
</Award>
</rootTag>
