<?xml version="1.0" encoding="UTF-8"?>
<rootTag>
<Award>
<AwardTitle><![CDATA[Topics in protein and RNA folding and dynamics]]></AwardTitle>
<AGENCY>NSF</AGENCY>
<AwardEffectiveDate>07/01/2019</AwardEffectiveDate>
<AwardExpirationDate>06/30/2023</AwardExpirationDate>
<AwardTotalIntnAmount>1239688.00</AwardTotalIntnAmount>
<AwardAmount>1239688</AwardAmount>
<AwardInstrument>
<Value>Standard Grant</Value>
</AwardInstrument>
<Organization>
<Code>03090000</Code>
<Directorate>
<Abbreviation>MPS</Abbreviation>
<LongName>Direct For Mathematical &amp; Physical Scien</LongName>
</Directorate>
<Division>
<Abbreviation>CHE</Abbreviation>
<LongName>Division Of Chemistry</LongName>
</Division>
</Organization>
<ProgramOfficer>
<SignBlockName>Richard Dawes</SignBlockName>
<PO_EMAI>rdawes@nsf.gov</PO_EMAI>
<PO_PHON>7032927486</PO_PHON>
</ProgramOfficer>
<AbstractNarration><![CDATA[Professor Devarajan (Dave) Thirumalai at the University of Texas Austin is supported by an award from the Chemical Theory, Models and Computational Methods Program in the Chemistry Division and the Molecular Biophysics Cluster in the Division of Molecular and Cellular Biosciences. Professor Thirumalai creates novel, theoretical, computational models in order to address outstanding questions in biologically-related research. For example, there are many proteins that do not adopt well-defined structures, these are referred to as Intrinsically Disordered Proteins (IDPs). IDPs behave like synthetic polymers but still control many biological functions.  Professor Thirumalai uses computational models to predict the structure and reactions of IDPs with other IDPs as well as of IDPs with RNA (ribonucleic acid). The characteristics of RNA folding and interactions with unstructured proteins are of specific interest. Finally, the physical mechanisms by which molecular-sized motors, transport molecular "cargo" within cells are not well understood. Professor Thirumalai examines how these motors move and make their deliveries.  In addition to the potential for broad impact of this research in biotechnology, Professor Thirumalai is devoted to the training of new generations of students in interdisciplinary research.&lt;br/&gt;&lt;br/&gt;In the last twenty years, it has become increasingly clear that nearly 40% of the proteome consists of the so-called low complexity IDPs, which are involved in a number of still unknown functions. A major goal of Professor Thirumalai's research is to develop reliable models that can quantitatively predict the structural and dynamical properties of IDPs. This first step is needed in order to understand how they interact with RNA and themselves in producing liquid droplets, which are recognized to be important, but whose properties are largely unknown. Another aspect of Professor Thirumalai's research deals with how RNA molecules fold, especially with the focus on the difficult problem of the mechanisms by which metal cations drive their folding. In addition, Thirumalai is keenly interested in uncovering the principles of RNA-RNA interactions.  These structures also form droplets by themselves and in interactions with IDPs. Finally, two-headed molecular motors (Myosin, Dynein, and Kinesin) are largely responsible for transport of cargos in cells. They achieve this complex task by walking along actin and microtubules (MTs) in a preferred direction. One of Professor Thirumalai's major goals is to elucidate, using a combination of sophisticated theory and simulations, the structural basis by which the motors coordinate the two heads in a way such that one head steps forward while the other is bound to actin or MTs. Professor Thirumalai uses theoretical ideas to predict the outcomes of experiments, which include the distribution of motor velocities. These results are critically needed in order to redesign motors for synthetic purposes.&lt;br/&gt;&lt;br/&gt;This award reflects NSF's statutory mission and has been deemed worthy of support through evaluation using the Foundation's intellectual merit and broader impacts review criteria.]]></AbstractNarration>
<MinAmdLetterDate>06/17/2019</MinAmdLetterDate>
<MaxAmdLetterDate>06/17/2019</MaxAmdLetterDate>
<ARRAAmount/>
<TRAN_TYPE>Grant</TRAN_TYPE>
<CFDA_NUM>47.049</CFDA_NUM>
<NSF_PAR_USE_FLAG>1</NSF_PAR_USE_FLAG>
<FUND_AGCY_CODE>4900</FUND_AGCY_CODE>
<AWDG_AGCY_CODE>4900</AWDG_AGCY_CODE>
<AwardID>1900093</AwardID>
<Investigator>
<FirstName>Devarajan</FirstName>
<LastName>Thirumalai</LastName>
<PI_MID_INIT/>
<PI_SUFX_NAME/>
<PI_FULL_NAME>Devarajan Thirumalai</PI_FULL_NAME>
<EmailAddress><![CDATA[dave.thirumalai@gmail.com]]></EmailAddress>
<NSF_ID>000387132</NSF_ID>
<StartDate>06/17/2019</StartDate>
<EndDate/>
<RoleCode>Principal Investigator</RoleCode>
</Investigator>
<Institution>
<Name><![CDATA[University of Texas at Austin]]></Name>
<CityName>AUSTIN</CityName>
<ZipCode>787121139</ZipCode>
<PhoneNumber>5124716424</PhoneNumber>
<StreetAddress><![CDATA[110 INNER CAMPUS DR]]></StreetAddress>
<StreetAddress2/>
<CountryName>United States</CountryName>
<StateName>Texas</StateName>
<StateCode>TX</StateCode>
<CONGRESSDISTRICT>25</CONGRESSDISTRICT>
<CONGRESS_DISTRICT_ORG>TX25</CONGRESS_DISTRICT_ORG>
<ORG_UEI_NUM>V6AFQPN18437</ORG_UEI_NUM>
<ORG_LGL_BUS_NAME>UNIVERSITY OF TEXAS AT AUSTIN</ORG_LGL_BUS_NAME>
<ORG_PRNT_UEI_NUM>X5NKD2NFF2V3</ORG_PRNT_UEI_NUM>
</Institution>
<Performance_Institution>
<Name><![CDATA[UT Austin]]></Name>
<CityName>Austin</CityName>
<StateCode>TX</StateCode>
<ZipCode>787121224</ZipCode>
<StreetAddress><![CDATA[105 E. 24th St., A5300]]></StreetAddress>
<CountryCode>US</CountryCode>
<CountryName>United States</CountryName>
<StateName>Texas</StateName>
<CountryFlag>1</CountryFlag>
<CONGRESSDISTRICT>25</CONGRESSDISTRICT>
<CONGRESS_DISTRICT_PERF>TX25</CONGRESS_DISTRICT_PERF>
</Performance_Institution>
<ProgramElement>
<Code>1144</Code>
<Text>Molecular Biophysics</Text>
</ProgramElement>
<ProgramElement>
<Code>1253</Code>
<Text>OFFICE OF MULTIDISCIPLINARY AC</Text>
</ProgramElement>
<ProgramElement>
<Code>6881</Code>
<Text>Chem Thry, Mdls &amp; Cmptnl Mthds</Text>
</ProgramElement>
<ProgramReference>
<Code>7465</Code>
<Text>NANOSCALE BIO CORE</Text>
</ProgramReference>
<ProgramReference>
<Code>9263</Code>
<Text>COMPUTATIONAL SCIENCE &amp; ENGING</Text>
</ProgramReference>
<Appropriation>
<Code>0119</Code>
<Name>NSF RESEARCH &amp; RELATED ACTIVIT</Name>
<APP_SYMB_ID>040100</APP_SYMB_ID>
</Appropriation>
<Fund>
<Code>01001920DB</Code>
<Name><![CDATA[NSF RESEARCH & RELATED ACTIVIT]]></Name>
<FUND_SYMB_ID>040100</FUND_SYMB_ID>
</Fund>
<FUND_OBLG>2019~1239688</FUND_OBLG>
<POR>
<DRECONTENT><![CDATA[<div class="porColContainerWBG"> <div class="porContentCol"><p><strong>Overview: </strong>There are three major areas of the proposed research. (1) Many eukaryotic proteins do not adopt well-defined structures. For this reason, these are referred to as Intrinsically Disordered Proteins (IDPs), which means they can only be described using &nbsp;statistical language. In this sense, &nbsp;behave more like synthetic polymers but still control many functions has emerged a new paradigm in biophysics. (2) Equally important are the characteristics of RNA (referred sometimes as ?dark matter? in biology) folding and interactions with unstructured proteins. How these molecules, especially the ones with low complexity sequences self-associate to form droplets without membranes is not understood. (3) Finally, the physical mechanisms of how motors function, which differ drastically from common automobiles in design, transport cargo within cells is not well understood. Examples that were considered included kinesin (transports cargo in cells) and condensin (helps genome folding). Novel theoretical and computational tools were created to advance our knowledge in these areas. &nbsp;</p> <p><strong>Achievements:</strong> (1) In the last twenty years it has become increasingly clear that nearly 40% of the proteome consists of the so-called low complexity IDPs, which are involved in a number of still unknown functions. &nbsp;To describe their properties and predict how they interact with each other as well with RNA,&nbsp; computational models that can quantitatively predict the structural and dynamical properties of IDPs were developed. &nbsp;Using these models, &nbsp;the propensity to aggregate was determine in terms of the spectrum of states they explore as a monomer. The theory was used to explain the origin of multiple structures (polymorphism) in a broad class of IDPs. (2) How do divalent cations, especially Mg<sup>2+</sup> control RNA folding? This has been a long-standing problem in RNA biophysics. &nbsp;Novel computational tools were created to address this problem. Although not fully solved, the first detailed glimpse of ion-RNA interactions in determining the folding of a ribozyme and the central domain of the protein making machine, the ribosome, emerged. Surprisingly, &nbsp;it was shown that Mg<sup>2+ </sup>binding is highly specific, which also explained the hierarchical folding of ribozymes.&nbsp; New models have been developed to understand how low complexity RNA molecules self-assemble to form droplets. It was shown that the ground state, a hairpin has to fully unfold, in order to interact with other RNA chains. The free energy gap between the ground and excited states determines their propensities to self-associate, which means the precise length matters. (3) Two headed Molecular motors (Myosin, Dynein, and Kinesin) are largely responsible for transport of cargos in cells. They achieve this complex task by walking along actin and microtubules (MTs) in a preferred direction. &nbsp;During the walking process, only one head detaches from actin or microtubule. How do the two heads communicate? Using information theory, we showed that efficient communication can only occur if the resisting force is less than a critical value, which implies that under cellular conditions the motors operate only under low forces.&nbsp; In another development, &nbsp;theoretical methods were used to predict the mitotic (at cell division)structures of chromosomes. Surprisingly, it was predicted that the structures by helix perversion in which the handedness of the helices change along the length of the chromosomes. This analogous to similar structures in creeping plants, discussed in detail by Darwin and very familiar in old fashioned twists in telephone cords. &nbsp;Collectively, these achievements have had broad impact on science, including training of new generation of students and postdoctoral fellows in interdisciplinary research and has the potential for impact in biotechnology.</p> <p>&nbsp;</p><br> <p>            Last Modified: 08/06/2023<br>      Modified by: Devarajan&nbsp;Thirumalai</p> </div> <div class="porSideCol"> <div class="each-gallery"> <div class="galContent" id="gallery0"> <div class="photoCount" id="photoCount0">          Image         </div> <div class="galControls onePhoto" id="controls0"></div> <div class="galSlideshow" id="slideshow0"></div> <div class="galEmbox" id="embox"> <div class="image-title"></div> </div> </div> <div class="galNavigation onePhoto" id="navigation0"> <ul class="thumbs" id="thumbs0"> <li> <a href="/por/images/Reports/POR/2023/1900093/1900093_10611671_1691338806488_Atreya-CELREP-Cover-nsf--rgov-214x142.jpg" original="/por/images/Reports/POR/2023/1900093/1900093_10611671_1691338806488_Atreya-CELREP-Cover-nsf--rgov-800width.jpg" title="Structure of Mitotic Chromosomes"><img src="/por/images/Reports/POR/2023/1900093/1900093_10611671_1691338806488_Atreya-CELREP-Cover-nsf--rgov-66x44.jpg" alt="Structure of Mitotic Chromosomes"></a> <div class="imageCaptionContainer"> <div class="imageCaption">Schematic of structure of mitotic chromosome, indicating helix perversion. Red and blue are sketches of condensin motors.</div> <div class="imageCredit">Atreya Dey</div> <div class="imagePermisssions">Copyrighted</div> <div class="imageSubmitted">Devarajan&nbsp;Thirumalai</div> <div class="imageTitle">Structure of Mitotic Chromosomes</div> </div> </li> </ul> </div> </div> </div> </div>]]></DRECONTENT>
<POR_COPY_TXT><![CDATA[ Overview: There are three major areas of the proposed research. (1) Many eukaryotic proteins do not adopt well-defined structures. For this reason, these are referred to as Intrinsically Disordered Proteins (IDPs), which means they can only be described using  statistical language. In this sense,  behave more like synthetic polymers but still control many functions has emerged a new paradigm in biophysics. (2) Equally important are the characteristics of RNA (referred sometimes as ?dark matter? in biology) folding and interactions with unstructured proteins. How these molecules, especially the ones with low complexity sequences self-associate to form droplets without membranes is not understood. (3) Finally, the physical mechanisms of how motors function, which differ drastically from common automobiles in design, transport cargo within cells is not well understood. Examples that were considered included kinesin (transports cargo in cells) and condensin (helps genome folding). Novel theoretical and computational tools were created to advance our knowledge in these areas.    Achievements: (1) In the last twenty years it has become increasingly clear that nearly 40% of the proteome consists of the so-called low complexity IDPs, which are involved in a number of still unknown functions.  To describe their properties and predict how they interact with each other as well with RNA,  computational models that can quantitatively predict the structural and dynamical properties of IDPs were developed.  Using these models,  the propensity to aggregate was determine in terms of the spectrum of states they explore as a monomer. The theory was used to explain the origin of multiple structures (polymorphism) in a broad class of IDPs. (2) How do divalent cations, especially Mg2+ control RNA folding? This has been a long-standing problem in RNA biophysics.  Novel computational tools were created to address this problem. Although not fully solved, the first detailed glimpse of ion-RNA interactions in determining the folding of a ribozyme and the central domain of the protein making machine, the ribosome, emerged. Surprisingly,  it was shown that Mg2+ binding is highly specific, which also explained the hierarchical folding of ribozymes.  New models have been developed to understand how low complexity RNA molecules self-assemble to form droplets. It was shown that the ground state, a hairpin has to fully unfold, in order to interact with other RNA chains. The free energy gap between the ground and excited states determines their propensities to self-associate, which means the precise length matters. (3) Two headed Molecular motors (Myosin, Dynein, and Kinesin) are largely responsible for transport of cargos in cells. They achieve this complex task by walking along actin and microtubules (MTs) in a preferred direction.  During the walking process, only one head detaches from actin or microtubule. How do the two heads communicate? Using information theory, we showed that efficient communication can only occur if the resisting force is less than a critical value, which implies that under cellular conditions the motors operate only under low forces.  In another development,  theoretical methods were used to predict the mitotic (at cell division)structures of chromosomes. Surprisingly, it was predicted that the structures by helix perversion in which the handedness of the helices change along the length of the chromosomes. This analogous to similar structures in creeping plants, discussed in detail by Darwin and very familiar in old fashioned twists in telephone cords.  Collectively, these achievements have had broad impact on science, including training of new generation of students and postdoctoral fellows in interdisciplinary research and has the potential for impact in biotechnology.          Last Modified: 08/06/2023       Submitted by: Devarajan Thirumalai]]></POR_COPY_TXT>
</POR>
</Award>
</rootTag>
