<?xml version="1.0" encoding="UTF-8"?>
<rootTag>
<Award>
<AwardTitle><![CDATA[Total Synthesis of Complex Molecules]]></AwardTitle>
<AGENCY>NSF</AGENCY>
<AwardEffectiveDate>07/01/2019</AwardEffectiveDate>
<AwardExpirationDate>06/30/2023</AwardExpirationDate>
<AwardTotalIntnAmount>485000.00</AwardTotalIntnAmount>
<AwardAmount>485000</AwardAmount>
<AwardInstrument>
<Value>Standard Grant</Value>
</AwardInstrument>
<Organization>
<Code>03090000</Code>
<Directorate>
<Abbreviation>MPS</Abbreviation>
<LongName>Direct For Mathematical &amp; Physical Scien</LongName>
</Directorate>
<Division>
<Abbreviation>CHE</Abbreviation>
<LongName>Division Of Chemistry</LongName>
</Division>
</Organization>
<ProgramOfficer>
<SignBlockName>Jon Rainier</SignBlockName>
<PO_EMAI>jrainier@nsf.gov</PO_EMAI>
<PO_PHON>7032924753</PO_PHON>
</ProgramOfficer>
<AbstractNarration><![CDATA[With this award, the Chemical Synthesis program of the Division of Chemistry is supporting the fundamental research of Professor Neil Garg at the University of California, Los Angeles (UCLA). Professor Garg is pursuing the chemical synthesis of several important molecules that possess interesting chemical properties and structures. The ability of scientists to synthesize such molecules in an efficient manner is instrumental to agrochemistry, materials science, and drug discovery. In this project, Professor Garg is merging chemical synthesis with synthesis by enzymes isolated from nature, leading to versatile and streamlined procedures that could have impacts beyond the specific molecules that are being studied. Professor Garg and his graduate students perform chemistry and science demonstrations for young children in the Los Angeles community, specifically to the UCLA Krieger Daycare and Warner Elementary School. He has also created a series of industrial-sponsored lecturers (roughly 10 per year), where a prominent academician will visit UCLA with an industrial representative (pharmaceuticals or agrochemistry) to interact with graduate and undergraduate students and deliver seminars on recent cutting edge research. Professor Garg and his daughters publish ?The Organic Coloring Book?, which provides a fun means for children (and adults) worldwide to learn about the tremendous impact organic chemistry has on our everyday lives. More than 1200 copies have been donated to children at local schools and to the general public. &lt;br/&gt;&lt;br/&gt;Professor Garg is studying two important classes of organic molecules. The first pertains to the monoterpene indole alkaloid strictosidine, which was first isolated fifty years ago, but has never been accessed by total synthesis. This natural product displays biological activity, possesses a challenging chemical structure, and serves as the last universal biosynthetic precursor to all other monoterpene indole alkaloids, including the chemotherapeutic vinblastine. Professor Garg is studying the first total synthesis of strictosidine via a combined chemo-enzymatic approach. He and his team are also pursuing the synthesis of a complex hydrocarbon that is of longstanding scientific interest and is a notorious challenge for synthetic chemistry. The key transformation in this synthesis is also of theoretical interest as it can proceed via a concerted or stepwise manner. Forays in chemical synthesis, such as these, are defining the scope and limitations of known reactions and advancing the modern state of synthetic chemistry.&lt;br/&gt;&lt;br/&gt;This award reflects NSF's statutory mission and has been deemed worthy of support through evaluation using the Foundation's intellectual merit and broader impacts review criteria.]]></AbstractNarration>
<MinAmdLetterDate>06/14/2019</MinAmdLetterDate>
<MaxAmdLetterDate>06/14/2019</MaxAmdLetterDate>
<ARRAAmount/>
<TRAN_TYPE>Grant</TRAN_TYPE>
<CFDA_NUM>47.049</CFDA_NUM>
<NSF_PAR_USE_FLAG>1</NSF_PAR_USE_FLAG>
<FUND_AGCY_CODE>4900</FUND_AGCY_CODE>
<AWDG_AGCY_CODE>4900</AWDG_AGCY_CODE>
<AwardID>1900178</AwardID>
<Investigator>
<FirstName>Neil</FirstName>
<LastName>Garg</LastName>
<PI_MID_INIT>K</PI_MID_INIT>
<PI_SUFX_NAME/>
<PI_FULL_NAME>Neil K Garg</PI_FULL_NAME>
<EmailAddress><![CDATA[neilgarg@chem.ucla.edu]]></EmailAddress>
<NSF_ID>000508325</NSF_ID>
<StartDate>06/14/2019</StartDate>
<EndDate/>
<RoleCode>Principal Investigator</RoleCode>
</Investigator>
<Institution>
<Name><![CDATA[University of California-Los Angeles]]></Name>
<CityName>LOS ANGELES</CityName>
<ZipCode>900244201</ZipCode>
<PhoneNumber>3107940102</PhoneNumber>
<StreetAddress><![CDATA[10889 WILSHIRE BLVD STE 700]]></StreetAddress>
<StreetAddress2/>
<CountryName>United States</CountryName>
<StateName>California</StateName>
<StateCode>CA</StateCode>
<CONGRESSDISTRICT>36</CONGRESSDISTRICT>
<CONGRESS_DISTRICT_ORG>CA36</CONGRESS_DISTRICT_ORG>
<ORG_UEI_NUM>RN64EPNH8JC6</ORG_UEI_NUM>
<ORG_LGL_BUS_NAME>UNIVERSITY OF CALIFORNIA, LOS ANGELES</ORG_LGL_BUS_NAME>
<ORG_PRNT_UEI_NUM>NUDGYLBB4S99</ORG_PRNT_UEI_NUM>
</Institution>
<Performance_Institution>
<Name><![CDATA[University of California-Los Angeles]]></Name>
<CityName/>
<StateCode>CA</StateCode>
<ZipCode>900951569</ZipCode>
<StreetAddress/>
<CountryCode>US</CountryCode>
<CountryName>United States</CountryName>
<StateName>California</StateName>
<CountryFlag>1</CountryFlag>
<CONGRESSDISTRICT>36</CONGRESSDISTRICT>
<CONGRESS_DISTRICT_PERF>CA36</CONGRESS_DISTRICT_PERF>
</Performance_Institution>
<ProgramElement>
<Code>6878</Code>
<Text>Chemical Synthesis</Text>
</ProgramElement>
<ProgramReference>
<Code>8037</Code>
<Text>Advanced Manufacturing</Text>
</ProgramReference>
<Appropriation>
<Code>0119</Code>
<Name>NSF RESEARCH &amp; RELATED ACTIVIT</Name>
<APP_SYMB_ID>040100</APP_SYMB_ID>
</Appropriation>
<Fund>
<Code>01001920DB</Code>
<Name><![CDATA[NSF RESEARCH & RELATED ACTIVIT]]></Name>
<FUND_SYMB_ID>040100</FUND_SYMB_ID>
</Fund>
<FUND_OBLG>2019~485000</FUND_OBLG>
<POR>
<DRECONTENT><![CDATA[<div class="porColContainerWBG"> <div class="porContentCol"><p>Our ability to synthesize small molecules with complicated chemical structures is of great benefit to humanity. Synthetic chemistry is used to make medicines, agrochemicals, various materials, and more.&nbsp;&nbsp;By synthesizing complex molecules, we learn how molecules react, making us better able to predict reactivity in future endeavors.&nbsp;&nbsp;The research performed under this grant has led to the chemical synthesis of several complex molecules, as well as new methods to make molecules with intricate structures. The fundamental insight learned from these studies should have long-term implications on numerous fields.</p> <p>This grant has also enabled the training and education of several researchers, including graduate and undergraduate students.&nbsp;&nbsp;Dissemination of results has been achieved through conference presentations by the PI and students, as well as through peer-reviewed publications. The Garg laboratory has also performed numerous educational activities to promote interest in chemistry amongst the general population, children, and students. For example, Garg and his students have performed chemistry demonstrations and activities at local public K-12 schools, created books for children, and also developed online educational tools for organic chemistry that are being used all over the countryxw, such as the free websites rschemistry.com, qrchem.net, and chemmatch.net.&nbsp;&nbsp;Garg has also developed an initiative called #MentorFirst (mentorfirst.org), that seeks to promote positive mentoring practices throughout academia. Additional information about the outcomes of these studies is available by perusing the Garg lab website:&nbsp;<a href="http://garg.chem.ucla.edu/">http://garg.chem.ucla.edu</a>.</p><br> <p>  Last Modified: 11/19/2023<br> Modified by: Neil&nbsp;K&nbsp;Garg</p></div> <div class="porSideCol" ></div> </div>]]></DRECONTENT>
<POR_COPY_TXT><![CDATA[  Our ability to synthesize small molecules with complicated chemical structures is of great benefit to humanity. Synthetic chemistry is used to make medicines, agrochemicals, various materials, and more.By synthesizing complex molecules, we learn how molecules react, making us better able to predict reactivity in future endeavors.The research performed under this grant has led to the chemical synthesis of several complex molecules, as well as new methods to make molecules with intricate structures. The fundamental insight learned from these studies should have long-term implications on numerous fields.   This grant has also enabled the training and education of several researchers, including graduate and undergraduate students.Dissemination of results has been achieved through conference presentations by the PI and students, as well as through peer-reviewed publications. The Garg laboratory has also performed numerous educational activities to promote interest in chemistry amongst the general population, children, and students. For example, Garg and his students have performed chemistry demonstrations and activities at local public K-12 schools, created books for children, and also developed online educational tools for organic chemistry that are being used all over the countryxw, such as the free websites rschemistry.com, qrchem.net, and chemmatch.net.Garg has also developed an initiative called #MentorFirst (mentorfirst.org), that seeks to promote positive mentoring practices throughout academia. Additional information about the outcomes of these studies is available by perusing the Garg lab website:http://garg.chem.ucla.edu.     Last Modified: 11/19/2023       Submitted by: NeilKGarg]]></POR_COPY_TXT>
</POR>
</Award>
</rootTag>
