<?xml version="1.0" encoding="UTF-8"?>
<rootTag>
<Award>
<AwardTitle><![CDATA[CHS: Large: Collaborative Research: Participatory Design and Evaluation of Socially Assistive Robots for Use in Mental Health Services in Clinics and Patient Homes]]></AwardTitle>
<AGENCY>NSF</AGENCY>
<AwardEffectiveDate>09/01/2019</AwardEffectiveDate>
<AwardExpirationDate>08/31/2024</AwardExpirationDate>
<AwardTotalIntnAmount>588197.00</AwardTotalIntnAmount>
<AwardAmount>604197</AwardAmount>
<AwardInstrument>
<Value>Standard Grant</Value>
</AwardInstrument>
<Organization>
<Code>05020000</Code>
<Directorate>
<Abbreviation>CSE</Abbreviation>
<LongName>Direct For Computer &amp; Info Scie &amp; Enginr</LongName>
</Directorate>
<Division>
<Abbreviation>IIS</Abbreviation>
<LongName>Div Of Information &amp; Intelligent Systems</LongName>
</Division>
</Organization>
<ProgramOfficer>
<SignBlockName>Ephraim Glinert</SignBlockName>
<PO_EMAI>eglinert@nsf.gov</PO_EMAI>
<PO_PHON>7032924341</PO_PHON>
</ProgramOfficer>
<AbstractNarration><![CDATA[A significant concern in the United States relates to mental health disorders, especially depression; the National Institute of Mental Health (NIMH) has estimated that 17.3 million adults aged 18 or older (7.1% of the adult population in the U.S.) had at least one major depressive episode in 2017. The primary goal of this project is to enable patients and clinicians working together with researchers to design a socially assistive robot to provide support for, and as an intervention to alleviate the symptoms of, depression. The robot, Therabot, currently takes the form of a dog and is intended to serve as a pet-like companion. The project will allow both patients and clinicians to customize the capabilities and behaviors of the robot in order to improve patient health and well-being. The effectiveness of the modified robots will be evaluated in clinical settings and by means of longer-term use in patient homes. Project outcomes will include advances in healthcare robotics and improvements in human-robot interaction, thanks to a combination of onboard sensors that provide additional information to clinicians along with artificial intelligence to customize the interactions of the robot with the patient. This activity is also expected to transform mental healthcare interventions, and to reduce healthcare costs for mental health concerns by allowing many patients to remain in their homes longer with the aid of their assistive support robot. This research topic is of interest to a diversity of students, as well as clinical practitioners, and will promote educational training and opportunities in the areas of science, technology, engineering, and mathematics.&lt;br/&gt;&lt;br/&gt;This project will employ Participatory Design (PD) methods to develop an adaptable socially assistive robot platform by extending the features and capabilities of Therabot.  Appropriate therapeutic interventions will be identified and their effectiveness evaluated using this platform to address the needs of individuals diagnosed with depression. The main research contributions are to apply PD methods to socially assistive robots for mental health with particular focus on bridging therapy in clinical and home settings, to further the technical development of adaptable robotic systems, and to provide an extension to the Interactive Social Engagement Architecture and Toolkit for long-term interaction outside of the laboratory. The project will develop PD activities to expand the design of Therabot which, unlike off-the-shelf systems, can be amended to suit the changing needs and preferences of diverse patients and clinicians over time.&lt;br/&gt;&lt;br/&gt;This award reflects NSF's statutory mission and has been deemed worthy of support through evaluation using the Foundation's intellectual merit and broader impacts review criteria.]]></AbstractNarration>
<MinAmdLetterDate>08/26/2019</MinAmdLetterDate>
<MaxAmdLetterDate>03/28/2023</MaxAmdLetterDate>
<ARRAAmount/>
<TRAN_TYPE>Grant</TRAN_TYPE>
<CFDA_NUM>47.070</CFDA_NUM>
<NSF_PAR_USE_FLAG>1</NSF_PAR_USE_FLAG>
<FUND_AGCY_CODE>4900</FUND_AGCY_CODE>
<AWDG_AGCY_CODE>4900</AWDG_AGCY_CODE>
<AwardID>1900883</AwardID>
<Investigator>
<FirstName>Megan</FirstName>
<LastName>Richardson</LastName>
<PI_MID_INIT>S</PI_MID_INIT>
<PI_SUFX_NAME/>
<PI_FULL_NAME>Megan S Richardson</PI_FULL_NAME>
<EmailAddress><![CDATA[megan@ssrc.msstate.edu]]></EmailAddress>
<NSF_ID>000753975</NSF_ID>
<StartDate>09/29/2022</StartDate>
<EndDate/>
<RoleCode>Principal Investigator</RoleCode>
</Investigator>
<Investigator>
<FirstName>Cindy</FirstName>
<LastName>Bethel</LastName>
<PI_MID_INIT>L</PI_MID_INIT>
<PI_SUFX_NAME/>
<PI_FULL_NAME>Cindy L Bethel</PI_FULL_NAME>
<EmailAddress><![CDATA[cbethel@cse.msstate.edu]]></EmailAddress>
<NSF_ID>000599389</NSF_ID>
<StartDate>08/26/2019</StartDate>
<EndDate>09/29/2022</EndDate>
<RoleCode>Former Principal Investigator</RoleCode>
</Investigator>
<Institution>
<Name><![CDATA[Mississippi State University]]></Name>
<CityName>MISSISSIPPI STATE</CityName>
<ZipCode>39762</ZipCode>
<PhoneNumber>6623257404</PhoneNumber>
<StreetAddress><![CDATA[245 BARR AVE]]></StreetAddress>
<StreetAddress2/>
<CountryName>United States</CountryName>
<StateName>Mississippi</StateName>
<StateCode>MS</StateCode>
<CONGRESSDISTRICT>03</CONGRESSDISTRICT>
<CONGRESS_DISTRICT_ORG>MS03</CONGRESS_DISTRICT_ORG>
<ORG_UEI_NUM>NTXJM52SHKS7</ORG_UEI_NUM>
<ORG_LGL_BUS_NAME>MISSISSIPPI STATE UNIVERSITY</ORG_LGL_BUS_NAME>
<ORG_PRNT_UEI_NUM/>
</Institution>
<Performance_Institution>
<Name><![CDATA[Mississippi State University]]></Name>
<CityName/>
<StateCode>MS</StateCode>
<ZipCode>397629662</ZipCode>
<StreetAddress/>
<CountryCode>US</CountryCode>
<CountryName>United States</CountryName>
<StateName>Mississippi</StateName>
<CountryFlag>1</CountryFlag>
<CONGRESSDISTRICT>03</CONGRESSDISTRICT>
<CONGRESS_DISTRICT_PERF>MS03</CONGRESS_DISTRICT_PERF>
</Performance_Institution>
<ProgramElement>
<Code>7367</Code>
<Text>HCC-Human-Centered Computing</Text>
</ProgramElement>
<ProgramReference>
<Code>7367</Code>
<Text>Cyber-Human Systems</Text>
</ProgramReference>
<ProgramReference>
<Code>7925</Code>
<Text>LARGE PROJECT</Text>
</ProgramReference>
<ProgramReference>
<Code>9150</Code>
<Text>EXP PROG TO STIM COMP RES</Text>
</ProgramReference>
<ProgramReference>
<Code>9251</Code>
<Text>REU SUPP-Res Exp for Ugrd Supp</Text>
</ProgramReference>
<Appropriation>
<Code/>
<Name/>
<APP_SYMB_ID/>
</Appropriation>
<Appropriation>
<Code>0119</Code>
<Name>NSF RESEARCH &amp; RELATED ACTIVIT</Name>
<APP_SYMB_ID>040100</APP_SYMB_ID>
</Appropriation>
<Fund>
<Code>01002324DB</Code>
<Name><![CDATA[NSF RESEARCH & RELATED ACTIVIT]]></Name>
<FUND_SYMB_ID>040100</FUND_SYMB_ID>
</Fund>
<Fund>
<Code>01001920DB</Code>
<Name><![CDATA[NSF RESEARCH & RELATED ACTIVIT]]></Name>
<FUND_SYMB_ID>040100</FUND_SYMB_ID>
</Fund>
<FUND_OBLG>2019~588197</FUND_OBLG>
<FUND_OBLG>2023~16000</FUND_OBLG>
</Award>
</rootTag>
