<?xml version="1.0" encoding="UTF-8"?>
<rootTag>
<Award>
<AwardTitle><![CDATA[High-Valent Metal-Oxo Species: Beyond the Oxo Wall]]></AwardTitle>
<AGENCY>NSF</AGENCY>
<AwardEffectiveDate>08/01/2019</AwardEffectiveDate>
<AwardExpirationDate>06/30/2023</AwardExpirationDate>
<AwardTotalIntnAmount>450000.00</AwardTotalIntnAmount>
<AwardAmount>450000</AwardAmount>
<AwardInstrument>
<Value>Standard Grant</Value>
</AwardInstrument>
<Organization>
<Code>03090000</Code>
<Directorate>
<Abbreviation>MPS</Abbreviation>
<LongName>Direct For Mathematical &amp; Physical Scien</LongName>
</Directorate>
<Division>
<Abbreviation>CHE</Abbreviation>
<LongName>Division Of Chemistry</LongName>
</Division>
</Organization>
<ProgramOfficer>
<SignBlockName>Tong Ren</SignBlockName>
<PO_EMAI>tren@nsf.gov</PO_EMAI>
<PO_PHON>7032928840</PO_PHON>
</ProgramOfficer>
<AbstractNarration><![CDATA[With funding from the Chemical Structure, Dynamics and Mechanisms B Program of the NSF Chemistry Division, the collaborative research team of Professor Lehnert of University of Michigan and Professor Shearer of Trinity University investigates different Cobalt- and Nickel-based oxo complexes to improve the understanding of the structural and electronic properties of these unstable species. Metal-oxo species are often implicated in enzymatic and synthetic catalysis and play key roles in hormone biosynthesis, drug metabolism, and in photosynthesis. In the chemical and pharmaceutical industry, reactive metal-oxo complexes are used as catalysts for the production of chemical feedstocks and in the synthesis of fine chemicals and pharmaceuticals. Currently, scientists are lacking a detailed understanding of the properties of late-transition metal oxo species, which show great potential for applications in chemical catalysis, but which are underutilized as scientists cannot control their reactivity well. Professor Lehnert is the director of the D-RISE program, which provides 7-weeks, full-time summer research opportunities to high school students from Detroit that belong to underrepresented minority (URM) groups in science, technology, engineering and math (STEM) disciplines. The activities include funding for one high school student to participate in D-RISE. Professor Shearer conducts research exclusively with undergraduate students recruited through mechanisms that aim at increasing the participation of URM students in the sciences (in particular, Trinity University's McNair Scholar's program).  &lt;br/&gt;&lt;br/&gt;Professor Lehnert and Professor Shearer are developing an understanding of the structural and electronic properties of a number of high-valent Co- and Nickel-oxo complexes. Especially the effect of the spin state on the electronic properties of these complexes is underappreciated; yet, as demonstrated for iron-oxo complexes, the spin state has a pivotal influence on the reactivity of these species. In the case of Co-oxo complexes, spin state also provides a potential pathway for a true violation of the "oxo wall", a concept that is considered a holy grail in high-valent metal-oxo chemistry. Another important dichotomy of metal-oxo complexes is the question of whether they are best represented as metal-oxo or metal-oxyl species, and how this influences their reactivity. Therefore, the research on the fundamental properties of high-valent Co- and Nickel-oxo complexes addresses many important fundamental questions about high-valent metal-oxo complexes with general (conceptual) implications for this area of research. The proposed research has broad implications with respect to further developing late first-row transition metal catalysts for water oxidation and the functionalization of organic molecules. In particular, bioinspired catalysts for the functionalization of organic molecules are highly sought after as industrial catalysts for the production of chemical feedstocks and pharmaceuticals. This project employs a large array of spectroscopic and theoretical methods, including electron paramagnetic resonance, magnetic circular dichroism, resonance Raman, and X-ray absorption spectroscopy. Theoretical methods (density functional theory and multi-reference quantum-chemical calculations) are used to interrogate the spectroscopic results, and connect them to electronic structure and reactivity. Professor Lehnert is actively engaged in STEM outreach programs focused on recruiting underrepresented minority (URM) high school students from Detroit to STEM fields. Professor Shearer's laboratory works exclusively with undergraduate (UG) students, which are recruited through mechanisms that aim at increasing the participation of URM UG students in the sciences (in particular, Trinity University's McNair Scholar's program). Both of these activities support the broader impacts of the project.&lt;br/&gt;&lt;br/&gt;This award reflects NSF's statutory mission and has been deemed worthy of support through evaluation using the Foundation's intellectual merit and broader impacts review criteria.]]></AbstractNarration>
<MinAmdLetterDate>06/26/2019</MinAmdLetterDate>
<MaxAmdLetterDate>06/26/2019</MaxAmdLetterDate>
<ARRAAmount/>
<TRAN_TYPE>Grant</TRAN_TYPE>
<CFDA_NUM>47.049</CFDA_NUM>
<NSF_PAR_USE_FLAG>1</NSF_PAR_USE_FLAG>
<FUND_AGCY_CODE>4900</FUND_AGCY_CODE>
<AWDG_AGCY_CODE>4900</AWDG_AGCY_CODE>
<AwardID>1900380</AwardID>
<Investigator>
<FirstName>Jason</FirstName>
<LastName>Shearer</LastName>
<PI_MID_INIT/>
<PI_SUFX_NAME/>
<PI_FULL_NAME>Jason Shearer</PI_FULL_NAME>
<EmailAddress><![CDATA[jshearer@trinity.edu]]></EmailAddress>
<NSF_ID>000236190</NSF_ID>
<StartDate>06/26/2019</StartDate>
<EndDate/>
<RoleCode>Co-Principal Investigator</RoleCode>
</Investigator>
<Investigator>
<FirstName>Nicolai</FirstName>
<LastName>Lehnert</LastName>
<PI_MID_INIT/>
<PI_SUFX_NAME/>
<PI_FULL_NAME>Nicolai Lehnert</PI_FULL_NAME>
<EmailAddress><![CDATA[lehnertn@umich.edu]]></EmailAddress>
<NSF_ID>000082861</NSF_ID>
<StartDate>06/26/2019</StartDate>
<EndDate/>
<RoleCode>Principal Investigator</RoleCode>
</Investigator>
<Institution>
<Name>Regents of the University of Michigan - Ann Arbor</Name>
<CityName>ANN ARBOR</CityName>
<ZipCode>481091079</ZipCode>
<PhoneNumber>7347636438</PhoneNumber>
<StreetAddress>1109 GEDDES AVE, SUITE 3300</StreetAddress>
<StreetAddress2/>
<CountryName>United States</CountryName>
<StateName>Michigan</StateName>
<StateCode>MI</StateCode>
<CONGRESSDISTRICT>06</CONGRESSDISTRICT>
<CONGRESS_DISTRICT_ORG>MI06</CONGRESS_DISTRICT_ORG>
<ORG_UEI_NUM>GNJ7BBP73WE9</ORG_UEI_NUM>
<ORG_LGL_BUS_NAME>REGENTS OF THE UNIVERSITY OF MICHIGAN</ORG_LGL_BUS_NAME>
<ORG_PRNT_UEI_NUM/>
</Institution>
<Performance_Institution>
<Name><![CDATA[University of Michigan Ann Arbor]]></Name>
<CityName>Ann Arbor</CityName>
<StateCode>MI</StateCode>
<ZipCode>481091055</ZipCode>
<StreetAddress><![CDATA[930 N University]]></StreetAddress>
<CountryCode>US</CountryCode>
<CountryName>United States</CountryName>
<StateName>Michigan</StateName>
<CountryFlag>1</CountryFlag>
<CONGRESSDISTRICT>06</CONGRESSDISTRICT>
<CONGRESS_DISTRICT_PERF>MI06</CONGRESS_DISTRICT_PERF>
</Performance_Institution>
<ProgramElement>
<Code>9102</Code>
<Text>Chem Struct,Dynmcs&amp;Mechansms B</Text>
</ProgramElement>
<Appropriation>
<Code>0119</Code>
<Name>NSF RESEARCH &amp; RELATED ACTIVIT</Name>
<APP_SYMB_ID>040100</APP_SYMB_ID>
</Appropriation>
<Fund>
<Code>01001920DB</Code>
<Name><![CDATA[NSF RESEARCH & RELATED ACTIVIT]]></Name>
<FUND_SYMB_ID>040100</FUND_SYMB_ID>
</Fund>
<FUND_OBLG>2019~450000</FUND_OBLG>
<POR>
<DRECONTENT><![CDATA[<div class="porColContainerWBG"> <div class="porContentCol"><p>An important contribution of this project to society relates to the importance of transition-metal based catalysis for the production of chemical feedstocks and pharmaceuticals in the chemical and pharmaceutical industry. Here, inert C-H bonds are activated by the transition-metal catalysts to create higher-value products via functionalization of these bonds. Because of biological precedence in the form of iron-containing enzymes, work in the field has long focused on iron- and manganese-based complexes to catalyze these reactions. However, it is known since the 1990s, based on pioneering studies by Kochi (Ni) and Theopold (Co), that oxidation of late transition metal complexes with Ni and Co generates intermediates that are very reactive towards C-H bonds. Therefore, Co and Ni complexes have great potential to act as superior catalysts in these reactions. However, whereas the relevant iron- and manganese-based intermediates could be isolated and structurally characterized, the corresponding Co- and Ni-based species remained elusive for a long time, until recently. Still, although several of these Co- and Ni-based intermediates have now been prepared at low temperature, these species are too unstable for structural characterization, and many uncertainties have remained with respect to their exact nature. Without knowledge of the structures of the critical Co- and Ni-based intermediates, it is impossible to use rational design to systematically improve their properties as catalysts for organic transformations, and correspondingly, their applications in chemical synthesis have remained very limited. The work conducted under this grant removes key barriers for rational catalyst design and optimization of Co- and Ni-based catalysts. This is accomplished using rigorous in-depth spectroscopic and theoretical studies that allow us to characterize the geometric and electronic structures of the corresponding reactive intermediates, and correlate this information with their observed reactivity towards organic molecules. In this way, by establishing structure-reactivity correlations, our work opens up the door for the optimization of Co- and Ni-based catalysts to ultimately enable their applications in industrially-relevant oxidative processes in the future.</p> <p>In 2015, global energy consumption was 575 quadrillion Btu, and the US Energy Information Administration predicted energy consumption in 2040 to be more than 25% higher, around 739 quadrillion Btu. As a result, carbon emissions will increase proportionately. One important direction in which we are moving is the switch to renewable and emission-free energy sources. One of the best sources of clean, renewable energy is solar radiation. One major obstacle is the intermittency and non-uniformity of solar radiation on the Earth&rsquo;s surface. To mitigate this problem, solar energy needs to be converted into a form of energy that can be stored. A promising method for solar energy storage is the conversion of sunlight into the chemical fuel hydrogen by the water splitting reaction. Here, the oxidation of water is catalyzed by transition metals, via similar intermediates as utilized in the C-H activation reactions of organic molecules, discussed above. Here, the water splitting reaction is the by far most relevant reaction, and our work greatly supports current efforts to develop better water oxidation catalysts for this process. In this way, our work is highly relevant in the broad fields of chemical catalysis and solar energy conversion.</p> <p>Besides these scientific aspects, Dr. Lehnert is the founder and director of the D-RISE (UM Detroit Research Internship Summer Experience) program, which provides summer research opportunities to high school students from the larger Detroit area that belong to underrepresented minority (URM) groups in STEM disciplines. The most important hallmark of this program is that the high school students work full time in a laboratory in the UM Chemistry Department for 6 weeks total. Here, the high school students do not just observe their graduate student and/or post&shy;doctoral mentors in the laboratory, but the high school students perform <em><span style="text-decoration: underline;">full-time hands-on research for 40 hours per week</span></em> on projects that are directly related to their mentors&rsquo; work. In this way, the participating high school students are able to produce enough results <em><span style="text-decoration: underline;">from their own work</span></em> to fill full-size research posters at the end of the project. These posters are presented by the high school students at the Department of Chemistry Undergraduate Student Research Symposium (the URAN|UM Symposium). D-RISE has made important contributions to increase underrepresented minority representation in the sciences by motivating the participating students to attend college and to work in STEM areas. In fact, 66% of all D-RISE participants joined the University of Michigan for their undergraduate studies, and so far, all of them have graduated from the University of Michigan. Working with high school students provides further, valuable mentoring opportunities to the participating graduate students and postdocs. The activities supported under this grant include funding for one high school student to participate in D-RISE. This program is now recognized at the University of Michigan as a role model for successful outreach, and efforts are currently being made to start similar programs in other units.</p> <p>&nbsp;</p><br> <p>            Last Modified: 08/28/2023<br>      Modified by: Nicolai&nbsp;Lehnert</p> </div> <div class="porSideCol"></div> </div>]]></DRECONTENT>
<POR_COPY_TXT><![CDATA[ An important contribution of this project to society relates to the importance of transition-metal based catalysis for the production of chemical feedstocks and pharmaceuticals in the chemical and pharmaceutical industry. Here, inert C-H bonds are activated by the transition-metal catalysts to create higher-value products via functionalization of these bonds. Because of biological precedence in the form of iron-containing enzymes, work in the field has long focused on iron- and manganese-based complexes to catalyze these reactions. However, it is known since the 1990s, based on pioneering studies by Kochi (Ni) and Theopold (Co), that oxidation of late transition metal complexes with Ni and Co generates intermediates that are very reactive towards C-H bonds. Therefore, Co and Ni complexes have great potential to act as superior catalysts in these reactions. However, whereas the relevant iron- and manganese-based intermediates could be isolated and structurally characterized, the corresponding Co- and Ni-based species remained elusive for a long time, until recently. Still, although several of these Co- and Ni-based intermediates have now been prepared at low temperature, these species are too unstable for structural characterization, and many uncertainties have remained with respect to their exact nature. Without knowledge of the structures of the critical Co- and Ni-based intermediates, it is impossible to use rational design to systematically improve their properties as catalysts for organic transformations, and correspondingly, their applications in chemical synthesis have remained very limited. The work conducted under this grant removes key barriers for rational catalyst design and optimization of Co- and Ni-based catalysts. This is accomplished using rigorous in-depth spectroscopic and theoretical studies that allow us to characterize the geometric and electronic structures of the corresponding reactive intermediates, and correlate this information with their observed reactivity towards organic molecules. In this way, by establishing structure-reactivity correlations, our work opens up the door for the optimization of Co- and Ni-based catalysts to ultimately enable their applications in industrially-relevant oxidative processes in the future.  In 2015, global energy consumption was 575 quadrillion Btu, and the US Energy Information Administration predicted energy consumption in 2040 to be more than 25% higher, around 739 quadrillion Btu. As a result, carbon emissions will increase proportionately. One important direction in which we are moving is the switch to renewable and emission-free energy sources. One of the best sources of clean, renewable energy is solar radiation. One major obstacle is the intermittency and non-uniformity of solar radiation on the Earth’s surface. To mitigate this problem, solar energy needs to be converted into a form of energy that can be stored. A promising method for solar energy storage is the conversion of sunlight into the chemical fuel hydrogen by the water splitting reaction. Here, the oxidation of water is catalyzed by transition metals, via similar intermediates as utilized in the C-H activation reactions of organic molecules, discussed above. Here, the water splitting reaction is the by far most relevant reaction, and our work greatly supports current efforts to develop better water oxidation catalysts for this process. In this way, our work is highly relevant in the broad fields of chemical catalysis and solar energy conversion.  Besides these scientific aspects, Dr. Lehnert is the founder and director of the D-RISE (UM Detroit Research Internship Summer Experience) program, which provides summer research opportunities to high school students from the larger Detroit area that belong to underrepresented minority (URM) groups in STEM disciplines. The most important hallmark of this program is that the high school students work full time in a laboratory in the UM Chemistry Department for 6 weeks total. Here, the high school students do not just observe their graduate student and/or post&shy;doctoral mentors in the laboratory, but the high school students perform full-time hands-on research for 40 hours per week on projects that are directly related to their mentors’ work. In this way, the participating high school students are able to produce enough results from their own work to fill full-size research posters at the end of the project. These posters are presented by the high school students at the Department of Chemistry Undergraduate Student Research Symposium (the URAN|UM Symposium). D-RISE has made important contributions to increase underrepresented minority representation in the sciences by motivating the participating students to attend college and to work in STEM areas. In fact, 66% of all D-RISE participants joined the University of Michigan for their undergraduate studies, and so far, all of them have graduated from the University of Michigan. Working with high school students provides further, valuable mentoring opportunities to the participating graduate students and postdocs. The activities supported under this grant include funding for one high school student to participate in D-RISE. This program is now recognized at the University of Michigan as a role model for successful outreach, and efforts are currently being made to start similar programs in other units.          Last Modified: 08/28/2023       Submitted by: Nicolai Lehnert]]></POR_COPY_TXT>
</POR>
</Award>
</rootTag>
