<?xml version="1.0" encoding="UTF-8"?>
<rootTag>
<Award>
<AwardTitle><![CDATA[2019 Graduate Student Combinatorics Conference]]></AwardTitle>
<AGENCY>NSF</AGENCY>
<AwardEffectiveDate>03/15/2019</AwardEffectiveDate>
<AwardExpirationDate>02/29/2020</AwardExpirationDate>
<AwardTotalIntnAmount>25000.00</AwardTotalIntnAmount>
<AwardAmount>25000</AwardAmount>
<AwardInstrument>
<Value>Standard Grant</Value>
</AwardInstrument>
<Organization>
<Code>03040000</Code>
<Directorate>
<Abbreviation>MPS</Abbreviation>
<LongName>Direct For Mathematical &amp; Physical Scien</LongName>
</Directorate>
<Division>
<Abbreviation>DMS</Abbreviation>
<LongName>Division Of Mathematical Sciences</LongName>
</Division>
</Organization>
<ProgramOfficer>
<SignBlockName>Stefaan De Winter</SignBlockName>
<PO_EMAI>sgdewint@nsf.gov</PO_EMAI>
<PO_PHON>7032922599</PO_PHON>
</ProgramOfficer>
<AbstractNarration><![CDATA[The 2019 Graduate Student Combinatorics Conference will be jointly hosted by Drexel University and the University of Pennsylvania in Philadelphia from April 5-7, 2019. This is a conference hosted by graduate students for graduate students organized at various universities across the country since 2005. The goal of this event is to provide students in combinatorics valuable conference experience. For many participants this conference serves as an excellent opportunity to start giving research talks, and for all participants it serves as a chance to meet fellow students and future collaborators. In addition to contributed talks by student participants the conference includes invited speakers who are leading experts in various areas of combinatorics. &lt;br/&gt;&lt;br/&gt;This year's invited speakers are Sami Assaf, Jozsef Balogh, and Robin Pemantle. Assaf is a an expert in algebraic combinatorics, and also serves as a role model for young women in mathematics. Balogh is an authority in probabilistic combinatorics and its applications to (hyper)graph theory. Pemantle is well-known for his extensive work at the crossroads of discrete probability and combinatorics. More information can be found on the conference website at: https://sites.google.com/view/gscc2019/.&lt;br/&gt;&lt;br/&gt;This award reflects NSF's statutory mission and has been deemed worthy of support through evaluation using the Foundation's intellectual merit and broader impacts review criteria.]]></AbstractNarration>
<MinAmdLetterDate>03/05/2019</MinAmdLetterDate>
<MaxAmdLetterDate>03/05/2019</MaxAmdLetterDate>
<ARRAAmount/>
<TRAN_TYPE>Grant</TRAN_TYPE>
<CFDA_NUM>47.049</CFDA_NUM>
<NSF_PAR_USE_FLAG>1</NSF_PAR_USE_FLAG>
<FUND_AGCY_CODE>4900</FUND_AGCY_CODE>
<AWDG_AGCY_CODE>4900</AWDG_AGCY_CODE>
<AwardID>1900040</AwardID>
<Investigator>
<FirstName>George</FirstName>
<LastName>Wang</LastName>
<PI_MID_INIT/>
<PI_SUFX_NAME/>
<PI_FULL_NAME>George Wang</PI_FULL_NAME>
<EmailAddress><![CDATA[wage@math.upenn.edu]]></EmailAddress>
<NSF_ID>000786811</NSF_ID>
<StartDate>03/05/2019</StartDate>
<EndDate/>
<RoleCode>Principal Investigator</RoleCode>
</Investigator>
<Institution>
<Name><![CDATA[University of Pennsylvania]]></Name>
<CityName>PHILADELPHIA</CityName>
<ZipCode>191046205</ZipCode>
<PhoneNumber>2158987293</PhoneNumber>
<StreetAddress><![CDATA[3451 WALNUT ST STE 440A]]></StreetAddress>
<StreetAddress2/>
<CountryName>United States</CountryName>
<StateName>Pennsylvania</StateName>
<StateCode>PA</StateCode>
<CONGRESSDISTRICT>03</CONGRESSDISTRICT>
<CONGRESS_DISTRICT_ORG>PA03</CONGRESS_DISTRICT_ORG>
<ORG_UEI_NUM>GM1XX56LEP58</ORG_UEI_NUM>
<ORG_LGL_BUS_NAME>TRUSTEES OF THE UNIVERSITY OF PENNSYLVANIA, THE</ORG_LGL_BUS_NAME>
<ORG_PRNT_UEI_NUM>GM1XX56LEP58</ORG_PRNT_UEI_NUM>
</Institution>
<Performance_Institution>
<Name><![CDATA[Drexel University]]></Name>
<CityName>Philadelphia</CityName>
<StateCode>PA</StateCode>
<ZipCode>191042875</ZipCode>
<StreetAddress/>
<CountryCode>US</CountryCode>
<CountryName>United States</CountryName>
<StateName>Pennsylvania</StateName>
<CountryFlag>1</CountryFlag>
<CONGRESSDISTRICT>03</CONGRESSDISTRICT>
<CONGRESS_DISTRICT_PERF>PA03</CONGRESS_DISTRICT_PERF>
</Performance_Institution>
<ProgramElement>
<Code>7970</Code>
<Text>Combinatorics</Text>
</ProgramElement>
<ProgramReference>
<Code>7556</Code>
<Text>CONFERENCE AND WORKSHOPS</Text>
</ProgramReference>
<Appropriation>
<Code>0119</Code>
<Name>NSF RESEARCH &amp; RELATED ACTIVIT</Name>
<APP_SYMB_ID>040100</APP_SYMB_ID>
</Appropriation>
<Fund>
<Code>01001920DB</Code>
<Name><![CDATA[NSF RESEARCH & RELATED ACTIVIT]]></Name>
<FUND_SYMB_ID>040100</FUND_SYMB_ID>
</Fund>
<FUND_OBLG>2019~25000</FUND_OBLG>
<POR>
<DRECONTENT><![CDATA[<div class="porColContainerWBG"> <div class="porContentCol"><p>The 2019 Graduate Student Combinatorics Conference was held in Philadelphia from April 5-7, 2019 and was jointly hosted by Drexel University and the University of Pennsylvania. Graduate students from across the US and Canada were invited to give presentations on their work and meet future colleagues and collaborators, and we were also able to welcome Sami Assaf, Jozsef Balogh, and Robin Pemantle as our keynote speakers.&nbsp;</p> <p><br />The primary goal of this annual conference has been to provide young researchers in combinatorics with a positive early conference experience, since conferences and networking are so crucial to academic success. By providing such an experience, this conference can elevate the quality of graduate students in combinatorics, and we are grateful for the funding that allowed us to make this opportunity available to all applicants.</p> <p><br />We believe this was another successful year, with over 40 student talks and about 80 participants in total, and thanks to our funding from the NSF and NSA, we were able to fully fund every participant. The conference moved smoothly and had a great deal of student interaction during breaks and meals. We informally surveyed some participants, and most students did indicate that this was their first or one of their first conference experiences. At the same time, the quality of talks was consistently high, as it has been during previous years of this conference.&nbsp;</p><br> <p>            Last Modified: 04/07/2020<br>      Modified by: George&nbsp;Wang</p> </div> <div class="porSideCol"></div> </div>]]></DRECONTENT>
<POR_COPY_TXT><![CDATA[ The 2019 Graduate Student Combinatorics Conference was held in Philadelphia from April 5-7, 2019 and was jointly hosted by Drexel University and the University of Pennsylvania. Graduate students from across the US and Canada were invited to give presentations on their work and meet future colleagues and collaborators, and we were also able to welcome Sami Assaf, Jozsef Balogh, and Robin Pemantle as our keynote speakers.    The primary goal of this annual conference has been to provide young researchers in combinatorics with a positive early conference experience, since conferences and networking are so crucial to academic success. By providing such an experience, this conference can elevate the quality of graduate students in combinatorics, and we are grateful for the funding that allowed us to make this opportunity available to all applicants.   We believe this was another successful year, with over 40 student talks and about 80 participants in total, and thanks to our funding from the NSF and NSA, we were able to fully fund every participant. The conference moved smoothly and had a great deal of student interaction during breaks and meals. We informally surveyed some participants, and most students did indicate that this was their first or one of their first conference experiences. At the same time, the quality of talks was consistently high, as it has been during previous years of this conference.        Last Modified: 04/07/2020       Submitted by: George Wang]]></POR_COPY_TXT>
</POR>
</Award>
</rootTag>
