<?xml version="1.0" encoding="UTF-8"?>
<rootTag>
<Award>
<AwardTitle><![CDATA[AF: Medium: Collaborative Research: Arithmetic Geometry Methods in Complexity and Communication]]></AwardTitle>
<AGENCY>NSF</AGENCY>
<AwardEffectiveDate>04/01/2019</AwardEffectiveDate>
<AwardExpirationDate>03/31/2024</AwardExpirationDate>
<AwardTotalIntnAmount>600000.00</AwardTotalIntnAmount>
<AwardAmount>299580</AwardAmount>
<AwardInstrument>
<Value>Continuing Grant</Value>
</AwardInstrument>
<Organization>
<Code>05010000</Code>
<Directorate>
<Abbreviation>CSE</Abbreviation>
<LongName>Direct For Computer &amp; Info Scie &amp; Enginr</LongName>
</Directorate>
<Division>
<Abbreviation>CCF</Abbreviation>
<LongName>Division of Computing and Communication Foundations</LongName>
</Division>
</Organization>
<ProgramOfficer>
<SignBlockName>Peter Brass</SignBlockName>
<PO_EMAI>pbrass@nsf.gov</PO_EMAI>
<PO_PHON>7032922182</PO_PHON>
</ProgramOfficer>
<AbstractNarration><![CDATA[Security and efficiency remain central problems in cryptology and communication. Over the centuries, cryptography has advanced, from ad hoc secret codes that can be broken by hand, to methods based on number theory which remain secure even against adversaries using super-computers.  As algorithms from number theory have advanced, our codes for protecting data have also progressed in efficiency: NASA regularly transmits clear pictures of terrain on faraway planets, using error-correcting codes that cut through the noise of solar flares, cell phones, and radio transmissions. As our communication methods have evolved, we are naturally led to deep mathematical problems which must be solved before we can make further progress. Some of these problems are also deeply connected to central questions in complexity theory and new advances in optimization.&lt;br/&gt;&lt;br/&gt;The investigators will focus on advanced techniques toward tackling central problems in circuit complexity and pseudo-randomness. In particular, they will apply recent advances in arithmetic geometry to the construction of new pseudo-random generators and new complexity lower bounds. One technique the investigators will pursue is their recent discovery of an efficient method to count solutions of polynomial equations over finite rings. This technique will help analyze a new family of pseudo-random generators with potentially better unpredictability than earlier constructions based on discrete logarithms and factoring. The research team will also use techniques from real and p-adic geometry to study the number of integer solutions to structured polynomials. The latter problem is one of the few recent methods with the potential to yield new lower bounds for circuit complexity and a better understanding of the P vs. NP question. In addition to this algorithmic research, the investigators will train graduate students, and use all work from this project to develop new content for courses and outreach programs for younger students. The investigators are committed to broadening the participation of under-represented groups in computing and ensuring new talent from all sources is available for future research.&lt;br/&gt;&lt;br/&gt;This award reflects NSF's statutory mission and has been deemed worthy of support through evaluation using the Foundation's intellectual merit and broader impacts review criteria.]]></AbstractNarration>
<MinAmdLetterDate>03/29/2019</MinAmdLetterDate>
<MaxAmdLetterDate>04/26/2021</MaxAmdLetterDate>
<ARRAAmount/>
<TRAN_TYPE>Grant</TRAN_TYPE>
<CFDA_NUM>47.070</CFDA_NUM>
<NSF_PAR_USE_FLAG>1</NSF_PAR_USE_FLAG>
<FUND_AGCY_CODE>4900</FUND_AGCY_CODE>
<AWDG_AGCY_CODE>4900</AWDG_AGCY_CODE>
<AwardID>1900929</AwardID>
<Investigator>
<FirstName>Daqing</FirstName>
<LastName>Wan</LastName>
<PI_MID_INIT/>
<PI_SUFX_NAME/>
<PI_FULL_NAME>Daqing Wan</PI_FULL_NAME>
<EmailAddress><![CDATA[dwan@math.uci.edu]]></EmailAddress>
<NSF_ID>000429800</NSF_ID>
<StartDate>03/29/2019</StartDate>
<EndDate/>
<RoleCode>Principal Investigator</RoleCode>
</Investigator>
<Institution>
<Name><![CDATA[University of California-Irvine]]></Name>
<CityName>IRVINE</CityName>
<ZipCode>926970001</ZipCode>
<PhoneNumber>9498247295</PhoneNumber>
<StreetAddress><![CDATA[160 ALDRICH HALL]]></StreetAddress>
<StreetAddress2/>
<CountryName>United States</CountryName>
<StateName>California</StateName>
<StateCode>CA</StateCode>
<CONGRESSDISTRICT>47</CONGRESSDISTRICT>
<CONGRESS_DISTRICT_ORG>CA47</CONGRESS_DISTRICT_ORG>
<ORG_UEI_NUM>MJC5FCYQTPE6</ORG_UEI_NUM>
<ORG_LGL_BUS_NAME>UNIVERSITY OF CALIFORNIA IRVINE</ORG_LGL_BUS_NAME>
<ORG_PRNT_UEI_NUM/>
</Institution>
<Performance_Institution>
<Name><![CDATA[University of California-Irvine]]></Name>
<CityName>Irvine</CityName>
<StateCode>CA</StateCode>
<ZipCode>926973875</ZipCode>
<StreetAddress/>
<CountryCode>US</CountryCode>
<CountryName>United States</CountryName>
<StateName>California</StateName>
<CountryFlag>1</CountryFlag>
<CONGRESSDISTRICT>47</CONGRESSDISTRICT>
<CONGRESS_DISTRICT_PERF>CA47</CONGRESS_DISTRICT_PERF>
</Performance_Institution>
<ProgramElement>
<Code>1264</Code>
<Text>ALGEBRA,NUMBER THEORY,AND COM</Text>
</ProgramElement>
<ProgramElement>
<Code>1271</Code>
<Text>COMPUTATIONAL MATHEMATICS</Text>
</ProgramElement>
<ProgramElement>
<Code>7796</Code>
<Text>Algorithmic Foundations</Text>
</ProgramElement>
<ProgramElement>
<Code>8060</Code>
<Text>Secure &amp;Trustworthy Cyberspace</Text>
</ProgramElement>
<ProgramReference>
<Code>7924</Code>
<Text>MEDIUM PROJECT</Text>
</ProgramReference>
<ProgramReference>
<Code>7933</Code>
<Text>NUM, SYMBOL, &amp; ALGEBRA COMPUT</Text>
</ProgramReference>
<ProgramReference>
<Code>9263</Code>
<Text>COMPUTATIONAL SCIENCE &amp; ENGING</Text>
</ProgramReference>
<Appropriation>
<Code>0119</Code>
<Name>NSF RESEARCH &amp; RELATED ACTIVIT</Name>
<APP_SYMB_ID>040100</APP_SYMB_ID>
</Appropriation>
<Appropriation>
<Code>0121</Code>
<Name>NSF RESEARCH &amp; RELATED ACTIVIT</Name>
<APP_SYMB_ID>040100</APP_SYMB_ID>
</Appropriation>
<Fund>
<Code>01001920DB</Code>
<Name><![CDATA[NSF RESEARCH & RELATED ACTIVIT]]></Name>
<FUND_SYMB_ID>040100</FUND_SYMB_ID>
</Fund>
<Fund>
<Code>01002122DB</Code>
<Name><![CDATA[NSF RESEARCH & RELATED ACTIVIT]]></Name>
<FUND_SYMB_ID>040100</FUND_SYMB_ID>
</Fund>
<FUND_OBLG>2019~197857</FUND_OBLG>
<FUND_OBLG>2021~101723</FUND_OBLG>
</Award>
</rootTag>
