<?xml version="1.0" encoding="UTF-8"?>
<rootTag>
<Award>
<AwardTitle><![CDATA[Generation and Solution Reactivity of Small Molecule Sulfur-based Signaling Agents]]></AwardTitle>
<AGENCY>NSF</AGENCY>
<AwardEffectiveDate>09/01/2019</AwardEffectiveDate>
<AwardExpirationDate>08/31/2022</AwardExpirationDate>
<AwardTotalIntnAmount>500000.00</AwardTotalIntnAmount>
<AwardAmount>500000</AwardAmount>
<AwardInstrument>
<Value>Standard Grant</Value>
</AwardInstrument>
<Organization>
<Code>03090000</Code>
<Directorate>
<Abbreviation>MPS</Abbreviation>
<LongName>Direct For Mathematical &amp; Physical Scien</LongName>
</Directorate>
<Division>
<Abbreviation>CHE</Abbreviation>
<LongName>Division Of Chemistry</LongName>
</Division>
</Organization>
<ProgramOfficer>
<SignBlockName>Tingyu Li</SignBlockName>
<PO_EMAI>tli@nsf.gov</PO_EMAI>
<PO_PHON>7032924949</PO_PHON>
</ProgramOfficer>
<AbstractNarration><![CDATA[With this award, the Chemical Structure, Dynamics, and Mechanisms-B Program support of the research of Professor John P. Toscano of the Chemistry Department at Johns Hopkins University.  The research involves the generation and solution reactivity of biologically-relevant, sulfur-based, small molecules such as hydrogen sulfide (H2S) and hydropersulfides (RSSH).  Hydrogen sulfide (H2S) is a signaling agent whose effects in the body have been well documented.  For example, H2S acts as a neuromodulator in the brain and may have applications in the treatment of neurodegenerative disorders such as Parkinson's and Alzheimer's disease.  The chemical mechanisms responsible for these effects are poorly understood. Recent reports indicate that the biological activity of hydrogen sulfide may actually be attributed to hydropersulfides and so this will also be tested.  The project gives broad, comprehensive training to both graduate and undergraduate students, preparing them for future jobs in both industry and academia.  An afterschool science outreach experience for middle school students in Baltimore, MD is in development.&lt;br/&gt;&lt;br/&gt;Hydropersulfides are involved in important post-translational modifications in several enzymes and proteins.  In addition, small molecule hydropersulfides such as cysteine hydropersulfide and glutathione hydropersulfide have been detected in tissues, cells, and plasma at significant concentrations.  Unfortunately, hydropersulfides are inherently difficult to study in aqueous solution, as they are unstable and decomposes rapidly into a variety of species.  As a result, hydropersulfides are typically generated in situ.  Although several strategies for hydropersulfide generation have been reported, there is still an unmet need for the development of new methods for the efficient and controlled production of hydropersulfides without the involvement of exogenous reagents.  The development of novel hydropersulfide precursors and protein persulfidating reagents is a focus of this project.  Previous work has demonstrated that another small molecule biological signaling agent, nitroxyl (azanone, HNO), elicits much of its activity through modification of protein thiols.  Given the expected reactivity of hydrogen sulfide and hydropersulfides, reaction with HNO is anticipated and may be relevant to the observed biological reactions.  The mechanism of this reaction and the resulting products will be investigated thoroughly.  Likewise, the reaction of hydrogen sulfide with HNO will also be examined.  The mechanisms and products of these reactions, utilizing standard analytical tools as well as membrane inlet mass spectrometry, will be studied.&lt;br/&gt;&lt;br/&gt;This award reflects NSF's statutory mission and has been deemed worthy of support through evaluation using the Foundation's intellectual merit and broader impacts review criteria.]]></AbstractNarration>
<MinAmdLetterDate>06/28/2019</MinAmdLetterDate>
<MaxAmdLetterDate>06/28/2019</MaxAmdLetterDate>
<ARRAAmount/>
<TRAN_TYPE>Grant</TRAN_TYPE>
<CFDA_NUM>47.049</CFDA_NUM>
<NSF_PAR_USE_FLAG>1</NSF_PAR_USE_FLAG>
<FUND_AGCY_CODE>4900</FUND_AGCY_CODE>
<AWDG_AGCY_CODE>4900</AWDG_AGCY_CODE>
<AwardID>1900285</AwardID>
<Investigator>
<FirstName>John</FirstName>
<LastName>Toscano</LastName>
<PI_MID_INIT>P</PI_MID_INIT>
<PI_SUFX_NAME/>
<PI_FULL_NAME>John P Toscano</PI_FULL_NAME>
<EmailAddress><![CDATA[jtoscano@jhu.edu]]></EmailAddress>
<NSF_ID>000109798</NSF_ID>
<StartDate>06/28/2019</StartDate>
<EndDate/>
<RoleCode>Principal Investigator</RoleCode>
</Investigator>
<Institution>
<Name><![CDATA[Johns Hopkins University]]></Name>
<CityName>BALTIMORE</CityName>
<ZipCode>212182608</ZipCode>
<PhoneNumber>4439971898</PhoneNumber>
<StreetAddress><![CDATA[3400 N CHARLES ST]]></StreetAddress>
<StreetAddress2/>
<CountryName>United States</CountryName>
<StateName>Maryland</StateName>
<StateCode>MD</StateCode>
<CONGRESSDISTRICT>07</CONGRESSDISTRICT>
<CONGRESS_DISTRICT_ORG>MD07</CONGRESS_DISTRICT_ORG>
<ORG_UEI_NUM>FTMTDMBR29C7</ORG_UEI_NUM>
<ORG_LGL_BUS_NAME>THE JOHNS HOPKINS UNIVERSITY</ORG_LGL_BUS_NAME>
<ORG_PRNT_UEI_NUM/>
</Institution>
<Performance_Institution>
<Name><![CDATA[Johns Hopkins University]]></Name>
<CityName/>
<StateCode>MD</StateCode>
<ZipCode>212182685</ZipCode>
<StreetAddress/>
<CountryCode>US</CountryCode>
<CountryName>United States</CountryName>
<StateName>Maryland</StateName>
<CountryFlag>1</CountryFlag>
<CONGRESSDISTRICT>07</CONGRESSDISTRICT>
<CONGRESS_DISTRICT_PERF>MD07</CONGRESS_DISTRICT_PERF>
</Performance_Institution>
<ProgramElement>
<Code>9102</Code>
<Text>Chem Struct,Dynmcs&amp;Mechansms B</Text>
</ProgramElement>
<ProgramReference>
<Code>8091</Code>
<Text>BRAIN Initiative Res Support</Text>
</ProgramReference>
<Appropriation>
<Code>0119</Code>
<Name>NSF RESEARCH &amp; RELATED ACTIVIT</Name>
<APP_SYMB_ID>040100</APP_SYMB_ID>
</Appropriation>
<Fund>
<Code>01001920DB</Code>
<Name><![CDATA[NSF RESEARCH & RELATED ACTIVIT]]></Name>
<FUND_SYMB_ID>040100</FUND_SYMB_ID>
</Fund>
<FUND_OBLG>2019~500000</FUND_OBLG>
<POR>
<DRECONTENT><![CDATA[<div class="porColContainerWBG"> <div class="porContentCol"><p><span style="white-space: pre;"> </span>Hydrogen sulfide (H<sub>2</sub>S) has emerged as one of the vital small molecule signaling agents and biological effectors along with nitric oxide (NO) and carbon monoxide (CO).&nbsp; However, the physiological chemistry and the mechanism(s) of H<sub>2</sub>S function are ill-defined and remain largely speculative at this time. &nbsp;Recently it has been proposed that at least a portion, if not the majority, of presumed H<sub>2</sub>S-mediated effects, are not due to H<sub>2</sub>S per se, but to derived and/or related reactive sulfur species.&nbsp; Of particular interest are hydropersulfides (RSSH), which are intimately linked biochemically to H<sub>2</sub>S. RSSH are inherently unstable, making it challenging to examine their biological roles.</p> <p><span style="white-space: pre;"> </span>The intellectual merit of the completed research focused on RSSH chemistry and biology and includes (1) the development of alkylamine-substituted perthiocarbamates as RSSH donors; (2) the development of alkylsulfenyl thiocarbonates&nbsp;as RSSH donors; (3) reactivity studies of RSSH with myoglobin; (4) a comparison of the biologically relevant chemistry of RSSH with selenols (RSeH); (5) investigation and comparison of the reactivity of nitroxyl (HNO) with RSSH and with hydrogen sulfide (H<sub>2</sub>S); (6) a collaborative study with Professor Fabio Doctorovich (University of Buenos Aires) on the generation of HNO in the gas phase via a solid-gas reaction; (7) a collaborative study with Professor Nazareno Paolocci (Johns Hopkins University) demonstrating that RSSH outperform mechanical post-conditioning and other reactive sulfur species in limiting ischemia-reperfusion injury in the isolated mouse heart; (8) a collaborative study with Professors Jon Fukuto (Sonoma State University), Adrian Hobbs (Queen Mary University of London), and Dean Tantillo (University of California, Davis) examining the reaction of RSSH with nitrosothiols (RSNO) and its biological/physiological implications; (9) a collaborative study with Professor Derek Pratt (University of Ottawa) on the role that RSSH can play in inhibiting lipid peroxidation and protecting cells from ferroptosis; and (10) the development of photochemical precursors to RSSH.&nbsp;</p> <p><span style="white-space: pre;"> </span>A major broader impact effort involved the development of a virtual (necessitated by the impact of COVID-19) teaching module on cholesterol/cardiovascular disease and drug development for Baltimore City Public School ninth-graders in collaboration with BioEYES, a K-12 science outreach and teacher training program currently housed in the Department of Biology at JHU,&nbsp;and the Medical Education Resources Initiative for Teens (MERIT), a Baltimore-based health leadership academy for underserved public middle and high school students interested in pursuing a career in the health profession. We worked with the BioEYES team to develop a new virtual teaching module &ndash;&nbsp;<em>Virtual BioEYES: Finding Treatments for Heart Disease</em>&nbsp;&ndash; centered on cholesterol and how high levels of cholesterol can lead to poor heart health. &nbsp;This module was piloted with 90 ninth graders in MERIT&rsquo;s Health Leadership Academy program.</p> <p>&nbsp;</p><br> <p>            Last Modified: 11/30/2022<br>      Modified by: John&nbsp;P&nbsp;Toscano</p> </div> <div class="porSideCol"></div> </div>]]></DRECONTENT>
<POR_COPY_TXT><![CDATA[  Hydrogen sulfide (H2S) has emerged as one of the vital small molecule signaling agents and biological effectors along with nitric oxide (NO) and carbon monoxide (CO).  However, the physiological chemistry and the mechanism(s) of H2S function are ill-defined and remain largely speculative at this time.  Recently it has been proposed that at least a portion, if not the majority, of presumed H2S-mediated effects, are not due to H2S per se, but to derived and/or related reactive sulfur species.  Of particular interest are hydropersulfides (RSSH), which are intimately linked biochemically to H2S. RSSH are inherently unstable, making it challenging to examine their biological roles.   The intellectual merit of the completed research focused on RSSH chemistry and biology and includes (1) the development of alkylamine-substituted perthiocarbamates as RSSH donors; (2) the development of alkylsulfenyl thiocarbonates as RSSH donors; (3) reactivity studies of RSSH with myoglobin; (4) a comparison of the biologically relevant chemistry of RSSH with selenols (RSeH); (5) investigation and comparison of the reactivity of nitroxyl (HNO) with RSSH and with hydrogen sulfide (H2S); (6) a collaborative study with Professor Fabio Doctorovich (University of Buenos Aires) on the generation of HNO in the gas phase via a solid-gas reaction; (7) a collaborative study with Professor Nazareno Paolocci (Johns Hopkins University) demonstrating that RSSH outperform mechanical post-conditioning and other reactive sulfur species in limiting ischemia-reperfusion injury in the isolated mouse heart; (8) a collaborative study with Professors Jon Fukuto (Sonoma State University), Adrian Hobbs (Queen Mary University of London), and Dean Tantillo (University of California, Davis) examining the reaction of RSSH with nitrosothiols (RSNO) and its biological/physiological implications; (9) a collaborative study with Professor Derek Pratt (University of Ottawa) on the role that RSSH can play in inhibiting lipid peroxidation and protecting cells from ferroptosis; and (10) the development of photochemical precursors to RSSH.    A major broader impact effort involved the development of a virtual (necessitated by the impact of COVID-19) teaching module on cholesterol/cardiovascular disease and drug development for Baltimore City Public School ninth-graders in collaboration with BioEYES, a K-12 science outreach and teacher training program currently housed in the Department of Biology at JHU, and the Medical Education Resources Initiative for Teens (MERIT), a Baltimore-based health leadership academy for underserved public middle and high school students interested in pursuing a career in the health profession. We worked with the BioEYES team to develop a new virtual teaching module &ndash; Virtual BioEYES: Finding Treatments for Heart Disease &ndash; centered on cholesterol and how high levels of cholesterol can lead to poor heart health.  This module was piloted with 90 ninth graders in MERIT’s Health Leadership Academy program.          Last Modified: 11/30/2022       Submitted by: John P Toscano]]></POR_COPY_TXT>
</POR>
</Award>
</rootTag>
