<?xml version="1.0" encoding="UTF-8"?>
<rootTag>
<Award>
<AwardTitle><![CDATA[SG:  Collaborative Research:  Effects of changing wildlife communities across climatic contexts on tick-borne disease in California]]></AwardTitle>
<AGENCY>NSF</AGENCY>
<AwardEffectiveDate>05/01/2019</AwardEffectiveDate>
<AwardExpirationDate>04/30/2024</AwardExpirationDate>
<AwardTotalIntnAmount>126950.00</AwardTotalIntnAmount>
<AwardAmount>174391</AwardAmount>
<AwardInstrument>
<Value>Standard Grant</Value>
</AwardInstrument>
<Organization>
<Code>08010208</Code>
<Directorate>
<Abbreviation>BIO</Abbreviation>
<LongName>Direct For Biological Sciences</LongName>
</Directorate>
<Division>
<Abbreviation>DEB</Abbreviation>
<LongName>Division Of Environmental Biology</LongName>
</Division>
</Organization>
<ProgramOfficer>
<SignBlockName>Andrea Porras-Alfaro</SignBlockName>
<PO_EMAI>aporrasa@nsf.gov</PO_EMAI>
<PO_PHON>7032922944</PO_PHON>
</ProgramOfficer>
<AbstractNarration><![CDATA[Humans are concurrently changing the environment and wildlife communities. These two forms of global change have the potential to impact human, wildlife, and livestock exposure to infectious disease. Notably, these include vector-borne diseases which are carried and transmitted by blood-feeding invertebrates such as ticks, flies, and mosquitoes. Changes in environmental conditions may increase development rates of these vector species, or increase temperature-induced mortality. Similarly, removing or replacing large wildlife with livestock may alter food availability and reproductive ability for these vector species. Understanding the separate and combined impacts of these two forms of environmental change is thus of critical importance for both public health and wildlife conservation. This is particularly true for tick-borne diseases, like Lyme disease, where medical treatment can be problematic and costly. This study aims to understand how tick-borne disease risk will be impacted by environmental change and wildlife or livestock management to better prevent disease transmission. Notably this project will also support K-12 education by providing new scientific training to underserved 5th grade students in the Kids in Nature program.  It will further support a Citizen Science mobile phone application on tick borne disease, which both engages the public in data collection and provides valuable information on tick abundance and risk of tick-borne disease.  Many undergraduate and graduate students from underserved backgrounds will receive training in both field and lab components of this project. &lt;br/&gt;&lt;br/&gt;This project will mechanistically examine the effects of large wildlife loss coupled and the addition of livestock on tick abundance, tick-borne disease prevalence, and disease risk, under a range of climatic conditions. The study will use 1) a large-scale field exclosure experiment, replicated across a strong climate gradient serving as a proxy for regional environmental change predictions, and 2) a large-scale observational study across the same climate gradient and utilizing natural variation in wildlife/livestock densities. This project will be conducted in California, which is experiencing both warming and drying climates and strong declines in large wildlife with concomitant increases in livestock. In order to understand generality across systems, this study will investigate impacts on multiple tick species with variable life histories. Specifically, this project will evaluate the following  hypotheses: 1) the effects of large wildlife removal on density of infected ticks will vary by tick species depending on the tick?s life history, 2) livestock and large wildlife will have very similar effects in this system, with effects proportionate to their biomass, 3) density of infected ticks will be lower in more arid environments and the effects of large herbivores on ticks will be stronger in more arid climates, and 4) both the magnitude and direction of the effect will vary based on tick life history strategy.&lt;br/&gt;&lt;br/&gt;This award reflects NSF's statutory mission and has been deemed worthy of support through evaluation using the Foundation's intellectual merit and broader impacts review criteria.]]></AbstractNarration>
<MinAmdLetterDate>04/19/2019</MinAmdLetterDate>
<MaxAmdLetterDate>03/20/2020</MaxAmdLetterDate>
<ARRAAmount/>
<TRAN_TYPE>Grant</TRAN_TYPE>
<CFDA_NUM>47.074</CFDA_NUM>
<NSF_PAR_USE_FLAG>1</NSF_PAR_USE_FLAG>
<FUND_AGCY_CODE>4900</FUND_AGCY_CODE>
<AWDG_AGCY_CODE>4900</AWDG_AGCY_CODE>
<AwardID>1900502</AwardID>
<Investigator>
<FirstName>Hillary</FirstName>
<LastName>Young</LastName>
<PI_MID_INIT>S</PI_MID_INIT>
<PI_SUFX_NAME/>
<PI_FULL_NAME>Hillary S Young</PI_FULL_NAME>
<EmailAddress><![CDATA[hillary.young@lifesci.ucsb.edu]]></EmailAddress>
<NSF_ID>000657133</NSF_ID>
<StartDate>04/19/2019</StartDate>
<EndDate/>
<RoleCode>Principal Investigator</RoleCode>
</Investigator>
<Institution>
<Name><![CDATA[University of California-Santa Barbara]]></Name>
<CityName>SANTA BARBARA</CityName>
<ZipCode>931060001</ZipCode>
<PhoneNumber>8058934188</PhoneNumber>
<StreetAddress><![CDATA[3227 CHEADLE HALL]]></StreetAddress>
<StreetAddress2/>
<CountryName>United States</CountryName>
<StateName>California</StateName>
<StateCode>CA</StateCode>
<CONGRESSDISTRICT>24</CONGRESSDISTRICT>
<CONGRESS_DISTRICT_ORG>CA24</CONGRESS_DISTRICT_ORG>
<ORG_UEI_NUM>G9QBQDH39DF4</ORG_UEI_NUM>
<ORG_LGL_BUS_NAME>UNIVERSITY OF CALIFORNIA, SANTA BARBARA</ORG_LGL_BUS_NAME>
<ORG_PRNT_UEI_NUM/>
</Institution>
<Performance_Institution>
<Name><![CDATA[University of California-Santa Barbara]]></Name>
<CityName/>
<StateCode>CA</StateCode>
<ZipCode>931066150</ZipCode>
<StreetAddress/>
<CountryCode>US</CountryCode>
<CountryName>United States</CountryName>
<StateName>California</StateName>
<CountryFlag>1</CountryFlag>
<CONGRESSDISTRICT>24</CONGRESSDISTRICT>
<CONGRESS_DISTRICT_PERF>CA24</CONGRESS_DISTRICT_PERF>
</Performance_Institution>
<ProgramElement>
<Code>1128</Code>
<Text>Population &amp; Community Ecology</Text>
</ProgramElement>
<ProgramReference>
<Code>1128</Code>
<Text>POP &amp; COMMUNITY ECOL CLUSTER</Text>
</ProgramReference>
<ProgramReference>
<Code>9251</Code>
<Text>REU SUPP-Res Exp for Ugrd Supp</Text>
</ProgramReference>
<ProgramReference>
<Code>CL10</Code>
<Text>CLB-Career Life Balance</Text>
</ProgramReference>
<Appropriation>
<Code>0119</Code>
<Name>NSF RESEARCH &amp; RELATED ACTIVIT</Name>
<APP_SYMB_ID>040100</APP_SYMB_ID>
</Appropriation>
<Appropriation>
<Code>0120</Code>
<Name>NSF RESEARCH &amp; RELATED ACTIVIT</Name>
<APP_SYMB_ID>040100</APP_SYMB_ID>
</Appropriation>
<Fund>
<Code>01001920DB</Code>
<Name><![CDATA[NSF RESEARCH & RELATED ACTIVIT]]></Name>
<FUND_SYMB_ID>040100</FUND_SYMB_ID>
</Fund>
<Fund>
<Code>01002021DB</Code>
<Name><![CDATA[NSF RESEARCH & RELATED ACTIVIT]]></Name>
<FUND_SYMB_ID>040100</FUND_SYMB_ID>
</Fund>
<FUND_OBLG>2019~126950</FUND_OBLG>
<FUND_OBLG>2020~47441</FUND_OBLG>
</Award>
</rootTag>
