<?xml version="1.0" encoding="UTF-8"?>
<rootTag>
<Award>
<AwardTitle><![CDATA[Measure Theory and Geometric Topology in Dynamics]]></AwardTitle>
<AGENCY>NSF</AGENCY>
<AwardEffectiveDate>06/15/2019</AwardEffectiveDate>
<AwardExpirationDate>05/31/2023</AwardExpirationDate>
<AwardTotalIntnAmount>325000.00</AwardTotalIntnAmount>
<AwardAmount>325000</AwardAmount>
<AwardInstrument>
<Value>Standard Grant</Value>
</AwardInstrument>
<Organization>
<Code>03040000</Code>
<Directorate>
<Abbreviation>MPS</Abbreviation>
<LongName>Direct For Mathematical &amp; Physical Scien</LongName>
</Directorate>
<Division>
<Abbreviation>DMS</Abbreviation>
<LongName>Division Of Mathematical Sciences</LongName>
</Division>
</Organization>
<ProgramOfficer>
<SignBlockName>Marian Bocea</SignBlockName>
<PO_EMAI>mbocea@nsf.gov</PO_EMAI>
<PO_PHON>7032922595</PO_PHON>
</ProgramOfficer>
<AbstractNarration><![CDATA[Dynamical Systems theory describes the long run behavior of particles subject to a law. In order to achieve this, one needs to understand that, in most systems, the full knowledge of the particle's position and velocity, and even that of the law are not exact. This uncertainty can be modeled by the introduction of some randomness. As a particle moves after a unit of time, the new place is only known up to a random error. In this project this type of systems are studied and the aim is to show that the long run behavior of particles is governed by some distribution in the face space, which has nice geometric and even algebraic properties, thus introducing a purely mathematical and very powerful technology into the study of an otherwise intricate problem. Another important feature of this research is the classification problem. Finding invariants for a system helps its classification and a full set of invariants will give a full classification of the system. This set of invariants will depend a priori on the roughness one wants to classify the system. For chaotic systems it is not uncommon to expect that a set of invariants that is a priori very rough can lead to a finer classification automatically. This project will take advantage of this phenomenon and give some rigidity results.&lt;br/&gt;&lt;br/&gt;The geometry of invariant measures for systems displaying some hyperbolicity goes a long way when trying to describe its dynamics. In this project, the PI intends to deepen the knowledge of dynamical systems through the understanding of invariant measures with some nice geometric properties, how to make them appear and when to expect some uniqueness phenomena for them. This uniqueness comes attached with some uniform properties especially on information of equidistribution of orbits and nice statistical properties of the system. When this study gets in connection with the analysis of geometric objects or the actions by groups of larger rank, one often expects nice rigidity properties to show up. The principal investigator intends to develop this philosophy in several different frameworks, but in all cases some hyperbolicity will show up one way or another, sometimes from an intrinsic dynamical property, sometimes it will show up from the group acting, or from the randomness in the case of random dynamics. In all cases the principal investigator attempts to have a description of the relevant invariant measures and use this description to classify the dynamical systems or to get information of the geometry/topology of the support of the measure or to get strong statistical properties of the system. In some cases all these can be achieved.&lt;br/&gt;&lt;br/&gt;This award reflects NSF's statutory mission and has been deemed worthy of support through evaluation using the Foundation's intellectual merit and broader impacts review criteria.]]></AbstractNarration>
<MinAmdLetterDate>06/11/2019</MinAmdLetterDate>
<MaxAmdLetterDate>06/11/2019</MaxAmdLetterDate>
<ARRAAmount/>
<TRAN_TYPE>Grant</TRAN_TYPE>
<CFDA_NUM>47.049</CFDA_NUM>
<NSF_PAR_USE_FLAG>1</NSF_PAR_USE_FLAG>
<FUND_AGCY_CODE>4900</FUND_AGCY_CODE>
<AWDG_AGCY_CODE>4900</AWDG_AGCY_CODE>
<AwardID>1900778</AwardID>
<Investigator>
<FirstName>Federico</FirstName>
<LastName>Rodriguez Hertz</LastName>
<PI_MID_INIT>J</PI_MID_INIT>
<PI_SUFX_NAME/>
<PI_FULL_NAME>Federico J Rodriguez Hertz</PI_FULL_NAME>
<EmailAddress><![CDATA[hertz@math.psu.edu]]></EmailAddress>
<NSF_ID>000600742</NSF_ID>
<StartDate>06/11/2019</StartDate>
<EndDate/>
<RoleCode>Principal Investigator</RoleCode>
</Investigator>
<Institution>
<Name>Pennsylvania State Univ University Park</Name>
<CityName>UNIVERSITY PARK</CityName>
<ZipCode>168021503</ZipCode>
<PhoneNumber>8148651372</PhoneNumber>
<StreetAddress>201 OLD MAIN</StreetAddress>
<StreetAddress2/>
<CountryName>United States</CountryName>
<StateName>Pennsylvania</StateName>
<StateCode>PA</StateCode>
<CONGRESSDISTRICT>15</CONGRESSDISTRICT>
<CONGRESS_DISTRICT_ORG>PA15</CONGRESS_DISTRICT_ORG>
<ORG_UEI_NUM>NPM2J7MSCF61</ORG_UEI_NUM>
<ORG_LGL_BUS_NAME>THE PENNSYLVANIA STATE UNIVERSITY</ORG_LGL_BUS_NAME>
<ORG_PRNT_UEI_NUM/>
</Institution>
<Performance_Institution>
<Name><![CDATA[Pennsylvania State Univ University Park]]></Name>
<CityName>University Park</CityName>
<StateCode>PA</StateCode>
<ZipCode>168027000</ZipCode>
<StreetAddress/>
<CountryCode>US</CountryCode>
<CountryName>United States</CountryName>
<StateName>Pennsylvania</StateName>
<CountryFlag>1</CountryFlag>
<CONGRESSDISTRICT/>
<CONGRESS_DISTRICT_PERF>PA"</CONGRESS_DISTRICT_PERF>
</Performance_Institution>
<ProgramElement>
<Code>1281</Code>
<Text>ANALYSIS PROGRAM</Text>
</ProgramElement>
<Appropriation>
<Code>0119</Code>
<Name>NSF RESEARCH &amp; RELATED ACTIVIT</Name>
<APP_SYMB_ID>040100</APP_SYMB_ID>
</Appropriation>
<Fund>
<Code>01001920DB</Code>
<Name><![CDATA[NSF RESEARCH & RELATED ACTIVIT]]></Name>
<FUND_SYMB_ID>040100</FUND_SYMB_ID>
</Fund>
<FUND_OBLG>2019~325000</FUND_OBLG>
<POR>
<DRECONTENT><![CDATA[<div class="porColContainerWBG"> <div class="porContentCol"><p>The main goal of this project is to understand rigidity properties of dynamical systems. To explain the concept, let us give as an example that of X-rays. The fact that X-rays are able to reconstruct the image of the body that is being X-rayed is a wonder not only of physics but also of geometry. Moreover, due to Livsic theorem and several related results, including Croke-Otal and the more recent &nbsp;Guillarmou-Lefeuvre this geometric wonder becomes actually a dynamical wonder. One of our main results deapen this understanding by claiming that the X-rays not only determines the body but also the geometry of the space where this body is embedded, unless the body is the empty-body. This is what we call as a rigidity result, that is the X-ray transform is so rigid that it encodes huge amount of information. This result relates with other seemingly disjoint type of problem which is the understanding of invariant measures for smooth systems displaying some hyperbolicity. While a measure a priori is just a way of measuring "volumes" it has a huge amount of geometric information encoded. Decoding and understading this information is a hard task. In this setting one the picture is that once a measure displays some form of homogeneity it has to be homogeneous, to the extent that the dynamics allows. To be more precise, there are some subbandles associated to systems&nbsp;displaying some hyperbolicity and if a measure is homogeneous along one of this subundles and not further, then this subbundle should jointly integrate with a complementary bundle to a manifold or foliation where the measure is homogeneous. This picture does not have a full proof yet, but this project has made some advance towards this direction. What is more intereseting to us is that the techniques involved in showing both type of results discussed above are very similar as well us the ones used to show exponential mixing and polynomial Fourier decay.&nbsp;</p> <p>This project has helped deepen our understanding on all this problems as well as giving the opportunity to mentor young mathematicians introducing them into this line of research and helping them to understand the broad picture.&nbsp;</p><br> <p>            Last Modified: 10/13/2023<br>      Modified by: Federico&nbsp;J&nbsp;Rodriguez Hertz</p> </div> <div class="porSideCol"></div> </div>]]></DRECONTENT>
<POR_COPY_TXT><![CDATA[ The main goal of this project is to understand rigidity properties of dynamical systems. To explain the concept, let us give as an example that of X-rays. The fact that X-rays are able to reconstruct the image of the body that is being X-rayed is a wonder not only of physics but also of geometry. Moreover, due to Livsic theorem and several related results, including Croke-Otal and the more recent  Guillarmou-Lefeuvre this geometric wonder becomes actually a dynamical wonder. One of our main results deapen this understanding by claiming that the X-rays not only determines the body but also the geometry of the space where this body is embedded, unless the body is the empty-body. This is what we call as a rigidity result, that is the X-ray transform is so rigid that it encodes huge amount of information. This result relates with other seemingly disjoint type of problem which is the understanding of invariant measures for smooth systems displaying some hyperbolicity. While a measure a priori is just a way of measuring "volumes" it has a huge amount of geometric information encoded. Decoding and understading this information is a hard task. In this setting one the picture is that once a measure displays some form of homogeneity it has to be homogeneous, to the extent that the dynamics allows. To be more precise, there are some subbandles associated to systems displaying some hyperbolicity and if a measure is homogeneous along one of this subundles and not further, then this subbundle should jointly integrate with a complementary bundle to a manifold or foliation where the measure is homogeneous. This picture does not have a full proof yet, but this project has made some advance towards this direction. What is more intereseting to us is that the techniques involved in showing both type of results discussed above are very similar as well us the ones used to show exponential mixing and polynomial Fourier decay.   This project has helped deepen our understanding on all this problems as well as giving the opportunity to mentor young mathematicians introducing them into this line of research and helping them to understand the broad picture.        Last Modified: 10/13/2023       Submitted by: Federico J Rodriguez Hertz]]></POR_COPY_TXT>
</POR>
</Award>
</rootTag>
