<?xml version="1.0" encoding="UTF-8"?>
<rootTag>
<Award>
<AwardTitle><![CDATA[Excellence in Research: Modulation of Synaptic Neurotransmitter Levels by Auto-receptors]]></AwardTitle>
<AGENCY>NSF</AGENCY>
<AwardEffectiveDate>07/15/2019</AwardEffectiveDate>
<AwardExpirationDate>06/30/2024</AwardExpirationDate>
<AwardTotalIntnAmount>497732.00</AwardTotalIntnAmount>
<AwardAmount>547378</AwardAmount>
<AwardInstrument>
<Value>Standard Grant</Value>
</AwardInstrument>
<Organization>
<Code>08090200</Code>
<Directorate>
<Abbreviation>BIO</Abbreviation>
<LongName>Direct For Biological Sciences</LongName>
</Directorate>
<Division>
<Abbreviation>IOS</Abbreviation>
<LongName>Division Of Integrative Organismal Systems</LongName>
</Division>
</Organization>
<ProgramOfficer>
<SignBlockName>Edda Thiels</SignBlockName>
<PO_EMAI>ethiels@nsf.gov</PO_EMAI>
<PO_PHON>7032928167</PO_PHON>
</ProgramOfficer>
<AbstractNarration><![CDATA[Precise modulation of neurotransmitter levels is essential for apt functioning of the nervous system. Dopamine is an important brain neurotransmitter that plays a critical role in movement control across species, ranging from microscopic invertebrates to larger mammals, including humans.  The levels of dopamine are regulated tightly and precisely through modulation of dopamine release into the space between connected neurons as well as clearance of dopamine from that space.  The physiological mechanisms underlying the modulation of synaptic dopamine remain unclear.  Towards the goal of elucidating the mechanism of dopamine modulation, the simple yet powerful C. elegans model with a well-defined 302-neuron nervous system is used in this project to uncover the in vivo function of dopamine auto-receptors, presynaptic receptors on dopamine-releasing neurons. With only 8 dopaminergic neurons, the C. elegans model allows dissection of dopaminergic signaling at a level not feasible in other, more complex organisms. Given the similarities of the mammalian and C. elegans dopaminergic systems at the cellular and molecular levels, results from this work will inform understanding of the interactions between dopamine modulators in the mammalian nervous system and thereby inform movement control more generally. This research also provides valuable educational training in science and technology for high school, undergraduate, and graduate students at Delaware State University (DSU), a predominantly undergraduate institution that is a Historically-Black College and University (HBCU). In addition to providing advanced training to an under-represented population of students, this endeavor helps strengthening the research environment at DSU.&lt;br/&gt;&lt;br/&gt;Mechanisms of synaptic vesicular fusion and neurotransmitter clearance are highly controlled processes whose finely-tuned regulation is critical for functioning of the nervous system. Auto-receptors have been suggested to regulate neuronal function by affecting neurotransmitter synthesis, vesicular release and neurotransmitter clearance. While auto-receptors for various neurotransmitters have been known for decades, the mechanisms by which they act remain unclear. The overarching goal of this project is to understand how neuronal function and behavior are regulated through real-time precision in synaptic neurotransmitter levels in vivo. The significance of dopamine is underscored by the fact that it critically influences a wide range of behaviors with conserved cellular roles across phylogeny. This research exploits the simple yet well-defined nervous system of Caenorhabditis elegans with its powerful genetics of the model, combined with its transparent body that allows imaging of individual dopaminergic synaptic boutons in living animals. The hypothesis to be tested here is: dopamine auto-receptors modulate neuronal activity through a negative feedback loop controlling synaptic vesicle fusion, and they fine-tune their function via cross-talk with other dopamine regulators such as the membrane dopamine transporter . The experiments will test the behavioral and physiological function of dopamine auto-receptors in vivo while visualizing individual synapses in live animals with fluorescent resonance after photo-bleaching, an approach not currently feasible in mammals. These studies will advance the field in terms of establishing the modulatory effect of D2 auto-receptors on synaptic dopamine, and test its functional interactions with other dopamine modulators.&lt;br/&gt;&lt;br/&gt;This award reflects NSF's statutory mission and has been deemed worthy of support through evaluation using the Foundation's intellectual merit and broader impacts review criteria.]]></AbstractNarration>
<MinAmdLetterDate>07/09/2019</MinAmdLetterDate>
<MaxAmdLetterDate>04/18/2022</MaxAmdLetterDate>
<ARRAAmount/>
<TRAN_TYPE>Grant</TRAN_TYPE>
<CFDA_NUM>47.074</CFDA_NUM>
<NSF_PAR_USE_FLAG>1</NSF_PAR_USE_FLAG>
<FUND_AGCY_CODE>4900</FUND_AGCY_CODE>
<AWDG_AGCY_CODE>4900</AWDG_AGCY_CODE>
<AwardID>1900212</AwardID>
<Investigator>
<FirstName>Rosaria</FirstName>
<LastName>Formisano</LastName>
<PI_MID_INIT/>
<PI_SUFX_NAME/>
<PI_FULL_NAME>Rosaria Formisano</PI_FULL_NAME>
<EmailAddress><![CDATA[rformisano@desu.edu]]></EmailAddress>
<NSF_ID>000865914</NSF_ID>
<StartDate>04/18/2022</StartDate>
<EndDate/>
<RoleCode>Principal Investigator</RoleCode>
</Investigator>
<Investigator>
<FirstName>Harbinder</FirstName>
<LastName>Dhillon</LastName>
<PI_MID_INIT>S</PI_MID_INIT>
<PI_SUFX_NAME/>
<PI_FULL_NAME>Harbinder S Dhillon</PI_FULL_NAME>
<EmailAddress><![CDATA[hsdhillon@desu.edu]]></EmailAddress>
<NSF_ID>000181987</NSF_ID>
<StartDate>07/09/2019</StartDate>
<EndDate>04/18/2022</EndDate>
<RoleCode>Former Principal Investigator</RoleCode>
</Investigator>
<Institution>
<Name><![CDATA[Delaware State University]]></Name>
<CityName>DOVER</CityName>
<ZipCode>199012202</ZipCode>
<PhoneNumber>3028576001</PhoneNumber>
<StreetAddress><![CDATA[1200 N DUPONT HWY]]></StreetAddress>
<StreetAddress2/>
<CountryName>United States</CountryName>
<StateName>Delaware</StateName>
<StateCode>DE</StateCode>
<CONGRESSDISTRICT>00</CONGRESSDISTRICT>
<CONGRESS_DISTRICT_ORG>DE00</CONGRESS_DISTRICT_ORG>
<ORG_UEI_NUM>RZZ8BMQ47KX3</ORG_UEI_NUM>
<ORG_LGL_BUS_NAME>DELAWARE STATE UNIVERSITY</ORG_LGL_BUS_NAME>
<ORG_PRNT_UEI_NUM/>
</Institution>
<Performance_Institution>
<Name><![CDATA[Delaware State University]]></Name>
<CityName>Dover</CityName>
<StateCode>DE</StateCode>
<ZipCode>199012277</ZipCode>
<StreetAddress><![CDATA[1200 N. DuPont Highway]]></StreetAddress>
<CountryCode>US</CountryCode>
<CountryName>United States</CountryName>
<StateName>Delaware</StateName>
<CountryFlag>1</CountryFlag>
<CONGRESSDISTRICT>00</CONGRESSDISTRICT>
<CONGRESS_DISTRICT_PERF>DE00</CONGRESS_DISTRICT_PERF>
</Performance_Institution>
<ProgramElement>
<Code>070Y</Code>
<Text>HBCU-EiR - HBCU-Excellence in</Text>
</ProgramElement>
<ProgramElement>
<Code>1594</Code>
<Text>Hist Black Colleges and Univ</Text>
</ProgramElement>
<ProgramElement>
<Code>7714</Code>
<Text>Modulation</Text>
</ProgramElement>
<ProgramReference>
<Code>102Z</Code>
<Text>COVID-Disproportionate Impcts Inst-Indiv</Text>
</ProgramReference>
<ProgramReference>
<Code>108Z</Code>
<Text>Post-baccalaureate Involvement</Text>
</ProgramReference>
<ProgramReference>
<Code>1096</Code>
<Text>NEURAL SYSTEMS</Text>
</ProgramReference>
<ProgramReference>
<Code>1228</Code>
<Text>MINORITY INVOLVEMENT -- BIO</Text>
</ProgramReference>
<ProgramReference>
<Code>9178</Code>
<Text>UNDERGRADUATE EDUCATION</Text>
</ProgramReference>
<ProgramReference>
<Code>9179</Code>
<Text>GRADUATE INVOLVEMENT</Text>
</ProgramReference>
<Appropriation>
<Code>0119</Code>
<Name>NSF RESEARCH &amp; RELATED ACTIVIT</Name>
<APP_SYMB_ID>040100</APP_SYMB_ID>
</Appropriation>
<Appropriation>
<Code>0121</Code>
<Name>NSF RESEARCH &amp; RELATED ACTIVIT</Name>
<APP_SYMB_ID>040100</APP_SYMB_ID>
</Appropriation>
<Appropriation>
<Code>0419</Code>
<Name>NSF Education &amp; Human Resource</Name>
<APP_SYMB_ID>040106</APP_SYMB_ID>
</Appropriation>
<Fund>
<Code>01001920DB</Code>
<Name><![CDATA[NSF RESEARCH & RELATED ACTIVIT]]></Name>
<FUND_SYMB_ID>040100</FUND_SYMB_ID>
</Fund>
<Fund>
<Code>01002122DB</Code>
<Name><![CDATA[NSF RESEARCH & RELATED ACTIVIT]]></Name>
<FUND_SYMB_ID>040100</FUND_SYMB_ID>
</Fund>
<Fund>
<Code>04001920DB</Code>
<Name><![CDATA[NSF Education & Human Resource]]></Name>
<FUND_SYMB_ID>040106</FUND_SYMB_ID>
</Fund>
<FUND_OBLG>2019~497732</FUND_OBLG>
<FUND_OBLG>2021~49646</FUND_OBLG>
</Award>
</rootTag>
