<?xml version="1.0" encoding="UTF-8"?>
<rootTag>
<Award>
<AwardTitle><![CDATA[Research Initiation Awards: Tidal flow drives the viral community composition in the soil of intertidal zones]]></AwardTitle>
<AGENCY>NSF</AGENCY>
<AwardEffectiveDate>05/01/2019</AwardEffectiveDate>
<AwardExpirationDate>04/30/2024</AwardExpirationDate>
<AwardTotalIntnAmount>299921.00</AwardTotalIntnAmount>
<AwardAmount>299921</AwardAmount>
<AwardInstrument>
<Value>Standard Grant</Value>
</AwardInstrument>
<Organization>
<Code>11060000</Code>
<Directorate>
<Abbreviation>EDU</Abbreviation>
<LongName>Directorate for STEM Education</LongName>
</Directorate>
<Division>
<Abbreviation>EES</Abbreviation>
<LongName>Div. of Equity for Excellence in STEM</LongName>
</Division>
</Organization>
<ProgramOfficer>
<SignBlockName>Carleitta Paige-Anderson</SignBlockName>
<PO_EMAI>cpaigean@nsf.gov</PO_EMAI>
<PO_PHON>7032922816</PO_PHON>
</ProgramOfficer>
<AbstractNarration><![CDATA[Research Initiation Awards provide support for junior and mid-career faculty at Historically Black Colleges and Universities who are building new research programs or redirecting and rebuilding existing programs. It is expected that the award helps to further the faculty member's research capability and effectiveness, improves research and teaching at the home institution, and involves undergraduate students in research experiences. The project seeks to understand the effect of viruses on the global systems and their impact on the environment.&lt;br/&gt;&lt;br/&gt;The overall goal of this project is to understand the diversity and potential of viruses within intertidal zones in the Chesapeake Bay area using direct counts, isolates of viruses and hosts (mycobacteria) and sequencing approaches. The expected outcomes will contribute to the gap of knowledge on the biodiversity of the viral community in the physical intersection of soil and marine environments with an emphasis on the intertidal zone of different river systems in the Chesapeake Bay Estuary. The experimental methods will incorporate an interdisciplinary approach combining field work, environmental sample collection, biology based wet-lab experimentation, data analysis, metagenomics, genomics and bioinformatics. The approach will be to isolate, annotate and analyze mycobacteriophage genomes and to understand the viral diversity of the intertidal zone in different seasons. The global impact of this work will contribute to the understanding of how anthropogenic factors may contribute to the changes in environmental ecosystems.&lt;br/&gt;&lt;br/&gt;This award reflects NSF's statutory mission and has been deemed worthy of support through evaluation using the Foundation's intellectual merit and broader impacts review criteria.]]></AbstractNarration>
<MinAmdLetterDate>04/02/2019</MinAmdLetterDate>
<MaxAmdLetterDate>04/02/2019</MaxAmdLetterDate>
<ARRAAmount/>
<TRAN_TYPE>Grant</TRAN_TYPE>
<CFDA_NUM>47.076</CFDA_NUM>
<NSF_PAR_USE_FLAG>1</NSF_PAR_USE_FLAG>
<FUND_AGCY_CODE>4900</FUND_AGCY_CODE>
<AWDG_AGCY_CODE>4900</AWDG_AGCY_CODE>
<AwardID>1900164</AwardID>
<Investigator>
<FirstName>Nazir</FirstName>
<LastName>Barekzi</LastName>
<PI_MID_INIT/>
<PI_SUFX_NAME/>
<PI_FULL_NAME>Nazir Barekzi</PI_FULL_NAME>
<EmailAddress><![CDATA[nabarekzi@nsu.edu]]></EmailAddress>
<NSF_ID>000597284</NSF_ID>
<StartDate>04/02/2019</StartDate>
<EndDate/>
<RoleCode>Principal Investigator</RoleCode>
</Investigator>
<Institution>
<Name><![CDATA[Norfolk State University]]></Name>
<CityName>NORFOLK</CityName>
<ZipCode>235048050</ZipCode>
<PhoneNumber>7578239053</PhoneNumber>
<StreetAddress><![CDATA[700 PARK AVE]]></StreetAddress>
<StreetAddress2/>
<CountryName>United States</CountryName>
<StateName>Virginia</StateName>
<StateCode>VA</StateCode>
<CONGRESSDISTRICT>03</CONGRESSDISTRICT>
<CONGRESS_DISTRICT_ORG>VA03</CONGRESS_DISTRICT_ORG>
<ORG_UEI_NUM>XAHKEJAWL1N6</ORG_UEI_NUM>
<ORG_LGL_BUS_NAME>NORFOLK STATE UNIVERSITY</ORG_LGL_BUS_NAME>
<ORG_PRNT_UEI_NUM>X6KEFGLHSJX7</ORG_PRNT_UEI_NUM>
</Institution>
<Performance_Institution>
<Name><![CDATA[Norfolk State University]]></Name>
<CityName>Norfolk</CityName>
<StateCode>VA</StateCode>
<ZipCode>235048060</ZipCode>
<StreetAddress><![CDATA[700 Park Avenue]]></StreetAddress>
<CountryCode>US</CountryCode>
<CountryName>United States</CountryName>
<StateName>Virginia</StateName>
<CountryFlag>1</CountryFlag>
<CONGRESSDISTRICT>03</CONGRESSDISTRICT>
<CONGRESS_DISTRICT_PERF>VA03</CONGRESS_DISTRICT_PERF>
</Performance_Institution>
<ProgramElement>
<Code>1594</Code>
<Text>Hist Black Colleges and Univ</Text>
</ProgramElement>
<ProgramReference>
<Code>9178</Code>
<Text>UNDERGRADUATE EDUCATION</Text>
</ProgramReference>
<Appropriation>
<Code>0419</Code>
<Name>NSF Education &amp; Human Resource</Name>
<APP_SYMB_ID>040106</APP_SYMB_ID>
</Appropriation>
<Fund>
<Code>04001920DB</Code>
<Name><![CDATA[NSF Education & Human Resource]]></Name>
<FUND_SYMB_ID>040106</FUND_SYMB_ID>
</Fund>
<FUND_OBLG>2019~299921</FUND_OBLG>
</Award>
</rootTag>
