<?xml version="1.0" encoding="UTF-8"?>
<rootTag>
<Award>
<AwardTitle><![CDATA[Spatio-Temporal and Site-Specific Chemical Dynamics at Interfaces]]></AwardTitle>
<AGENCY>NSF</AGENCY>
<AwardEffectiveDate>08/01/2019</AwardEffectiveDate>
<AwardExpirationDate>07/31/2023</AwardExpirationDate>
<AwardTotalIntnAmount>490000.00</AwardTotalIntnAmount>
<AwardAmount>664292</AwardAmount>
<AwardInstrument>
<Value>Standard Grant</Value>
</AwardInstrument>
<Organization>
<Code>03090000</Code>
<Directorate>
<Abbreviation>MPS</Abbreviation>
<LongName>Direct For Mathematical &amp; Physical Scien</LongName>
</Directorate>
<Division>
<Abbreviation>CHE</Abbreviation>
<LongName>Division Of Chemistry</LongName>
</Division>
</Organization>
<ProgramOfficer>
<SignBlockName>Colby Foss</SignBlockName>
<PO_EMAI>cfoss@nsf.gov</PO_EMAI>
<PO_PHON>7032925327</PO_PHON>
</ProgramOfficer>
<AbstractNarration><![CDATA[Chemical reactions at surfaces are everywhere, from the corrosion of metals to the fabrication of computer chips.  However, compared with studying reactions in gases and solutions, chemical reactions at surfaces present unique challenges. The reactivity, for example, can depend on how fast reactant molecules collide with the surface, as well as the direction of approach.  To complicate matters, surfaces are structurally imperfect at the atomic level and are littered with defects, including missing atoms, islands, and steps, each of which can react differently.  Moreover, once the reaction occurs, it can shift nearby atoms around, changing the surface structure.  With support from the Chemical Structure, Dynamics and Mechanism A program in the Division of Chemistry, Professor Steven J. Sibener at The University of Chicago is studying chemical reactions between highly reactive reagents such as oxygen and hydrogen atoms, as well as other energetic species, with metal and semiconductor surfaces. Working with his students, Professor Sibener directs atomic and molecular beams with known speed and direction at either bare surfaces, or surfaces decorated with molecules.  The team then uses powerful microscopies capable of resolving individual atoms to monitor the reactivity at different sites, as well as how the surface structure changes in response to the reaction.  Their discoveries could have broad implications for advanced materials fabrication, nanoscience, electronic materials, heterogeneous catalysis, combustion, and the design of protective coatings.  The research team also participates in community outreach at local schools and museums to introduce the residents of Chicago's south-side to scientific issues that are essential for understanding our modern technological world.  &lt;br/&gt;&lt;br/&gt;This program uses a combination of supersonic molecular beams, in situ scanning tunneling/atomic force microscopy, and surface spectroscopies to examine the site-specific chemical reactivity of clean and molecule decorated surfaces.  Reactive scattering measurements are carried out with concurrent in situ atomic-level imaging.  This program opens a direct path to understanding, with atomic resolution, spatio-temporal correlations in interfacial reactivity.  It has focus on forefront issues in surface chemical dynamics that include adiabatic and non-adiabatic gas-surface interactions, atomically-resolved reactivity under non-equilibrium conditions, thin film growth and passivation, and geometry-constrained reaction studies with precise steric control over incident collision conditions.  Such assessment of molecular reactivity as a function of known molecular orientation and local adsorption site is revealing remarkably detailed information on molecular reactivity and reaction potential energy surfaces suitable for quantitative comparison with theory and simulations.&lt;br/&gt;&lt;br/&gt;This award reflects NSF's statutory mission and has been deemed worthy of support through evaluation using the Foundation's intellectual merit and broader impacts review criteria.]]></AbstractNarration>
<MinAmdLetterDate>06/27/2019</MinAmdLetterDate>
<MaxAmdLetterDate>05/11/2021</MaxAmdLetterDate>
<ARRAAmount/>
<TRAN_TYPE>Grant</TRAN_TYPE>
<CFDA_NUM>47.049</CFDA_NUM>
<NSF_PAR_USE_FLAG>1</NSF_PAR_USE_FLAG>
<FUND_AGCY_CODE>4900</FUND_AGCY_CODE>
<AWDG_AGCY_CODE>4900</AWDG_AGCY_CODE>
<AwardID>1900188</AwardID>
<Investigator>
<FirstName>Steven</FirstName>
<LastName>Sibener</LastName>
<PI_MID_INIT>J</PI_MID_INIT>
<PI_SUFX_NAME/>
<PI_FULL_NAME>Steven J Sibener</PI_FULL_NAME>
<EmailAddress><![CDATA[s-sibener@uchicago.edu]]></EmailAddress>
<NSF_ID>000165571</NSF_ID>
<StartDate>06/27/2019</StartDate>
<EndDate/>
<RoleCode>Principal Investigator</RoleCode>
</Investigator>
<Institution>
<Name>University of Chicago</Name>
<CityName>CHICAGO</CityName>
<ZipCode>606375418</ZipCode>
<PhoneNumber>7737028669</PhoneNumber>
<StreetAddress>5801 S ELLIS AVE</StreetAddress>
<StreetAddress2/>
<CountryName>United States</CountryName>
<StateName>Illinois</StateName>
<StateCode>IL</StateCode>
<CONGRESSDISTRICT>01</CONGRESSDISTRICT>
<CONGRESS_DISTRICT_ORG>IL01</CONGRESS_DISTRICT_ORG>
<ORG_UEI_NUM>ZUE9HKT2CLC9</ORG_UEI_NUM>
<ORG_LGL_BUS_NAME>UNIVERSITY OF CHICAGO</ORG_LGL_BUS_NAME>
<ORG_PRNT_UEI_NUM>ZUE9HKT2CLC9</ORG_PRNT_UEI_NUM>
</Institution>
<Performance_Institution>
<Name><![CDATA[University of Chicago]]></Name>
<CityName/>
<StateCode>IL</StateCode>
<ZipCode>606375418</ZipCode>
<StreetAddress/>
<CountryCode>US</CountryCode>
<CountryName>United States</CountryName>
<StateName>Illinois</StateName>
<CountryFlag>1</CountryFlag>
<CONGRESSDISTRICT>01</CONGRESSDISTRICT>
<CONGRESS_DISTRICT_PERF>IL01</CONGRESS_DISTRICT_PERF>
</Performance_Institution>
<ProgramElement>
<Code>1253</Code>
<Text>OFFICE OF MULTIDISCIPLINARY AC</Text>
</ProgramElement>
<ProgramElement>
<Code>9101</Code>
<Text>Chem Struct,Dynmcs&amp;Mechansms A</Text>
</ProgramElement>
<ProgramReference>
<Code>102Z</Code>
<Text>COVID-Disproportionate Impcts Inst-Indiv</Text>
</ProgramReference>
<ProgramReference>
<Code>1515</Code>
<Text>MINORITY GRADUATE EDUC ACTIVIT</Text>
</ProgramReference>
<ProgramReference>
<Code>9263</Code>
<Text>COMPUTATIONAL SCIENCE &amp; ENGING</Text>
</ProgramReference>
<Appropriation>
<Code>0119</Code>
<Name>NSF RESEARCH &amp; RELATED ACTIVIT</Name>
<APP_SYMB_ID>040100</APP_SYMB_ID>
</Appropriation>
<Appropriation>
<Code>0120</Code>
<Name>NSF RESEARCH &amp; RELATED ACTIVIT</Name>
<APP_SYMB_ID>040100</APP_SYMB_ID>
</Appropriation>
<Appropriation>
<Code>0121</Code>
<Name>NSF RESEARCH &amp; RELATED ACTIVIT</Name>
<APP_SYMB_ID>040100</APP_SYMB_ID>
</Appropriation>
<Fund>
<Code>01001920DB</Code>
<Name><![CDATA[NSF RESEARCH & RELATED ACTIVIT]]></Name>
<FUND_SYMB_ID>040100</FUND_SYMB_ID>
</Fund>
<Fund>
<Code>01002021DB</Code>
<Name><![CDATA[NSF RESEARCH & RELATED ACTIVIT]]></Name>
<FUND_SYMB_ID>040100</FUND_SYMB_ID>
</Fund>
<Fund>
<Code>01002122DB</Code>
<Name><![CDATA[NSF RESEARCH & RELATED ACTIVIT]]></Name>
<FUND_SYMB_ID>040100</FUND_SYMB_ID>
</Fund>
<FUND_OBLG>2019~490000</FUND_OBLG>
<FUND_OBLG>2020~85685</FUND_OBLG>
<FUND_OBLG>2021~88607</FUND_OBLG>
<POR>
<DRECONTENT><![CDATA[<div class="porColContainerWBG"> <div class="porContentCol"><p class="TimesFont12point"><span>&nbsp; &nbsp; &nbsp;&nbsp;This chemistry research program addressed several key issues in surface reaction dynamics, with advances leading to improvements in our fundamental understanding of molecular reactivity at interfaces. Training encompassed students at both the undergraduate and graduate levels, as well as postdoctoral scholars. These young STEM researchers are currently contributing their knowledge and skills in a variety of venues including academia, national laboratories, and the high-tech private sector. The broader impacts of the scientific program have direct bearing on advanced materials fabrication, nanoscience, electronic materials, heterogeneous catalysis, combustion, and the design of protective molecular and polymer coatings. Group members participated in community outreach to introduce the general public to scientific issues for understanding our modern technological world.&nbsp;<span>Societal broader impact also occurred&nbsp;<em>via</em>&nbsp;outreach to the nearby community, including local schools, and museum science activities that have substantial representation from underrepresented south-side Chicago populations.</span></span></p> <p class="TimesFont12point"><span>&nbsp;&nbsp;&nbsp;&nbsp;&nbsp;&nbsp;</span><span>A particular focus was on examining the chemical mechanisms and rates of surface chemical reactions by monitoring the stepwise chemical and structural changes that occurred on the reacting interface, complementing the field's prior primary focus on ascertaining the properties of volatile species originating from such heterogeneous processes. In order to perform such measurements, this program used several novel and innovative instruments operating in an ultra-clean environment that included an arguably unique combination of supersonic molecular beams,&nbsp;<em>in situ</em>&nbsp;scanning tunneling/atomic force microscopy, and surface spectroscopies to examine the site-specific chemical reactivity of clean and molecule decorated surfaces. Reactive scattering measurements were carried out with concurrent&nbsp;<em>in situ</em>&nbsp;atomic-level imaging, opening a direct path to understanding, with atomic resolution, spatio-temporal correlations in interfacial reactivity. It focussed on forefront issues in surface chemical dynamics that included tests of various quantum chemical and classical treatments of surface processes including adiabatic and non-adiabatic gas-surface interactions, atom-resolved reactivity under non-equilibrium flow conditions, thin film growth and passivation, and geometry-constrained reaction studies with steric control over incident collision conditions.&nbsp;Precise control over reagent energy, incident angle, intensity, and quantum state further distinguished these innovative studies, including examination of interfacial chemistry involving energetic reagents such as atomic hydrogen and oxygen. Illustrative examples include hydrogen atom reactivity of self-assembled monolayers that revealed the importance of dynamic structural fluctuations in governing the stability of passivating films in reactive environments, improved understanding of how nitrogen dissociates on industrially important model metallic catalytic surfaces, elaboration of semiconductor surface oxidation mechanisms, and&nbsp;the chemistry of condensed hydrocarbon films on cryogenic substrates. Findings on the sticking and release of hydrocarbons interacting with ice surfaces are of particular relevance to the topic of climate change given the world-wide warming of permafrost and subterranean deposits of such species. Finally, these studies also have implications extending to astrochemical environments as they give new insights into isotopologue abundances and reactions involving reagents on condensed ices.</span></p><br> <p>  Last Modified: 12/24/2023<br> Modified by: Steven&nbsp;J&nbsp;Sibener</p></div> <div class="porSideCol" ></div> </div>]]></DRECONTENT>
<POR_COPY_TXT><![CDATA[    This chemistry research program addressed several key issues in surface reaction dynamics, with advances leading to improvements in our fundamental understanding of molecular reactivity at interfaces. Training encompassed students at both the undergraduate and graduate levels, as well as postdoctoral scholars. These young STEM researchers are currently contributing their knowledge and skills in a variety of venues including academia, national laboratories, and the high-tech private sector. The broader impacts of the scientific program have direct bearing on advanced materials fabrication, nanoscience, electronic materials, heterogeneous catalysis, combustion, and the design of protective molecular and polymer coatings. Group members participated in community outreach to introduce the general public to scientific issues for understanding our modern technological world.Societal broader impact also occurredviaoutreach to the nearby community, including local schools, and museum science activities that have substantial representation from underrepresented south-side Chicago populations.   A particular focus was on examining the chemical mechanisms and rates of surface chemical reactions by monitoring the stepwise chemical and structural changes that occurred on the reacting interface, complementing the field's prior primary focus on ascertaining the properties of volatile species originating from such heterogeneous processes. In order to perform such measurements, this program used several novel and innovative instruments operating in an ultra-clean environment that included an arguably unique combination of supersonic molecular beams,in situscanning tunneling/atomic force microscopy, and surface spectroscopies to examine the site-specific chemical reactivity of clean and molecule decorated surfaces. Reactive scattering measurements were carried out with concurrentin situatomic-level imaging, opening a direct path to understanding, with atomic resolution, spatio-temporal correlations in interfacial reactivity. It focussed on forefront issues in surface chemical dynamics that included tests of various quantum chemical and classical treatments of surface processes including adiabatic and non-adiabatic gas-surface interactions, atom-resolved reactivity under non-equilibrium flow conditions, thin film growth and passivation, and geometry-constrained reaction studies with steric control over incident collision conditions.Precise control over reagent energy, incident angle, intensity, and quantum state further distinguished these innovative studies, including examination of interfacial chemistry involving energetic reagents such as atomic hydrogen and oxygen. Illustrative examples include hydrogen atom reactivity of self-assembled monolayers that revealed the importance of dynamic structural fluctuations in governing the stability of passivating films in reactive environments, improved understanding of how nitrogen dissociates on industrially important model metallic catalytic surfaces, elaboration of semiconductor surface oxidation mechanisms, andthe chemistry of condensed hydrocarbon films on cryogenic substrates. Findings on the sticking and release of hydrocarbons interacting with ice surfaces are of particular relevance to the topic of climate change given the world-wide warming of permafrost and subterranean deposits of such species. Finally, these studies also have implications extending to astrochemical environments as they give new insights into isotopologue abundances and reactions involving reagents on condensed ices.     Last Modified: 12/24/2023       Submitted by: StevenJSibener]]></POR_COPY_TXT>
</POR>
</Award>
</rootTag>
