<?xml version="1.0" encoding="UTF-8"?>
<rootTag>
<Award>
<AwardTitle><![CDATA[Excellence in Research: Collaborative Research on Nanosensors to Develop Research Capacities at Interdisciplinary Materials Research and Education Laboratory (IMREL)]]></AwardTitle>
<AGENCY>NSF</AGENCY>
<AwardEffectiveDate>09/01/2019</AwardEffectiveDate>
<AwardExpirationDate>08/31/2024</AwardExpirationDate>
<AwardTotalIntnAmount>500000.00</AwardTotalIntnAmount>
<AwardAmount>599998</AwardAmount>
<AwardInstrument>
<Value>Standard Grant</Value>
</AwardInstrument>
<Organization>
<Code>07010000</Code>
<Directorate>
<Abbreviation>ENG</Abbreviation>
<LongName>Directorate For Engineering</LongName>
</Directorate>
<Division>
<Abbreviation>ECCS</Abbreviation>
<LongName>Div Of Electrical, Commun &amp; Cyber Sys</LongName>
</Division>
</Organization>
<ProgramOfficer>
<SignBlockName>Ale Lukaszew</SignBlockName>
<PO_EMAI>rlukasze@nsf.gov</PO_EMAI>
<PO_PHON>7032928103</PO_PHON>
</ProgramOfficer>
<AbstractNarration><![CDATA[This Excellence in Research (EIR) project, proposed by three investigators at Fayetteville State University (FSU), is to conduct interdisciplinary collaborative research on nanosensors including physical, chemical and biochemical sensors. A sensor is used to detect the changes in its environment, such as temperature, waves, electric/magnetic/electromagnetic fields, chemicals, etc., and a sensor made at the nanoscale may achieve higher sensitivities, extended detection limits, enhanced mechanical, physical and chemical properties, and high-throughput detection. This research includes three subprojects: (1) nanoscintillators for fast X-ray detection; (2) conjugated polymers and small molecules for optical sensing; and (3) highly sensitive electrochemical and fluorescent biochemical sensors based on oxide nanofibers for beta amyloid protein detection. The proposed research will be integrated with the education of undergraduates at FSU. FSU is a Historically Black University focusing on the education of African American students, with high female, military or military-affiliated student populations. This project carries with three project goals to: (1) build a strong collaborative research team for research in physical, chemical and biochemical sensors; (2) enhance infrastructure to support nanomaterials research; and (3) train the next generation of materials scientists and STEM (Science, Technology, Engineering and Mathematics) professionals in nanosensors research. The integration of research and education will improve the STEM educational quality of Materials Science minors from multiple STEM departments based on evidence-based practices, significantly enhancing the educational quality of undergraduates through the research-oriented education. &lt;br/&gt;&lt;br/&gt;Crosslinked with electronic structures and optical luminescence properties of nanomaterials, this EIR project will be conducted collaboratively: (1) research on physical sensors of nanoscintillators for fast X-ray detection will investigate factors controlling fast X-ray detection, and potentially identify new fast scintillator materials with optimized tunable emissions through chemical doping; (2) manipulation of optical properties of conjugated polymers and small molecules will provide important insights into how these systems can be applied as chemical sensors, and will provide directions for future design of  cost-effective and highly sensitive solid-state chemical nanosensors using these materials; and (3) using oxide nanofiber scaffolds with high porosity and large surface areas, research on immunosensor will allow highly sensitive, selective, rapid  and repeatable detection of beta amyloid. challenges of current enzyme sensors. The fast X-ray detection is highly desirable in a wide range of scientific time-resolved experiments to detect rapid pulsed radiations, such as the transient deformation or transformation process under extreme conditions in materials research. Optical sensing using conjugated polymer and small molecules will provide a simplified strategy for solid-state chemical sensing and is highly desirable to detect singlet oxygen, charge/ionic species and radicals. Immunosensors based on oxide nanofibers hold several promises for applications in biological, food, environmental and energy sciences. These advanced nanosensors will impact the hazard detection, disease detection, environmental monitoring, and exo-terrestrial monitoring.&lt;br/&gt;&lt;br/&gt;This award reflects NSF's statutory mission and has been deemed worthy of support through evaluation using the Foundation's intellectual merit and broader impacts review criteria.]]></AbstractNarration>
<MinAmdLetterDate>07/09/2019</MinAmdLetterDate>
<MaxAmdLetterDate>02/22/2023</MaxAmdLetterDate>
<ARRAAmount/>
<TRAN_TYPE>Grant</TRAN_TYPE>
<CFDA_NUM>47.041, 47.083</CFDA_NUM>
<NSF_PAR_USE_FLAG>1</NSF_PAR_USE_FLAG>
<FUND_AGCY_CODE>4900</FUND_AGCY_CODE>
<AWDG_AGCY_CODE>4900</AWDG_AGCY_CODE>
<AwardID>1900837</AwardID>
<Investigator>
<FirstName>Bhoj</FirstName>
<LastName>Gautam</LastName>
<PI_MID_INIT>R</PI_MID_INIT>
<PI_SUFX_NAME/>
<PI_FULL_NAME>Bhoj R Gautam</PI_FULL_NAME>
<EmailAddress><![CDATA[bgautam@uncfsu.edu]]></EmailAddress>
<NSF_ID>000769790</NSF_ID>
<StartDate>07/09/2019</StartDate>
<EndDate/>
<RoleCode>Co-Principal Investigator</RoleCode>
</Investigator>
<Investigator>
<FirstName>Shubo</FirstName>
<LastName>Han</LastName>
<PI_MID_INIT/>
<PI_SUFX_NAME/>
<PI_FULL_NAME>Shubo Han</PI_FULL_NAME>
<EmailAddress><![CDATA[shan@uncfsu.edu]]></EmailAddress>
<NSF_ID>000073703</NSF_ID>
<StartDate>07/09/2019</StartDate>
<EndDate/>
<RoleCode>Co-Principal Investigator</RoleCode>
</Investigator>
<Investigator>
<FirstName>Zhiping</FirstName>
<LastName>Luo</LastName>
<PI_MID_INIT/>
<PI_SUFX_NAME/>
<PI_FULL_NAME>Zhiping Luo</PI_FULL_NAME>
<EmailAddress><![CDATA[zluo@uncfsu.edu]]></EmailAddress>
<NSF_ID>000642101</NSF_ID>
<StartDate>07/09/2019</StartDate>
<EndDate/>
<RoleCode>Principal Investigator</RoleCode>
</Investigator>
<Institution>
<Name><![CDATA[Fayetteville State University]]></Name>
<CityName>FAYETTEVILLE</CityName>
<ZipCode>283014252</ZipCode>
<PhoneNumber>9106721141</PhoneNumber>
<StreetAddress><![CDATA[1200 MURCHISON RD]]></StreetAddress>
<StreetAddress2/>
<CountryName>United States</CountryName>
<StateName>North Carolina</StateName>
<StateCode>NC</StateCode>
<CONGRESSDISTRICT>09</CONGRESSDISTRICT>
<CONGRESS_DISTRICT_ORG>NC09</CONGRESS_DISTRICT_ORG>
<ORG_UEI_NUM>XTD7KKHEJFL1</ORG_UEI_NUM>
<ORG_LGL_BUS_NAME>FAYETTEVILLE STATE UNIVERSITY</ORG_LGL_BUS_NAME>
<ORG_PRNT_UEI_NUM/>
</Institution>
<Performance_Institution>
<Name><![CDATA[Fayetteville State University]]></Name>
<CityName>Fayetteville</CityName>
<StateCode>NC</StateCode>
<ZipCode>283014252</ZipCode>
<StreetAddress><![CDATA[1200 Murchison Road]]></StreetAddress>
<CountryCode>US</CountryCode>
<CountryName>United States</CountryName>
<StateName>North Carolina</StateName>
<CountryFlag>1</CountryFlag>
<CONGRESSDISTRICT>09</CONGRESSDISTRICT>
<CONGRESS_DISTRICT_PERF>NC09</CONGRESS_DISTRICT_PERF>
</Performance_Institution>
<ProgramElement>
<Code>070Y</Code>
<Text>HBCU-EiR - HBCU-Excellence in</Text>
</ProgramElement>
<ProgramReference>
<Code>090E</Code>
<Text>Chem/Bio and Physical Diagnostics</Text>
</ProgramReference>
<ProgramReference>
<Code>104E</Code>
<Text>MEMS/NEMS</Text>
</ProgramReference>
<ProgramReference>
<Code>108E</Code>
<Text>Bioelectronics</Text>
</ProgramReference>
<ProgramReference>
<Code>8028</Code>
<Text>Sensor Technology</Text>
</ProgramReference>
<Appropriation>
<Code/>
<Name/>
<APP_SYMB_ID/>
</Appropriation>
<Appropriation>
<Code>0119</Code>
<Name>NSF RESEARCH &amp; RELATED ACTIVIT</Name>
<APP_SYMB_ID>040100</APP_SYMB_ID>
</Appropriation>
<Fund>
<Code>01002223DB</Code>
<Name><![CDATA[NSF RESEARCH & RELATED ACTIVIT]]></Name>
<FUND_SYMB_ID>040100</FUND_SYMB_ID>
</Fund>
<Fund>
<Code>01001920DB</Code>
<Name><![CDATA[NSF RESEARCH & RELATED ACTIVIT]]></Name>
<FUND_SYMB_ID>040100</FUND_SYMB_ID>
</Fund>
<FUND_OBLG>2019~500000</FUND_OBLG>
<FUND_OBLG>2023~99998</FUND_OBLG>
</Award>
</rootTag>
