<?xml version="1.0" encoding="UTF-8"?>
<rootTag>
<Award>
<AwardTitle><![CDATA[RI: Medium: Collaborative Research: Towards Practical Encoderless Robotics Through Vision-Based Training and Adaptation]]></AwardTitle>
<AGENCY>NSF</AGENCY>
<AwardEffectiveDate>08/15/2019</AwardEffectiveDate>
<AwardExpirationDate>07/31/2022</AwardExpirationDate>
<AwardTotalIntnAmount>425000.00</AwardTotalIntnAmount>
<AwardAmount>425000</AwardAmount>
<AwardInstrument>
<Value>Standard Grant</Value>
</AwardInstrument>
<Organization>
<Code>05020000</Code>
<Directorate>
<Abbreviation>CSE</Abbreviation>
<LongName>Direct For Computer &amp; Info Scie &amp; Enginr</LongName>
</Directorate>
<Division>
<Abbreviation>IIS</Abbreviation>
<LongName>Div Of Information &amp; Intelligent Systems</LongName>
</Division>
</Organization>
<ProgramOfficer>
<SignBlockName>Jie Yang</SignBlockName>
<PO_EMAI>jyang@nsf.gov</PO_EMAI>
<PO_PHON>7032924768</PO_PHON>
</ProgramOfficer>
<AbstractNarration><![CDATA[As robots branch out into unstructured and dynamic human environments (such as homes, offices, and hospitals), they require a new design methodology. These robots need to be safe to operate next to humans; they are expected to handle frequent changes and uncertainties that are inherent in human environments; and they should be as inexpensive as possible to enable wide-spread dissemination. Such criteria have lead to the emergence of compliant/soft robots, 3D printed robots, and inexpensive consumer-grade hardware, all of which constitute a major shift from heavy and rigid robots with tight tolerances used in industry. Traditional measurement devices that are suitable for sensing and controlling the motion of the rigid robots, i.e. joint encoders, are incompatible or impractical for many of these new types of robot. Alternative approaches that do not rely on encoders are largely missing from robotics technology and must be developed for these novel design models. This project investigates ways of using only cameras for sensing and controlling the robot's motion. Vision-based algorithms for robotic walking, object grasping and manipulation will be derived. Such algorithms will not only enable the use of the new-wave robots in unstructured environments but will also significantly lower the cost of traditional robotic systems, and therefore, boost their dissemination for industry and educational purposes.&lt;br/&gt;&lt;br/&gt;The project will focus on utilizing vision-based estimation schemes and learning methods for acquiring both robot configuration information and task models within a framework where modeling inaccuracies and environment uncertainties are dealt with by robust visual servoing approaches. Visual observations will be used to model the relationship between actuator inputs, manipulator configuration, and task states, and they will be combined with adaptive vision-based control schemes that are robust to modeling uncertainties and disturbances. The framework will fundamentally rely on using convolutional neural networks (CNNs) to build the models from observation alone, both for a low-dimensional representation of configuration and for an image segmentation of the manipulator. Reinforcement learning methods will also be applied to assess the practicality of a modular combination of such methods with the offline learned representations to perform complex positioning and control tasks. These approaches will be evaluated in the context of within-hand manipulation, compliant surgical tool control, locomotion of a 3D-printed multi-legged robot, and force-controlled grasping and peg-insertion using a soft continuum manipulator. The contributions of our proposed work are that no prior model of a robot's configuration is needed because it is explicitly observed and inferred up-front (system identification); uncertainty affecting task performance is addressed by adapting the robot dynamics on-the-fly (model-through-confirmation); and the broad applicability of our methods will be demonstrated through application to a wide variety of platforms. Work done on this project will help to enable lower cost robotic and mechatronic hardware across a range of domains and will particularly impact the ability to control compliant and under-actuated structures.&lt;br/&gt;&lt;br/&gt;This award reflects NSF's statutory mission and has been deemed worthy of support through evaluation using the Foundation's intellectual merit and broader impacts review criteria.]]></AbstractNarration>
<MinAmdLetterDate>08/02/2019</MinAmdLetterDate>
<MaxAmdLetterDate>08/02/2019</MaxAmdLetterDate>
<ARRAAmount/>
<TRAN_TYPE>Grant</TRAN_TYPE>
<CFDA_NUM>47.070</CFDA_NUM>
<NSF_PAR_USE_FLAG>1</NSF_PAR_USE_FLAG>
<FUND_AGCY_CODE>4900</FUND_AGCY_CODE>
<AWDG_AGCY_CODE>4900</AWDG_AGCY_CODE>
<AwardID>1900681</AwardID>
<Investigator>
<FirstName>Aaron</FirstName>
<LastName>Dollar</LastName>
<PI_MID_INIT/>
<PI_SUFX_NAME/>
<PI_FULL_NAME>Aaron Dollar</PI_FULL_NAME>
<EmailAddress><![CDATA[aaron.dollar@yale.edu]]></EmailAddress>
<NSF_ID>000525237</NSF_ID>
<StartDate>08/02/2019</StartDate>
<EndDate/>
<RoleCode>Principal Investigator</RoleCode>
</Investigator>
<Institution>
<Name><![CDATA[Yale University]]></Name>
<CityName>NEW HAVEN</CityName>
<ZipCode>065118917</ZipCode>
<PhoneNumber>2037854689</PhoneNumber>
<StreetAddress><![CDATA[105 WALL ST]]></StreetAddress>
<StreetAddress2/>
<CountryName>United States</CountryName>
<StateName>Connecticut</StateName>
<StateCode>CT</StateCode>
<CONGRESSDISTRICT>03</CONGRESSDISTRICT>
<CONGRESS_DISTRICT_ORG>CT03</CONGRESS_DISTRICT_ORG>
<ORG_UEI_NUM>FL6GV84CKN57</ORG_UEI_NUM>
<ORG_LGL_BUS_NAME>YALE UNIVERSITY</ORG_LGL_BUS_NAME>
<ORG_PRNT_UEI_NUM>FL6GV84CKN57</ORG_PRNT_UEI_NUM>
</Institution>
<Performance_Institution>
<Name><![CDATA[Yale University]]></Name>
<CityName>New Haven</CityName>
<StateCode>CT</StateCode>
<ZipCode>065208284</ZipCode>
<StreetAddress><![CDATA[15 Prospect Street]]></StreetAddress>
<CountryCode>US</CountryCode>
<CountryName>United States</CountryName>
<StateName>Connecticut</StateName>
<CountryFlag>1</CountryFlag>
<CONGRESSDISTRICT>03</CONGRESSDISTRICT>
<CONGRESS_DISTRICT_PERF>CT03</CONGRESS_DISTRICT_PERF>
</Performance_Institution>
<ProgramElement>
<Code>7495</Code>
<Text>Robust Intelligence</Text>
</ProgramElement>
<ProgramReference>
<Code>7495</Code>
<Text>ROBUST INTELLIGENCE</Text>
</ProgramReference>
<ProgramReference>
<Code>7924</Code>
<Text>MEDIUM PROJECT</Text>
</ProgramReference>
<Appropriation>
<Code>0119</Code>
<Name>NSF RESEARCH &amp; RELATED ACTIVIT</Name>
<APP_SYMB_ID>040100</APP_SYMB_ID>
</Appropriation>
<Fund>
<Code>01001920DB</Code>
<Name><![CDATA[NSF RESEARCH & RELATED ACTIVIT]]></Name>
<FUND_SYMB_ID>040100</FUND_SYMB_ID>
</Fund>
<FUND_OBLG>2019~425000</FUND_OBLG>
<POR>
<DRECONTENT><![CDATA[<div class="porColContainerWBG"> <div class="porContentCol"><p>This project primarily focused on investigating practical means of  controlling &ldquo;non-traditional&rdquo; robot hardware, such as highly compliant  &ldquo;soft&rdquo; and underactuated systems, low-cost and low-precision robots such  as 3D-printed or mass-produced consumer-grade hardware, among others.  For these systems, the traditional method of relying on robust  proprioceptive information from encoders is not possible or practical,  motivating the exploration of alternative or complementary approaches.</p> <p>We focused on investigating the  use of computer vision as the primary (and perhaps sole) basis for control of  those non-traditional robotic systems. We focused on synergistic collaborations of  vision-based model estimation and control techniques for realizing  robust and efficient control &ndash; seeking to achieve high performance  systems with minimal proprioceptive configuration sensors.&nbsp;</p> <p>We were able to demonstrate a range of impressive results supported by this grant:</p> <p>- we developed a "self-identification" framework that allows us to randomly  manipulate objects and while doing so, estimate a  manipulation model of the hand and then use this model to  complete difficult dexterous within-hand manipulation actions.</p> <p>- we developed a simple robot hand that is able to manipulate objects using what we call "caging-based manipulation", where the hand is wrapped around the object and slides it to the desired configuration.</p> <p>- we showed that we could accomplish tight-tolerance object insertion  controlled primarily through computer vision, leveraging the compliance&nbsp;</p> <p>Through our work on this project, we are beginning to get the robotics research community to think more seriously about  questioning the typical approach to robotics: sensing everything with as  much precision as possible, and then trying to control all aspects of  the system to accomplish a task. Instead, along with passively adaptive  hardware that facilitates dealing with uncertainty, we are showing that you can do a lot with minimal sensing, and vision is  undoubtedly the best option for inexpensive, high resolution, robust  sensing. If successful, this approach will lead to robots that are much more commercially-viable as they do not need to be as stiff/precise and will not need the large suite of fragile sensors that most approaches today rely upon.</p><br> <p>            Last Modified: 01/12/2023<br>      Modified by: Aaron&nbsp;Dollar</p> </div> <div class="porSideCol"></div> </div>]]></DRECONTENT>
<POR_COPY_TXT><![CDATA[ This project primarily focused on investigating practical means of  controlling "non-traditional" robot hardware, such as highly compliant  "soft" and underactuated systems, low-cost and low-precision robots such  as 3D-printed or mass-produced consumer-grade hardware, among others.  For these systems, the traditional method of relying on robust  proprioceptive information from encoders is not possible or practical,  motivating the exploration of alternative or complementary approaches.  We focused on investigating the  use of computer vision as the primary (and perhaps sole) basis for control of  those non-traditional robotic systems. We focused on synergistic collaborations of  vision-based model estimation and control techniques for realizing  robust and efficient control &ndash; seeking to achieve high performance  systems with minimal proprioceptive configuration sensors.   We were able to demonstrate a range of impressive results supported by this grant:  - we developed a "self-identification" framework that allows us to randomly  manipulate objects and while doing so, estimate a  manipulation model of the hand and then use this model to  complete difficult dexterous within-hand manipulation actions.  - we developed a simple robot hand that is able to manipulate objects using what we call "caging-based manipulation", where the hand is wrapped around the object and slides it to the desired configuration.  - we showed that we could accomplish tight-tolerance object insertion  controlled primarily through computer vision, leveraging the compliance   Through our work on this project, we are beginning to get the robotics research community to think more seriously about  questioning the typical approach to robotics: sensing everything with as  much precision as possible, and then trying to control all aspects of  the system to accomplish a task. Instead, along with passively adaptive  hardware that facilitates dealing with uncertainty, we are showing that you can do a lot with minimal sensing, and vision is  undoubtedly the best option for inexpensive, high resolution, robust  sensing. If successful, this approach will lead to robots that are much more commercially-viable as they do not need to be as stiff/precise and will not need the large suite of fragile sensors that most approaches today rely upon.       Last Modified: 01/12/2023       Submitted by: Aaron Dollar]]></POR_COPY_TXT>
</POR>
</Award>
</rootTag>
