<?xml version="1.0" encoding="UTF-8"?>
<rootTag>
<Award>
<AwardTitle><![CDATA[Synthetic Studies on Alkaloids Isolated from Lycopodium annotium and a New Synthesis of Tetrodotoxin]]></AwardTitle>
<AGENCY>NSF</AGENCY>
<AwardEffectiveDate>08/01/2019</AwardEffectiveDate>
<AwardExpirationDate>06/30/2022</AwardExpirationDate>
<AwardTotalIntnAmount>485000.00</AwardTotalIntnAmount>
<AwardAmount>484368</AwardAmount>
<AwardInstrument>
<Value>Continuing Grant</Value>
</AwardInstrument>
<Organization>
<Code>03090000</Code>
<Directorate>
<Abbreviation>MPS</Abbreviation>
<LongName>Direct For Mathematical &amp; Physical Scien</LongName>
</Directorate>
<Division>
<Abbreviation>CHE</Abbreviation>
<LongName>Division Of Chemistry</LongName>
</Division>
</Organization>
<ProgramOfficer>
<SignBlockName>Paul Blakemore</SignBlockName>
<PO_EMAI/>
<PO_PHON/>
</ProgramOfficer>
<AbstractNarration><![CDATA[With this award, the Chemical Synthesis Program of the NSF Division of Chemistry is supporting the research of Professor Dirk Trauner of New York University. Professor Trauner is studying a class of naturally occurring molecules called "alkaloids". These molecules contain nitrogen atoms and have been vital in the discovery of several biological or physiological processes, particularly in the nervous system, and have played important roles as therapeutic drugs. Due to their fascinating chemical structures and biological activities, they have inspired the development of new methods for the synthesis of organic molecules, some of which now play a crucial role in the pharmaceutical industry. They have been a platform to continuously refine tactics and strategies that synthetic chemists employ to synthesize related molecules found in nature. In this proposal, Professor Trauner is preparing several such molecules via routes that mimic their possible synthesis in nature. In addition to synthesizing these molecules, this work is providing a better understanding of the effects of these molecules on their biological targets. Professor Trauner is also engaged in outreach and is a co-organizer of "Entertaining Science," which brings together scientist, artists, and the general public in the Cornelia Street Cate, New York City.&lt;br/&gt;&lt;br/&gt;Professor Trauner and his team are studying the synthesis of a class of structurally complex alkaloids from the clubmoss Lycopodium annotinum, none of which have been synthesized to date. Members of this class of alkaloids known as the annotinolides and lannotinidines, are being be synthesized through a unified approach that centers on lannotinidine G. Additionally, a new synthesis of tetrodotoxin (TTX), the infamous toxin responsible for the paralytic effects of fugu poisoning, is being studied. Although TTX is a classic target, its synthesis remains a formidable challenge. This approach is improving the state of the art and serving in the development of new TTX derivatives that are being used to study certain voltage gated sodium channels that have relevance to alleviating pain. As a part of this project, Professor Trauner's students are receiving training in chemical synthesis and exposure to neurophysiology, preparing them for careers in chemical and pharmaceutical industries.&lt;br/&gt;&lt;br/&gt;This award reflects NSF's statutory mission and has been deemed worthy of support through evaluation using the Foundation's intellectual merit and broader impacts review criteria.]]></AbstractNarration>
<MinAmdLetterDate>07/05/2019</MinAmdLetterDate>
<MaxAmdLetterDate>09/08/2022</MaxAmdLetterDate>
<ARRAAmount/>
<TRAN_TYPE>Grant</TRAN_TYPE>
<CFDA_NUM>47.049</CFDA_NUM>
<NSF_PAR_USE_FLAG>1</NSF_PAR_USE_FLAG>
<FUND_AGCY_CODE>4900</FUND_AGCY_CODE>
<AWDG_AGCY_CODE>4900</AWDG_AGCY_CODE>
<AwardID>1900154</AwardID>
<Investigator>
<FirstName>Dirk</FirstName>
<LastName>Trauner</LastName>
<PI_MID_INIT>H</PI_MID_INIT>
<PI_SUFX_NAME/>
<PI_FULL_NAME>Dirk H Trauner</PI_FULL_NAME>
<EmailAddress><![CDATA[dtrauner@upenn.edu]]></EmailAddress>
<NSF_ID>000124960</NSF_ID>
<StartDate>07/05/2019</StartDate>
<EndDate/>
<RoleCode>Principal Investigator</RoleCode>
</Investigator>
<Institution>
<Name>New York University</Name>
<CityName>NEW YORK</CityName>
<ZipCode>100121019</ZipCode>
<PhoneNumber>2129982121</PhoneNumber>
<StreetAddress>70 WASHINGTON SQ S</StreetAddress>
<StreetAddress2/>
<CountryName>United States</CountryName>
<StateName>New York</StateName>
<StateCode>NY</StateCode>
<CONGRESSDISTRICT>10</CONGRESSDISTRICT>
<CONGRESS_DISTRICT_ORG>NY10</CONGRESS_DISTRICT_ORG>
<ORG_UEI_NUM>NX9PXMKW5KW8</ORG_UEI_NUM>
<ORG_LGL_BUS_NAME>NEW YORK UNIVERSITY</ORG_LGL_BUS_NAME>
<ORG_PRNT_UEI_NUM/>
</Institution>
<Performance_Institution>
<Name><![CDATA[New York University]]></Name>
<CityName>New York</CityName>
<StateCode>NY</StateCode>
<ZipCode>100036688</ZipCode>
<StreetAddress><![CDATA[100 Washington Square East]]></StreetAddress>
<CountryCode>US</CountryCode>
<CountryName>United States</CountryName>
<StateName>New York</StateName>
<CountryFlag>1</CountryFlag>
<CONGRESSDISTRICT>12</CONGRESSDISTRICT>
<CONGRESS_DISTRICT_PERF>NY12</CONGRESS_DISTRICT_PERF>
</Performance_Institution>
<ProgramElement>
<Code>6878</Code>
<Text>Chemical Synthesis</Text>
</ProgramElement>
<ProgramReference>
<Code>8091</Code>
<Text>BRAIN Initiative Res Support</Text>
</ProgramReference>
<Appropriation>
<Code>0119</Code>
<Name>NSF RESEARCH &amp; RELATED ACTIVIT</Name>
<APP_SYMB_ID>040100</APP_SYMB_ID>
</Appropriation>
<Appropriation>
<Code>0120</Code>
<Name>NSF RESEARCH &amp; RELATED ACTIVIT</Name>
<APP_SYMB_ID>040100</APP_SYMB_ID>
</Appropriation>
<Fund>
<Code>01001920DB</Code>
<Name><![CDATA[NSF RESEARCH & RELATED ACTIVIT]]></Name>
<FUND_SYMB_ID>040100</FUND_SYMB_ID>
</Fund>
<Fund>
<Code>01002021DB</Code>
<Name><![CDATA[NSF RESEARCH & RELATED ACTIVIT]]></Name>
<FUND_SYMB_ID>040100</FUND_SYMB_ID>
</Fund>
<FUND_OBLG>2019~161667</FUND_OBLG>
<FUND_OBLG>2020~322701</FUND_OBLG>
<POR>
<DRECONTENT><![CDATA[<div class="porColContainerWBG"> <div class="porContentCol"><p><span>A concise synthesis of the well-known natural product tetrodotoxin (TTX) has been achieved. Our synthesis, published in Science, is highly effective and considerably shorter than previous ones. As such, it might open a viable path for the commercial production of TTX, which is currently in clinical trials for neuropathic pain. The supply of TTX from natural sources, sich as pufferfish, is not reliable. Our synthesis starts with a cheap and abundant chemical, glucose, and provides the target molecule TTX in only 22 separate steps. A new reaction was invented for one of the key steps of the synthesis. This reaction combines a transition metal-catalyzed isomerization with a stereoselective oxidation and could be used in the synthesis of many other valuable compounds.&nbsp;</span></p> <p><span>Our synthesis also provides a platform for the development of analgesics that selectively target certain voltage-gated sodium channels. It is likely that the work supported by this grant will lead to the development of powerful non-opioid analgesics. As such, our program on TTX could contribute to overcoming the opioid crisis.</span></p> <p><span>Our program has also mapped out effective synthetic pathways to complex Lycopodium alkaloids, such as lannotinidine G or annotinolide A. Again, our work has resulted in the invention of new chemical reactions synthetic strategies. It will also provide insights into the biosynthesis of these clubmoss alkaloids through biomimetic laboratory synthesis.&nbsp;</span></p> <p><span>&nbsp;</span></p> <p>&nbsp;</p><br> <p>            Last Modified: 12/21/2022<br>      Modified by: Dirk&nbsp;Trauner</p> </div> <div class="porSideCol"></div> </div>]]></DRECONTENT>
<POR_COPY_TXT><![CDATA[ A concise synthesis of the well-known natural product tetrodotoxin (TTX) has been achieved. Our synthesis, published in Science, is highly effective and considerably shorter than previous ones. As such, it might open a viable path for the commercial production of TTX, which is currently in clinical trials for neuropathic pain. The supply of TTX from natural sources, sich as pufferfish, is not reliable. Our synthesis starts with a cheap and abundant chemical, glucose, and provides the target molecule TTX in only 22 separate steps. A new reaction was invented for one of the key steps of the synthesis. This reaction combines a transition metal-catalyzed isomerization with a stereoselective oxidation and could be used in the synthesis of many other valuable compounds.   Our synthesis also provides a platform for the development of analgesics that selectively target certain voltage-gated sodium channels. It is likely that the work supported by this grant will lead to the development of powerful non-opioid analgesics. As such, our program on TTX could contribute to overcoming the opioid crisis.  Our program has also mapped out effective synthetic pathways to complex Lycopodium alkaloids, such as lannotinidine G or annotinolide A. Again, our work has resulted in the invention of new chemical reactions synthetic strategies. It will also provide insights into the biosynthesis of these clubmoss alkaloids through biomimetic laboratory synthesis.              Last Modified: 12/21/2022       Submitted by: Dirk Trauner]]></POR_COPY_TXT>
</POR>
</Award>
</rootTag>
