<?xml version="1.0" encoding="UTF-8"?>
<rootTag>
<Award>
<AwardTitle><![CDATA[Collaborative Research: Controlling the properties of oxide-encapsulated metals for interfacial catalysis]]></AwardTitle>
<AGENCY>NSF</AGENCY>
<AwardEffectiveDate>08/01/2019</AwardEffectiveDate>
<AwardExpirationDate>07/31/2023</AwardExpirationDate>
<AwardTotalIntnAmount>265000.00</AwardTotalIntnAmount>
<AwardAmount>309739</AwardAmount>
<AwardInstrument>
<Value>Standard Grant</Value>
</AwardInstrument>
<Organization>
<Code>03090000</Code>
<Directorate>
<Abbreviation>MPS</Abbreviation>
<LongName>Direct For Mathematical &amp; Physical Scien</LongName>
</Directorate>
<Division>
<Abbreviation>CHE</Abbreviation>
<LongName>Division Of Chemistry</LongName>
</Division>
</Organization>
<ProgramOfficer>
<SignBlockName>Kenneth Moloy</SignBlockName>
<PO_EMAI>kmoloy@nsf.gov</PO_EMAI>
<PO_PHON>7032928441</PO_PHON>
</ProgramOfficer>
<AbstractNarration><![CDATA[Solid catalysts play an important role in energy-efficient commercial processes used to produce fuels, chemicals, and energy, and also in pollution mitigation. Most commercial solid catalysts used today consist of metal particles supported on high surface area support materials. Improvements in these catalysts are needed to further improve their efficiency. Successful research in this area results in lower energy consumption and reduced environmental impact of many chemical processes. One approach to this goal is through control of the interfaces between the metal particles and the support materials. In this project, Dr. Nikolla (Wayne State University) and Dr. Medlin (University of Colorado) are developing an understanding these metal/support interfaces with the objective of discovering more active and efficient catalysts. Dr. Nikolla and Dr. Medlin actively engage in outreach activities related to the education of young students, especially those from underrepresented groups. For example, they are developing workshops for underrepresented K-12 female students to enhance their understanding and desire in pursuing higher education in science, technology, engineering, and mathematics (STEM) fields. Dr. Nikolla and Dr. Medlin are also designing activities to inform parents about STEM fields, so that the parents can encourage their children to pursue STEM education.&lt;br/&gt;&lt;br/&gt;With funding from the Chemical Catalysis Program of the Chemistry Division, Dr. Eranda Nikolla of Wayne State University and Dr. Will Medlin of University of Colorado are developing an understanding of solid metal/metal oxide interfaces in "inverted" catalytic systems with the objective of enhancing catalytic activity and selectivity in chemical reactions. They are synthesizing controlled metal oxide-encapsulated metal nanoparticles (i.e., M@MO structures) with systematic variations in structure and composition of both the metal and metal oxide components.  The research team correlates these synthetic variations to the surface chemical properties and catalyst performance. Fundamental insights from experimental model catalysts coupled with advanced characterization and computational studies on inverted catalyst systems are being used to advance the understanding of interfacial chemistry. The encapsulated catalyst systems are also being investigated as a platform for controlling the near-surface environment around the reactive interface through functionalization of the oxide pores with organic ligands.  Dr. Nikolla and Dr. Medlin are actively engaged with educational and research outreach activities aimed at inspiring and informing undergraduate and K-12 female students from underrepresented groups regarding STEM fields and research in the area of catalysis.&lt;br/&gt;&lt;br/&gt;This award reflects NSF's statutory mission and has been deemed worthy of support through evaluation using the Foundation's intellectual merit and broader impacts review criteria.]]></AbstractNarration>
<MinAmdLetterDate>05/02/2019</MinAmdLetterDate>
<MaxAmdLetterDate>05/18/2021</MaxAmdLetterDate>
<ARRAAmount/>
<TRAN_TYPE>Grant</TRAN_TYPE>
<CFDA_NUM>47.049</CFDA_NUM>
<NSF_PAR_USE_FLAG>1</NSF_PAR_USE_FLAG>
<FUND_AGCY_CODE>4900</FUND_AGCY_CODE>
<AWDG_AGCY_CODE>4900</AWDG_AGCY_CODE>
<AwardID>1900183</AwardID>
<Investigator>
<FirstName>Will</FirstName>
<LastName>Medlin</LastName>
<PI_MID_INIT/>
<PI_SUFX_NAME/>
<PI_FULL_NAME>Will Medlin</PI_FULL_NAME>
<EmailAddress><![CDATA[will.medlin@colorado.edu]]></EmailAddress>
<NSF_ID>000346032</NSF_ID>
<StartDate>05/02/2019</StartDate>
<EndDate/>
<RoleCode>Principal Investigator</RoleCode>
</Investigator>
<Institution>
<Name>University of Colorado at Boulder</Name>
<CityName>Boulder</CityName>
<ZipCode>803090001</ZipCode>
<PhoneNumber>3034926221</PhoneNumber>
<StreetAddress>3100 MARINE ST</StreetAddress>
<StreetAddress2><![CDATA[STE 481 572 UCB]]></StreetAddress2>
<CountryName>United States</CountryName>
<StateName>Colorado</StateName>
<StateCode>CO</StateCode>
<CONGRESSDISTRICT>02</CONGRESSDISTRICT>
<CONGRESS_DISTRICT_ORG>CO02</CONGRESS_DISTRICT_ORG>
<ORG_UEI_NUM>SPVKK1RC2MZ3</ORG_UEI_NUM>
<ORG_LGL_BUS_NAME>THE REGENTS OF THE UNIVERSITY OF COLORADO</ORG_LGL_BUS_NAME>
<ORG_PRNT_UEI_NUM/>
</Institution>
<Performance_Institution>
<Name><![CDATA[University of Colorado at Boulder]]></Name>
<CityName/>
<StateCode>CO</StateCode>
<ZipCode>803090596</ZipCode>
<StreetAddress/>
<CountryCode>US</CountryCode>
<CountryName>United States</CountryName>
<StateName>Colorado</StateName>
<CountryFlag>1</CountryFlag>
<CONGRESSDISTRICT>02</CONGRESSDISTRICT>
<CONGRESS_DISTRICT_PERF>CO02</CONGRESS_DISTRICT_PERF>
</Performance_Institution>
<ProgramElement>
<Code>6884</Code>
<Text>Chemical Catalysis</Text>
</ProgramElement>
<ProgramReference>
<Code>019Z</Code>
<Text>Grad Prep APG:Enhan. Experience</Text>
</ProgramReference>
<ProgramReference>
<Code>8037</Code>
<Text>Advanced Manufacturing</Text>
</ProgramReference>
<Appropriation>
<Code>0119</Code>
<Name>NSF RESEARCH &amp; RELATED ACTIVIT</Name>
<APP_SYMB_ID>040100</APP_SYMB_ID>
</Appropriation>
<Appropriation>
<Code>0121</Code>
<Name>NSF RESEARCH &amp; RELATED ACTIVIT</Name>
<APP_SYMB_ID>040100</APP_SYMB_ID>
</Appropriation>
<Fund>
<Code>01001920DB</Code>
<Name><![CDATA[NSF RESEARCH & RELATED ACTIVIT]]></Name>
<FUND_SYMB_ID>040100</FUND_SYMB_ID>
</Fund>
<Fund>
<Code>01002122DB</Code>
<Name><![CDATA[NSF RESEARCH & RELATED ACTIVIT]]></Name>
<FUND_SYMB_ID>040100</FUND_SYMB_ID>
</Fund>
<FUND_OBLG>2019~265000</FUND_OBLG>
<FUND_OBLG>2021~44739</FUND_OBLG>
<POR>
<DRECONTENT><![CDATA[<div class="porColContainerWBG"> <div class="porContentCol"><p>Solid catalysts play an enabling role in many key applications ranging from automotive emissions control to synthesis of renewable fuels. A common architecture for these solid catalysts consists of metal nanoparticles dispersed on porous metal oxide supports. In these materials, the metal oxide is often seen as an unreactive surface on which the nanoparticles can reside. However, recent work has shown that the oxide supports often play a direct role in catalysis, especially at the interface with metal nanoparticles. The intellectual merit of this collaborative research project was to investigate new ways to control the metal - metal oxide interface to enable improved performance in various catalytic applications. Using a key environmental application (oxidation of carbon monoxide) as a probe system, we showed that encapsulation of palladium nanoparticles with a variety of porous metal oxides led to enhanced reactivity. Furthermore, the extent of the improvement could be refined by changing the composition or crystallinity of the oxide encapsulating layer. In this project, we also investigated the selective reaction of hydrogen and oxygen to produce hydrogen peroxide, a key environmentally friendly oxidant. Here, we found that the most significant effect on catalyst performance related to the organic phase used to prepare the Pd nanoparticles. Retention of these organics led to surprising improvements in hydrogen peroxide yields, with the most dramatic improvements associated with the presence of hydrogen-bonding groups at the metal-organic interface. We also collaborated with other groups to demonstrate scalable processes for manufacturing encapsulated catalysts, where materials generated using flow chemistry were found to exhibit performance comparable to batch-synthesized materials.</p> <p>&nbsp;</p> <p>The broader impacts of the project were related to advances made in key applications in environmental sustainability, for example in the development of approaches that enable reduced formation of unwanted byproducts and improvements in process efficiency. Several PhD students and undergraduates received training in catalyst synthesis, characterization, and evaluation as a result of this work, and the project personnel participated in community outreach efforts centered on encouragement of students from underrepresented backgrounds (including rural backgrounds) to consider careers in science and technology.</p> <p>&nbsp;</p> <p>&nbsp;</p> <p>&nbsp;</p><br> <p>  Last Modified: 12/12/2023<br> Modified by: Will&nbsp;Medlin</p></div> <div class="porSideCol" ></div> </div>]]></DRECONTENT>
<POR_COPY_TXT><![CDATA[  Solid catalysts play an enabling role in many key applications ranging from automotive emissions control to synthesis of renewable fuels. A common architecture for these solid catalysts consists of metal nanoparticles dispersed on porous metal oxide supports. In these materials, the metal oxide is often seen as an unreactive surface on which the nanoparticles can reside. However, recent work has shown that the oxide supports often play a direct role in catalysis, especially at the interface with metal nanoparticles. The intellectual merit of this collaborative research project was to investigate new ways to control the metal - metal oxide interface to enable improved performance in various catalytic applications. Using a key environmental application (oxidation of carbon monoxide) as a probe system, we showed that encapsulation of palladium nanoparticles with a variety of porous metal oxides led to enhanced reactivity. Furthermore, the extent of the improvement could be refined by changing the composition or crystallinity of the oxide encapsulating layer. In this project, we also investigated the selective reaction of hydrogen and oxygen to produce hydrogen peroxide, a key environmentally friendly oxidant. Here, we found that the most significant effect on catalyst performance related to the organic phase used to prepare the Pd nanoparticles. Retention of these organics led to surprising improvements in hydrogen peroxide yields, with the most dramatic improvements associated with the presence of hydrogen-bonding groups at the metal-organic interface. We also collaborated with other groups to demonstrate scalable processes for manufacturing encapsulated catalysts, where materials generated using flow chemistry were found to exhibit performance comparable to batch-synthesized materials.      The broader impacts of the project were related to advances made in key applications in environmental sustainability, for example in the development of approaches that enable reduced formation of unwanted byproducts and improvements in process efficiency. Several PhD students and undergraduates received training in catalyst synthesis, characterization, and evaluation as a result of this work, and the project personnel participated in community outreach efforts centered on encouragement of students from underrepresented backgrounds (including rural backgrounds) to consider careers in science and technology.              Last Modified: 12/12/2023       Submitted by: WillMedlin]]></POR_COPY_TXT>
</POR>
</Award>
</rootTag>
