<?xml version="1.0" encoding="UTF-8"?>
<rootTag>
<Award>
<AwardTitle><![CDATA[Catalyst Award: Visible-range heterojunction nanofiber photocatalysts for water splitting: The effect of co-catalysts]]></AwardTitle>
<AGENCY>NSF</AGENCY>
<AwardEffectiveDate>06/01/2019</AwardEffectiveDate>
<AwardExpirationDate>05/31/2023</AwardExpirationDate>
<AwardTotalIntnAmount>149414.00</AwardTotalIntnAmount>
<AwardAmount>149414</AwardAmount>
<AwardInstrument>
<Value>Standard Grant</Value>
</AwardInstrument>
<Organization>
<Code>11060000</Code>
<Directorate>
<Abbreviation>EDU</Abbreviation>
<LongName>Directorate for STEM Education</LongName>
</Directorate>
<Division>
<Abbreviation>EES</Abbreviation>
<LongName>Div. of Equity for Excellence in STEM</LongName>
</Division>
</Organization>
<ProgramOfficer>
<SignBlockName>Leroy Jones II</SignBlockName>
<PO_EMAI>ljones@nsf.gov</PO_EMAI>
<PO_PHON>7032924684</PO_PHON>
</ProgramOfficer>
<AbstractNarration><![CDATA[Catalyst Projects provide support for Historically Black Colleges and Universities to work towards establishing research capacity of faculty to strengthen science, technology, engineering and mathematics undergraduate education and research. It is expected that the award will further the faculty member's research capability, improve research and teaching at the institution, and involve undergraduate students in research experiences. This project at Florida Agricultural and Mechanical University will investigate the effect of heterojunction photocatalytic systems that encompasses metal oxides and phosphides on water splitting.&lt;br/&gt;&lt;br/&gt;The specific aims of this project are (1) to use co-electrospinning technique to synthesize multicomponent heterojunction nanofiber photocatalysts and correlate the heterojunction composition with activity of water splitting and (2) to identify the of the role of low-cost core-shell type monolayer nanoparticle co-catalysts in enhanced photocatalytic activity.  In order to produce heterojunction photocatalytic systems, a versatile polymer-assisted electrospinning technique coupled with microwave-assisted polyol reduction method will be employed. The structural and physico-chemical properties along with photocatalytic activities will be evaluated by performing numerous analytical techniques including X-ray diffraction (XRD), electron microscopy (SEM &amp; TEM), surface analysis (BET and XPS), elemental analysis (EDS), and light-induced water splitting analysis. The potential contributions and outcomes of the successful completion of this project are: (1) development of methodology for preparation of heterojunction metal oxide and metal phosphide photocatalytic systems, (2) establishment of structure-activity relationship in terms of photocatalytic water splitting, and (3) development of facile protocol to synthesize core-shell type nanoscale co-catalysts. Moreover, the results would provide insight on how to reduce the cost factor of expensive noble metal co-catalysts and utilize them along with cheap metals to achieve the same or greater catalytic activity in comparison to noble metal only co-catalysts&lt;br/&gt;&lt;br/&gt;This award reflects NSF's statutory mission and has been deemed worthy of support through evaluation using the Foundation's intellectual merit and broader impacts review criteria.]]></AbstractNarration>
<MinAmdLetterDate>05/01/2019</MinAmdLetterDate>
<MaxAmdLetterDate>05/01/2019</MaxAmdLetterDate>
<ARRAAmount/>
<TRAN_TYPE>Grant</TRAN_TYPE>
<CFDA_NUM>47.076</CFDA_NUM>
<NSF_PAR_USE_FLAG>1</NSF_PAR_USE_FLAG>
<FUND_AGCY_CODE>4900</FUND_AGCY_CODE>
<AWDG_AGCY_CODE>4900</AWDG_AGCY_CODE>
<AwardID>1900168</AwardID>
<Investigator>
<FirstName>Keerthi</FirstName>
<LastName>Senevirathne</LastName>
<PI_MID_INIT/>
<PI_SUFX_NAME/>
<PI_FULL_NAME>Keerthi Senevirathne</PI_FULL_NAME>
<EmailAddress><![CDATA[keerthi.senevirathne@famu.edu]]></EmailAddress>
<NSF_ID>000687347</NSF_ID>
<StartDate>05/01/2019</StartDate>
<EndDate/>
<RoleCode>Principal Investigator</RoleCode>
</Investigator>
<Institution>
<Name><![CDATA[Florida Agricultural and Mechanical University]]></Name>
<CityName>TALLAHASSEE</CityName>
<ZipCode>323070001</ZipCode>
<PhoneNumber>8505993531</PhoneNumber>
<StreetAddress><![CDATA[1700 LEE HALL DR #201]]></StreetAddress>
<StreetAddress2/>
<CountryName>United States</CountryName>
<StateName>Florida</StateName>
<StateCode>FL</StateCode>
<CONGRESSDISTRICT>02</CONGRESSDISTRICT>
<CONGRESS_DISTRICT_ORG>FL02</CONGRESS_DISTRICT_ORG>
<ORG_UEI_NUM>W8LKB16HV1K5</ORG_UEI_NUM>
<ORG_LGL_BUS_NAME>FLORIDA A &amp; M UNIVERSITY</ORG_LGL_BUS_NAME>
<ORG_PRNT_UEI_NUM/>
</Institution>
<Performance_Institution>
<Name><![CDATA[Florida Agricultural and Mechanical University]]></Name>
<CityName>Tallahassee</CityName>
<StateCode>FL</StateCode>
<ZipCode>333073200</ZipCode>
<StreetAddress/>
<CountryCode>US</CountryCode>
<CountryName>United States</CountryName>
<StateName>Florida</StateName>
<CountryFlag>1</CountryFlag>
<CONGRESSDISTRICT>23</CONGRESSDISTRICT>
<CONGRESS_DISTRICT_PERF>FL23</CONGRESS_DISTRICT_PERF>
</Performance_Institution>
<ProgramElement>
<Code>1594</Code>
<Text>Hist Black Colleges and Univ</Text>
</ProgramElement>
<ProgramReference>
<Code>9178</Code>
<Text>UNDERGRADUATE EDUCATION</Text>
</ProgramReference>
<Appropriation>
<Code>0419</Code>
<Name>NSF Education &amp; Human Resource</Name>
<APP_SYMB_ID>040106</APP_SYMB_ID>
</Appropriation>
<Fund>
<Code>04001920DB</Code>
<Name><![CDATA[NSF Education & Human Resource]]></Name>
<FUND_SYMB_ID>040106</FUND_SYMB_ID>
</Fund>
<FUND_OBLG>2019~149414</FUND_OBLG>
<POR>
<DRECONTENT><![CDATA[<div class="porColContainerWBG"> <div class="porContentCol"><p>The project played a key role in the education, retention, and graduation of underrepresented students in line with the mission of Florida A&amp;M University. Funding for this project enhanced the ability of the Department of Chemistry at Florida A&amp;M University to provide mostly underrepresented students the knowledge of nanotechnology and create their enthusiasm toward STEM education. The Undergraduate students involved in this research were introduced to nanomaterials chemistry including novel synthetic methods and state-of-the art characterization techniques through original hands-on research. This provided necessary knowledge, hands on skills, and experience for students to excel in the field of nanoscience and to be confident to conduct high-end basic and applied research. The students also receive training that will lead to their proficiency in a wide range of techniques and the ability to communicate with diverse groups of scientists.</p> <p>&nbsp;</p> <p>Listed below are the key outcomes of the entire project.</p> <p>1. Trained 6 undergraduate students (3 female and 3 male)</p> <p>2. A synthesis procedure to prepare Cu nanoparticles and Cu@Pt nanoparticles with reasonable yield and stability was developed</p> <p>3. Photocatalytic activity of Cu@Pt deposited on TiO<sub>2</sub> catalyst has been tested as a function of pollution remediation, organic molecule conversion, and hydrogen generation</p> <p>4. Synthetic parameters to synthesize TiO<sub>2</sub> and In<sub>2</sub>O<sub>3</sub> individual nanofibers by electrospinning was established</p> <p>5. This project helped the PI to be a co-PI in one of the funded HBCU_RISE proposals lead by Dr. Ramakrishnan from the FAMU/FSU college of engineering</p> <p>6.  Collaborated with Dr. Adrian McCollum from the department of  Biology-Florida A&amp;M University. Dr. McCollum tested metal alloy  coated TiO<sub>2</sub> nanofiber catalysts to check the Cytotoxicity  towards B35 and B104 neuroblastoma cancer cells. This study generated  significant amount of positive data.</p> <p>7. We are in the process of writing a manuscript on photocatalytic activity of metal alloy-TiO<sub>2</sub> nanofibers in organic molecule conversion (<span style="text-decoration: underline;">Moffett, T.; Senevirathne, K. </span>Pt<sub>x</sub>M<sub>y</sub>-TiO<sub>2 </sub>(M=Cu, Pd) Nanofiber Photocatalysts in <em>p</em>-Nitroaniline (<em>P</em>-NA) Conversion: Effect of alloying)</p><br> <p>            Last Modified: 09/03/2023<br>      Modified by: Keerthi&nbsp;Senevirathne</p> </div> <div class="porSideCol"></div> </div>]]></DRECONTENT>
<POR_COPY_TXT><![CDATA[ The project played a key role in the education, retention, and graduation of underrepresented students in line with the mission of Florida A&amp;M University. Funding for this project enhanced the ability of the Department of Chemistry at Florida A&amp;M University to provide mostly underrepresented students the knowledge of nanotechnology and create their enthusiasm toward STEM education. The Undergraduate students involved in this research were introduced to nanomaterials chemistry including novel synthetic methods and state-of-the art characterization techniques through original hands-on research. This provided necessary knowledge, hands on skills, and experience for students to excel in the field of nanoscience and to be confident to conduct high-end basic and applied research. The students also receive training that will lead to their proficiency in a wide range of techniques and the ability to communicate with diverse groups of scientists.     Listed below are the key outcomes of the entire project.  1. Trained 6 undergraduate students (3 female and 3 male)  2. A synthesis procedure to prepare Cu nanoparticles and Cu@Pt nanoparticles with reasonable yield and stability was developed  3. Photocatalytic activity of Cu@Pt deposited on TiO2 catalyst has been tested as a function of pollution remediation, organic molecule conversion, and hydrogen generation  4. Synthetic parameters to synthesize TiO2 and In2O3 individual nanofibers by electrospinning was established  5. This project helped the PI to be a co-PI in one of the funded HBCU_RISE proposals lead by Dr. Ramakrishnan from the FAMU/FSU college of engineering  6.  Collaborated with Dr. Adrian McCollum from the department of  Biology-Florida A&amp;M University. Dr. McCollum tested metal alloy  coated TiO2 nanofiber catalysts to check the Cytotoxicity  towards B35 and B104 neuroblastoma cancer cells. This study generated  significant amount of positive data.  7. We are in the process of writing a manuscript on photocatalytic activity of metal alloy-TiO2 nanofibers in organic molecule conversion (Moffett, T.; Senevirathne, K. PtxMy-TiO2 (M=Cu, Pd) Nanofiber Photocatalysts in p-Nitroaniline (P-NA) Conversion: Effect of alloying)       Last Modified: 09/03/2023       Submitted by: Keerthi Senevirathne]]></POR_COPY_TXT>
</POR>
</Award>
</rootTag>
