<?xml version="1.0" encoding="UTF-8"?>
<rootTag>
<Award>
<AwardTitle><![CDATA[Research Initiation Award: Robust Management of Earthen Levee Stability in the Face of Uncertainty for Resilient Geotechnical Infrastructures]]></AwardTitle>
<AGENCY>NSF</AGENCY>
<AwardEffectiveDate>04/15/2019</AwardEffectiveDate>
<AwardExpirationDate>03/31/2024</AwardExpirationDate>
<AwardTotalIntnAmount>299997.00</AwardTotalIntnAmount>
<AwardAmount>299997</AwardAmount>
<AwardInstrument>
<Value>Standard Grant</Value>
</AwardInstrument>
<Organization>
<Code>11060000</Code>
<Directorate>
<Abbreviation>EDU</Abbreviation>
<LongName>Directorate for STEM Education</LongName>
</Directorate>
<Division>
<Abbreviation>EES</Abbreviation>
<LongName>Div. of Equity for Excellence in STEM</LongName>
</Division>
</Organization>
<ProgramOfficer>
<SignBlockName>Leroy Jones II</SignBlockName>
<PO_EMAI>ljones@nsf.gov</PO_EMAI>
<PO_PHON>7032924684</PO_PHON>
</ProgramOfficer>
<AbstractNarration><![CDATA[Research Initiation Awards provide support for junior and mid-career faculty at Historically Black Colleges and Universities who are building new research programs or redirecting and rebuilding existing research programs. It is expected that the award helps to further the faculty member's research capability and effectiveness, improves research and teaching at the home institution, and involves undergraduate students in research experiences. This award to the University of the District of Columbia (UDC) has potential broader impacts in a number of areas. The goal of the project is to advance the fundamental understanding of robustness as a performance indicator for geotechnical infrastructures and establish an informed decision support framework for robust management of earthen levees against multiple hazards. The research will be integrated into geotechnical engineering courses at UDC.&lt;br/&gt;&lt;br/&gt;The project will develop a robust management methodology to address the infrastructure robustness under multiple hazards and advance the state-of-practice in adaptive management of geotechnical infrastructures. The cornerstones of the robust management methodology are three tightly integrated concepts: engineering robustness against multiple hazards, Bayesian inference, and multi-objective based decision-support. Firstly, an original quantitative robustness metric will be formulated for assessing the capability of earthen levees to withstand hazard events such as floods and earthquakes. Then a novel probabilistic framework will be established for robustness and reliability assessment of earthen levees. Finally, an intelligent decision support framework will be created to turn numerical simulation results and performance data into robust management capability. The research is expected to fill a knowledge gap in geotechnical engineering by transforming the robustness concept into an effective decision support tool for geotechnical infrastructure management. The results of the research will lead to an innovative solution for resilient geotechnical infrastructures in the face of uncertainty, which can protect the public and benefit society through safer engineering practice for risk reduction and mitigation.&lt;br/&gt;&lt;br/&gt;This award reflects NSF's statutory mission and has been deemed worthy of support through evaluation using the Foundation's intellectual merit and broader impacts review criteria.]]></AbstractNarration>
<MinAmdLetterDate>03/18/2019</MinAmdLetterDate>
<MaxAmdLetterDate>03/18/2019</MaxAmdLetterDate>
<ARRAAmount/>
<TRAN_TYPE>Grant</TRAN_TYPE>
<CFDA_NUM>47.076</CFDA_NUM>
<NSF_PAR_USE_FLAG>1</NSF_PAR_USE_FLAG>
<FUND_AGCY_CODE>4900</FUND_AGCY_CODE>
<AWDG_AGCY_CODE>4900</AWDG_AGCY_CODE>
<AwardID>1900445</AwardID>
<Investigator>
<FirstName>Lei</FirstName>
<LastName>Wang</LastName>
<PI_MID_INIT/>
<PI_SUFX_NAME/>
<PI_FULL_NAME>Lei Wang</PI_FULL_NAME>
<EmailAddress><![CDATA[wang4li@ucmail.uc.edu]]></EmailAddress>
<NSF_ID>000756343</NSF_ID>
<StartDate>03/18/2019</StartDate>
<EndDate/>
<RoleCode>Principal Investigator</RoleCode>
</Investigator>
<Institution>
<Name>University of the District of Columbia</Name>
<CityName>WASHINGTON</CityName>
<ZipCode>200081122</ZipCode>
<PhoneNumber>2022746260</PhoneNumber>
<StreetAddress>4200 CONNECTICUT AVE NW BLDG 39</StreetAddress>
<StreetAddress2/>
<CountryName>United States</CountryName>
<StateName>District of Columbia</StateName>
<StateCode>DC</StateCode>
<CONGRESSDISTRICT>00</CONGRESSDISTRICT>
<CONGRESS_DISTRICT_ORG>DC00</CONGRESS_DISTRICT_ORG>
<ORG_UEI_NUM>NLULJV36KE96</ORG_UEI_NUM>
<ORG_LGL_BUS_NAME>UNIVERSITY OF THE DISTRICT OF COLUMBIA</ORG_LGL_BUS_NAME>
<ORG_PRNT_UEI_NUM/>
</Institution>
<Performance_Institution>
<Name><![CDATA[University of the District of Columbia]]></Name>
<CityName>Washington DC</CityName>
<StateCode>DC</StateCode>
<ZipCode>200081122</ZipCode>
<StreetAddress><![CDATA[4200 Connecticut Ave NW]]></StreetAddress>
<CountryCode>US</CountryCode>
<CountryName>United States</CountryName>
<StateName>District of Columbia</StateName>
<CountryFlag>1</CountryFlag>
<CONGRESSDISTRICT>00</CONGRESSDISTRICT>
<CONGRESS_DISTRICT_PERF>DC00</CONGRESS_DISTRICT_PERF>
</Performance_Institution>
<ProgramElement>
<Code>1594</Code>
<Text>Hist Black Colleges and Univ</Text>
</ProgramElement>
<ProgramReference>
<Code>9178</Code>
<Text>UNDERGRADUATE EDUCATION</Text>
</ProgramReference>
<Appropriation>
<Code>0419</Code>
<Name>NSF Education &amp; Human Resource</Name>
<APP_SYMB_ID>040106</APP_SYMB_ID>
</Appropriation>
<Fund>
<Code>04001920DB</Code>
<Name><![CDATA[NSF Education & Human Resource]]></Name>
<FUND_SYMB_ID>040106</FUND_SYMB_ID>
</Fund>
<FUND_OBLG>2019~299997</FUND_OBLG>
</Award>
</rootTag>
