<?xml version="1.0" encoding="UTF-8"?>
<rootTag>
<Award>
<AwardTitle><![CDATA[RI: Medium: Collaborative Research: Towards Practical Encoderless Robotics Through Vision-Based Training and Adaptation]]></AwardTitle>
<AGENCY>NSF</AGENCY>
<AwardEffectiveDate>08/15/2019</AwardEffectiveDate>
<AwardExpirationDate>07/31/2023</AwardExpirationDate>
<AwardTotalIntnAmount>424911.00</AwardTotalIntnAmount>
<AwardAmount>424911</AwardAmount>
<AwardInstrument>
<Value>Standard Grant</Value>
</AwardInstrument>
<Organization>
<Code>05020000</Code>
<Directorate>
<Abbreviation>CSE</Abbreviation>
<LongName>Direct For Computer &amp; Info Scie &amp; Enginr</LongName>
</Directorate>
<Division>
<Abbreviation>IIS</Abbreviation>
<LongName>Div Of Information &amp; Intelligent Systems</LongName>
</Division>
</Organization>
<ProgramOfficer>
<SignBlockName>Jie Yang</SignBlockName>
<PO_EMAI>jyang@nsf.gov</PO_EMAI>
<PO_PHON>7032924768</PO_PHON>
</ProgramOfficer>
<AbstractNarration><![CDATA[As robots branch out into unstructured and dynamic human environments (such as homes, offices, and hospitals), they require a new design methodology. These robots need to be safe to operate next to humans; they are expected to handle frequent changes and uncertainties that are inherent in human environments; and they should be as inexpensive as possible to enable wide-spread dissemination. Such criteria have lead to the emergence of compliant/soft robots, 3D printed robots, and inexpensive consumer-grade hardware, all of which constitute a major shift from heavy and rigid robots with tight tolerances used in industry. Traditional measurement devices that are suitable for sensing and controlling the motion of the rigid robots, i.e. joint encoders, are incompatible or impractical for many of these new types of robot. Alternative approaches that do not rely on encoders are largely missing from robotics technology and must be developed for these novel design models. This project investigates ways of using only cameras for sensing and controlling the robot's motion. Vision-based algorithms for robotic walking, object grasping and manipulation will be derived. Such algorithms will not only enable the use of the new-wave robots in unstructured environments but will also significantly lower the cost of traditional robotic systems, and therefore, boost their dissemination for industry and educational purposes.&lt;br/&gt;&lt;br/&gt;The project will focus on utilizing vision-based estimation schemes and learning methods for acquiring both robot configuration information and task models within a framework where modeling inaccuracies and environment uncertainties are dealt with by robust visual servoing approaches. Visual observations will be used to model the relationship between actuator inputs, manipulator configuration, and task states, and they will be combined with adaptive vision-based control schemes that are robust to modeling uncertainties and disturbances. The framework will fundamentally rely on using convolutional neural networks (CNNs) to build the models from observation alone, both for a low-dimensional representation of configuration and for an image segmentation of the manipulator. Reinforcement learning methods will also be applied to assess the practicality of a modular combination of such methods with the offline learned representations to perform complex positioning and control tasks. These approaches will be evaluated in the context of within-hand manipulation, compliant surgical tool control, locomotion of a 3D-printed multi-legged robot, and force-controlled grasping and peg-insertion using a soft continuum manipulator. The contributions of our proposed work are that no prior model of a robot's configuration is needed because it is explicitly observed and inferred up-front (system identification); uncertainty affecting task performance is addressed by adapting the robot dynamics on-the-fly (model-through-confirmation); and the broad applicability of our methods will be demonstrated through application to a wide variety of platforms. Work done on this project will help to enable lower cost robotic and mechatronic hardware across a range of domains and will particularly impact the ability to control compliant and under-actuated structures.&lt;br/&gt;&lt;br/&gt;This award reflects NSF's statutory mission and has been deemed worthy of support through evaluation using the Foundation's intellectual merit and broader impacts review criteria.]]></AbstractNarration>
<MinAmdLetterDate>08/02/2019</MinAmdLetterDate>
<MaxAmdLetterDate>08/02/2019</MaxAmdLetterDate>
<ARRAAmount/>
<TRAN_TYPE>Grant</TRAN_TYPE>
<CFDA_NUM>47.070</CFDA_NUM>
<NSF_PAR_USE_FLAG>1</NSF_PAR_USE_FLAG>
<FUND_AGCY_CODE>4900</FUND_AGCY_CODE>
<AWDG_AGCY_CODE>4900</AWDG_AGCY_CODE>
<AwardID>1900952</AwardID>
<Investigator>
<FirstName>Gregory</FirstName>
<LastName>Hager</LastName>
<PI_MID_INIT>D</PI_MID_INIT>
<PI_SUFX_NAME/>
<PI_FULL_NAME>Gregory D Hager</PI_FULL_NAME>
<EmailAddress><![CDATA[hager@cs.jhu.edu]]></EmailAddress>
<NSF_ID>000385453</NSF_ID>
<StartDate>08/02/2019</StartDate>
<EndDate/>
<RoleCode>Principal Investigator</RoleCode>
</Investigator>
<Institution>
<Name><![CDATA[Johns Hopkins University]]></Name>
<CityName>BALTIMORE</CityName>
<ZipCode>212182608</ZipCode>
<PhoneNumber>4439971898</PhoneNumber>
<StreetAddress><![CDATA[3400 N CHARLES ST]]></StreetAddress>
<StreetAddress2/>
<CountryName>United States</CountryName>
<StateName>Maryland</StateName>
<StateCode>MD</StateCode>
<CONGRESSDISTRICT>07</CONGRESSDISTRICT>
<CONGRESS_DISTRICT_ORG>MD07</CONGRESS_DISTRICT_ORG>
<ORG_UEI_NUM>FTMTDMBR29C7</ORG_UEI_NUM>
<ORG_LGL_BUS_NAME>THE JOHNS HOPKINS UNIVERSITY</ORG_LGL_BUS_NAME>
<ORG_PRNT_UEI_NUM/>
</Institution>
<Performance_Institution>
<Name><![CDATA[Johns Hopkins University]]></Name>
<CityName/>
<StateCode>MD</StateCode>
<ZipCode>212182686</ZipCode>
<StreetAddress/>
<CountryCode>US</CountryCode>
<CountryName>United States</CountryName>
<StateName>Maryland</StateName>
<CountryFlag>1</CountryFlag>
<CONGRESSDISTRICT>07</CONGRESSDISTRICT>
<CONGRESS_DISTRICT_PERF>MD07</CONGRESS_DISTRICT_PERF>
</Performance_Institution>
<ProgramElement>
<Code>7495</Code>
<Text>Robust Intelligence</Text>
</ProgramElement>
<ProgramReference>
<Code>7495</Code>
<Text>ROBUST INTELLIGENCE</Text>
</ProgramReference>
<ProgramReference>
<Code>7924</Code>
<Text>MEDIUM PROJECT</Text>
</ProgramReference>
<Appropriation>
<Code>0119</Code>
<Name>NSF RESEARCH &amp; RELATED ACTIVIT</Name>
<APP_SYMB_ID>040100</APP_SYMB_ID>
</Appropriation>
<Fund>
<Code>01001920DB</Code>
<Name><![CDATA[NSF RESEARCH & RELATED ACTIVIT]]></Name>
<FUND_SYMB_ID>040100</FUND_SYMB_ID>
</Fund>
<FUND_OBLG>2019~424911</FUND_OBLG>
<POR>
<DRECONTENT><![CDATA[<div class="porColContainerWBG"> <div class="porContentCol"><p>In order to deploy robotics in real-world situations, they require an ability to perceive and interpret the physical world relative to a task to be accomplished. This project has focused on developing and understanding methods that make it practical to use machine learning to train robots to perform vision-based tasks. With the recent rapid advances in machine learning methods for computer vision, the potential for computer vision to support robotics has advanced greatly. However, there are still many key barriers before vision is a truly practical sensor for robotics, including the need for large amounts of training data, and sensitivity to changes in the data available between training and deployment. Our project has explored two general paths toward practical vision-enabled robotics that address these issues: 1) using new machine learning techniques to create simple, low-dimensional representations of the world that robots can be trained to use, and 2) using reinforcement learning (RL) methods to learn control policies that directly map images to actions.&nbsp;</p> <p>The&nbsp;<strong>Intellectual Merit</strong>&nbsp;of our work is the development of new control and machine learning methods that support a range of robotic tasks, including walking, running, object rearrangement, and manipulation. Many of these methods build on existing foundations such as PID control and mutual-information RL, thus providing a mathematical basis for performance. We combine those methods with advances in deep neural networks and machine learning to gain the flexibility and power necessary to extract signal from computer vision.</p> <p>Our results have shown that it is possible to achieve impressive gains in robot performance. In particular, we have had particular success in creating techniques that are able to train in simulation, but which can be adapted to work on real-world data. For example, we were able to show that, by learning a dynamic a keypoint-conditioned Neural Radiance Field (KP-NeRF) to capture and model scenes, we could separate the visual modeling into object appearance and object pose &ndash; the latter represented by learned keypoints. We could then learn a forward prediction model of the encoded keypoints, constructed over the keypoint representation space, and perform model-predictive control (MPC) for challenging manipulation tasks including block rearrangement and door closing. We also explored interactive approaches to adapting from simulation to real-world settings. In particular, we developed a framework that utilizes a short demonstration trajectory within the deployment environment to bridge the domain gap between simulation and the real world. We make use of the transformer architecture&rsquo;s ability to model sequential data to condition the system on this single demonstration trajectory. We were able to train the transformer to use the demonstration to adapt a controller to the target domain, and evaluated our framework on a set of environments in both simulation and on a physical UR5 robot under a sim-to-real setup. Finally, we also explored a second approach to addressing domain gap when an explicit demonstration is not possible. Our approach relies on the observation that rewards are often more resilient to domain shift than decision policies.&nbsp;&nbsp;That is, due to the nature of the sequential decision-making problem, errors made by the policy model can accumulate over the trajectory, leading to significantly worse episodic performance. However, we have found that a learned reward prediction function is able to reliably predict rewards while preserving ordering in the testing environment. Using this predicted reward, it is possible to fine-tune the policy in the new domain. Our method, Predicted Reward Fine-tuning (PRFT), improves generalization across various tasks in benchmarks, including the DeepMind Control Generalization Benchmark and the Distracting Control Suite, and outperforms baseline methods on a majority of environments.</p> <p>&nbsp;</p> <p>The&nbsp;<strong>Broader Impact</strong>&nbsp;of our work is primarily through two avenues. First, we have had the opportunity to train both graduate and master&rsquo;s students during the course of this project. These students have done industry internships and, in some cases, have gone on to industry careers, building on the work they did in this project. Second, the impact of vision-based robotics broadly is growing rapidly in the form of automated driving, the increasing use of vision-based robotics in manufacturing and in other warehouse applications. Our methods have been published in leading conferences and will be available to support those use-cases, as well as providing a basis for advances in other future research efforts.</p> <p>&nbsp;</p> <p>&nbsp;</p><br> <p>  Last Modified: 12/29/2023<br> Modified by: Gregory&nbsp;D&nbsp;Hager</p></div> <div class="porSideCol" ></div> </div>]]></DRECONTENT>
<POR_COPY_TXT><![CDATA[  In order to deploy robotics in real-world situations, they require an ability to perceive and interpret the physical world relative to a task to be accomplished. This project has focused on developing and understanding methods that make it practical to use machine learning to train robots to perform vision-based tasks. With the recent rapid advances in machine learning methods for computer vision, the potential for computer vision to support robotics has advanced greatly. However, there are still many key barriers before vision is a truly practical sensor for robotics, including the need for large amounts of training data, and sensitivity to changes in the data available between training and deployment. Our project has explored two general paths toward practical vision-enabled robotics that address these issues: 1) using new machine learning techniques to create simple, low-dimensional representations of the world that robots can be trained to use, and 2) using reinforcement learning (RL) methods to learn control policies that directly map images to actions.   TheIntellectual Meritof our work is the development of new control and machine learning methods that support a range of robotic tasks, including walking, running, object rearrangement, and manipulation. Many of these methods build on existing foundations such as PID control and mutual-information RL, thus providing a mathematical basis for performance. We combine those methods with advances in deep neural networks and machine learning to gain the flexibility and power necessary to extract signal from computer vision.   Our results have shown that it is possible to achieve impressive gains in robot performance. In particular, we have had particular success in creating techniques that are able to train in simulation, but which can be adapted to work on real-world data. For example, we were able to show that, by learning a dynamic a keypoint-conditioned Neural Radiance Field (KP-NeRF) to capture and model scenes, we could separate the visual modeling into object appearance and object pose  the latter represented by learned keypoints. We could then learn a forward prediction model of the encoded keypoints, constructed over the keypoint representation space, and perform model-predictive control (MPC) for challenging manipulation tasks including block rearrangement and door closing. We also explored interactive approaches to adapting from simulation to real-world settings. In particular, we developed a framework that utilizes a short demonstration trajectory within the deployment environment to bridge the domain gap between simulation and the real world. We make use of the transformer architectures ability to model sequential data to condition the system on this single demonstration trajectory. We were able to train the transformer to use the demonstration to adapt a controller to the target domain, and evaluated our framework on a set of environments in both simulation and on a physical UR5 robot under a sim-to-real setup. Finally, we also explored a second approach to addressing domain gap when an explicit demonstration is not possible. Our approach relies on the observation that rewards are often more resilient to domain shift than decision policies.That is, due to the nature of the sequential decision-making problem, errors made by the policy model can accumulate over the trajectory, leading to significantly worse episodic performance. However, we have found that a learned reward prediction function is able to reliably predict rewards while preserving ordering in the testing environment. Using this predicted reward, it is possible to fine-tune the policy in the new domain. Our method, Predicted Reward Fine-tuning (PRFT), improves generalization across various tasks in benchmarks, including the DeepMind Control Generalization Benchmark and the Distracting Control Suite, and outperforms baseline methods on a majority of environments.      TheBroader Impactof our work is primarily through two avenues. First, we have had the opportunity to train both graduate and masters students during the course of this project. These students have done industry internships and, in some cases, have gone on to industry careers, building on the work they did in this project. Second, the impact of vision-based robotics broadly is growing rapidly in the form of automated driving, the increasing use of vision-based robotics in manufacturing and in other warehouse applications. Our methods have been published in leading conferences and will be available to support those use-cases, as well as providing a basis for advances in other future research efforts.           Last Modified: 12/29/2023       Submitted by: GregoryDHager]]></POR_COPY_TXT>
</POR>
</Award>
</rootTag>
