<?xml version="1.0" encoding="UTF-8"?>
<rootTag>
<Award>
<AwardTitle><![CDATA[Geometric and Electronic Structure Contributions to Bond-breaking and Bond-making Reactions of Mid-valent Manganese-Oxygen Complexes]]></AwardTitle>
<AGENCY>NSF</AGENCY>
<AwardEffectiveDate>09/01/2019</AwardEffectiveDate>
<AwardExpirationDate>08/31/2023</AwardExpirationDate>
<AwardTotalIntnAmount>390000.00</AwardTotalIntnAmount>
<AwardAmount>390000</AwardAmount>
<AwardInstrument>
<Value>Standard Grant</Value>
</AwardInstrument>
<Organization>
<Code>03090000</Code>
<Directorate>
<Abbreviation>MPS</Abbreviation>
<LongName>Direct For Mathematical &amp; Physical Scien</LongName>
</Directorate>
<Division>
<Abbreviation>CHE</Abbreviation>
<LongName>Division Of Chemistry</LongName>
</Division>
</Organization>
<ProgramOfficer>
<SignBlockName>Tong Ren</SignBlockName>
<PO_EMAI>tren@nsf.gov</PO_EMAI>
<PO_PHON>7032928840</PO_PHON>
</ProgramOfficer>
<AbstractNarration><![CDATA[In many organisms, important chemical reactions, such as defense against toxic free radicals and the biosynthesis of DNA, are performed by enzymes that require the metal manganese. A thorough understanding of the functions of these enzymes requires knowledge of intermediates formed during the chemical reactions. At present, scientists have a limited understanding of how the enzyme creates an environment around the manganese center to control the reactivity of particular intermediates. In this project, Professor Timothy Jackson of the University of Kansas is using synthetic chemistry to make models of these enzyme intermediates, with the goal of understanding how particular variations to the manganese environment control chemical reactivity. The identification of principles of reactivity for these systems are required to allow scientists to both better understand the function of the manganese enzymes and to use these enzymes as inspiration to develop synthetic counterparts. Professor Jackson is also actively engaged in developing public poster projects for a General Chemistry course that serve a dual purpose of displaying student learning and increasing public scientific literacy. This project also offers unique, professional training activities by having graduate and undergraduate students participate in joint academic-industrial meetings and workshops.&lt;br/&gt;&lt;br/&gt;With funding from the Chemical Structure, Dynamics, and Mechanisms B program, Professor Timothy Jackson of the University of Kansas is elucidating foundational principles governing the bond-breaking and bond-making reactions of MnIII-hydroxo and MnIII-alkylperoxo complexes. These complexes mimic intermediates proposed in the mechanisms of various manganese-dependent enzymes, including manganese superoxide dismutase and manganese lipoxygenase. X-ray diffraction, X-ray absorption, electronic absorption, and magnetic circular dichroism methods are combined with electronic structure computations to define structural and electronic properties of MnIII-hydroxo and MnIII-alkylperoxo adducts and determine how the physical properties of these complexes are modulated by Lewis acids, hydrogen-bonds, and/ or variations in supporting ligands. The combined experimental and computational approach is employed to develop new structure-reactivity relationships for these manganese-oxygen intermediates of biological relevance. Professor Jackson is actively engaged in combining STEM education and outreach by increasing public scientific literacy through the incorporation of STEM outreach projects in a General Chemistry course, in support of the broader impacts of this project.&lt;br/&gt;&lt;br/&gt;This award reflects NSF's statutory mission and has been deemed worthy of support through evaluation using the Foundation's intellectual merit and broader impacts review criteria.]]></AbstractNarration>
<MinAmdLetterDate>07/10/2019</MinAmdLetterDate>
<MaxAmdLetterDate>07/10/2019</MaxAmdLetterDate>
<ARRAAmount/>
<TRAN_TYPE>Grant</TRAN_TYPE>
<CFDA_NUM>47.049</CFDA_NUM>
<NSF_PAR_USE_FLAG>1</NSF_PAR_USE_FLAG>
<FUND_AGCY_CODE>4900</FUND_AGCY_CODE>
<AWDG_AGCY_CODE>4900</AWDG_AGCY_CODE>
<AwardID>1900384</AwardID>
<Investigator>
<FirstName>Timothy</FirstName>
<LastName>Jackson</LastName>
<PI_MID_INIT/>
<PI_SUFX_NAME/>
<PI_FULL_NAME>Timothy Jackson</PI_FULL_NAME>
<EmailAddress><![CDATA[taj@ku.edu]]></EmailAddress>
<NSF_ID>000333213</NSF_ID>
<StartDate>07/10/2019</StartDate>
<EndDate/>
<RoleCode>Principal Investigator</RoleCode>
</Investigator>
<Institution>
<Name><![CDATA[University of Kansas Center for Research Inc]]></Name>
<CityName>LAWRENCE</CityName>
<ZipCode>660457552</ZipCode>
<PhoneNumber>7858643441</PhoneNumber>
<StreetAddress><![CDATA[2385 IRVING HILL RD]]></StreetAddress>
<StreetAddress2/>
<CountryName>United States</CountryName>
<StateName>Kansas</StateName>
<StateCode>KS</StateCode>
<CONGRESSDISTRICT>01</CONGRESSDISTRICT>
<CONGRESS_DISTRICT_ORG>KS01</CONGRESS_DISTRICT_ORG>
<ORG_UEI_NUM>SSUJB3GSH8A5</ORG_UEI_NUM>
<ORG_LGL_BUS_NAME>UNIVERSITY OF KANSAS CENTER FOR RESEARCH INC</ORG_LGL_BUS_NAME>
<ORG_PRNT_UEI_NUM/>
</Institution>
<Performance_Institution>
<Name><![CDATA[University of Kansas Center for Research, Inc.]]></Name>
<CityName>Lawrence</CityName>
<StateCode>KS</StateCode>
<ZipCode>660457568</ZipCode>
<StreetAddress><![CDATA[2385 Irving Hill Road]]></StreetAddress>
<CountryCode>US</CountryCode>
<CountryName>United States</CountryName>
<StateName>Kansas</StateName>
<CountryFlag>1</CountryFlag>
<CONGRESSDISTRICT>01</CONGRESSDISTRICT>
<CONGRESS_DISTRICT_PERF>KS01</CONGRESS_DISTRICT_PERF>
</Performance_Institution>
<ProgramElement>
<Code>9102</Code>
<Text>Chem Struct,Dynmcs&amp;Mechansms B</Text>
</ProgramElement>
<ProgramReference>
<Code>9150</Code>
<Text>EXP PROG TO STIM COMP RES</Text>
</ProgramReference>
<Appropriation>
<Code>0119</Code>
<Name>NSF RESEARCH &amp; RELATED ACTIVIT</Name>
<APP_SYMB_ID>040100</APP_SYMB_ID>
</Appropriation>
<Fund>
<Code>01001920DB</Code>
<Name><![CDATA[NSF RESEARCH & RELATED ACTIVIT]]></Name>
<FUND_SYMB_ID>040100</FUND_SYMB_ID>
</Fund>
<FUND_OBLG>2019~390000</FUND_OBLG>
<POR>
<DRECONTENT><![CDATA[<div class="porColContainerWBG"> <div class="porContentCol"><p>The major goals of this project were to obtain new insight into the structural and electronic factors that control the breaking and making of bonds for manganese-hydroxo and manganese-alkylperoxo complexes. These types of manganese-oxygen species are proposed as intermediates in manganese-dependent enzymes and small-molecular catalysts. For example, the human enzyme manganese superoxide dismutase and the enzyme manganese-lipoxygenase, the latter of which is found in fungi that are pathogenic to plants, both utilize an active-site manganese-hydroxo complex to mediate proton-electron transfer reactions. Several synthetic catalysts feature manganese-alkylperoxo complexes as an important intermediate. An understanding of the reactions of models of these intermediates has the potential to advance understanding of enzymes relevant to human health and flourishing and to contribute to the design of more sustainable catalysts.</p> <p>In this project, we determined the effects of Lewis acids and hydrogen bonds on the reactivity of manganese-hydroxo complexes. A combination of experimental and quantum chemical methods revealed that perturbations to the local environment of the hydroxo ligand, either by protonation or hydrogen bonding, can greatly enhance reactivity in proton-electron transfer reactions. This result revealed the important roles for hydrogen bonds and Lewis acids in enzyme active sites. We also generated and characterized an unusual manganese-alkylperoxo complex that is stable at room temperature yet also reacts with substrates. These results will be helpful to scientists developing new manganese catalysts, as the work revealed that the stability and the reactivity of manganese-alkylperoxo complexes can be tuned independently. In collaborative studies, we utilized unique spectroscopic and computational methods to characterize earth-abundant transition metals with unusual oxidation states, such as low oxidation state titanium complexes. This work created new knowledge that could be used by scientists seeking to develop new reactions using metals in these novel oxidation states.</p> <p>The experimental and computational work performed in this project provided outstanding training opportunities for both graduate and undergraduate students. Students communicated their work at professional conferences and contributed to peer-reviewed publications. Graduate students served as mentors to undergraduate students, thus aiding in their development as scientists. Two of the graduate students supported by this project received their Ph.D. degrees.</p><br> <p>  Last Modified: 11/28/2023<br> Modified by: Timothy&nbsp;Jackson</p></div> <div class="porSideCol" ></div> </div>]]></DRECONTENT>
<POR_COPY_TXT><![CDATA[  The major goals of this project were to obtain new insight into the structural and electronic factors that control the breaking and making of bonds for manganese-hydroxo and manganese-alkylperoxo complexes. These types of manganese-oxygen species are proposed as intermediates in manganese-dependent enzymes and small-molecular catalysts. For example, the human enzyme manganese superoxide dismutase and the enzyme manganese-lipoxygenase, the latter of which is found in fungi that are pathogenic to plants, both utilize an active-site manganese-hydroxo complex to mediate proton-electron transfer reactions. Several synthetic catalysts feature manganese-alkylperoxo complexes as an important intermediate. An understanding of the reactions of models of these intermediates has the potential to advance understanding of enzymes relevant to human health and flourishing and to contribute to the design of more sustainable catalysts.   In this project, we determined the effects of Lewis acids and hydrogen bonds on the reactivity of manganese-hydroxo complexes. A combination of experimental and quantum chemical methods revealed that perturbations to the local environment of the hydroxo ligand, either by protonation or hydrogen bonding, can greatly enhance reactivity in proton-electron transfer reactions. This result revealed the important roles for hydrogen bonds and Lewis acids in enzyme active sites. We also generated and characterized an unusual manganese-alkylperoxo complex that is stable at room temperature yet also reacts with substrates. These results will be helpful to scientists developing new manganese catalysts, as the work revealed that the stability and the reactivity of manganese-alkylperoxo complexes can be tuned independently. In collaborative studies, we utilized unique spectroscopic and computational methods to characterize earth-abundant transition metals with unusual oxidation states, such as low oxidation state titanium complexes. This work created new knowledge that could be used by scientists seeking to develop new reactions using metals in these novel oxidation states.   The experimental and computational work performed in this project provided outstanding training opportunities for both graduate and undergraduate students. Students communicated their work at professional conferences and contributed to peer-reviewed publications. Graduate students served as mentors to undergraduate students, thus aiding in their development as scientists. Two of the graduate students supported by this project received their Ph.D. degrees.     Last Modified: 11/28/2023       Submitted by: TimothyJackson]]></POR_COPY_TXT>
</POR>
</Award>
</rootTag>
