<?xml version="1.0" encoding="UTF-8"?>
<rootTag>
<Award>
<AwardTitle><![CDATA[Fragment Embedding for Photochemical Electronic Structure Simulations]]></AwardTitle>
<AGENCY>NSF</AGENCY>
<AwardEffectiveDate>06/01/2019</AwardEffectiveDate>
<AwardExpirationDate>05/31/2022</AwardExpirationDate>
<AwardTotalIntnAmount>510000.00</AwardTotalIntnAmount>
<AwardAmount>510000</AwardAmount>
<AwardInstrument>
<Value>Continuing Grant</Value>
</AwardInstrument>
<Organization>
<Code>03090000</Code>
<Directorate>
<Abbreviation>MPS</Abbreviation>
<LongName>Direct For Mathematical &amp; Physical Scien</LongName>
</Directorate>
<Division>
<Abbreviation>CHE</Abbreviation>
<LongName>Division Of Chemistry</LongName>
</Division>
</Organization>
<ProgramOfficer>
<SignBlockName>Richard Dawes</SignBlockName>
<PO_EMAI>rdawes@nsf.gov</PO_EMAI>
<PO_PHON>7032927486</PO_PHON>
</ProgramOfficer>
<AbstractNarration><![CDATA[Professor Troy Van Voorhis of Massachusetts Institute of Technology is supported by an award from the Chemical Theory, Models and Computational Methods Program in the Division of Chemistry.  At a microscopic level, chemical reactions determine how long light emitting diodes (LEDs), solar cells, and batteries will last. Recently it has become possible - and even routine - to make predictions about useful lifetimes using computer simulations.  These simulations complement experiments by providing insight into properties that might difficult to measure directly.  This project considers the use of embedding computer methods that may make it possible to simulate much larger systems with much higher accuracy than ever before. The fundamental idea of embedding involves breaking a large system up into many small, overlapping fragments that can then be stitched back together to describe the whole. The Van Voorhis group uses these embedding tools to study the photochemistry of molecules relevant to emerging organic light emitting device (OLED) and solar cell technologies.  Professor Van Voorhis is the departmental coordinator of MIT ACCESS - a joint program between Chemistry, Chemical Engineering and Materials Science that invites a select group of underrepresented minority undergraduate students to visit MIT for a weekend during the academic year. The primary aim is to encourage the students to consider graduate school in chemistry. Professor Van Voorhis also empowers and equips graduate students within his group to introduce K-12 students to the beauty and power of science. Graduate and undergraduate students involved in this award are encouraged to participate in the MIT chemistry "Magic Show" that performs at local schools; the Research Communication Laboratory that trains graduate students to communicate scientific concepts to K-12 students; MIT Women in Chemistry's "Scientist for a Day" middle school camp; and the MIT museum's "Science on Saturdays" program that targets children and families. &lt;br/&gt;&lt;br/&gt;The Van Voorhis group is developing transformative electronic structure methods in which fragments are the fundamental building blocks. The goal is to create new tools that are both faster and more accurate than state-of-the-art approximations, facilitating chemical simulations that were previously inaccessible. As a starting point, they  develop a family of fragment embedding theories based on the Bootstrap Embedding method.  The key realization is that wave function embedding allows one to combine overlapping orbital fragments in a robust way. The resulting theory circumvents the scaling challenges inherent in most wave function theories by only requiring calculations on very small fragments, which are ultimately combined to obtain a picture of the entire system. Improvements are accomplished by dressing these embedding methods with dynamic correlation using the many pair expansion (MPE). Finally, these techniques are extended to excited states using a novel strategy that identifies such states as local minima of the energy variance.  As a signature application of these tools, the Van Voorhis Group studies the energetics and dynamics of triplet excitons in molecules relevant to emerging OLED and solar cell technologies.&lt;br/&gt;&lt;br/&gt;This award reflects NSF's statutory mission and has been deemed worthy of support through evaluation using the Foundation's intellectual merit and broader impacts review criteria.]]></AbstractNarration>
<MinAmdLetterDate>04/29/2019</MinAmdLetterDate>
<MaxAmdLetterDate>08/08/2020</MaxAmdLetterDate>
<ARRAAmount/>
<TRAN_TYPE>Grant</TRAN_TYPE>
<CFDA_NUM>47.049</CFDA_NUM>
<NSF_PAR_USE_FLAG>1</NSF_PAR_USE_FLAG>
<FUND_AGCY_CODE>4900</FUND_AGCY_CODE>
<AWDG_AGCY_CODE>4900</AWDG_AGCY_CODE>
<AwardID>1900358</AwardID>
<Investigator>
<FirstName>Troy</FirstName>
<LastName>Van Voorhis</LastName>
<PI_MID_INIT/>
<PI_SUFX_NAME/>
<PI_FULL_NAME>Troy Van Voorhis</PI_FULL_NAME>
<EmailAddress><![CDATA[tvan@MIT.EDU]]></EmailAddress>
<NSF_ID>000270024</NSF_ID>
<StartDate>04/29/2019</StartDate>
<EndDate/>
<RoleCode>Principal Investigator</RoleCode>
</Investigator>
<Institution>
<Name><![CDATA[Massachusetts Institute of Technology]]></Name>
<CityName>CAMBRIDGE</CityName>
<ZipCode>021394301</ZipCode>
<PhoneNumber>6172531000</PhoneNumber>
<StreetAddress><![CDATA[77 MASSACHUSETTS AVE]]></StreetAddress>
<StreetAddress2/>
<CountryName>United States</CountryName>
<StateName>Massachusetts</StateName>
<StateCode>MA</StateCode>
<CONGRESSDISTRICT>07</CONGRESSDISTRICT>
<CONGRESS_DISTRICT_ORG>MA07</CONGRESS_DISTRICT_ORG>
<ORG_UEI_NUM>E2NYLCDML6V1</ORG_UEI_NUM>
<ORG_LGL_BUS_NAME>MASSACHUSETTS INSTITUTE OF TECHNOLOGY</ORG_LGL_BUS_NAME>
<ORG_PRNT_UEI_NUM>E2NYLCDML6V1</ORG_PRNT_UEI_NUM>
</Institution>
<Performance_Institution>
<Name><![CDATA[Massachusetts Institute of Technology]]></Name>
<CityName/>
<StateCode>MA</StateCode>
<ZipCode>021394301</ZipCode>
<StreetAddress/>
<CountryCode>US</CountryCode>
<CountryName>United States</CountryName>
<StateName>Massachusetts</StateName>
<CountryFlag>1</CountryFlag>
<CONGRESSDISTRICT>07</CONGRESSDISTRICT>
<CONGRESS_DISTRICT_PERF>MA07</CONGRESS_DISTRICT_PERF>
</Performance_Institution>
<ProgramElement>
<Code>6881</Code>
<Text>Chem Thry, Mdls &amp; Cmptnl Mthds</Text>
</ProgramElement>
<ProgramReference>
<Code>8084</Code>
<Text>CDS&amp;E</Text>
</ProgramReference>
<ProgramReference>
<Code>8396</Code>
<Text>Clean Energy Technology</Text>
</ProgramReference>
<ProgramReference>
<Code>8399</Code>
<Text>Energy Storage or Transmission</Text>
</ProgramReference>
<ProgramReference>
<Code>8607</Code>
<Text>Solar Energy Capture&amp;Conver</Text>
</ProgramReference>
<ProgramReference>
<Code>9216</Code>
<Text>ADVANCED SOFTWARE TECH &amp; ALGOR</Text>
</ProgramReference>
<ProgramReference>
<Code>9263</Code>
<Text>COMPUTATIONAL SCIENCE &amp; ENGING</Text>
</ProgramReference>
<Appropriation>
<Code>0119</Code>
<Name>NSF RESEARCH &amp; RELATED ACTIVIT</Name>
<APP_SYMB_ID>040100</APP_SYMB_ID>
</Appropriation>
<Appropriation>
<Code>0120</Code>
<Name>NSF RESEARCH &amp; RELATED ACTIVIT</Name>
<APP_SYMB_ID>040100</APP_SYMB_ID>
</Appropriation>
<Fund>
<Code>01001920DB</Code>
<Name><![CDATA[NSF RESEARCH & RELATED ACTIVIT]]></Name>
<FUND_SYMB_ID>040100</FUND_SYMB_ID>
</Fund>
<Fund>
<Code>01002021DB</Code>
<Name><![CDATA[NSF RESEARCH & RELATED ACTIVIT]]></Name>
<FUND_SYMB_ID>040100</FUND_SYMB_ID>
</Fund>
<FUND_OBLG>2019~340000</FUND_OBLG>
<FUND_OBLG>2020~170000</FUND_OBLG>
<POR>
<DRECONTENT><![CDATA[<div class="porColContainerWBG"> <div class="porContentCol"><p>The primary intellectual contribution of this proposal was the development an application of a novel quantum embedding algorithm (Bootstrap Embedding, BE) for molecules and solids. BE allows a large molecule or solid to be chopped up into many small, overlapping fragments in such a way that results on those fragments can be efficiently combined to predict properties of the entire system. We were able to implement BE for molecules containing hundreds of atoms, recovering 99.5% of the total correlation energy at a fraction of the cost of traditional methods. Further, we were able to demonstrate that BE is effective at describing electronic excited states and ionization energies. BE plays a particularly important role in the simulation of solids, where the fragment-based framework allows non-periodic codes to be applied to systems that are, in fact, periodic. We are actively pursuing extensions of BE that will allow it to be effective in simulating electrochemistry and the optical spectra of molecules, nanosystems, and solids.</p> <p>In a broader sense, this proposal contributed to the development of various initiatives intended to make advanced science education more accessible to underserved populations through the implementation of programs at the undergraduate, graduate and post-graduate levels aimed at recruiting and retaining the best scientific talent from a range of backgrounds.</p> <p>&nbsp;</p><br> <p>            Last Modified: 06/17/2023<br>      Modified by: Troy&nbsp;Van Voorhis</p> </div> <div class="porSideCol"></div> </div>]]></DRECONTENT>
<POR_COPY_TXT><![CDATA[ The primary intellectual contribution of this proposal was the development an application of a novel quantum embedding algorithm (Bootstrap Embedding, BE) for molecules and solids. BE allows a large molecule or solid to be chopped up into many small, overlapping fragments in such a way that results on those fragments can be efficiently combined to predict properties of the entire system. We were able to implement BE for molecules containing hundreds of atoms, recovering 99.5% of the total correlation energy at a fraction of the cost of traditional methods. Further, we were able to demonstrate that BE is effective at describing electronic excited states and ionization energies. BE plays a particularly important role in the simulation of solids, where the fragment-based framework allows non-periodic codes to be applied to systems that are, in fact, periodic. We are actively pursuing extensions of BE that will allow it to be effective in simulating electrochemistry and the optical spectra of molecules, nanosystems, and solids.  In a broader sense, this proposal contributed to the development of various initiatives intended to make advanced science education more accessible to underserved populations through the implementation of programs at the undergraduate, graduate and post-graduate levels aimed at recruiting and retaining the best scientific talent from a range of backgrounds.          Last Modified: 06/17/2023       Submitted by: Troy Van Voorhis]]></POR_COPY_TXT>
</POR>
</Award>
</rootTag>
