<?xml version="1.0" encoding="UTF-8"?>
<rootTag>
<Award>
<AwardTitle><![CDATA[CNS Core: III: Medium: Collaborative Research: Optimizing and Understanding Large Parameter Spaces in Storage Systems]]></AwardTitle>
<AGENCY>NSF</AGENCY>
<AwardEffectiveDate>10/01/2019</AwardEffectiveDate>
<AwardExpirationDate>09/30/2024</AwardExpirationDate>
<AwardTotalIntnAmount>823142.00</AwardTotalIntnAmount>
<AwardAmount>847142</AwardAmount>
<AwardInstrument>
<Value>Continuing Grant</Value>
</AwardInstrument>
<Organization>
<Code>05050000</Code>
<Directorate>
<Abbreviation>CSE</Abbreviation>
<LongName>Direct For Computer &amp; Info Scie &amp; Enginr</LongName>
</Directorate>
<Division>
<Abbreviation>CNS</Abbreviation>
<LongName>Division Of Computer and Network Systems</LongName>
</Division>
</Organization>
<ProgramOfficer>
<SignBlockName>Jason Hallstrom</SignBlockName>
<PO_EMAI>jhallstr@nsf.gov</PO_EMAI>
<PO_PHON>7032920000</PO_PHON>
</ProgramOfficer>
<AbstractNarration><![CDATA[Computer systems contain software which is becoming increasingly complex.  Complex software often includes many configurable parameters or knobs that can be adjusted to adjust performance and energy consumption.  As an example, a smartphone's settings include many on/off features and "sliders" one can adjust; but trying all the possible combinations to improve performance and reduce battery consumption is very time consuming.  This project aims to optimize computer systems by (1) automatically exploring many parameter combinations and (2) helping humans see visual indications of how these parameters work and better understand complex systems.&lt;br/&gt;&lt;br/&gt;This project will: (1) develop techniques to optimize storage systems, because they are the slowest part of any computer; (2) combine features from existing optimization and machine learning techniques; (3) improve the search for optimal settings by deciding when to stop and restart searching as well as considering the cost of changing system settings; (4) develop human driven visual techniques to explore extremely large sets of option combinations to better understand them and further direct the optimization process; and (5) evaluate all these techniques on real world storage systems.&lt;br/&gt;&lt;br/&gt;Computer storage systems are so complex that no human can fully optimize them, particularly when circumstances change.  This project will help automate the optimization of storage systems, improving their performance and energy use; advance the state of the art in hybrid optimization and machine learning techniques; develop and release interactive visualization systems that let humans understand, view, and direct a search process to promising directions; train and educate graduate and undergraduate students; and produce results that are applicable to other computer system optimization problems.&lt;br/&gt;&lt;br/&gt;The project's artifacts such as software, source code, data sets, and results are part of a system called "Spectra".  These artifacts will be made public through the project Website: https://www.filesystems.org/spectra. Results will be disseminated in peer-reviewed publications and on arxiv.org.   The data will be maintained for at least ten years following the end of the project.&lt;br/&gt;&lt;br/&gt;This award reflects NSF's statutory mission and has been deemed worthy of support through evaluation using the Foundation's intellectual merit and broader impacts review criteria.]]></AbstractNarration>
<MinAmdLetterDate>07/12/2019</MinAmdLetterDate>
<MaxAmdLetterDate>08/15/2022</MaxAmdLetterDate>
<ARRAAmount/>
<TRAN_TYPE>Grant</TRAN_TYPE>
<CFDA_NUM>47.070</CFDA_NUM>
<NSF_PAR_USE_FLAG>1</NSF_PAR_USE_FLAG>
<FUND_AGCY_CODE>4900</FUND_AGCY_CODE>
<AWDG_AGCY_CODE>4900</AWDG_AGCY_CODE>
<AwardID>1900706</AwardID>
<Investigator>
<FirstName>Erez</FirstName>
<LastName>Zadok</LastName>
<PI_MID_INIT/>
<PI_SUFX_NAME/>
<PI_FULL_NAME>Erez Zadok</PI_FULL_NAME>
<EmailAddress><![CDATA[ezk@cs.stonybrook.edu]]></EmailAddress>
<NSF_ID>000182603</NSF_ID>
<StartDate>07/12/2019</StartDate>
<EndDate/>
<RoleCode>Principal Investigator</RoleCode>
</Investigator>
<Investigator>
<FirstName>Klaus</FirstName>
<LastName>Mueller</LastName>
<PI_MID_INIT/>
<PI_SUFX_NAME/>
<PI_FULL_NAME>Klaus Mueller</PI_FULL_NAME>
<EmailAddress><![CDATA[mueller@cs.stonybrook.edu]]></EmailAddress>
<NSF_ID>000735898</NSF_ID>
<StartDate>07/12/2019</StartDate>
<EndDate/>
<RoleCode>Co-Principal Investigator</RoleCode>
</Investigator>
<Institution>
<Name><![CDATA[SUNY at Stony Brook]]></Name>
<CityName>STONY BROOK</CityName>
<ZipCode>117940001</ZipCode>
<PhoneNumber>6316329949</PhoneNumber>
<StreetAddress><![CDATA[W5510 FRANKS MELVILLE MEMORIAL L]]></StreetAddress>
<StreetAddress2/>
<CountryName>United States</CountryName>
<StateName>New York</StateName>
<StateCode>NY</StateCode>
<CONGRESSDISTRICT>01</CONGRESSDISTRICT>
<CONGRESS_DISTRICT_ORG>NY01</CONGRESS_DISTRICT_ORG>
<ORG_UEI_NUM>M746VC6XMNH9</ORG_UEI_NUM>
<ORG_LGL_BUS_NAME>THE RESEARCH FOUNDATION FOR THE STATE UNIVERSITY OF NEW YORK</ORG_LGL_BUS_NAME>
<ORG_PRNT_UEI_NUM/>
</Institution>
<Performance_Institution>
<Name><![CDATA[SUNY at Stony Brook]]></Name>
<CityName/>
<StateCode>NY</StateCode>
<ZipCode>117944400</ZipCode>
<StreetAddress/>
<CountryCode>US</CountryCode>
<CountryName>United States</CountryName>
<StateName>New York</StateName>
<CountryFlag>1</CountryFlag>
<CONGRESSDISTRICT>01</CONGRESSDISTRICT>
<CONGRESS_DISTRICT_PERF>NY01</CONGRESS_DISTRICT_PERF>
</Performance_Institution>
<ProgramElement>
<Code>1714</Code>
<Text>Special Projects - CNS</Text>
</ProgramElement>
<ProgramElement>
<Code>7354</Code>
<Text>CSR-Computer Systems Research</Text>
</ProgramElement>
<ProgramReference>
<Code>7354</Code>
<Text>COMPUTER SYSTEMS</Text>
</ProgramReference>
<ProgramReference>
<Code>7924</Code>
<Text>MEDIUM PROJECT</Text>
</ProgramReference>
<ProgramReference>
<Code>9251</Code>
<Text>REU SUPP-Res Exp for Ugrd Supp</Text>
</ProgramReference>
<Appropriation>
<Code/>
<Name/>
<APP_SYMB_ID/>
</Appropriation>
<Appropriation>
<Code>0119</Code>
<Name>NSF RESEARCH &amp; RELATED ACTIVIT</Name>
<APP_SYMB_ID>040100</APP_SYMB_ID>
</Appropriation>
<Appropriation>
<Code>0120</Code>
<Name>NSF RESEARCH &amp; RELATED ACTIVIT</Name>
<APP_SYMB_ID>040100</APP_SYMB_ID>
</Appropriation>
<Appropriation>
<Code>0121</Code>
<Name>NSF RESEARCH &amp; RELATED ACTIVIT</Name>
<APP_SYMB_ID>040100</APP_SYMB_ID>
</Appropriation>
<Appropriation>
<Code>0122</Code>
<Name>NSF RESEARCH &amp; RELATED ACTIVIT</Name>
<APP_SYMB_ID>040100</APP_SYMB_ID>
</Appropriation>
<Fund>
<Code>01002223DB</Code>
<Name><![CDATA[NSF RESEARCH & RELATED ACTIVIT]]></Name>
<FUND_SYMB_ID>040100</FUND_SYMB_ID>
</Fund>
<Fund>
<Code>01001920DB</Code>
<Name><![CDATA[NSF RESEARCH & RELATED ACTIVIT]]></Name>
<FUND_SYMB_ID>040100</FUND_SYMB_ID>
</Fund>
<Fund>
<Code>01002021DB</Code>
<Name><![CDATA[NSF RESEARCH & RELATED ACTIVIT]]></Name>
<FUND_SYMB_ID>040100</FUND_SYMB_ID>
</Fund>
<Fund>
<Code>01002122DB</Code>
<Name><![CDATA[NSF RESEARCH & RELATED ACTIVIT]]></Name>
<FUND_SYMB_ID>040100</FUND_SYMB_ID>
</Fund>
<Fund>
<Code>01002223DB</Code>
<Name><![CDATA[NSF RESEARCH & RELATED ACTIVIT]]></Name>
<FUND_SYMB_ID>040100</FUND_SYMB_ID>
</Fund>
<FUND_OBLG>2019~403787</FUND_OBLG>
<FUND_OBLG>2020~8000</FUND_OBLG>
<FUND_OBLG>2021~207029</FUND_OBLG>
<FUND_OBLG>2022~228326</FUND_OBLG>
</Award>
</rootTag>
