<?xml version="1.0" encoding="UTF-8"?>
<rootTag>
<Award>
<AwardTitle><![CDATA[Collaborative Research: Investigating Photoinduced Charge Transfer Dynamics Across Molecule-Nanocrystal Interfaces]]></AwardTitle>
<AGENCY>NSF</AGENCY>
<AwardEffectiveDate>08/15/2019</AwardEffectiveDate>
<AwardExpirationDate>07/31/2023</AwardExpirationDate>
<AwardTotalIntnAmount>416000.00</AwardTotalIntnAmount>
<AwardAmount>430455</AwardAmount>
<AwardInstrument>
<Value>Standard Grant</Value>
</AwardInstrument>
<Organization>
<Code>03090000</Code>
<Directorate>
<Abbreviation>MPS</Abbreviation>
<LongName>Direct For Mathematical &amp; Physical Scien</LongName>
</Directorate>
<Division>
<Abbreviation>CHE</Abbreviation>
<LongName>Division Of Chemistry</LongName>
</Division>
</Organization>
<ProgramOfficer>
<SignBlockName>Colby Foss</SignBlockName>
<PO_EMAI>cfoss@nsf.gov</PO_EMAI>
<PO_PHON>7032925327</PO_PHON>
</ProgramOfficer>
<AbstractNarration><![CDATA[Plants use sunlight to convert carbon dioxide into energy rich sugar molecules, in a process known as photosynthesis. The development of artificial photosynthetic systems that could use sunlight to make fuels such as alcohol from carbon dioxide and hydrogen from water would have enormous societal benefit. However, the chemical reactions are complicated and involve multiple electron transfer steps and connecting these steps with the absorption of light remains a challenge. With support from the Chemical Structure, Dynamics and Mechanisms A and Macromolecular, Supramolecular and Nanochemistry programs in the Division of Chemistry, Professors David McCamant, Pengfei Huo, and Kathryn Knowles at University of Rochester are teaming up with Professors Luis Velarde and David Watson at the University at Buffalo, State University of New York and Kacie Liwosz at D'Youville College to study light-induced electron transfer reactions between dye molecules and semiconductor nanoparticles. Working with their students, they grow nanoparticles composed of common minerals such as titanium dioxide and iron oxide and coat them with organic dyes. They then combine sophisticated laser spectroscopies with computer modeling to characterize the electron transfer process that occur when the dye molecules absorb light.  In addition to training the next generation of scientists, the team is also running educational workshops in Upward Bound summer schools for high-school students with disadvantaged backgrounds.  The summer workshops inspire students' curiosity and enthusiasm about renewable energy and chemistry, as well as encourage them to pursue higher education in STEM fields. &lt;br/&gt;&lt;br/&gt;Photoinduced interfacial charge transfer is a fundamental process underlying the conversion of solar energy to chemical energy and is particularly important in photocatalytic fuel-forming reactions. Detailed knowledge of the conformation and electronic structure of the ground, photoexcited, and charge separated states of molecular species bound to semiconductor surfaces is critical to a mechanistic understanding of the dynamics of such charge transfer reactions. The project combines interdisciplinary expertise in time-resolved electronic and vibrational spectroscopy, sum-frequency generation spectroscopy, quantum dynamics simulation, and the fabrication and characterization of nanostructured semiconductors. These tools are being applied to three important areas relating to interfacial charge transfer: (i) the role of molecular structure in mediating relaxation and energy transfer pathways that precede interfacial charge transfer, (ii) structure-function relationships between the morphology of wide band-gap p-type semiconductors and hole injection from surface-bound molecular sensitizers, and (iii) structure-function relationships between the morphology of narrow band gap semiconductors and charge transfer to surface-bound molecular hole and electron acceptors, such as catalysts for fuel production. Fundamental mechanistic insights generated by this work could enable the rational design of semiconductor/molecule partner systems with improved performance in photocatalytic generation of fuels from sunlight.&lt;br/&gt;&lt;br/&gt;This award reflects NSF's statutory mission and has been deemed worthy of support through evaluation using the Foundation's intellectual merit and broader impacts review criteria.]]></AbstractNarration>
<MinAmdLetterDate>07/09/2019</MinAmdLetterDate>
<MaxAmdLetterDate>07/09/2020</MaxAmdLetterDate>
<ARRAAmount/>
<TRAN_TYPE>Grant</TRAN_TYPE>
<CFDA_NUM>47.049</CFDA_NUM>
<NSF_PAR_USE_FLAG>1</NSF_PAR_USE_FLAG>
<FUND_AGCY_CODE>4900</FUND_AGCY_CODE>
<AWDG_AGCY_CODE>4900</AWDG_AGCY_CODE>
<AwardID>1900125</AwardID>
<Investigator>
<FirstName>David</FirstName>
<LastName>McCamant</LastName>
<PI_MID_INIT>W</PI_MID_INIT>
<PI_SUFX_NAME/>
<PI_FULL_NAME>David W McCamant</PI_FULL_NAME>
<EmailAddress><![CDATA[mccamant@chem.rochester.edu]]></EmailAddress>
<NSF_ID>000506518</NSF_ID>
<StartDate>07/09/2019</StartDate>
<EndDate/>
<RoleCode>Principal Investigator</RoleCode>
</Investigator>
<Investigator>
<FirstName>Kathryn</FirstName>
<LastName>Knowles</LastName>
<PI_MID_INIT>E</PI_MID_INIT>
<PI_SUFX_NAME/>
<PI_FULL_NAME>Kathryn E Knowles</PI_FULL_NAME>
<EmailAddress><![CDATA[kknowles@ur.rochester.edu]]></EmailAddress>
<NSF_ID>000633218</NSF_ID>
<StartDate>07/09/2019</StartDate>
<EndDate/>
<RoleCode>Co-Principal Investigator</RoleCode>
</Investigator>
<Investigator>
<FirstName>Pengfei</FirstName>
<LastName>Huo</LastName>
<PI_MID_INIT/>
<PI_SUFX_NAME/>
<PI_FULL_NAME>Pengfei Huo</PI_FULL_NAME>
<EmailAddress><![CDATA[huo@chem.rochester.edu]]></EmailAddress>
<NSF_ID>000753558</NSF_ID>
<StartDate>07/09/2019</StartDate>
<EndDate/>
<RoleCode>Co-Principal Investigator</RoleCode>
</Investigator>
<Institution>
<Name><![CDATA[University of Rochester]]></Name>
<CityName>ROCHESTER</CityName>
<ZipCode>146113847</ZipCode>
<PhoneNumber>5852754031</PhoneNumber>
<StreetAddress><![CDATA[910 GENESEE ST]]></StreetAddress>
<StreetAddress2><![CDATA[STE 200]]></StreetAddress2>
<CountryName>United States</CountryName>
<StateName>New York</StateName>
<StateCode>NY</StateCode>
<CONGRESSDISTRICT>25</CONGRESSDISTRICT>
<CONGRESS_DISTRICT_ORG>NY25</CONGRESS_DISTRICT_ORG>
<ORG_UEI_NUM>F27KDXZMF9Y8</ORG_UEI_NUM>
<ORG_LGL_BUS_NAME>UNIVERSITY OF ROCHESTER</ORG_LGL_BUS_NAME>
<ORG_PRNT_UEI_NUM/>
</Institution>
<Performance_Institution>
<Name><![CDATA[University of Rochester]]></Name>
<CityName>Rochester</CityName>
<StateCode>NY</StateCode>
<ZipCode>146270140</ZipCode>
<StreetAddress><![CDATA[518 Hylan Building]]></StreetAddress>
<CountryCode>US</CountryCode>
<CountryName>United States</CountryName>
<StateName>New York</StateName>
<CountryFlag>1</CountryFlag>
<CONGRESSDISTRICT>25</CONGRESSDISTRICT>
<CONGRESS_DISTRICT_PERF>NY25</CONGRESS_DISTRICT_PERF>
</Performance_Institution>
<ProgramElement>
<Code>6885</Code>
<Text>Macromolec/Supramolec/Nano</Text>
</ProgramElement>
<ProgramElement>
<Code>9101</Code>
<Text>Chem Struct,Dynmcs&amp;Mechansms A</Text>
</ProgramElement>
<ProgramReference>
<Code>7237</Code>
<Text>NANO NON-SOLIC SCI &amp; ENG AWD</Text>
</ProgramReference>
<ProgramReference>
<Code>8396</Code>
<Text>Clean Energy Technology</Text>
</ProgramReference>
<ProgramReference>
<Code>8607</Code>
<Text>Solar Energy Capture&amp;Conver</Text>
</ProgramReference>
<ProgramReference>
<Code>9263</Code>
<Text>COMPUTATIONAL SCIENCE &amp; ENGING</Text>
</ProgramReference>
<Appropriation>
<Code>0119</Code>
<Name>NSF RESEARCH &amp; RELATED ACTIVIT</Name>
<APP_SYMB_ID>040100</APP_SYMB_ID>
</Appropriation>
<Appropriation>
<Code>0120</Code>
<Name>NSF RESEARCH &amp; RELATED ACTIVIT</Name>
<APP_SYMB_ID>040100</APP_SYMB_ID>
</Appropriation>
<Fund>
<Code>01001920DB</Code>
<Name><![CDATA[NSF RESEARCH & RELATED ACTIVIT]]></Name>
<FUND_SYMB_ID>040100</FUND_SYMB_ID>
</Fund>
<Fund>
<Code>01002021DB</Code>
<Name><![CDATA[NSF RESEARCH & RELATED ACTIVIT]]></Name>
<FUND_SYMB_ID>040100</FUND_SYMB_ID>
</Fund>
<FUND_OBLG>2019~416000</FUND_OBLG>
<FUND_OBLG>2020~14455</FUND_OBLG>
<POR>
<DRECONTENT><![CDATA[<div class="porColContainerWBG"> <div class="porContentCol"><p><span>This award supported a broad collaborative investigation including three teams of researchers at the University of Rochester (UR) in Rochester, New York and two other teams of researchers at the State University of New York at Buffalo (UB). (This grant specifically supported the team in Rochester.) At UR, research was led by Professors David McCamant, Kathryn Knowles and Pengfei Huo, while at UB, research was led by Professors Luis Velarde and David Watson. &nbsp;In Rochester, five graduate students were trained in the synthesis of new metal oxide nanoparticles, use of metal oxide nanoparticles in solar energy capture, ultrafast laser spectroscopy and in theoretical simulations of the electron transfer dynamics in these molecule and nanoparticle systems.&nbsp; Four undergraduate students also contributed to this research and were trained in the same areas of the chemical sciences. The professional development of these students was enhanced by their participation in both intramural and regional conferences.&nbsp; The collaboration resulted in multiple scientific publications and presentations of results that were made possible by bringing together this team of scientists from across several sub-disciplines of Chemistry.&nbsp; In particular, the collaborative team established the capabilities of metal oxides nanoparticles, TiO<sub>2</sub>, NiO, Fe<sub>2</sub>O<sub>3</sub>, CuO, CuFeO<sub>2</sub>, Ni<sub>x</sub>Co<sub>3-x</sub>O<sub>4 </sub>and CuAlO<sub>2</sub>, in solar energy applications, and determined the efficiencies of their electron transfer reactions and the ultrafast dynamics occurring in these systems on the femtosecond and picosecond time scales.&nbsp; With this new information in hand, scientists will be able to design new cutting-edge technologies to both (i) drive chemical reactions with solar energy and (ii) capture solar energy to be converted to electrical power.</span></p><br> <p>  Last Modified: 12/06/2023<br> Modified by: David&nbsp;W&nbsp;Mccamant</p></div> <div class="porSideCol" ></div> </div>]]></DRECONTENT>
<POR_COPY_TXT><![CDATA[  This award supported a broad collaborative investigation including three teams of researchers at the University of Rochester (UR) in Rochester, New York and two other teams of researchers at the State University of New York at Buffalo (UB). (This grant specifically supported the team in Rochester.) At UR, research was led by Professors David McCamant, Kathryn Knowles and Pengfei Huo, while at UB, research was led by Professors Luis Velarde and David Watson. In Rochester, five graduate students were trained in the synthesis of new metal oxide nanoparticles, use of metal oxide nanoparticles in solar energy capture, ultrafast laser spectroscopy and in theoretical simulations of the electron transfer dynamics in these molecule and nanoparticle systems. Four undergraduate students also contributed to this research and were trained in the same areas of the chemical sciences. The professional development of these students was enhanced by their participation in both intramural and regional conferences. The collaboration resulted in multiple scientific publications and presentations of results that were made possible by bringing together this team of scientists from across several sub-disciplines of Chemistry. In particular, the collaborative team established the capabilities of metal oxides nanoparticles, TiO2, NiO, Fe2O3, CuO, CuFeO2, NixCo3-xO4 and CuAlO2, in solar energy applications, and determined the efficiencies of their electron transfer reactions and the ultrafast dynamics occurring in these systems on the femtosecond and picosecond time scales. With this new information in hand, scientists will be able to design new cutting-edge technologies to both (i) drive chemical reactions with solar energy and (ii) capture solar energy to be converted to electrical power.     Last Modified: 12/06/2023       Submitted by: DavidWMccamant]]></POR_COPY_TXT>
</POR>
</Award>
</rootTag>
