<?xml version="1.0" encoding="UTF-8"?>
<rootTag>
<Award>
<AwardTitle><![CDATA[CNS Core: Medium: Automated IoT Safety and Security Analysis and Synthesis]]></AwardTitle>
<AGENCY>NSF</AGENCY>
<AwardEffectiveDate>06/15/2019</AwardEffectiveDate>
<AwardExpirationDate>05/31/2023</AwardExpirationDate>
<AwardTotalIntnAmount>1199869.00</AwardTotalIntnAmount>
<AwardAmount>1199869</AwardAmount>
<AwardInstrument>
<Value>Continuing Grant</Value>
</AwardInstrument>
<Organization>
<Code>05050000</Code>
<Directorate>
<Abbreviation>CSE</Abbreviation>
<LongName>Direct For Computer &amp; Info Scie &amp; Enginr</LongName>
</Directorate>
<Division>
<Abbreviation>CNS</Abbreviation>
<LongName>Division Of Computer and Network Systems</LongName>
</Division>
</Organization>
<ProgramOfficer>
<SignBlockName>Jason Hallstrom</SignBlockName>
<PO_EMAI>jhallstr@nsf.gov</PO_EMAI>
<PO_PHON>7032920000</PO_PHON>
</ProgramOfficer>
<AbstractNarration><![CDATA[This project focuses on advancing a science that enables practitioners to validate the safety of homes, workplaces, and public spaces that have been augmented with digital devices such as sensors, smart-devices, and autonomous infrastructure.  Specifically, the objective of this research is the creation of software analysis and verification techniques to evaluate the safety and security of Internet of Things (IoT) programs and environments in a range of domains. This project will study how to model IoT programming platforms to validate safety, security and functional properties at scale as well as how to create IoT-specific languages for secure-by-design IoT implementations.&lt;br/&gt;&lt;br/&gt;This project will develop systems that extract models (called transition systems) from IoT source code and apply scalable software verification techniques to provide proofs of correctness with the desired properties. At the same time, this project furthers the creation of IoT-specific languages to automatically generate IoT programs that preserve functional, safety and security properties at run-time. This project will develop tools and datasets, as well as evaluate the efficacy of verification and generation techniques in diverse IoT domains.&lt;br/&gt;&lt;br/&gt;The expected results of this project are a set of online IoT analysis and synthesis tools and a curriculum for IoT software safety and security analysis for the public and technical communities. Such tools will enable the ongoing transition to smart environments in ways that will be safer and more secure.  This project will also help foster the engagement of scientific and industrial communities in IoT safety and security through the development of workshop, outreach and tutorial events.&lt;br/&gt;&lt;br/&gt;All software, data, papers, and tutorials will be maintained on project website for the entirety of the project and maintained thereafter as future work progresses.  For public distribution, all development and experimental artifacts for this project will be linked to the project website (https://github.com/IoTBench/) and maintained over the project duration.&lt;br/&gt;&lt;br/&gt;This award reflects NSF's statutory mission and has been deemed worthy of support through evaluation using the Foundation's intellectual merit and broader impacts review criteria.]]></AbstractNarration>
<MinAmdLetterDate>06/06/2019</MinAmdLetterDate>
<MaxAmdLetterDate>06/30/2022</MaxAmdLetterDate>
<ARRAAmount/>
<TRAN_TYPE>Grant</TRAN_TYPE>
<CFDA_NUM>47.070</CFDA_NUM>
<NSF_PAR_USE_FLAG>1</NSF_PAR_USE_FLAG>
<FUND_AGCY_CODE>4900</FUND_AGCY_CODE>
<AWDG_AGCY_CODE>4900</AWDG_AGCY_CODE>
<AwardID>1900873</AwardID>
<Investigator>
<FirstName>Gang</FirstName>
<LastName>Tan</LastName>
<PI_MID_INIT/>
<PI_SUFX_NAME/>
<PI_FULL_NAME>Gang Tan</PI_FULL_NAME>
<EmailAddress><![CDATA[gtan@psu.edu]]></EmailAddress>
<NSF_ID>000193259</NSF_ID>
<StartDate>06/06/2019</StartDate>
<EndDate/>
<RoleCode>Co-Principal Investigator</RoleCode>
</Investigator>
<Investigator>
<FirstName>Patrick</FirstName>
<LastName>McDaniel</LastName>
<PI_MID_INIT>D</PI_MID_INIT>
<PI_SUFX_NAME/>
<PI_FULL_NAME>Patrick D McDaniel</PI_FULL_NAME>
<EmailAddress><![CDATA[pdmcdan@gmail.com]]></EmailAddress>
<NSF_ID>000279063</NSF_ID>
<StartDate>06/06/2019</StartDate>
<EndDate/>
<RoleCode>Principal Investigator</RoleCode>
</Investigator>
<Institution>
<Name>Pennsylvania State Univ University Park</Name>
<CityName>UNIVERSITY PARK</CityName>
<ZipCode>168021503</ZipCode>
<PhoneNumber>8148651372</PhoneNumber>
<StreetAddress>201 OLD MAIN</StreetAddress>
<StreetAddress2/>
<CountryName>United States</CountryName>
<StateName>Pennsylvania</StateName>
<StateCode>PA</StateCode>
<CONGRESSDISTRICT>15</CONGRESSDISTRICT>
<CONGRESS_DISTRICT_ORG>PA15</CONGRESS_DISTRICT_ORG>
<ORG_UEI_NUM>NPM2J7MSCF61</ORG_UEI_NUM>
<ORG_LGL_BUS_NAME>THE PENNSYLVANIA STATE UNIVERSITY</ORG_LGL_BUS_NAME>
<ORG_PRNT_UEI_NUM/>
</Institution>
<Performance_Institution>
<Name><![CDATA[Pennsylvania State Univ University Park]]></Name>
<CityName>University Park</CityName>
<StateCode>PA</StateCode>
<ZipCode>168021503</ZipCode>
<StreetAddress><![CDATA[W329 Westgate Building]]></StreetAddress>
<CountryCode>US</CountryCode>
<CountryName>United States</CountryName>
<StateName>Pennsylvania</StateName>
<CountryFlag>1</CountryFlag>
<CONGRESSDISTRICT>15</CONGRESSDISTRICT>
<CONGRESS_DISTRICT_PERF>PA15</CONGRESS_DISTRICT_PERF>
</Performance_Institution>
<ProgramElement>
<Code>7354</Code>
<Text>CSR-Computer Systems Research</Text>
</ProgramElement>
<ProgramReference>
<Code>7924</Code>
<Text>MEDIUM PROJECT</Text>
</ProgramReference>
<Appropriation>
<Code/>
<Name/>
<APP_SYMB_ID/>
</Appropriation>
<Appropriation>
<Code/>
<Name/>
<APP_SYMB_ID/>
</Appropriation>
<Appropriation>
<Code/>
<Name/>
<APP_SYMB_ID/>
</Appropriation>
<Appropriation>
<Code/>
<Name/>
<APP_SYMB_ID/>
</Appropriation>
<Fund>
<Code>01002021DB</Code>
<Name><![CDATA[NSF RESEARCH & RELATED ACTIVIT]]></Name>
<FUND_SYMB_ID>040100</FUND_SYMB_ID>
</Fund>
<Fund>
<Code>01001920DB</Code>
<Name><![CDATA[NSF RESEARCH & RELATED ACTIVIT]]></Name>
<FUND_SYMB_ID>040100</FUND_SYMB_ID>
</Fund>
<Fund>
<Code>01002122DB</Code>
<Name><![CDATA[NSF RESEARCH & RELATED ACTIVIT]]></Name>
<FUND_SYMB_ID>040100</FUND_SYMB_ID>
</Fund>
<Fund>
<Code>01002223DB</Code>
<Name><![CDATA[NSF RESEARCH & RELATED ACTIVIT]]></Name>
<FUND_SYMB_ID>040100</FUND_SYMB_ID>
</Fund>
<FUND_OBLG>2019~272033</FUND_OBLG>
<FUND_OBLG>2020~245050</FUND_OBLG>
<FUND_OBLG>2021~0</FUND_OBLG>
<FUND_OBLG>2022~0</FUND_OBLG>
</Award>
</rootTag>
