<?xml version="1.0" encoding="UTF-8"?>
<rootTag>
<Award>
<AwardTitle><![CDATA[Molecular Mechanisms of CO2 Signal Transduction in Plants]]></AwardTitle>
<AGENCY>NSF</AGENCY>
<AwardEffectiveDate>08/01/2019</AwardEffectiveDate>
<AwardExpirationDate>07/31/2024</AwardExpirationDate>
<AwardTotalIntnAmount>722715.00</AwardTotalIntnAmount>
<AwardAmount>1265184</AwardAmount>
<AwardInstrument>
<Value>Standard Grant</Value>
</AwardInstrument>
<Organization>
<Code>08070000</Code>
<Directorate>
<Abbreviation>BIO</Abbreviation>
<LongName>Direct For Biological Sciences</LongName>
</Directorate>
<Division>
<Abbreviation>MCB</Abbreviation>
<LongName>Div Of Molecular and Cellular Bioscience</LongName>
</Division>
</Organization>
<ProgramOfficer>
<SignBlockName>Loretta Jackson-Hayes</SignBlockName>
<PO_EMAI>lojackso@nsf.gov</PO_EMAI>
<PO_PHON>7032924286</PO_PHON>
</ProgramOfficer>
<AbstractNarration><![CDATA[Plant leaves have thousands of microscopic adjustable pores in their leaf surface, called stomata. These stomatal pores in the surface of leaves open and close to regulate the necessary uptake of carbon dioxide into plants from the air. However, these stomatal pores also are the main pathway by which plants lose water, by evaporation. A typical plant loses 200 to 500 water molecules through these stomatal pores for every carbon atom that is absorbed (assimilated) by the plant for growth. The opening and closing of stomata is regulated by signals that include the concentration of carbon dioxide (CO2) in the air. The concentration of CO2 in the air is now 50% higher and rising, compared to only 150 years ago, meaning that plants could theoretically more efficiently take up CO2 from the air, while losing less water. However, important mechanisms and genes that mediate this agronomically relevant CO2 response of stomatal pore aperture regulation remain unknown. This project will characterize newly found key genes and proteins and define cellular networks through which elevated carbon dioxide controls the closing of stomatal pores and how low CO2 controls the opening of stomatal pores. This research can develop the knowledge necessary for the breeding of plants with improved growth properties and enhanced water use efficiency. The ability to manipulate the response of stomatal pores to carbon dioxide is important for unfavorable weather conditions, agricultural ground water depletion and droughts that are becoming more frequent in several of the major agricultural regions in the US as well as globally. The scientists will pursue an outreach program with research internships, professional preparation and mentoring with the public Preuss School for disadvantaged high school students in San Diego County, as well as training and professional preparation of visiting underrepresented summer research interns with UC San Diego's ENLACE program and with Howard University. Project personnel will be active within community outreach work that brings science and innovation close to the public and the investigators will participate in a recently launched outreach program through presentations and discussions with underrepresented students at inner city high schools in San Diego.&lt;br/&gt;&lt;br/&gt;This project will use a combination of cell biological, biochemical, molecular genetic, mathematical modeling, genomic and systems biological approaches to identify new critical molecular components of the CO2 signaling network and characterize how this network operates to regulate stomatal pore apertures. The focus of this project is to identify how the CO2 stimulus is transmitted into the stomatal movement network, with these goals: (1) Biochemical mechanisms and network principles will be determined by which newly identified genes and the encoded proteins mediate early CO2 sensing and signal transduction. (2) New hypotheses will be investigated on how cell-to-cell signaling in leaves affects CO2 control of stomatal movements by combined computational modeling, genetics, metabolomics and molecular cell biology. (3) Newly isolated "chill" mutants that have cooler leaf temperatures and are defective in the dynamic CO2 response of grass stomata will be mapped and the underlying gene and protein of at least one rate-limiting gene will be isolated and its functions in stomatal movements of the specialized dumbbell-shaped guard cells of grasses will be determined.&lt;br/&gt;&lt;br/&gt;This award reflects NSF's statutory mission and has been deemed worthy of support through evaluation using the Foundation's intellectual merit and broader impacts review criteria.]]></AbstractNarration>
<MinAmdLetterDate>06/11/2019</MinAmdLetterDate>
<MaxAmdLetterDate>11/04/2021</MaxAmdLetterDate>
<ARRAAmount/>
<TRAN_TYPE>Grant</TRAN_TYPE>
<CFDA_NUM>47.074</CFDA_NUM>
<NSF_PAR_USE_FLAG>1</NSF_PAR_USE_FLAG>
<FUND_AGCY_CODE>4900</FUND_AGCY_CODE>
<AWDG_AGCY_CODE>4900</AWDG_AGCY_CODE>
<AwardID>1900567</AwardID>
<Investigator>
<FirstName>Wouter-Jan</FirstName>
<LastName>Rappel</LastName>
<PI_MID_INIT/>
<PI_SUFX_NAME/>
<PI_FULL_NAME>Wouter-Jan Rappel</PI_FULL_NAME>
<EmailAddress><![CDATA[rappel@physics.ucsd.edu]]></EmailAddress>
<NSF_ID>000449252</NSF_ID>
<StartDate>06/11/2019</StartDate>
<EndDate/>
<RoleCode>Co-Principal Investigator</RoleCode>
</Investigator>
<Investigator>
<FirstName>Julian</FirstName>
<LastName>Schroeder</LastName>
<PI_MID_INIT>I</PI_MID_INIT>
<PI_SUFX_NAME/>
<PI_FULL_NAME>Julian I Schroeder</PI_FULL_NAME>
<EmailAddress><![CDATA[julian@biomail.ucsd.edu]]></EmailAddress>
<NSF_ID>000202391</NSF_ID>
<StartDate>06/11/2019</StartDate>
<EndDate/>
<RoleCode>Principal Investigator</RoleCode>
</Investigator>
<Institution>
<Name><![CDATA[University of California-San Diego]]></Name>
<CityName>LA JOLLA</CityName>
<ZipCode>920930021</ZipCode>
<PhoneNumber>8585344896</PhoneNumber>
<StreetAddress><![CDATA[9500 GILMAN DR]]></StreetAddress>
<StreetAddress2/>
<CountryName>United States</CountryName>
<StateName>California</StateName>
<StateCode>CA</StateCode>
<CONGRESSDISTRICT>50</CONGRESSDISTRICT>
<CONGRESS_DISTRICT_ORG>CA50</CONGRESS_DISTRICT_ORG>
<ORG_UEI_NUM>UYTTZT6G9DT1</ORG_UEI_NUM>
<ORG_LGL_BUS_NAME>UNIVERSITY OF CALIFORNIA, SAN DIEGO</ORG_LGL_BUS_NAME>
<ORG_PRNT_UEI_NUM/>
</Institution>
<Performance_Institution>
<Name><![CDATA[The Regents of the Univ. of Calif., U.C. San Diego]]></Name>
<CityName>La Jolla</CityName>
<StateCode>CA</StateCode>
<ZipCode>920930934</ZipCode>
<StreetAddress><![CDATA[9500 Gilman Dr., Mail Code 0934]]></StreetAddress>
<CountryCode>US</CountryCode>
<CountryName>United States</CountryName>
<StateName>California</StateName>
<CountryFlag>1</CountryFlag>
<CONGRESSDISTRICT>50</CONGRESSDISTRICT>
<CONGRESS_DISTRICT_PERF>CA50</CONGRESS_DISTRICT_PERF>
</Performance_Institution>
<ProgramElement>
<Code>1114</Code>
<Text>Cellular Dynamics and Function</Text>
</ProgramElement>
<ProgramReference>
<Code>7465</Code>
<Text>NANOSCALE BIO CORE</Text>
</ProgramReference>
<ProgramReference>
<Code>9251</Code>
<Text>REU SUPP-Res Exp for Ugrd Supp</Text>
</ProgramReference>
<Appropriation>
<Code/>
<Name/>
<APP_SYMB_ID/>
</Appropriation>
<Appropriation>
<Code>0119</Code>
<Name>NSF RESEARCH &amp; RELATED ACTIVIT</Name>
<APP_SYMB_ID>040100</APP_SYMB_ID>
</Appropriation>
<Fund>
<Code>01002223DB</Code>
<Name><![CDATA[NSF RESEARCH & RELATED ACTIVIT]]></Name>
<FUND_SYMB_ID>040100</FUND_SYMB_ID>
</Fund>
<Fund>
<Code>01001920DB</Code>
<Name><![CDATA[NSF RESEARCH & RELATED ACTIVIT]]></Name>
<FUND_SYMB_ID>040100</FUND_SYMB_ID>
</Fund>
<FUND_OBLG>2019~722715</FUND_OBLG>
<FUND_OBLG>2022~542469</FUND_OBLG>
</Award>
</rootTag>
