<?xml version="1.0" encoding="UTF-8"?>
<rootTag>
<Award>
<AwardTitle><![CDATA[Dimensions: Identifying how the ecological and evolutionary interactions between host and symbiont shape holobiont biodiversity]]></AwardTitle>
<AGENCY>NSF</AGENCY>
<AwardEffectiveDate>10/15/2018</AwardEffectiveDate>
<AwardExpirationDate>04/30/2021</AwardExpirationDate>
<AwardTotalIntnAmount>310777.00</AwardTotalIntnAmount>
<AwardAmount>295692</AwardAmount>
<AwardInstrument>
<Value>Standard Grant</Value>
</AwardInstrument>
<Organization>
<Code>08010207</Code>
<Directorate>
<Abbreviation>BIO</Abbreviation>
<LongName>Direct For Biological Sciences</LongName>
</Directorate>
<Division>
<Abbreviation>DEB</Abbreviation>
<LongName>Division Of Environmental Biology</LongName>
</Division>
</Organization>
<ProgramOfficer>
<SignBlockName>Katharina Dittmar</SignBlockName>
<PO_EMAI>kdittmar@nsf.gov</PO_EMAI>
<PO_PHON>7032927799</PO_PHON>
</ProgramOfficer>
<AbstractNarration><![CDATA[Although individual animals have long been considered a fundamental unit of evolution, we now know that each is really a co-dependent collection of host animal and microbes. This co-dependency reaches from ancient times through to the present day. Many animals depend on gut bacteria to process food and incorporate essential nutrients into the host's own tissues.  To untangle the importance of this partnership for hosts and symbiotic gut bacteria, this project will study a diverse and ecologically important social animal group, the turtle ants.  As social organisms, ants and humans share ways for acquiring helpful and harmful bacteria.  State-of-the-art molecular and genomic methods will be used to investigate ancient and modern influences on the symbiosis, the function of the bacteria for host health, and the means of passage and maintenance of the bacterial symbionts over millions of years.&lt;br/&gt;&lt;br/&gt;Explaining global patterns of biodiversity and their drivers have long been central challenges in the fields of ecology and evolution.  Increasingly, it is becoming apparent that biodiversity is itself a function of interactions across different levels of biological organization.  Among the metazoans, symbioses with microbes are a defining feature, and individuals are integrated collections of host and symbiont cells, together defining the "holobiont".  By studying the diverse and tractable turtle ant system, this research will address the relationships between symbiosis and the dimensions of holobiont biodiversity with unprecedented clarity.  Specifically, this research will address: 1) the roles of time, biogeography, and habitat in host diversification (host taxonomic dimension); 2) variation in gut communities across host ant phylogeny, geography, habitat, and ecological niches (symbiont taxonomic dimension integrated with host taxonomic and functional dimensions); 3) the extent of codiversification for ~10 core, host-specific symbiont lineages, and the impacts of host phylogeny, geography, and ecology on symbiont transfer (symbiont taxonomic dimension integrated with host taxonomic and functional dimensions); 4) variation in genome evolution and innovation across symbionts with varying degrees of codiversification, and across genes with varying function (taxonomic, genetic, and functional integration of hosts and symbionts); and 5) symbiont function in light of symbiont genome evolution, host-symbiont codiversification, and host phylogeny, geography, and ecology (taxonomic, genetic, and functional integration of hosts and symbionts).]]></AbstractNarration>
<MinAmdLetterDate>10/19/2018</MinAmdLetterDate>
<MaxAmdLetterDate>03/26/2021</MaxAmdLetterDate>
<ARRAAmount/>
<TRAN_TYPE>Grant</TRAN_TYPE>
<CFDA_NUM>47.074</CFDA_NUM>
<NSF_PAR_USE_FLAG>0</NSF_PAR_USE_FLAG>
<FUND_AGCY_CODE>4900</FUND_AGCY_CODE>
<AWDG_AGCY_CODE>4900</AWDG_AGCY_CODE>
<AwardID>1900357</AwardID>
<Investigator>
<FirstName>Corrie</FirstName>
<LastName>Moreau</LastName>
<PI_MID_INIT>S</PI_MID_INIT>
<PI_SUFX_NAME/>
<PI_FULL_NAME>Corrie S Moreau</PI_FULL_NAME>
<EmailAddress><![CDATA[corrie.moreau@cornell.edu]]></EmailAddress>
<NSF_ID>000424911</NSF_ID>
<StartDate>10/19/2018</StartDate>
<EndDate/>
<RoleCode>Principal Investigator</RoleCode>
</Investigator>
<Institution>
<Name><![CDATA[Cornell University]]></Name>
<CityName>ITHACA</CityName>
<ZipCode>148502820</ZipCode>
<PhoneNumber>6072555014</PhoneNumber>
<StreetAddress><![CDATA[341 PINE TREE RD]]></StreetAddress>
<StreetAddress2/>
<CountryName>United States</CountryName>
<StateName>New York</StateName>
<StateCode>NY</StateCode>
<CONGRESSDISTRICT>19</CONGRESSDISTRICT>
<CONGRESS_DISTRICT_ORG>NY19</CONGRESS_DISTRICT_ORG>
<ORG_UEI_NUM>G56PUALJ3KT5</ORG_UEI_NUM>
<ORG_LGL_BUS_NAME>CORNELL UNIVERSITY</ORG_LGL_BUS_NAME>
<ORG_PRNT_UEI_NUM/>
</Institution>
<Performance_Institution>
<Name><![CDATA[Cornell University]]></Name>
<CityName/>
<StateCode>NY</StateCode>
<ZipCode>148502820</ZipCode>
<StreetAddress/>
<CountryCode>US</CountryCode>
<CountryName>United States</CountryName>
<StateName>New York</StateName>
<CountryFlag>1</CountryFlag>
<CONGRESSDISTRICT>19</CONGRESSDISTRICT>
<CONGRESS_DISTRICT_PERF>NY19</CONGRESS_DISTRICT_PERF>
</Performance_Institution>
<ProgramElement>
<Code>7968</Code>
<Text>Dimensions of Biodiversity</Text>
</ProgramElement>
<ProgramReference>
<Code>7968</Code>
<Text>Dimensions of Biodiversity</Text>
</ProgramReference>
<ProgramReference>
<Code>9169</Code>
<Text>BIODIVERSITY AND ECOSYSTEM DYNAMICS</Text>
</ProgramReference>
<ProgramReference>
<Code>EGCH</Code>
<Text>ENVIRONMENT AND GLOBAL CHANGE</Text>
</ProgramReference>
<Appropriation>
<Code>0114</Code>
<Name>NSF RESEARCH &amp; RELATED ACTIVIT</Name>
<APP_SYMB_ID>040100</APP_SYMB_ID>
</Appropriation>
<Appropriation>
<Code>0116</Code>
<Name>NSF RESEARCH &amp; RELATED ACTIVIT</Name>
<APP_SYMB_ID>040100</APP_SYMB_ID>
</Appropriation>
<Fund>
<Code>01001415DB</Code>
<Name><![CDATA[NSF RESEARCH & RELATED ACTIVIT]]></Name>
<FUND_SYMB_ID>040100</FUND_SYMB_ID>
</Fund>
<Fund>
<Code>01001617DB</Code>
<Name><![CDATA[NSF RESEARCH & RELATED ACTIVIT]]></Name>
<FUND_SYMB_ID>040100</FUND_SYMB_ID>
</Fund>
<FUND_OBLG>2014~294213</FUND_OBLG>
<FUND_OBLG>2016~1478</FUND_OBLG>
<POR>
<DRECONTENT><![CDATA[<div class="porColContainerWBG"> <div class="porContentCol"><p>Intellectual Merit: To understand the aspects of the host and environment that structure gut bacterial communities we investigated the species rich turtle ant genus <em>Cephalotes</em>, which has maintained its core bacterial community for 50 million years.&nbsp; Research from this project has shown that these gut bacteria recycle nitrogenous waste and provide essential amino acids to the host.&nbsp; In addition, the nitrogen produced by these gut bacteria are used by the host to build a strong cuticle, an important characteristic of the turtle ants.&nbsp; Without their symbiotic gut bacteria these ants are unable to develop normally, and these bacteria are found nowhere else except with their turtle ant host, showing the strength of this symbiotic relationship.&nbsp; Further we see that the bacteria themselves are structured across the digestive tract with some bacteria found alone in some gut compartments and others in mixed communities.&nbsp; Overall our project is helping us understand the functions of gut bacterial communities in hosts and the host and microbe factors that help maintain a healthy gut community.</p> <p>Broader Impact: Findings from this project were incorporated into two public museum exhibits allowing a broad and diverse audience to learn about the importance of ants in the ecosystem and how some species rely on their gut bacteria to thrive on nutritionally pour diets.&nbsp; We also partnered with science communicators to create YouTube videos about our work, reaching millions of viewers.&nbsp; We also engaged undergraduates and graduate students directly into this research, with many of them becoming authors of scientific research publications.&nbsp; These students come from a very diverse set of backgrounds and were exposed to rigorous scientific research and participated in professional development opportunities including workshops, conferences, and presenting their findings.&nbsp; &nbsp;</p><br> <p>            Last Modified: 06/01/2021<br>      Modified by: Corrie&nbsp;S&nbsp;Moreau</p> </div> <div class="porSideCol"></div> </div>]]></DRECONTENT>
<POR_COPY_TXT><![CDATA[ Intellectual Merit: To understand the aspects of the host and environment that structure gut bacterial communities we investigated the species rich turtle ant genus Cephalotes, which has maintained its core bacterial community for 50 million years.  Research from this project has shown that these gut bacteria recycle nitrogenous waste and provide essential amino acids to the host.  In addition, the nitrogen produced by these gut bacteria are used by the host to build a strong cuticle, an important characteristic of the turtle ants.  Without their symbiotic gut bacteria these ants are unable to develop normally, and these bacteria are found nowhere else except with their turtle ant host, showing the strength of this symbiotic relationship.  Further we see that the bacteria themselves are structured across the digestive tract with some bacteria found alone in some gut compartments and others in mixed communities.  Overall our project is helping us understand the functions of gut bacterial communities in hosts and the host and microbe factors that help maintain a healthy gut community.  Broader Impact: Findings from this project were incorporated into two public museum exhibits allowing a broad and diverse audience to learn about the importance of ants in the ecosystem and how some species rely on their gut bacteria to thrive on nutritionally pour diets.  We also partnered with science communicators to create YouTube videos about our work, reaching millions of viewers.  We also engaged undergraduates and graduate students directly into this research, with many of them becoming authors of scientific research publications.  These students come from a very diverse set of backgrounds and were exposed to rigorous scientific research and participated in professional development opportunities including workshops, conferences, and presenting their findings.          Last Modified: 06/01/2021       Submitted by: Corrie S Moreau]]></POR_COPY_TXT>
</POR>
</Award>
</rootTag>
