<?xml version="1.0" encoding="UTF-8"?>
<rootTag>
<Award>
<AwardTitle><![CDATA[Development of Catalytic Metal-Coupled Electron-Transfer (MCET) for Sustainable Chemical and Electrochemical Oxygen Reduction]]></AwardTitle>
<AGENCY>NSF</AGENCY>
<AwardEffectiveDate>08/01/2019</AwardEffectiveDate>
<AwardExpirationDate>07/31/2023</AwardExpirationDate>
<AwardTotalIntnAmount>420000.00</AwardTotalIntnAmount>
<AwardAmount>420000</AwardAmount>
<AwardInstrument>
<Value>Standard Grant</Value>
</AwardInstrument>
<Organization>
<Code>03090000</Code>
<Directorate>
<Abbreviation>MPS</Abbreviation>
<LongName>Direct For Mathematical &amp; Physical Scien</LongName>
</Directorate>
<Division>
<Abbreviation>CHE</Abbreviation>
<LongName>Division Of Chemistry</LongName>
</Division>
</Organization>
<ProgramOfficer>
<SignBlockName>George Richter-Addo</SignBlockName>
<PO_EMAI>grichter@nsf.gov</PO_EMAI>
<PO_PHON>7032927528</PO_PHON>
</ProgramOfficer>
<AbstractNarration><![CDATA[With support from the Chemistry Division of the National Science Foundation, Professor Jerome Robinson of Brown University is working on energy storage.  This theme is relevant to the efficient use of "intermittent energy" from wind and solar sources. This project focuses on the storage of energy in the form of peroxides, compounds with oxygen-oxygen bonds. The use of oxygen is attractive since it is one of the most abundant elements in the earth's atmosphere. Current industrial routes to peroxides are energy-intensive.  The project is also addressing small-scale applications relevant to personalized-energy storage. The research team designs metal catalysts to produce peroxides using electro-chemical means.  This project provides hands-on training opportunities in the areas of renewable energy and green chemistry for scientists at the graduate, undergraduate, and high-school levels. Initiatives focusing on broadening representation and increasing retention in historically underrepresented groups in chemistry are being advanced through summer research opportunities and cohort-based mentor and researcher training programs.&lt;br/&gt;&lt;br/&gt;Efficient and controlled delivery of electrons and protons are critical to many sustainable energy applications. Despite significant advances and intensive research interest, achieving high selectivity and activity at low overpotentials with earth-abundant catalysts remains a formidable challenge. With funding from the Chemical Catalysis Program of the Chemistry Division, Professor Jerome Robinson of Brown University is advancing the fundamental understanding of catalytic metal-coupled electron transfer (MCET) to enable the sustainable and selective reduction of oxygen to peroxide using earth-abundant catalysts. To achieve this goal, this project is focused on developing electrocatalytic MCET processes for the reduction of oxygen to peroxide, identifying and optimizing conditions for turnover of the Lewis-acid activator, and managing potentially competitive pathways such as proton-coupled electron transfer.&lt;br/&gt;&lt;br/&gt;This award reflects NSF's statutory mission and has been deemed worthy of support through evaluation using the Foundation's intellectual merit and broader impacts review criteria.]]></AbstractNarration>
<MinAmdLetterDate>07/22/2019</MinAmdLetterDate>
<MaxAmdLetterDate>07/22/2019</MaxAmdLetterDate>
<ARRAAmount/>
<TRAN_TYPE>Grant</TRAN_TYPE>
<CFDA_NUM>47.049</CFDA_NUM>
<NSF_PAR_USE_FLAG>1</NSF_PAR_USE_FLAG>
<FUND_AGCY_CODE>4900</FUND_AGCY_CODE>
<AWDG_AGCY_CODE>4900</AWDG_AGCY_CODE>
<AwardID>1900248</AwardID>
<Investigator>
<FirstName>Jerome</FirstName>
<LastName>Robinson</LastName>
<PI_MID_INIT/>
<PI_SUFX_NAME/>
<PI_FULL_NAME>Jerome Robinson</PI_FULL_NAME>
<EmailAddress><![CDATA[jerome_robinson@brown.edu]]></EmailAddress>
<NSF_ID>000757968</NSF_ID>
<StartDate>07/22/2019</StartDate>
<EndDate/>
<RoleCode>Principal Investigator</RoleCode>
</Investigator>
<Institution>
<Name><![CDATA[Brown University]]></Name>
<CityName>PROVIDENCE</CityName>
<ZipCode>029129100</ZipCode>
<PhoneNumber>4018632777</PhoneNumber>
<StreetAddress><![CDATA[1 PROSPECT ST]]></StreetAddress>
<StreetAddress2/>
<CountryName>United States</CountryName>
<StateName>Rhode Island</StateName>
<StateCode>RI</StateCode>
<CONGRESSDISTRICT>01</CONGRESSDISTRICT>
<CONGRESS_DISTRICT_ORG>RI01</CONGRESS_DISTRICT_ORG>
<ORG_UEI_NUM>E3FDXZ6TBHW3</ORG_UEI_NUM>
<ORG_LGL_BUS_NAME>BROWN UNIVERSITY</ORG_LGL_BUS_NAME>
<ORG_PRNT_UEI_NUM/>
</Institution>
<Performance_Institution>
<Name><![CDATA[Brown University]]></Name>
<CityName>Providence</CityName>
<StateCode>RI</StateCode>
<ZipCode>029129093</ZipCode>
<StreetAddress><![CDATA[Office of Sponsored Projects]]></StreetAddress>
<CountryCode>US</CountryCode>
<CountryName>United States</CountryName>
<StateName>Rhode Island</StateName>
<CountryFlag>1</CountryFlag>
<CONGRESSDISTRICT>01</CONGRESSDISTRICT>
<CONGRESS_DISTRICT_PERF>RI01</CONGRESS_DISTRICT_PERF>
</Performance_Institution>
<ProgramElement>
<Code>6884</Code>
<Text>Chemical Catalysis</Text>
</ProgramElement>
<ProgramReference>
<Code>8396</Code>
<Text>Clean Energy Technology</Text>
</ProgramReference>
<ProgramReference>
<Code>8399</Code>
<Text>Energy Storage or Transmission</Text>
</ProgramReference>
<ProgramReference>
<Code>8650</Code>
<Text>Sustainable Chemistry</Text>
</ProgramReference>
<Appropriation>
<Code>0119</Code>
<Name>NSF RESEARCH &amp; RELATED ACTIVIT</Name>
<APP_SYMB_ID>040100</APP_SYMB_ID>
</Appropriation>
<Fund>
<Code>01001920DB</Code>
<Name><![CDATA[NSF RESEARCH & RELATED ACTIVIT]]></Name>
<FUND_SYMB_ID>040100</FUND_SYMB_ID>
</Fund>
<FUND_OBLG>2019~420000</FUND_OBLG>
<POR>
<DRECONTENT><![CDATA[<div class="porColContainerWBG"> <div class="porContentCol"><p>With the support of the Chemical Catalysis program in the Division of Chemistry at NSF, Prof. Jerome R. Robinson and his group at Brown University studied the underlying principles of metal-ion coupled electron transfer (MCET) and how this phenomenon can be exploited in (electro)catalytic oxygen reduction to access unprecedented catalyst activity and selectivity. The selective (electro)chemical reduction of oxygen is a crucial transformation in both biological and industrial settings, where access to highly active and selective catalysts underlie many key renewable energy technologies.</p> <p>The<strong>&nbsp;primary goal&nbsp;</strong>of the proposed research was to advance the fundamental understanding of MCET in the selective chemical and electrochemical reduction of O<sub>2</sub>&nbsp;to peroxide to develop systems which are catalytic in Lewis-acid activator. The <strong>intellectual merit</strong> of this work was the development of a molecular-level understanding of metal-ion binding involved in stoichiometric and catalytic oxygen reduction. This led to the first example of <em>cis</em> / <em>trans</em> isomerization of dicopper oxygen species. Isomerization of <em>cis</em> dicopper oxygen species has been hypothesized to occur in the initial stages of oxygen binding in hemocyanin, the key oxygen transporter in arthropods, but molecular examples of such behavior were absent to our study. We have identified the formation of other heterobimetallic <em>cis</em> peroxides as reactive intermediates responsible for the highly peroxide-selective (electro)catalytic reduction of oxygen promoted with earth-abundant Cu catalysts. Furthermore, these studies have led to the isolation of metal peroxides directly from air, where we discovered the first ambiphilic rare-earth peroxide. The unique mechanism of oxygen reduction has led to our discovery of the (electro)catalytic reduction of oxygen by a lanthanide (catalytic in Lewis acid activator), which display reactivity and selectivity patterns distinct from other parts of the periodic table. These advances were made possible through a strong interplay of experiment and theory, including collaborations with scientists at Brookhaven National Laboratory.</p> <p>The <strong>broader impacts</strong> of the work were achieved by broadening participation by engaging underrepresented groups in research and public outreach, broad dissemination of this work through peer-reviewed publications and presentations at (inter)national scientific meetings, and developing programs at the regional, national, and international level for high school, undergraduate, and graduate students. Furthermore, the research outcomes made possible by this award have provided crucial insight into the field&rsquo;s understanding of how metal-ion binding events involving &lsquo;redox-inactive&rsquo; cations impact stoichiometric and catalytic reduction of oxygen in synthetic and enzymatic catalyst sites. Over the course of this award, four graduate and nine undergraduate researchers participated in this project, &gt; 60% identified as women or from historically underrepresented groups. Key programming involving high schools in Rhode Island built partnerships with public school teachers through the <em>ACS Science Coach</em> program, brought three hundred high school students from six public high schools in Rhode Island to participate in interactive science demonstrations and college access through Brown Chemistry&rsquo;s <em>STEM Day</em>, and the PI served as the coordinator for the Rhode Island chapter of <em>ACS Project SEED</em>. During the pandemic, the PI served as a co-organizer for <em>Angular Momentum</em>, which served as a free, high-visibility platform for researchers to share research in the area of <em>f</em>-element chemistry.</p><br> <p>  Last Modified: 11/29/2023<br> Modified by: Jerome&nbsp;Robinson</p></div> <div class="porSideCol" ></div> </div>]]></DRECONTENT>
<POR_COPY_TXT><![CDATA[  With the support of the Chemical Catalysis program in the Division of Chemistry at NSF, Prof. Jerome R. Robinson and his group at Brown University studied the underlying principles of metal-ion coupled electron transfer (MCET) and how this phenomenon can be exploited in (electro)catalytic oxygen reduction to access unprecedented catalyst activity and selectivity. The selective (electro)chemical reduction of oxygen is a crucial transformation in both biological and industrial settings, where access to highly active and selective catalysts underlie many key renewable energy technologies.   Theprimary goalof the proposed research was to advance the fundamental understanding of MCET in the selective chemical and electrochemical reduction of O2to peroxide to develop systems which are catalytic in Lewis-acid activator. The intellectual merit of this work was the development of a molecular-level understanding of metal-ion binding involved in stoichiometric and catalytic oxygen reduction. This led to the first example of cis / trans isomerization of dicopper oxygen species. Isomerization of cis dicopper oxygen species has been hypothesized to occur in the initial stages of oxygen binding in hemocyanin, the key oxygen transporter in arthropods, but molecular examples of such behavior were absent to our study. We have identified the formation of other heterobimetallic cis peroxides as reactive intermediates responsible for the highly peroxide-selective (electro)catalytic reduction of oxygen promoted with earth-abundant Cu catalysts. Furthermore, these studies have led to the isolation of metal peroxides directly from air, where we discovered the first ambiphilic rare-earth peroxide. The unique mechanism of oxygen reduction has led to our discovery of the (electro)catalytic reduction of oxygen by a lanthanide (catalytic in Lewis acid activator), which display reactivity and selectivity patterns distinct from other parts of the periodic table. These advances were made possible through a strong interplay of experiment and theory, including collaborations with scientists at Brookhaven National Laboratory.   The broader impacts of the work were achieved by broadening participation by engaging underrepresented groups in research and public outreach, broad dissemination of this work through peer-reviewed publications and presentations at (inter)national scientific meetings, and developing programs at the regional, national, and international level for high school, undergraduate, and graduate students. Furthermore, the research outcomes made possible by this award have provided crucial insight into the fields understanding of how metal-ion binding events involving redox-inactive cations impact stoichiometric and catalytic reduction of oxygen in synthetic and enzymatic catalyst sites. Over the course of this award, four graduate and nine undergraduate researchers participated in this project,  60% identified as women or from historically underrepresented groups. Key programming involving high schools in Rhode Island built partnerships with public school teachers through the ACS Science Coach program, brought three hundred high school students from six public high schools in Rhode Island to participate in interactive science demonstrations and college access through Brown Chemistrys STEM Day, and the PI served as the coordinator for the Rhode Island chapter of ACS Project SEED. During the pandemic, the PI served as a co-organizer for Angular Momentum, which served as a free, high-visibility platform for researchers to share research in the area of f-element chemistry.     Last Modified: 11/29/2023       Submitted by: JeromeRobinson]]></POR_COPY_TXT>
</POR>
</Award>
</rootTag>
