<?xml version="1.0" encoding="UTF-8"?>
<rootTag>
<Award>
<AwardTitle><![CDATA[Measuring Student Engagement in Lower Division Engineering Mathematics Classes]]></AwardTitle>
<AGENCY>NSF</AGENCY>
<AwardEffectiveDate>07/15/2019</AwardEffectiveDate>
<AwardExpirationDate>06/30/2022</AwardExpirationDate>
<AwardTotalIntnAmount>300000.00</AwardTotalIntnAmount>
<AwardAmount>300000</AwardAmount>
<AwardInstrument>
<Value>Standard Grant</Value>
</AwardInstrument>
<Organization>
<Code>11040000</Code>
<Directorate>
<Abbreviation>EDU</Abbreviation>
<LongName>Directorate for STEM Education</LongName>
</Directorate>
<Division>
<Abbreviation>DUE</Abbreviation>
<LongName>Division Of Undergraduate Education</LongName>
</Division>
</Organization>
<ProgramOfficer>
<SignBlockName>Eric Sheppard</SignBlockName>
<PO_EMAI>esheppar@nsf.gov</PO_EMAI>
<PO_PHON>7032922589</PO_PHON>
</ProgramOfficer>
<AbstractNarration><![CDATA[With support from the NSF Improving Undergraduate STEM Education Program: Education and Human Resources (IUSE: EHR), this project aims to serve the national interest by improving undergraduate engineering education.  It will do so by designing, implementing, and testing a system to measure engineering students' emotional, behavioral, and cognitive engagement in first- and second-year engineering mathematics classes. Engineering programs suffer from a high rate of attrition in the freshman year, primarily due to poor engagement of students with their classes. The project plans to develop a sensor-driven, computational approach to measure emotional and behavioral components of student engagement.  This information will be used to identify teaching strategies that increase engagement, with the goal of enhancing student success and retention in STEM education pathways. The project features a multi-disciplinary collaboration between faculty and undergraduate researchers in engineering, the physical sciences, psychological sciences, and education. The project will involve approximately 300 students in first- and second-year engineering mathematics classes and the experienced faculty who teach these courses. Findings from the project could be a valuable step toward an early warning system to detect student disengagement and anxiety in STEM and non-STEM courses.  &lt;br/&gt;&lt;br/&gt;Project goals include: (i) establishment of a robust network of non-obtrusive and non-invasive sensors in mid-size classes to enable real-time extraction of facial and vital signs, which will be integrated and displayed on instructors' dashboards; (ii) identification of robust descriptors for modeling the emotional and behavioral components of engagement using data collected by the sensor networks; (iii)  pilot testing of  the system's effectiveness in gathering meaningful data for subsequent work on emotional, behavioral, and cognitive metrics of engagement. The fundamental research question to be addressed relates to improving student learning by the automated capture of non-verbal cues of engagement:  How can we use students' expressions of engagement, based on non-verbal signs such as facial expressions, body and eye movements, physiological reactions, posture, to enhance learning? Findings from the project will constitute a foundation for multi-disciplinary research to incorporate novel machine learning and artificial intelligence-based models for measuring engagement in STEM classes. The NSF IUSE: EHR Program supports research and development projects to improve the effectiveness of STEM education for all students. Through the Engaged Student Learning track, the program supports the creation, exploration, and implementation of promising practices and tools.&lt;br/&gt;&lt;br/&gt;This award reflects NSF's statutory mission and has been deemed worthy of support through evaluation using the Foundation's intellectual merit and broader impacts review criteria.]]></AbstractNarration>
<MinAmdLetterDate>07/09/2019</MinAmdLetterDate>
<MaxAmdLetterDate>07/09/2019</MaxAmdLetterDate>
<ARRAAmount/>
<TRAN_TYPE>Grant</TRAN_TYPE>
<CFDA_NUM>47.076</CFDA_NUM>
<NSF_PAR_USE_FLAG>1</NSF_PAR_USE_FLAG>
<FUND_AGCY_CODE>4900</FUND_AGCY_CODE>
<AWDG_AGCY_CODE>4900</AWDG_AGCY_CODE>
<AwardID>1900456</AwardID>
<Investigator>
<FirstName>Aly</FirstName>
<LastName>Farag</LastName>
<PI_MID_INIT>A</PI_MID_INIT>
<PI_SUFX_NAME/>
<PI_FULL_NAME>Aly A Farag</PI_FULL_NAME>
<EmailAddress><![CDATA[aly.farag@louisville.edu]]></EmailAddress>
<NSF_ID>000276922</NSF_ID>
<StartDate>07/09/2019</StartDate>
<EndDate/>
<RoleCode>Principal Investigator</RoleCode>
</Investigator>
<Investigator>
<FirstName>Thomas</FirstName>
<LastName>Tretter</LastName>
<PI_MID_INIT>R</PI_MID_INIT>
<PI_SUFX_NAME/>
<PI_FULL_NAME>Thomas R Tretter</PI_FULL_NAME>
<EmailAddress><![CDATA[tom.tretter@louisville.edu]]></EmailAddress>
<NSF_ID>000074745</NSF_ID>
<StartDate>07/09/2019</StartDate>
<EndDate/>
<RoleCode>Co-Principal Investigator</RoleCode>
</Investigator>
<Investigator>
<FirstName>Chris</FirstName>
<LastName>Foreman</LastName>
<PI_MID_INIT/>
<PI_SUFX_NAME/>
<PI_FULL_NAME>Chris Foreman</PI_FULL_NAME>
<EmailAddress><![CDATA[jchrisf@gmail.com]]></EmailAddress>
<NSF_ID>000550668</NSF_ID>
<StartDate>07/09/2019</StartDate>
<EndDate/>
<RoleCode>Co-Principal Investigator</RoleCode>
</Investigator>
<Investigator>
<FirstName>Marci</FirstName>
<LastName>DeCaro</LastName>
<PI_MID_INIT/>
<PI_SUFX_NAME/>
<PI_FULL_NAME>Marci DeCaro</PI_FULL_NAME>
<EmailAddress><![CDATA[marci.decaro@louisville.edu]]></EmailAddress>
<NSF_ID>000674372</NSF_ID>
<StartDate>07/09/2019</StartDate>
<EndDate/>
<RoleCode>Co-Principal Investigator</RoleCode>
</Investigator>
<Institution>
<Name>University of Louisville Research Foundation Inc</Name>
<CityName>LOUISVILLE</CityName>
<ZipCode>402081838</ZipCode>
<PhoneNumber>5028523788</PhoneNumber>
<StreetAddress>2301 S 3RD ST</StreetAddress>
<StreetAddress2/>
<CountryName>United States</CountryName>
<StateName>Kentucky</StateName>
<StateCode>KY</StateCode>
<CONGRESSDISTRICT>03</CONGRESSDISTRICT>
<CONGRESS_DISTRICT_ORG>KY03</CONGRESS_DISTRICT_ORG>
<ORG_UEI_NUM>E1KJM4T54MK6</ORG_UEI_NUM>
<ORG_LGL_BUS_NAME>UNIVERSITY OF LOUISVILLE</ORG_LGL_BUS_NAME>
<ORG_PRNT_UEI_NUM/>
</Institution>
<Performance_Institution>
<Name><![CDATA[University of Louisville]]></Name>
<CityName>Louisville</CityName>
<StateCode>KY</StateCode>
<ZipCode>402920001</ZipCode>
<StreetAddress><![CDATA[2301 South 3rd Street]]></StreetAddress>
<CountryCode>US</CountryCode>
<CountryName>United States</CountryName>
<StateName>Kentucky</StateName>
<CountryFlag>1</CountryFlag>
<CONGRESSDISTRICT>03</CONGRESSDISTRICT>
<CONGRESS_DISTRICT_PERF>KY03</CONGRESS_DISTRICT_PERF>
</Performance_Institution>
<ProgramElement>
<Code>1998</Code>
<Text>IUSE</Text>
</ProgramElement>
<ProgramReference>
<Code>8209</Code>
<Text>Improv Undergrad STEM Ed(IUSE)</Text>
</ProgramReference>
<ProgramReference>
<Code>9150</Code>
<Text>EXP PROG TO STIM COMP RES</Text>
</ProgramReference>
<ProgramReference>
<Code>9178</Code>
<Text>UNDERGRADUATE EDUCATION</Text>
</ProgramReference>
<Appropriation>
<Code>0419</Code>
<Name>NSF Education &amp; Human Resource</Name>
<APP_SYMB_ID>040106</APP_SYMB_ID>
</Appropriation>
<Fund>
<Code>04001920DB</Code>
<Name><![CDATA[NSF Education & Human Resource]]></Name>
<FUND_SYMB_ID>040106</FUND_SYMB_ID>
</Fund>
<FUND_OBLG>2019~300000</FUND_OBLG>
<POR>
<DRECONTENT><![CDATA[<div class="porColContainerWBG"> <div class="porContentCol"><p>NSF Project 1900456 &ldquo;Measuring Student Engagement in Lower Division Engineering Mathematics Classes&rdquo;, June 2019 &ndash; June 2022 aimed to develop a sensor-driven, computational approach to measure emotional and behavioral components of students&rsquo; engagement in early STEM engineering classwork.</p> <p>The project endured the COVID19 outbreak in late 2019 and throughout 2020 and middle of 2021 when classes were forced to be online.</p> <p>The project created an agenda for research on the vital subject of student engagement which has been correlated with students&rsquo; performance in courses, and the high rate of attrition of students due to early engineering course work which covers background in mathematics, physics and chemistry as prelude to engineering subjects. The subject of engagement cuts across various disciplines and the research team included faculty in education and psychology in addition to engineering. A major challenge has been developing data acquisition setup that is non-intrusive, flexible, non-stigmatizing, and easy to maintain, and conforming with university approved IRB. &nbsp;</p> <p>Major accomplishments of the project include: : a) constructing a novel platform for in-class measurements of behavioral and emotional engagements, tested in a small-size STEM classroom; b) establishing a robust protocol for student participation, approved by an IRB, ensuring highest standard of incorporation of the platform for STEM coursework without coercion or stigmatization based on race, ethnicity, or gender; c) creating a multidisciplinary team of researchers with the expertise to design, test, and validate quantifiable engagement measures for students in early STEM engineering coursework; d) securing major support from the university administration for this initiative, including redesigning classroom settings, purchasing hardware, and guaranteeing technical support. The technical discoveries so far have been reported in four technical publications and the dissertation of a PhD student.</p> <p>Extensions underway include: 1) incorporating educational paradigms that invoke cognitive responses during the course delivery; 2) establishing robust teacher dashboards that enable real-time reading of students&rsquo; engagement regardless of the class sitting and the number of students; and 3) establishing novel AI-based methodologies to enhance course delivery and increase students&rsquo; engagements. &nbsp;&nbsp;</p> <p>&nbsp;</p><br> <p>            Last Modified: 09/13/2022<br>      Modified by: Aly&nbsp;A&nbsp;Farag</p> </div> <div class="porSideCol"></div> </div>]]></DRECONTENT>
<POR_COPY_TXT><![CDATA[ NSF Project 1900456 "Measuring Student Engagement in Lower Division Engineering Mathematics Classes", June 2019 &ndash; June 2022 aimed to develop a sensor-driven, computational approach to measure emotional and behavioral components of students’ engagement in early STEM engineering classwork.  The project endured the COVID19 outbreak in late 2019 and throughout 2020 and middle of 2021 when classes were forced to be online.  The project created an agenda for research on the vital subject of student engagement which has been correlated with students’ performance in courses, and the high rate of attrition of students due to early engineering course work which covers background in mathematics, physics and chemistry as prelude to engineering subjects. The subject of engagement cuts across various disciplines and the research team included faculty in education and psychology in addition to engineering. A major challenge has been developing data acquisition setup that is non-intrusive, flexible, non-stigmatizing, and easy to maintain, and conforming with university approved IRB.    Major accomplishments of the project include: : a) constructing a novel platform for in-class measurements of behavioral and emotional engagements, tested in a small-size STEM classroom; b) establishing a robust protocol for student participation, approved by an IRB, ensuring highest standard of incorporation of the platform for STEM coursework without coercion or stigmatization based on race, ethnicity, or gender; c) creating a multidisciplinary team of researchers with the expertise to design, test, and validate quantifiable engagement measures for students in early STEM engineering coursework; d) securing major support from the university administration for this initiative, including redesigning classroom settings, purchasing hardware, and guaranteeing technical support. The technical discoveries so far have been reported in four technical publications and the dissertation of a PhD student.  Extensions underway include: 1) incorporating educational paradigms that invoke cognitive responses during the course delivery; 2) establishing robust teacher dashboards that enable real-time reading of students’ engagement regardless of the class sitting and the number of students; and 3) establishing novel AI-based methodologies to enhance course delivery and increase students’ engagements.             Last Modified: 09/13/2022       Submitted by: Aly A Farag]]></POR_COPY_TXT>
</POR>
</Award>
</rootTag>
