<?xml version="1.0" encoding="UTF-8"?>
<rootTag>
<Award>
<AwardTitle><![CDATA[Exploration of Non-Equilibrium Interfacial Phenomena in Spin Forbidden Oxidation]]></AwardTitle>
<AGENCY>NSF</AGENCY>
<AwardEffectiveDate>05/01/2019</AwardEffectiveDate>
<AwardExpirationDate>04/30/2023</AwardExpirationDate>
<AwardTotalIntnAmount>500000.00</AwardTotalIntnAmount>
<AwardAmount>500000</AwardAmount>
<AwardInstrument>
<Value>Standard Grant</Value>
</AwardInstrument>
<Organization>
<Code>03090000</Code>
<Directorate>
<Abbreviation>MPS</Abbreviation>
<LongName>Direct For Mathematical &amp; Physical Scien</LongName>
</Directorate>
<Division>
<Abbreviation>CHE</Abbreviation>
<LongName>Division Of Chemistry</LongName>
</Division>
</Organization>
<ProgramOfficer>
<SignBlockName>Colby Foss</SignBlockName>
<PO_EMAI>cfoss@nsf.gov</PO_EMAI>
<PO_PHON>7032925327</PO_PHON>
</ProgramOfficer>
<AbstractNarration><![CDATA[Modern computer chips are made from semiconductors, such as silicon, coated with an extremely thin layer of silicon-oxide. To fabricate reliable electronic components, the thickness of this oxide layer must be precisely controlled, which presents significant challenges as devices become smaller and smaller. Present methods of creating the silicon-oxide film require heating the semiconductor at high temperature.  This process leads to a non-uniform oxide layer.  In this project, funded by the Chemical Structure, Dynamics, and Mechanisms-A (CSDM-A) program of the Chemistry Division, Professor Sylvia T. Ceyer of the Massachusetts Institute of Technology and her students are using sophisticated molecular beam techniques to study the oxide formation process.  Their discoveries could lead to improved methods using lower temperatures, which would have significant societal and economic benefit.  This research is also providing a broad-based education in scientific problem solving for students embarking on careers in chemical industry.  Professor Ceyer leverages MIT?s Summer Research Program (MSRP) to recruit underrepresented undergraduate students for summer research engaging them in the excitement of scientific discovery.  Professor Ceyer also authors and narrates compelling general chemistry lectures on YouTube as a part of educational and outreach activities designed to make science understandable and accessible for all. &lt;br/&gt;&lt;br/&gt;This work proposes a novel method using (O2)2 dimer to easily synthesize O2 in its first electronically excited singlet state with the aim of bypassing a spin-forbidden reaction that limits oxidation activity of semiconductors.  This idea may lead to precise control of ever-thinner oxide layers in devices. The comparison between the experimentally-determined interaction dynamics of O2 versus (O2)2 are providing insights into the origin of the low, but non-zero probability of this spin forbidden reaction.  This research program also explores a non-equilibrium phenomenon involving lattice electronic excitations due to the initial collision of the incident O2 in the quest for understanding the non-zero O2 reactivity.  Finally, these experiments test a hypothesis that an alternate mechanism for dissociative chemisorption, atom abstraction, which does not require a spin forbidden transition, may be operative via a metastable, non-equilibrium precursor state or a direct atom abstraction associated with a transient potential energy maximum.&lt;br/&gt;&lt;br/&gt;This award reflects NSF's statutory mission and has been deemed worthy of support through evaluation using the Foundation's intellectual merit and broader impacts review criteria.]]></AbstractNarration>
<MinAmdLetterDate>04/05/2019</MinAmdLetterDate>
<MaxAmdLetterDate>04/05/2019</MaxAmdLetterDate>
<ARRAAmount/>
<TRAN_TYPE>Grant</TRAN_TYPE>
<CFDA_NUM>47.049</CFDA_NUM>
<NSF_PAR_USE_FLAG>1</NSF_PAR_USE_FLAG>
<FUND_AGCY_CODE>4900</FUND_AGCY_CODE>
<AWDG_AGCY_CODE>4900</AWDG_AGCY_CODE>
<AwardID>1900109</AwardID>
<Investigator>
<FirstName>Sylvia</FirstName>
<LastName>Ceyer</LastName>
<PI_MID_INIT>T</PI_MID_INIT>
<PI_SUFX_NAME/>
<PI_FULL_NAME>Sylvia T Ceyer</PI_FULL_NAME>
<EmailAddress><![CDATA[stceyer@mit.edu]]></EmailAddress>
<NSF_ID>000309652</NSF_ID>
<StartDate>04/05/2019</StartDate>
<EndDate/>
<RoleCode>Principal Investigator</RoleCode>
</Investigator>
<Institution>
<Name><![CDATA[Massachusetts Institute of Technology]]></Name>
<CityName>CAMBRIDGE</CityName>
<ZipCode>021394301</ZipCode>
<PhoneNumber>6172531000</PhoneNumber>
<StreetAddress><![CDATA[77 MASSACHUSETTS AVE]]></StreetAddress>
<StreetAddress2/>
<CountryName>United States</CountryName>
<StateName>Massachusetts</StateName>
<StateCode>MA</StateCode>
<CONGRESSDISTRICT>07</CONGRESSDISTRICT>
<CONGRESS_DISTRICT_ORG>MA07</CONGRESS_DISTRICT_ORG>
<ORG_UEI_NUM>E2NYLCDML6V1</ORG_UEI_NUM>
<ORG_LGL_BUS_NAME>MASSACHUSETTS INSTITUTE OF TECHNOLOGY</ORG_LGL_BUS_NAME>
<ORG_PRNT_UEI_NUM>E2NYLCDML6V1</ORG_PRNT_UEI_NUM>
</Institution>
<Performance_Institution>
<Name><![CDATA[Massachusetts Institute of Technology]]></Name>
<CityName>Cambridge</CityName>
<StateCode>MA</StateCode>
<ZipCode>021394301</ZipCode>
<StreetAddress><![CDATA[77 Massachusetts Avenue]]></StreetAddress>
<CountryCode>US</CountryCode>
<CountryName>United States</CountryName>
<StateName>Massachusetts</StateName>
<CountryFlag>1</CountryFlag>
<CONGRESSDISTRICT>07</CONGRESSDISTRICT>
<CONGRESS_DISTRICT_PERF>MA07</CONGRESS_DISTRICT_PERF>
</Performance_Institution>
<ProgramElement>
<Code>9101</Code>
<Text>Chem Struct,Dynmcs&amp;Mechansms A</Text>
</ProgramElement>
<ProgramReference>
<Code>8037</Code>
<Text>Advanced Manufacturing</Text>
</ProgramReference>
<Appropriation>
<Code>0119</Code>
<Name>NSF RESEARCH &amp; RELATED ACTIVIT</Name>
<APP_SYMB_ID>040100</APP_SYMB_ID>
</Appropriation>
<Fund>
<Code>01001920DB</Code>
<Name><![CDATA[NSF RESEARCH & RELATED ACTIVIT]]></Name>
<FUND_SYMB_ID>040100</FUND_SYMB_ID>
</Fund>
<FUND_OBLG>2019~500000</FUND_OBLG>
<POR>
<DRECONTENT><![CDATA[<div class="porColContainerWBG"> <div class="porContentCol"><p>Computer or cell phone electronic chips are made from semiconductors, such as silicon, and require an extremely thin layer of silicon-oxide coating in order to function. &nbsp;To fabricate reliable electronic components, the thickness of this oxide layer must be precisely controlled, which presents significant challenges as devices become smaller and smaller. Present methods of creating this oxide layer require heating the semiconductor to high temperature in the presence of oxygen, and often lack the control to produce a uniform oxide layer. &nbsp;This project has demonstrated a novel method to carry out silicon oxidation at low temperature using sophisticated molecular beam techniques to create a unique form of oxygen and to study the oxidation process at the atomic level.&nbsp; Preliminary measurements of the reaction probability yield a value that is about nine times greater than that measured with standard silicon oxidation processes at high silicon temperatures.&nbsp; This discovery could lead to more precise control of ever-thinner oxide layers in semiconductor chips, which would have significant societal benefit in both faster and smaller electronic devices.&nbsp;</p> <p>Graphene, an emerging two-dimensional material with a higher electrical conductivity than copper, a higher electron mobility than silicon, and a greater hardness than steel, could revolutionize the electronics industry.&nbsp; But the problem in integrating graphene into computer chips is that the temperatures necessary to grow graphene are too high to be compatible with silicon devices.&nbsp; The high temperatures would melt the existing layers of the many materials that make up the structure of the silicon computer chip.&nbsp; This project demonstrated a scheme for graphene production at very low temperatures compared to previous methods by introducing minute amounts of gold into a nickel surface.&nbsp; The gold was shown to catalyze or speed up graphene growth at low temperatures compatible with semiconductor chip technology.&nbsp; &nbsp;The capability of low temperature graphene growth opens up significant potential for the incorporation of graphene into complementary metal-oxide semiconductor processes, which would result in smaller and faster electronic chips.&nbsp;</p> <p>These research projects provided a broad-based education in scientific problem solving for graduate and postdoctoral students to begin careers in chemical industry, equipping them with skills that are in high demand particularly in the semiconductor materials industry and in chemical companies, or to begin careers as researchers or teachers. &nbsp;They also provided insight into the fundamental principles of semiconductor oxidation chemistry and gold catalytic activity, which in turn will spur additional creative approaches to both research problems and practical applications.</p> <p>&nbsp;</p> <p>&nbsp;</p><br> <p>            Last Modified: 06/22/2023<br>      Modified by: Sylvia&nbsp;T&nbsp;Ceyer</p> </div> <div class="porSideCol"> <div class="each-gallery"> <div class="galContent" id="gallery0"> <div class="photoCount" id="photoCount0">          Image         </div> <div class="galControls onePhoto" id="controls0"></div> <div class="galSlideshow" id="slideshow0"></div> <div class="galEmbox" id="embox"> <div class="image-title"></div> </div> </div> <div class="galNavigation onePhoto" id="navigation0"> <ul class="thumbs" id="thumbs0"> <li> <a href="/por/images/Reports/POR/2023/1900109/1900109_10599724_1687303798555_OutcomesFigure--rgov-214x142.jpg" original="/por/images/Reports/POR/2023/1900109/1900109_10599724_1687303798555_OutcomesFigure--rgov-800width.jpg" title="Graphene Formation on a Gold-Nickel Surface Alloy"><img src="/por/images/Reports/POR/2023/1900109/1900109_10599724_1687303798555_OutcomesFigure--rgov-66x44.jpg" alt="Graphene Formation on a Gold-Nickel Surface Alloy"></a> <div class="imageCaptionContainer"> <div class="imageCaption">Caption is beneath figure.</div> <div class="imageCredit">J. Kim</div> <div class="imagePermisssions">Copyrighted</div> <div class="imageSubmitted">Sylvia&nbsp;T&nbsp;Ceyer</div> <div class="imageTitle">Graphene Formation on a Gold-Nickel Surface Alloy</div> </div> </li> </ul> </div> </div> </div> </div>]]></DRECONTENT>
<POR_COPY_TXT><![CDATA[ Computer or cell phone electronic chips are made from semiconductors, such as silicon, and require an extremely thin layer of silicon-oxide coating in order to function.  To fabricate reliable electronic components, the thickness of this oxide layer must be precisely controlled, which presents significant challenges as devices become smaller and smaller. Present methods of creating this oxide layer require heating the semiconductor to high temperature in the presence of oxygen, and often lack the control to produce a uniform oxide layer.  This project has demonstrated a novel method to carry out silicon oxidation at low temperature using sophisticated molecular beam techniques to create a unique form of oxygen and to study the oxidation process at the atomic level.  Preliminary measurements of the reaction probability yield a value that is about nine times greater than that measured with standard silicon oxidation processes at high silicon temperatures.  This discovery could lead to more precise control of ever-thinner oxide layers in semiconductor chips, which would have significant societal benefit in both faster and smaller electronic devices.   Graphene, an emerging two-dimensional material with a higher electrical conductivity than copper, a higher electron mobility than silicon, and a greater hardness than steel, could revolutionize the electronics industry.  But the problem in integrating graphene into computer chips is that the temperatures necessary to grow graphene are too high to be compatible with silicon devices.  The high temperatures would melt the existing layers of the many materials that make up the structure of the silicon computer chip.  This project demonstrated a scheme for graphene production at very low temperatures compared to previous methods by introducing minute amounts of gold into a nickel surface.  The gold was shown to catalyze or speed up graphene growth at low temperatures compatible with semiconductor chip technology.   The capability of low temperature graphene growth opens up significant potential for the incorporation of graphene into complementary metal-oxide semiconductor processes, which would result in smaller and faster electronic chips.   These research projects provided a broad-based education in scientific problem solving for graduate and postdoctoral students to begin careers in chemical industry, equipping them with skills that are in high demand particularly in the semiconductor materials industry and in chemical companies, or to begin careers as researchers or teachers.  They also provided insight into the fundamental principles of semiconductor oxidation chemistry and gold catalytic activity, which in turn will spur additional creative approaches to both research problems and practical applications.             Last Modified: 06/22/2023       Submitted by: Sylvia T Ceyer]]></POR_COPY_TXT>
</POR>
</Award>
</rootTag>
