<?xml version="1.0" encoding="UTF-8"?>
<rootTag>
<Award>
<AwardTitle><![CDATA[Catalysis for sustainable aluminum-carbon bond formation]]></AwardTitle>
<AGENCY>NSF</AGENCY>
<AwardEffectiveDate>08/15/2019</AwardEffectiveDate>
<AwardExpirationDate>07/31/2023</AwardExpirationDate>
<AwardTotalIntnAmount>485000.00</AwardTotalIntnAmount>
<AwardAmount>485000</AwardAmount>
<AwardInstrument>
<Value>Continuing Grant</Value>
</AwardInstrument>
<Organization>
<Code>03090000</Code>
<Directorate>
<Abbreviation>MPS</Abbreviation>
<LongName>Direct For Mathematical &amp; Physical Scien</LongName>
</Directorate>
<Division>
<Abbreviation>CHE</Abbreviation>
<LongName>Division Of Chemistry</LongName>
</Division>
</Organization>
<ProgramOfficer>
<SignBlockName>George Richter-Addo</SignBlockName>
<PO_EMAI>grichter@nsf.gov</PO_EMAI>
<PO_PHON>7032927528</PO_PHON>
</ProgramOfficer>
<AbstractNarration><![CDATA[In this project funded by the Chemical Catalysis Program of the Chemistry Division, Professor Aaron Sadow of Iowa State University is studying the novel chemical reactivity of aluminum.  This research supports the economy of the United States since aluminum is widely available in North America and is of value in many industries including the beverage, housing, and transportation industries.  Of particular interest are the many useful aluminum compounds with bonds to carbon. Professor Sadow is developing new methods for making such aluminum-carbon bonds. The specific goal is to generate these bonds with newly designed catalysts that speed-up and guide the reactions to form desired products.  Aspects of the work are challenging because typical organoaluminum compounds decompose upon contact with air and water. In addition to this research project, Dr. Sadow is engaged in community outreach with the goal of educating broad audiences about the challenges and opportunities of topical issues, such as green chemistry.  The principal venue is community radio programming, which reaches both a local and national audience through a network of websites and archived shows. Professor Sadow also participates in an on-going seminar series on careers in chemistry, which introduces industrial and academic chemists and other scientists to undergraduate and graduate students.&lt;br/&gt;&lt;br/&gt;In this project, Professor Aaron Sadow of Iowa State University is studying the catalytic reactions of carbon-hydrogen (C-H) bonds with aluminum compounds to efficiently synthesize alkynyl-, vinyl-, and aryl-aluminum compounds. Reactions of aluminum alkyls with alkynes and alkenes are unselective without a catalyst, giving mixtures resulting from metalation, carboalumination, and hydroalumination, depending on the unsaturated reactant and aluminum reagent. In addition, carboaluminum, rather than alumination, is the typical pathway catalyzed by early transition metals. Instead, Dr. Sadow is developing catalytic methods for alumination of alkynes involving substitution of a C-H bond for C-Al bond. The catalytic, salt-waste-free synthesis allows the new organoaluminum species to be used in two-step, one-pot reactions and takes advantage of the polarized nucleophilic character of alkynylaluminums. Dr. Sadow is also investigating the reaction mechanism through kinetics, for comparison with carboalumination. Dr. Sadow is developing a community radio program that broadly discusses the challenges and advances made by the chemistry community toward sustainable enterprises. Additionally, he is organizing a lecture series for Iowa State undergraduate students that highlights challenges and technical advances in green chemistry and sustainability in academic and industrial chemistry research.&lt;br/&gt;&lt;br/&gt;This award reflects NSF's statutory mission and has been deemed worthy of support through evaluation using the Foundation's intellectual merit and broader impacts review criteria.]]></AbstractNarration>
<MinAmdLetterDate>08/03/2019</MinAmdLetterDate>
<MaxAmdLetterDate>10/15/2020</MaxAmdLetterDate>
<ARRAAmount/>
<TRAN_TYPE>Grant</TRAN_TYPE>
<CFDA_NUM>47.049</CFDA_NUM>
<NSF_PAR_USE_FLAG>1</NSF_PAR_USE_FLAG>
<FUND_AGCY_CODE>4900</FUND_AGCY_CODE>
<AWDG_AGCY_CODE>4900</AWDG_AGCY_CODE>
<AwardID>1900393</AwardID>
<Investigator>
<FirstName>Aaron</FirstName>
<LastName>Sadow</LastName>
<PI_MID_INIT>D</PI_MID_INIT>
<PI_SUFX_NAME/>
<PI_FULL_NAME>Aaron D Sadow</PI_FULL_NAME>
<EmailAddress><![CDATA[sadow@iastate.edu]]></EmailAddress>
<NSF_ID>000220066</NSF_ID>
<StartDate>08/03/2019</StartDate>
<EndDate/>
<RoleCode>Principal Investigator</RoleCode>
</Investigator>
<Institution>
<Name><![CDATA[Iowa State University]]></Name>
<CityName>AMES</CityName>
<ZipCode>500112103</ZipCode>
<PhoneNumber>5152945225</PhoneNumber>
<StreetAddress><![CDATA[1350 BEARDSHEAR HALL]]></StreetAddress>
<StreetAddress2><![CDATA[515 MORRILL ROAD]]></StreetAddress2>
<CountryName>United States</CountryName>
<StateName>Iowa</StateName>
<StateCode>IA</StateCode>
<CONGRESSDISTRICT>04</CONGRESSDISTRICT>
<CONGRESS_DISTRICT_ORG>IA04</CONGRESS_DISTRICT_ORG>
<ORG_UEI_NUM>DQDBM7FGJPC5</ORG_UEI_NUM>
<ORG_LGL_BUS_NAME>IOWA STATE UNIVERSITY OF SCIENCE AND TECHNOLOGY</ORG_LGL_BUS_NAME>
<ORG_PRNT_UEI_NUM/>
</Institution>
<Performance_Institution>
<Name><![CDATA[Iowa State University]]></Name>
<CityName/>
<StateCode>IA</StateCode>
<ZipCode>500111079</ZipCode>
<StreetAddress/>
<CountryCode>US</CountryCode>
<CountryName>United States</CountryName>
<StateName>Iowa</StateName>
<CountryFlag>1</CountryFlag>
<CONGRESSDISTRICT>04</CONGRESSDISTRICT>
<CONGRESS_DISTRICT_PERF>IA04</CONGRESS_DISTRICT_PERF>
</Performance_Institution>
<ProgramElement>
<Code>6884</Code>
<Text>Chemical Catalysis</Text>
</ProgramElement>
<ProgramReference>
<Code>8037</Code>
<Text>Advanced Manufacturing</Text>
</ProgramReference>
<Appropriation>
<Code>0119</Code>
<Name>NSF RESEARCH &amp; RELATED ACTIVIT</Name>
<APP_SYMB_ID>040100</APP_SYMB_ID>
</Appropriation>
<Appropriation>
<Code>0120</Code>
<Name>NSF RESEARCH &amp; RELATED ACTIVIT</Name>
<APP_SYMB_ID>040100</APP_SYMB_ID>
</Appropriation>
<Fund>
<Code>01001920DB</Code>
<Name><![CDATA[NSF RESEARCH & RELATED ACTIVIT]]></Name>
<FUND_SYMB_ID>040100</FUND_SYMB_ID>
</Fund>
<Fund>
<Code>01002021DB</Code>
<Name><![CDATA[NSF RESEARCH & RELATED ACTIVIT]]></Name>
<FUND_SYMB_ID>040100</FUND_SYMB_ID>
</Fund>
<FUND_OBLG>2019~157797</FUND_OBLG>
<FUND_OBLG>2020~327203</FUND_OBLG>
</Award>
</rootTag>
