<?xml version="1.0" encoding="UTF-8"?>
<rootTag>
<Award>
<AwardTitle><![CDATA[D3SC: Discovery and Optimization of Chiral Catalysts Guided by Chemoinformatics]]></AwardTitle>
<AGENCY>NSF</AGENCY>
<AwardEffectiveDate>09/01/2019</AwardEffectiveDate>
<AwardExpirationDate>08/31/2023</AwardExpirationDate>
<AwardTotalIntnAmount>485000.00</AwardTotalIntnAmount>
<AwardAmount>485000</AwardAmount>
<AwardInstrument>
<Value>Continuing Grant</Value>
</AwardInstrument>
<Organization>
<Code>03090000</Code>
<Directorate>
<Abbreviation>MPS</Abbreviation>
<LongName>Direct For Mathematical &amp; Physical Scien</LongName>
</Directorate>
<Division>
<Abbreviation>CHE</Abbreviation>
<LongName>Division Of Chemistry</LongName>
</Division>
</Organization>
<ProgramOfficer>
<SignBlockName>Laura Anderson</SignBlockName>
<PO_EMAI>laanders@nsf.gov</PO_EMAI>
<PO_PHON>7032922934</PO_PHON>
</ProgramOfficer>
<AbstractNarration><![CDATA[With this award, the Chemical Catalysis Program of the NSF Division of Chemistry is supporting the research of Professor Scott E. Denmark of the Department of Chemistry at the University of Illinois at Urbana-Champaign. Professor Denmark is developing a new paradigm for the development of catalysts that combines the creative power of "diversity-oriented synthesis" with the computational power of informatics. Under the data-driven discovery science in Chemistry (D3SC) initiative, the foundation of this program is the invention and implementation of high-resolution descriptors that are able to accurately reflect the chemical properties of molecules in a form that is readable by a computer. The current state of the art is insufficient to provide the level of granularity needed to assure that the properties of computer generated libraries of hypothetical catalysts are accurate reflections of the true character of the molecules. Most importantly, however, the development of a truly general, computationally guided workflow for the optimization of molecular function can impact the entire spectrum of chemical properties from optimizing the performance of functional materials (sensors, LEDs, adhesives, energy storage systems, etc.) to the discovery and optimization of catalysts for industrially relevant chemical processes.&lt;br/&gt;&lt;br/&gt;The goals of this proposal are summarized in the basic components of a discovery oriented program that combines computational analysis with experimentation, namely: (1) in-silico generation of a massive library of hypothetical catalyst structures based on a given scaffold followed by calculation of descriptors of each library member, (2) diversity analysis to generate representative "training set", (3) synthesis of training set, (4) evaluation of the training set in a given reaction, (5) development and validation of a mathematical model that correlates empirical output with molecular properties (6) application of that model to the virtual library of catalysts, (7) synthesis and evaluation of best predicted catalysts, and (8) repeat steps 4-8 until desired output is achieved. Great potential exists for 3D-Quantitative Structure Selectivity Relationship (3D-QSSR) modeling to impact asymmetric catalysis, not only by identifying high performance catalyst structures, but also by providing a new framework to elucidate the structural features that govern the activity and enantioselectivity of catalysts for any given chemical transformation. Most importantly, this framework should be universally applicable to the optimization of any kind of molecular property or function. These activities are ideal for the intellectual and practical training of graduate students and postdoctoral coworkers. The interplay of theory and experiment is the essence of the scientific method. Students are presented with hypotheses for the outcome of planned experiments and they must learn to collect and interpret data to substantiate or eliminate the hypothesis. They also become expert synthetic chemists, proficient scientific programmers, and competent in computational chemistry, data-science, and machine learning. The unifying theme of this activity is the development of a computationally guided workflow that leads to the creation of universally applicable training sets of molecules that can be used to optimize myriad chemical reactions.&lt;br/&gt;&lt;br/&gt;This award reflects NSF's statutory mission and has been deemed worthy of support through evaluation using the Foundation's intellectual merit and broader impacts review criteria.]]></AbstractNarration>
<MinAmdLetterDate>07/31/2019</MinAmdLetterDate>
<MaxAmdLetterDate>07/20/2020</MaxAmdLetterDate>
<ARRAAmount/>
<TRAN_TYPE>Grant</TRAN_TYPE>
<CFDA_NUM>47.049</CFDA_NUM>
<NSF_PAR_USE_FLAG>1</NSF_PAR_USE_FLAG>
<FUND_AGCY_CODE>4900</FUND_AGCY_CODE>
<AWDG_AGCY_CODE>4900</AWDG_AGCY_CODE>
<AwardID>1900617</AwardID>
<Investigator>
<FirstName>Scott</FirstName>
<LastName>Denmark</LastName>
<PI_MID_INIT>E</PI_MID_INIT>
<PI_SUFX_NAME/>
<PI_FULL_NAME>Scott E Denmark</PI_FULL_NAME>
<EmailAddress><![CDATA[sdenmark@illinois.edu]]></EmailAddress>
<NSF_ID>000163137</NSF_ID>
<StartDate>07/31/2019</StartDate>
<EndDate/>
<RoleCode>Principal Investigator</RoleCode>
</Investigator>
<Institution>
<Name>University of Illinois at Urbana-Champaign</Name>
<CityName>URBANA</CityName>
<ZipCode>618013620</ZipCode>
<PhoneNumber>2173332187</PhoneNumber>
<StreetAddress>506 S WRIGHT ST</StreetAddress>
<StreetAddress2/>
<CountryName>United States</CountryName>
<StateName>Illinois</StateName>
<StateCode>IL</StateCode>
<CONGRESSDISTRICT>13</CONGRESSDISTRICT>
<CONGRESS_DISTRICT_ORG>IL13</CONGRESS_DISTRICT_ORG>
<ORG_UEI_NUM>Y8CWNJRCNN91</ORG_UEI_NUM>
<ORG_LGL_BUS_NAME>UNIVERSITY OF ILLINOIS</ORG_LGL_BUS_NAME>
<ORG_PRNT_UEI_NUM/>
</Institution>
<Performance_Institution>
<Name><![CDATA[University of Illinois at Urbana-Champaign]]></Name>
<CityName>Champaign</CityName>
<StateCode>IL</StateCode>
<ZipCode>618013620</ZipCode>
<StreetAddress><![CDATA[Henry Admin Bldg., 506 Wright St]]></StreetAddress>
<CountryCode>US</CountryCode>
<CountryName>United States</CountryName>
<StateName>Illinois</StateName>
<CountryFlag>1</CountryFlag>
<CONGRESSDISTRICT>13</CONGRESSDISTRICT>
<CONGRESS_DISTRICT_PERF>IL13</CONGRESS_DISTRICT_PERF>
</Performance_Institution>
<ProgramElement>
<Code>6884</Code>
<Text>Chemical Catalysis</Text>
</ProgramElement>
<ProgramReference>
<Code>062Z</Code>
<Text>Harnessing the Data Revolution</Text>
</ProgramReference>
<ProgramReference>
<Code>8037</Code>
<Text>Advanced Manufacturing</Text>
</ProgramReference>
<Appropriation>
<Code>0119</Code>
<Name>NSF RESEARCH &amp; RELATED ACTIVIT</Name>
<APP_SYMB_ID>040100</APP_SYMB_ID>
</Appropriation>
<Appropriation>
<Code>0120</Code>
<Name>NSF RESEARCH &amp; RELATED ACTIVIT</Name>
<APP_SYMB_ID>040100</APP_SYMB_ID>
</Appropriation>
<Fund>
<Code>01001920DB</Code>
<Name><![CDATA[NSF RESEARCH & RELATED ACTIVIT]]></Name>
<FUND_SYMB_ID>040100</FUND_SYMB_ID>
</Fund>
<Fund>
<Code>01002021DB</Code>
<Name><![CDATA[NSF RESEARCH & RELATED ACTIVIT]]></Name>
<FUND_SYMB_ID>040100</FUND_SYMB_ID>
</Fund>
<FUND_OBLG>2019~168713</FUND_OBLG>
<FUND_OBLG>2020~316287</FUND_OBLG>
<POR>
<DRECONTENT><![CDATA[<div class="porColContainerWBG"> <div class="porContentCol"><p>Catalytic, enantioselective reactions are of paramount importance in synthetic organic chemistry. The longstanding strategy to develop such transformations is based on a combination of Edisonian empiricism and chemical intuition. The Denmark program of research outlines an amalgamation of experimentally derived data combined with the ability of machine learning to identify trends in large data sets to generate mathematical relationships between chemical properties of catalyst molecules and the reaction selectivities they produce. Although chemoinformatic methods have been applied to catalysis before our workflow represents the first fully algorithmically guided approach from start to finish. <em>We have demonstrated that algorithmically</em>-g<em>uided method development, combined with diversity-oriented synthesis will provide a new paradigm for catalyst discovery and optimization.</em></p> <p class="NIHContinuationPage">The Denmark Laboratory has developed a radically new approach for the optimization of asymmetric catalysts by combining the algorithmically guided catalyst identification with chemoinformatics and machine learning. We have created a fully informatics-driven workflow that incorporates newly invented descriptors for steric, electronic, and dispersion contributions that capture the conformational flexibility of molecules in statistical modeling. Central to the implementation of this workflow is his introduction of the concept of the &ldquo;Universal Training Set,&rdquo; which accurately represents the features of large in-silico libraries. We have validated this informatics-guided approach experimentally by accurately predicting higher performing catalysts and reaction partners from low selectivity data. We have created <em>in silico</em> libraries of chiral phosphoric acids, bisoxazolines, phosphoramidites, phosphinooxazolines, and tripeptides, generated millions of conformers, calculated descriptors for each conformer, and synthesized &ldquo;Universal Training Sets&rdquo; for each privileged scaffold for optimization of enantioselective reactions.</p> <p class="NIHContinuationPage">The research programs sponsored by this National Science Foundation grant has enabled the design construction and validation of this workflow as described below. The process begins with (<strong>A</strong>) construction of an <em>in silico </em>library of a large collection of conceivable, synthetically accessible catalysts of a particular scaffold; (B) calculation of robust chemical descriptors for each scaffold (<strong>C</strong>) selection of a representative subset of the catalysts in this space. This subset is termed the Universal Training Set (UTS), so named because it is agnostic to reaction or mechanism. (<strong>D</strong>) Collection of the training data, and (<strong>E</strong>) application of modern machine learning methods to generate models that predict the enantioselectivity of each member of the <em>in silico </em>library. These models are evaluated with an external test set of catalysts. The validated models can then be used to select the optimal catalyst for a given reaction.</p> <p class="NIHContinuationPage">With partial support from this grant, we have been able to validate the workflow in a variety of different catalytic processes. For example, in a collaborative effort with Genentech, we have recently published a new approach to identifying <em>general </em>catalysts by incorporating High Level Data Fusion into the catalyst selection process for the atropselective iodination of 2-amino-6-arylpyridines catalyzed by chiral disulfonimides (DSIs). Key to the development of this transformation was the use of a chemoinformatically-guided workflow for the curation of a structurally diverse training set of DSI catalyst. Utilization of this catalyst training set in the atropselective iodination across a variety 2-aminopyridine substrates allowed for the recommendation of statistically higher performing DSIs for this reaction. Data Fusion techniques were implemented to successfully predict the performance of catalysts when classical linear regression analysis failed to provide suitable models. This effort identified a privileged class of 3,3&rsquo;-alkynyl-DSI catalysts which were effective in catalyzing the iodination of a variety of 2-amino-6-arylpyridines with high stereoselectivity and generality. Subsequent preparative-scale demonstrations highlighted the utility of this reaction by providing iodinated pyridines &gt;90:10 er and in good chemical yield.</p> <p class="NIHContinuationPage">In a collaborative effort with the Merck Process Laboratories, we developed a catalyst selection method for the optimization of an asymmetric, vinylogous, Mukaiyama aldol reactions. A large library of commercially available and synthetically accessible copper-bis(oxazoline) catalysts was constructed <em>in silico</em>. Conformer-dependent, grid-based descriptors were calculated for each catalyst, defining a chemical feature space suitable for machine learning. Selection of a diverse subset of catalyst space produced an initial training set of 26 novel bis(oxazoline) ligands which were synthesized and tested for stereoselectivity in the copper-catalyzed, vinylogous Mukaiyama aldol reaction for five substrate combinations. One ligand in the training set provided 88% average enantiomeric excess, exceeding the performance of catalysts identified through an initial optimization campaign. Supervised and semi-supervised catalyst selection methods, including quantitative structure-selectivity relationship modelling, nearest neighbors analysis, and a focused analogue clustering strategy, were employed to identify an additional 12 novel bis(oxazoline) ligands. The selected ligands outperformed the initial training set hit in four out of five product classes, and in some cases demonstrated excellent enantiocontrol exceeding 95% ee. The effectiveness of the unsupervised training set selection process is discussed, and the expediency of the nearest neighbor and focused analogue approaches are contrasted with the supervised quantitative structure-selectivity relationship modelling approach.</p><br> <p>  Last Modified: 11/07/2023<br> Modified by: Scott&nbsp;E&nbsp;Denmark</p></div> <div class="porSideCol" ><div class="each-gallery"> <div class="galContent" id="gallery0"> <div class="photoCount" id="photoCount0">          Image         </div> <div class="galControls onePhoto" id="controls0"></div> <div class="galSlideshow" id="slideshow0"></div> <div class="galEmbox" id="embox"> <div class="image-title"></div> </div> </div> <div class="galNavigation onePhoto" id="navigation0"> <ul class="thumbs" id="thumbs0"> <li> <a href="/por/images/Reports/POR/2023/1900617/1900617_10628354_1699407828368_Cheminformatics_Graphic--rgov-214x142.png" original="/por/images/Reports/POR/2023/1900617/1900617_10628354_1699407828368_Cheminformatics_Graphic--rgov-800width.png" title="Informatics Workflow"><img src="/por/images/Reports/POR/2023/1900617/1900617_10628354_1699407828368_Cheminformatics_Graphic--rgov-66x44.png" alt="Informatics Workflow"></a> <div class="imageCaptionContainer"> <div class="imageCaption">Diagram of the various components of algorithmically guided identification of chiral catalysts for enantioselective reactions.</div> <div class="imageCredit">Scott E. Denmark</div> <div class="imagePermisssions">Public Domain</div> <div class="imageSubmitted">Scott&nbsp;E&nbsp;Denmark <div class="imageTitle">Informatics Workflow</div> </div> </li></ul> </div> </div></div> </div>]]></DRECONTENT>
<POR_COPY_TXT><![CDATA[  Catalytic, enantioselective reactions are of paramount importance in synthetic organic chemistry. The longstanding strategy to develop such transformations is based on a combination of Edisonian empiricism and chemical intuition. The Denmark program of research outlines an amalgamation of experimentally derived data combined with the ability of machine learning to identify trends in large data sets to generate mathematical relationships between chemical properties of catalyst molecules and the reaction selectivities they produce. Although chemoinformatic methods have been applied to catalysis before our workflow represents the first fully algorithmically guided approach from start to finish. We have demonstrated that algorithmically-guided method development, combined with diversity-oriented synthesis will provide a new paradigm for catalyst discovery and optimization.   The Denmark Laboratory has developed a radically new approach for the optimization of asymmetric catalysts by combining the algorithmically guided catalyst identification with chemoinformatics and machine learning. We have created a fully informatics-driven workflow that incorporates newly invented descriptors for steric, electronic, and dispersion contributions that capture the conformational flexibility of molecules in statistical modeling. Central to the implementation of this workflow is his introduction of the concept of the Universal Training Set, which accurately represents the features of large in-silico libraries. We have validated this informatics-guided approach experimentally by accurately predicting higher performing catalysts and reaction partners from low selectivity data. We have created in silico libraries of chiral phosphoric acids, bisoxazolines, phosphoramidites, phosphinooxazolines, and tripeptides, generated millions of conformers, calculated descriptors for each conformer, and synthesized Universal Training Sets for each privileged scaffold for optimization of enantioselective reactions.   The research programs sponsored by this National Science Foundation grant has enabled the design construction and validation of this workflow as described below. The process begins with (A) construction of an in silico library of a large collection of conceivable, synthetically accessible catalysts of a particular scaffold; (B) calculation of robust chemical descriptors for each scaffold (C) selection of a representative subset of the catalysts in this space. This subset is termed the Universal Training Set (UTS), so named because it is agnostic to reaction or mechanism. (D) Collection of the training data, and (E) application of modern machine learning methods to generate models that predict the enantioselectivity of each member of the in silico library. These models are evaluated with an external test set of catalysts. The validated models can then be used to select the optimal catalyst for a given reaction.   With partial support from this grant, we have been able to validate the workflow in a variety of different catalytic processes. For example, in a collaborative effort with Genentech, we have recently published a new approach to identifying general catalysts by incorporating High Level Data Fusion into the catalyst selection process for the atropselective iodination of 2-amino-6-arylpyridines catalyzed by chiral disulfonimides (DSIs). Key to the development of this transformation was the use of a chemoinformatically-guided workflow for the curation of a structurally diverse training set of DSI catalyst. Utilization of this catalyst training set in the atropselective iodination across a variety 2-aminopyridine substrates allowed for the recommendation of statistically higher performing DSIs for this reaction. Data Fusion techniques were implemented to successfully predict the performance of catalysts when classical linear regression analysis failed to provide suitable models. This effort identified a privileged class of 3,3-alkynyl-DSI catalysts which were effective in catalyzing the iodination of a variety of 2-amino-6-arylpyridines with high stereoselectivity and generality. Subsequent preparative-scale demonstrations highlighted the utility of this reaction by providing iodinated pyridines 90:10 er and in good chemical yield.   In a collaborative effort with the Merck Process Laboratories, we developed a catalyst selection method for the optimization of an asymmetric, vinylogous, Mukaiyama aldol reactions. A large library of commercially available and synthetically accessible copper-bis(oxazoline) catalysts was constructed in silico. Conformer-dependent, grid-based descriptors were calculated for each catalyst, defining a chemical feature space suitable for machine learning. Selection of a diverse subset of catalyst space produced an initial training set of 26 novel bis(oxazoline) ligands which were synthesized and tested for stereoselectivity in the copper-catalyzed, vinylogous Mukaiyama aldol reaction for five substrate combinations. One ligand in the training set provided 88% average enantiomeric excess, exceeding the performance of catalysts identified through an initial optimization campaign. Supervised and semi-supervised catalyst selection methods, including quantitative structure-selectivity relationship modelling, nearest neighbors analysis, and a focused analogue clustering strategy, were employed to identify an additional 12 novel bis(oxazoline) ligands. The selected ligands outperformed the initial training set hit in four out of five product classes, and in some cases demonstrated excellent enantiocontrol exceeding 95% ee. The effectiveness of the unsupervised training set selection process is discussed, and the expediency of the nearest neighbor and focused analogue approaches are contrasted with the supervised quantitative structure-selectivity relationship modelling approach.     Last Modified: 11/07/2023       Submitted by: ScottEDenmark]]></POR_COPY_TXT>
</POR>
</Award>
</rootTag>
