<?xml version="1.0" encoding="UTF-8"?>
<rootTag>
<Award>
<AwardTitle><![CDATA[Research Initiation Award Grant: Study of Satellite Radio Resource Management by Differential Game Models]]></AwardTitle>
<AGENCY>NSF</AGENCY>
<AwardEffectiveDate>05/01/2019</AwardEffectiveDate>
<AwardExpirationDate>04/30/2024</AwardExpirationDate>
<AwardTotalIntnAmount>237599.00</AwardTotalIntnAmount>
<AwardAmount>237599</AwardAmount>
<AwardInstrument>
<Value>Standard Grant</Value>
</AwardInstrument>
<Organization>
<Code>11060000</Code>
<Directorate>
<Abbreviation>EDU</Abbreviation>
<LongName>Directorate for STEM Education</LongName>
</Directorate>
<Division>
<Abbreviation>EES</Abbreviation>
<LongName>Div. of Equity for Excellence in STEM</LongName>
</Division>
</Organization>
<ProgramOfficer>
<SignBlockName>Leroy Jones II</SignBlockName>
<PO_EMAI>ljones@nsf.gov</PO_EMAI>
<PO_PHON>7032924684</PO_PHON>
</ProgramOfficer>
<AbstractNarration><![CDATA[Research Initiation Awards provide support for junior and mid-career faculty at Historically Black Colleges and Universities who are building new research programs or redirecting and rebuilding existing research programs. It is expected that the award helps to further the faculty member's research capability and effectiveness, improves research and teaching at the home institution, and involves undergraduate students in research experiences. The award to Claflin University has potential broader impacts in a number of areas. The goal of this project is to study optimal control strategy in satellite communication system to allocate power among competing user terminals, who share a frequency-selective interference channel, and would be competing for limited radio resources; as well as to enhance teaching and learning at the university by involving undergraduate students in mathematical modeling. &lt;br/&gt;&lt;br/&gt;Differential game (DG) models will be used to solve for optimal control strategies, because of special features of the system - competitive and dynamical. The major components of this dynamic game are as follows: In a frequency-selective Gaussian interference channel model, there are K transmitters and K receivers in the system. Each transmitter and receiver pair will be viewed as a user or a player. The whole frequency band is divided into N frequency bins. In frequency bin f, player k allocates power in a pattern of some function, which is referred to as player k's control. With this control, if treating interference as noise, the data rate player k can achieve at time t is a function of time. Player k's objective is to maximize the data gain in a specific period of time interval, which is an integration of the data rate function over this time interval. The dynamics of the system is the rate of change of channel gain, which is a function of controls and noises. Thus, all players are combined in a same dynamic system, using their controls to realize their own data needs. Under the assumption of nonexistence of collaboration between players, a non-cooperative differential game model will be constructed to solve for optimal power allocation strategy for each player. Furthermore, cooperative and hierarchical competition models will also be studied for different types of competition. Mathematical analysis will be conducted to analyze the optimality condition of DG models. Numerical methods will be developed to solve models.  The broader impacts of the project will be to directly supply satellite communication controllers with a power allocation strategy design, and to generalize solution methods developed for solving DG models and improve applicability of differential game models.  This project will be conducted in collaboration with the Institute for Mathematics and its Applications at the University of Minnesota.&lt;br/&gt;&lt;br/&gt;This award reflects NSF's statutory mission and has been deemed worthy of support through evaluation using the Foundation's intellectual merit and broader impacts review criteria.]]></AbstractNarration>
<MinAmdLetterDate>04/05/2019</MinAmdLetterDate>
<MaxAmdLetterDate>04/05/2019</MaxAmdLetterDate>
<ARRAAmount/>
<TRAN_TYPE>Grant</TRAN_TYPE>
<CFDA_NUM>47.076</CFDA_NUM>
<NSF_PAR_USE_FLAG>1</NSF_PAR_USE_FLAG>
<FUND_AGCY_CODE>4900</FUND_AGCY_CODE>
<AWDG_AGCY_CODE>4900</AWDG_AGCY_CODE>
<AwardID>1900984</AwardID>
<Investigator>
<FirstName>Wei</FirstName>
<LastName>Wan</LastName>
<PI_MID_INIT/>
<PI_SUFX_NAME/>
<PI_FULL_NAME>Wei Wan</PI_FULL_NAME>
<EmailAddress><![CDATA[wwan@claflin.edu]]></EmailAddress>
<NSF_ID>000537352</NSF_ID>
<StartDate>04/05/2019</StartDate>
<EndDate/>
<RoleCode>Principal Investigator</RoleCode>
</Investigator>
<Institution>
<Name><![CDATA[Claflin University]]></Name>
<CityName>ORANGEBURG</CityName>
<ZipCode>291156815</ZipCode>
<PhoneNumber>8035355540</PhoneNumber>
<StreetAddress><![CDATA[400 MAGNOLIA ST]]></StreetAddress>
<StreetAddress2/>
<CountryName>United States</CountryName>
<StateName>South Carolina</StateName>
<StateCode>SC</StateCode>
<CONGRESSDISTRICT>02</CONGRESSDISTRICT>
<CONGRESS_DISTRICT_ORG>SC02</CONGRESS_DISTRICT_ORG>
<ORG_UEI_NUM>HKKLENWBDNK1</ORG_UEI_NUM>
<ORG_LGL_BUS_NAME>CLAFLIN UNIVERSITY</ORG_LGL_BUS_NAME>
<ORG_PRNT_UEI_NUM/>
</Institution>
<Performance_Institution>
<Name><![CDATA[Claflin University]]></Name>
<CityName/>
<StateCode>SC</StateCode>
<ZipCode>291156815</ZipCode>
<StreetAddress/>
<CountryCode>US</CountryCode>
<CountryName>United States</CountryName>
<StateName>South Carolina</StateName>
<CountryFlag>1</CountryFlag>
<CONGRESSDISTRICT>02</CONGRESSDISTRICT>
<CONGRESS_DISTRICT_PERF>SC02</CONGRESS_DISTRICT_PERF>
</Performance_Institution>
<ProgramElement>
<Code>1594</Code>
<Text>Hist Black Colleges and Univ</Text>
</ProgramElement>
<ProgramReference>
<Code>9150</Code>
<Text>EXP PROG TO STIM COMP RES</Text>
</ProgramReference>
<ProgramReference>
<Code>9178</Code>
<Text>UNDERGRADUATE EDUCATION</Text>
</ProgramReference>
<Appropriation>
<Code>0419</Code>
<Name>NSF Education &amp; Human Resource</Name>
<APP_SYMB_ID>040106</APP_SYMB_ID>
</Appropriation>
<Fund>
<Code>04001920DB</Code>
<Name><![CDATA[NSF Education & Human Resource]]></Name>
<FUND_SYMB_ID>040106</FUND_SYMB_ID>
</Fund>
<FUND_OBLG>2019~237599</FUND_OBLG>
</Award>
</rootTag>
