<?xml version="1.0" encoding="UTF-8"?>
<rootTag>
<Award>
<AwardTitle><![CDATA[SaTC: EDU: Expanding Digital Forensics Education with Artifact Curation and Scalable, Accessible Artifact Exercises]]></AwardTitle>
<AGENCY>NSF</AGENCY>
<AwardEffectiveDate>08/01/2019</AwardEffectiveDate>
<AwardExpirationDate>12/31/2022</AwardExpirationDate>
<AwardTotalIntnAmount>300000.00</AwardTotalIntnAmount>
<AwardAmount>300000</AwardAmount>
<AwardInstrument>
<Value>Standard Grant</Value>
</AwardInstrument>
<Organization>
<Code>11010000</Code>
<Directorate>
<Abbreviation>EDU</Abbreviation>
<LongName>Directorate for STEM Education</LongName>
</Directorate>
<Division>
<Abbreviation>DGE</Abbreviation>
<LongName>Division Of Graduate Education</LongName>
</Division>
</Organization>
<ProgramOfficer>
<SignBlockName>Li Yang</SignBlockName>
<PO_EMAI>liyang@nsf.gov</PO_EMAI>
<PO_PHON>7032920000</PO_PHON>
</ProgramOfficer>
<AbstractNarration><![CDATA[In digital forensic investigations, practitioners typically find data of forensic value in digital forensic artifacts. The Scientific Working Group on Digital Evidence (SWGDE) defines an artifact as "Information or data created as a result of the use of an electronic device that shows past activity". However, educational programs and resources have not kept up with digital forensics artifacts - which are the cornerstone of real-world investigations. Practitioners face the challenge of the diversity and volume of digital forensic artifacts they encounter. This makes the process of integrating artifacts into educational programs difficult. Little to no research has focused on creating scalable educational material that may be employed by instructors to teach the process of artifact curation and analysis. This is not only causing a learning gap in academic programs but is decreasing the possibility of students graduating with the necessary skills to conduct artifact analysis upon graduation. The community needs a granular, validated academic artifact dataset as well as academic exercises that employ them. This project will support the development of educational materials to address the artifact problem and will lead to graduates that understand artifacts, what they are and the process of recovering them.&lt;br/&gt;&lt;br/&gt;By leveraging past work on the Artifact Genome Project (AGP), the researchers will curate digital forensic artifacts, and use them to design scalable, self-paced, open, online digital forensic exercises. Furthermore, artifacts produced from this work will impact practice. The work will have an impact on a multitude of organizations worldwide spanning private, local, and federal organizations. The work will also impact digital forensics education through a paradigm shift from focusing only on data dumps, to digital forensic artifacts. Lastly, the curation of artifacts over time aids in the exploration of the basic scientific principles related to what artifacts are, their ontology, and definition.&lt;br/&gt;&lt;br/&gt;This award reflects NSF's statutory mission and has been deemed worthy of support through evaluation using the Foundation's intellectual merit and broader impacts review criteria.]]></AbstractNarration>
<MinAmdLetterDate>07/09/2019</MinAmdLetterDate>
<MaxAmdLetterDate>07/09/2019</MaxAmdLetterDate>
<ARRAAmount/>
<TRAN_TYPE>Grant</TRAN_TYPE>
<CFDA_NUM>47.076</CFDA_NUM>
<NSF_PAR_USE_FLAG>1</NSF_PAR_USE_FLAG>
<FUND_AGCY_CODE>4900</FUND_AGCY_CODE>
<AWDG_AGCY_CODE>4900</AWDG_AGCY_CODE>
<AwardID>1900210</AwardID>
<Investigator>
<FirstName>Ibrahim</FirstName>
<LastName>Baggili</LastName>
<PI_MID_INIT/>
<PI_SUFX_NAME/>
<PI_FULL_NAME>Ibrahim Baggili</PI_FULL_NAME>
<EmailAddress><![CDATA[ibaggili@lsu.edu]]></EmailAddress>
<NSF_ID>000659735</NSF_ID>
<StartDate>07/09/2019</StartDate>
<EndDate/>
<RoleCode>Principal Investigator</RoleCode>
</Investigator>
<Institution>
<Name><![CDATA[University of New Haven]]></Name>
<CityName>WEST HAVEN</CityName>
<ZipCode>065161916</ZipCode>
<PhoneNumber>2039327000</PhoneNumber>
<StreetAddress><![CDATA[300 BOSTON POST RD]]></StreetAddress>
<StreetAddress2/>
<CountryName>United States</CountryName>
<StateName>Connecticut</StateName>
<StateCode>CT</StateCode>
<CONGRESSDISTRICT>03</CONGRESSDISTRICT>
<CONGRESS_DISTRICT_ORG>CT03</CONGRESS_DISTRICT_ORG>
<ORG_UEI_NUM>FZBDVM1MBTN9</ORG_UEI_NUM>
<ORG_LGL_BUS_NAME>UNIVERSITY OF NEW HAVEN, INCORPORATED</ORG_LGL_BUS_NAME>
<ORG_PRNT_UEI_NUM/>
</Institution>
<Performance_Institution>
<Name><![CDATA[University of New Haven]]></Name>
<CityName/>
<StateCode>CT</StateCode>
<ZipCode>065161916</ZipCode>
<StreetAddress/>
<CountryCode>US</CountryCode>
<CountryName>United States</CountryName>
<StateName>Connecticut</StateName>
<CountryFlag>1</CountryFlag>
<CONGRESSDISTRICT>03</CONGRESSDISTRICT>
<CONGRESS_DISTRICT_PERF>CT03</CONGRESS_DISTRICT_PERF>
</Performance_Institution>
<ProgramElement>
<Code>8060</Code>
<Text>Secure &amp;Trustworthy Cyberspace</Text>
</ProgramElement>
<ProgramReference>
<Code>7254</Code>
<Text>CYBER SECURITY ACT PROPOSALS</Text>
</ProgramReference>
<ProgramReference>
<Code>7434</Code>
<Text>CNCI</Text>
</ProgramReference>
<ProgramReference>
<Code>9178</Code>
<Text>UNDERGRADUATE EDUCATION</Text>
</ProgramReference>
<ProgramReference>
<Code>9179</Code>
<Text>GRADUATE INVOLVEMENT</Text>
</ProgramReference>
<ProgramReference>
<Code>SMET</Code>
<Text>SCIENCE, MATH, ENG &amp; TECH EDUCATION</Text>
</ProgramReference>
<Appropriation>
<Code>0419</Code>
<Name>NSF Education &amp; Human Resource</Name>
<APP_SYMB_ID>040106</APP_SYMB_ID>
</Appropriation>
<Fund>
<Code>04001920DB</Code>
<Name><![CDATA[NSF Education & Human Resource]]></Name>
<FUND_SYMB_ID>040106</FUND_SYMB_ID>
</Fund>
<FUND_OBLG>2019~267505</FUND_OBLG>
</Award>
</rootTag>
