<?xml version="1.0" encoding="UTF-8"?>
<rootTag>
<Award>
<AwardTitle><![CDATA[EAGER:   Carbon dioxide (CO2) microbubbles-based ultrasonically responsive pressure sensor]]></AwardTitle>
<AGENCY>NSF</AGENCY>
<AwardEffectiveDate>09/01/2018</AwardEffectiveDate>
<AwardExpirationDate>07/31/2020</AwardExpirationDate>
<AwardTotalIntnAmount>94042.00</AwardTotalIntnAmount>
<AwardAmount>94042</AwardAmount>
<AwardInstrument>
<Value>Standard Grant</Value>
</AwardInstrument>
<Organization>
<Code>07020000</Code>
<Directorate>
<Abbreviation>ENG</Abbreviation>
<LongName>Directorate For Engineering</LongName>
</Directorate>
<Division>
<Abbreviation>CBET</Abbreviation>
<LongName>Div Of Chem, Bioeng, Env, &amp; Transp Sys</LongName>
</Division>
</Organization>
<ProgramOfficer>
<SignBlockName>William Olbricht</SignBlockName>
<PO_EMAI>wolbrich@nsf.gov</PO_EMAI>
<PO_PHON>7032924842</PO_PHON>
</ProgramOfficer>
<AbstractNarration><![CDATA[The ability to measure blood pressure inside the chambers of the heart or at other specific places in the cardiovascular system is essential to the early diagnosis and treatment of heart disease. Ideally, these measurements should be non-invasive. One approach to measuring pressure involves injecting very small gas bubbles, about one micrometer in diameter, called "microbubbles" into the blood. Microbubbles work by rapidly contracting and expanding in response to an ultrasound beam. The frequency of the expansion and contraction can be used to measure the pressure near the bubble. However, it is difficult to detect the very small changes in pressure that can signal health problems using this approach. This research project involves exploring a novel scheme for coating these bubbles to make them both more stable and more sensitive to changes in the local blood pressure. The researchers are making and characterizing a library of coating materials, and then testing the idea that the coatings will create an enhanced response of the bubble to the surrounding pressure. If successful, this approach could enable the use of coated microbubbles in a range of ultrasound diagnostics. The research project also involves training of students and young researchers in experimental methods, and several outreach activities are being pursued, including research open houses and science lectures for the general public. &lt;br/&gt;&lt;br/&gt;In this project researchers are developing approaches to combine microfluidics, rheology, polymer synthesis, and graphene chemistry to produce and characterize polyethylene glycol-graphene oxide (PEG-GO) encapsulated carbon dioxide microbubbles and to manipulate their pressure sensitivity. The research leverages recent work on the synthesis and rheology of cross-linkable PEG-GO hydrogels and on the role of the PEG-GO hydrogel coating in controlling the pressure response of the microbubbles. A library of PEG-GO materials with different properties are being synthesized by systematically varying the molecular weight of the PEG and the average number and type of reactive functional groups per GO. Samples are being characterized using nuclear magnetic resonance spectroscopy, infrared spectroscopy, thermogravimetric analysis, scanning electron microscopy, atomic force microscopy, and rheometry methods to determine structure-property relationships. Preliminary results suggest that the hydrogel will stabilize carbon dioxide microbubbles. The researchers hypothesize that the coating will produce a synergistic effect on the pressure-bubble size relationship through the variation of the coating permeability as the ambient pressure changes. This modification should produce a dramatic response of bubble size to pressure changes, which should allow detection of very small changes in pressure. The researchers are using microfluidic platforms to generate PEG-GO encapsulated carbon dioxide bubbles and then using imaging to determine their dissolution in response to pressure changes.]]></AbstractNarration>
<MinAmdLetterDate>10/30/2018</MinAmdLetterDate>
<MaxAmdLetterDate>10/30/2018</MaxAmdLetterDate>
<ARRAAmount/>
<TRAN_TYPE>Grant</TRAN_TYPE>
<CFDA_NUM>47.041</CFDA_NUM>
<NSF_PAR_USE_FLAG>1</NSF_PAR_USE_FLAG>
<FUND_AGCY_CODE>4900</FUND_AGCY_CODE>
<AWDG_AGCY_CODE>4900</AWDG_AGCY_CODE>
<AwardID>1901607</AwardID>
<Investigator>
<FirstName>Jiandi</FirstName>
<LastName>Wan</LastName>
<PI_MID_INIT/>
<PI_SUFX_NAME/>
<PI_FULL_NAME>Jiandi Wan</PI_FULL_NAME>
<EmailAddress><![CDATA[jdwan@ucdavis.edu]]></EmailAddress>
<NSF_ID>000628693</NSF_ID>
<StartDate>10/30/2018</StartDate>
<EndDate/>
<RoleCode>Principal Investigator</RoleCode>
</Investigator>
<Institution>
<Name><![CDATA[University of California-Davis]]></Name>
<CityName>DAVIS</CityName>
<ZipCode>956186153</ZipCode>
<PhoneNumber>5307547700</PhoneNumber>
<StreetAddress><![CDATA[1850 RESEARCH PARK DR, STE 300]]></StreetAddress>
<StreetAddress2/>
<CountryName>United States</CountryName>
<StateName>California</StateName>
<StateCode>CA</StateCode>
<CONGRESSDISTRICT>04</CONGRESSDISTRICT>
<CONGRESS_DISTRICT_ORG>CA04</CONGRESS_DISTRICT_ORG>
<ORG_UEI_NUM>TX2DAGQPENZ5</ORG_UEI_NUM>
<ORG_LGL_BUS_NAME>UNIVERSITY OF CALIFORNIA, DAVIS</ORG_LGL_BUS_NAME>
<ORG_PRNT_UEI_NUM>NUDGYLBB4S99</ORG_PRNT_UEI_NUM>
</Institution>
<Performance_Institution>
<Name><![CDATA[University of California - Davis]]></Name>
<CityName/>
<StateCode>CA</StateCode>
<ZipCode>956186134</ZipCode>
<StreetAddress/>
<CountryCode>US</CountryCode>
<CountryName>United States</CountryName>
<StateName>California</StateName>
<CountryFlag>1</CountryFlag>
<CONGRESSDISTRICT>04</CONGRESSDISTRICT>
<CONGRESS_DISTRICT_PERF>CA04</CONGRESS_DISTRICT_PERF>
</Performance_Institution>
<ProgramElement>
<Code>1415</Code>
<Text>PMP-Particul&amp;MultiphaseProcess</Text>
</ProgramElement>
<ProgramReference>
<Code>7916</Code>
<Text>EAGER</Text>
</ProgramReference>
<Appropriation>
<Code>0117</Code>
<Name>NSF RESEARCH &amp; RELATED ACTIVIT</Name>
<APP_SYMB_ID>040100</APP_SYMB_ID>
</Appropriation>
<Fund>
<Code>01001718DB</Code>
<Name><![CDATA[NSF RESEARCH & RELATED ACTIVIT]]></Name>
<FUND_SYMB_ID>040100</FUND_SYMB_ID>
</Fund>
<FUND_OBLG>2017~94042</FUND_OBLG>
<POR>
<DRECONTENT><![CDATA[<div class="porColContainerWBG"> <div class="porContentCol"><p><strong>Intellectual Merit:</strong> Along the way to identify microfluidic design and surfactants to control the production and stabilization of microbubbles, we have developed a microfluidic approach that can separate droplets depending on droplet size, viscosity, and velocity. We showed that droplets with a large size or low deformability (i.e., high viscosity or low velocity) were separated to side outlets in the microfluidic device, whereas droplets with a small size or high deformability exited to the center outlet. With highspeed imaging, we further identified two sequential droplet deformations during the sorting process and showed that the characteristic distance (&delta;) and the impact angle (&theta;), which were determined by the physical parameters of droplets, played a regulatory role in deformation-based droplet sorting. Droplet sorting to the side outlets occurred only when &delta; &ge; 0.542 or &theta; &ge; 28&deg;. The present study provided a mechanistic understanding of the relation between droplet properties and deformation-based sorting and thus offered useful guidelines for future design of microfluidic-based sorting devices. Further studies using droplets with viscoelastic properties would convey critical information for a thorough understanding on the influence of &delta; and &theta; on the droplet separation, which, in turn, will enable us to design a simple yet effective sorting device for cell sorting and medical diagnosis. <strong>Broader Impacts</strong>: We have showed a microfluidic sorting device with a cylindrical post that could separate droplets depending on droplet properties, and identified two physical parameters during droplet deformation, e.g., characteristic distance, &delta;, and impact angle, &theta;, that were determined by droplet properties and regulated deformation-based droplet sorting. The results lead to one publication on Ind. Eng. Chem. Res. (Chang, Y., Chen, X., Zhou, Y., Wan, J. (2020) Deformation-Based Droplet Separation in Microfluidics. <em>Ind. Eng. Chem. Res.</em> 59, 3916&minus;3921). One master student and one PhD student are trained under this award.</p> <p>&nbsp;</p><br> <p>            Last Modified: 08/03/2020<br>      Modified by: Jiandi&nbsp;Wan</p> </div> <div class="porSideCol"></div> </div>]]></DRECONTENT>
<POR_COPY_TXT><![CDATA[ Intellectual Merit: Along the way to identify microfluidic design and surfactants to control the production and stabilization of microbubbles, we have developed a microfluidic approach that can separate droplets depending on droplet size, viscosity, and velocity. We showed that droplets with a large size or low deformability (i.e., high viscosity or low velocity) were separated to side outlets in the microfluidic device, whereas droplets with a small size or high deformability exited to the center outlet. With highspeed imaging, we further identified two sequential droplet deformations during the sorting process and showed that the characteristic distance (&delta;) and the impact angle (&theta;), which were determined by the physical parameters of droplets, played a regulatory role in deformation-based droplet sorting. Droplet sorting to the side outlets occurred only when &delta; &ge; 0.542 or &theta; &ge; 28&deg;. The present study provided a mechanistic understanding of the relation between droplet properties and deformation-based sorting and thus offered useful guidelines for future design of microfluidic-based sorting devices. Further studies using droplets with viscoelastic properties would convey critical information for a thorough understanding on the influence of &delta; and &theta; on the droplet separation, which, in turn, will enable us to design a simple yet effective sorting device for cell sorting and medical diagnosis. Broader Impacts: We have showed a microfluidic sorting device with a cylindrical post that could separate droplets depending on droplet properties, and identified two physical parameters during droplet deformation, e.g., characteristic distance, &delta;, and impact angle, &theta;, that were determined by droplet properties and regulated deformation-based droplet sorting. The results lead to one publication on Ind. Eng. Chem. Res. (Chang, Y., Chen, X., Zhou, Y., Wan, J. (2020) Deformation-Based Droplet Separation in Microfluidics. Ind. Eng. Chem. Res. 59, 3916&minus;3921). One master student and one PhD student are trained under this award.          Last Modified: 08/03/2020       Submitted by: Jiandi Wan]]></POR_COPY_TXT>
</POR>
</Award>
</rootTag>
