<?xml version="1.0" encoding="UTF-8"?>
<rootTag>
<Award>
<AwardTitle><![CDATA[RAPID/Collaborative Research: Capacity Adjustment, Resilience and Information Sharing in a Network for Good (CARING)]]></AwardTitle>
<AGENCY>NSF</AGENCY>
<AwardEffectiveDate>11/01/2018</AwardEffectiveDate>
<AwardExpirationDate>10/31/2020</AwardExpirationDate>
<AwardTotalIntnAmount>19980.00</AwardTotalIntnAmount>
<AwardAmount>19980</AwardAmount>
<AwardInstrument>
<Value>Standard Grant</Value>
</AwardInstrument>
<Organization>
<Code>07030000</Code>
<Directorate>
<Abbreviation>ENG</Abbreviation>
<LongName>Directorate For Engineering</LongName>
</Directorate>
<Division>
<Abbreviation>CMMI</Abbreviation>
<LongName>Div Of Civil, Mechanical, &amp; Manufact Inn</LongName>
</Division>
</Organization>
<ProgramOfficer>
<SignBlockName>Walter Peacock</SignBlockName>
<PO_EMAI/>
<PO_PHON/>
</ProgramOfficer>
<AbstractNarration><![CDATA[This Rapid Response Research (RAPID) project will support data collection efforts to capture the after-effects of Hurricane Florence on the Food Bank of Central and Eastern North Carolina (FBCENC). Food Banks operate a unique supply chain network to support people in hunger need in their service region. Natural disasters like hurricanes disrupt the normal operation of a food bank causing a sudden increase in demand, damaging sources of local supplies and upsetting the regular food delivery system. During Hurricane Florence, FBCENC operations were severely disrupted as more than 50 percent of their service network including two branch locations were affected by the storm. Immediately after the storm, FBCENC needed to respond to the disruption caused by Florence while keeping the regular business of satisfying dynamic hunger need. This RAPID NSF project will collect data on the challenges encountered by FBCENC after Hurricane Florence to provide insight for how nonprofit food distribution organizations can prepare, respond, and recover from disruptions to their network. This scientific research contribution thus supports NSF's mission to promote the progress of science and to advance our national welfare. In this case, the benefits will be insights to improve management of humanitarian logistics post disaster which can save lives and reduce economic losses. &lt;br/&gt;&lt;br/&gt;This RAPID project will collect time sensitive operational information and data related to a food bank network's preparation, incident management and recovery for Hurricane Florence. The research objectives of the project are to: (i) study the decisions taken by a food bank having its operational network undergoing a natural disaster; (ii) scrutinize the responses of the  human components (donors, food bank personnel, agency owners, clients) in the disrupted network; (iii) characterize the impact on demand and supply before, during and after a disaster; (iv) identify the optimal trade-offs between equity, efficiency, and effectiveness for disaster preparation and recovery; and (v) distinguish the disaster-related parameters impacting  food demand. The project will facilitate the study of how the differences in organizational characteristics and structure affect the ability of food banks (and agencies) to be resilient to the impact of disasters like hurricanes. This project will collect the data necessary to develop smart recommendations for disaster preparedness and response based on field data collected from a large-scale network disruptive event.&lt;br/&gt;&lt;br/&gt;This award reflects NSF's statutory mission and has been deemed worthy of support through evaluation using the Foundation's intellectual merit and broader impacts review criteria.]]></AbstractNarration>
<MinAmdLetterDate>10/29/2018</MinAmdLetterDate>
<MaxAmdLetterDate>10/29/2018</MaxAmdLetterDate>
<ARRAAmount/>
<TRAN_TYPE>Grant</TRAN_TYPE>
<CFDA_NUM>47.041</CFDA_NUM>
<NSF_PAR_USE_FLAG>1</NSF_PAR_USE_FLAG>
<FUND_AGCY_CODE>4900</FUND_AGCY_CODE>
<AWDG_AGCY_CODE>4900</AWDG_AGCY_CODE>
<AwardID>1901764</AwardID>
<Investigator>
<FirstName>Tobin</FirstName>
<LastName>Walton</LastName>
<PI_MID_INIT>N</PI_MID_INIT>
<PI_SUFX_NAME/>
<PI_FULL_NAME>Tobin N Walton</PI_FULL_NAME>
<EmailAddress><![CDATA[tnwalton@ncat.edu]]></EmailAddress>
<NSF_ID>000743944</NSF_ID>
<StartDate>10/29/2018</StartDate>
<EndDate/>
<RoleCode>Co-Principal Investigator</RoleCode>
</Investigator>
<Investigator>
<FirstName>Steven</FirstName>
<LastName>Jiang</LastName>
<PI_MID_INIT>X</PI_MID_INIT>
<PI_SUFX_NAME/>
<PI_FULL_NAME>Steven X Jiang</PI_FULL_NAME>
<EmailAddress><![CDATA[xjiang@ncat.edu]]></EmailAddress>
<NSF_ID>000493859</NSF_ID>
<StartDate>10/29/2018</StartDate>
<EndDate/>
<RoleCode>Co-Principal Investigator</RoleCode>
</Investigator>
<Investigator>
<FirstName>Lauren</FirstName>
<LastName>Davis</LastName>
<PI_MID_INIT/>
<PI_SUFX_NAME/>
<PI_FULL_NAME>Lauren Davis</PI_FULL_NAME>
<EmailAddress><![CDATA[lbdavis@ncat.edu]]></EmailAddress>
<NSF_ID>000064815</NSF_ID>
<StartDate>10/29/2018</StartDate>
<EndDate/>
<RoleCode>Principal Investigator</RoleCode>
</Investigator>
<Institution>
<Name>North Carolina Agricultural &amp; Technical State University</Name>
<CityName>GREENSBORO</CityName>
<ZipCode>274110002</ZipCode>
<PhoneNumber>3363347995</PhoneNumber>
<StreetAddress>1601 E MARKET ST</StreetAddress>
<StreetAddress2/>
<CountryName>United States</CountryName>
<StateName>North Carolina</StateName>
<StateCode>NC</StateCode>
<CONGRESSDISTRICT>06</CONGRESSDISTRICT>
<CONGRESS_DISTRICT_ORG>NC06</CONGRESS_DISTRICT_ORG>
<ORG_UEI_NUM>SKH5GMBR9GL3</ORG_UEI_NUM>
<ORG_LGL_BUS_NAME>NORTH CAROLINA AGRICULTURAL AND TECHNICAL STATE UNIVERSITY</ORG_LGL_BUS_NAME>
<ORG_PRNT_UEI_NUM/>
</Institution>
<Performance_Institution>
<Name><![CDATA[North Carolina Agricultural & Technical State University]]></Name>
<CityName>Greensboro</CityName>
<StateCode>NC</StateCode>
<ZipCode>274110001</ZipCode>
<StreetAddress><![CDATA[1601 E. Market St.]]></StreetAddress>
<CountryCode>US</CountryCode>
<CountryName>United States</CountryName>
<StateName>North Carolina</StateName>
<CountryFlag>1</CountryFlag>
<CONGRESSDISTRICT>06</CONGRESSDISTRICT>
<CONGRESS_DISTRICT_PERF>NC06</CONGRESS_DISTRICT_PERF>
</Performance_Institution>
<ProgramElement>
<Code>1638</Code>
<Text>HDBE-Humans, Disasters, and th</Text>
</ProgramElement>
<ProgramReference>
<Code>041E</Code>
<Text>HAZARD AND DISASTER REDUCTION</Text>
</ProgramReference>
<ProgramReference>
<Code>042E</Code>
<Text>HAZARD AND DISASTER RESPONSE</Text>
</ProgramReference>
<ProgramReference>
<Code>080Z</Code>
<Text>Research related to Hurricane Florence</Text>
</ProgramReference>
<ProgramReference>
<Code>7914</Code>
<Text>RAPID</Text>
</ProgramReference>
<ProgramReference>
<Code>9102</Code>
<Text>WOMEN, MINORITY, DISABLED, NEC</Text>
</ProgramReference>
<ProgramReference>
<Code>9178</Code>
<Text>UNDERGRADUATE EDUCATION</Text>
</ProgramReference>
<ProgramReference>
<Code>9179</Code>
<Text>GRADUATE INVOLVEMENT</Text>
</ProgramReference>
<Appropriation>
<Code>0119</Code>
<Name>NSF RESEARCH &amp; RELATED ACTIVIT</Name>
<APP_SYMB_ID>040100</APP_SYMB_ID>
</Appropriation>
<Fund>
<Code>01001920DB</Code>
<Name><![CDATA[NSF RESEARCH & RELATED ACTIVIT]]></Name>
<FUND_SYMB_ID>040100</FUND_SYMB_ID>
</Fund>
<FUND_OBLG>2019~19980</FUND_OBLG>
<POR>
<DRECONTENT><![CDATA[<div class="porColContainerWBG"> <div class="porContentCol"><p><span id="docs-internal-guid-e78d3c8e-7fff-46ff-da7d-2d4e80b9ae67">&nbsp;</span></p> <p dir="ltr"><span>The purpose of the NSF RAPI</span><span>D Capacity Adjustment, Resilience and Information sharing in a Network for Good (C</span><span>ARING) project is to document the effect of Hurricane Florence in the Fall of 2018 on the Food Bank of Central and Eastern North Carolina (FBCENC). </span><span>A</span><span>n interdisciplinary exploratory mixed-methods approach was designed to gather data and information from across the complex food bank network to understand how the network prepared for, responded to, adapted to and recovered from Hurricane Florence. An important goal of this project was to expose undergraduate and graduate students in multidisciplinary research in humanitarian logistics to understand the effect of a natural disaster on a local hunger relief organization and its partners. Our research captures (i) the strategies used by food bank decision makers to prepare, manage and recover from the impact of the hurricane; (ii) identify the greatest vulnerabilities to the food distribution network; and (iii) identify the key similarities and differences between the organizational characteristics and structures of the branches and agencies in the impacted areas. </span><span>Our knowledge capture integrates focus groups, semi-structured interviews, surveys, process observations, and operational data analysis. </span><span>The goals of this process is to collect data that can describe: (i) what happened to the FBCENC network after the hurricane; (ii) what decisions FBCENC made to recover from the disruption in their food distribution network due to the damage caused by the hurricane; (iii) how this decision process evolved over time as the post disaster recovery evolved; (iv) what special activities (additional and/or different activities) had to be performed that were not part of&nbsp; the normal operating activities; (v) of FBCENC&rsquo;s normal activities, which changed the most significantly because of the disaster and how did these activities change; (vi) what new decision making had to be performed because of the disaster; (vii) what activities and decisions were inhibited due to a lack of information during the disaster preparation, response or recovery; (viii) how the system adapted to compensate for the information disruptions; and (ix) what organizational roles may have been changed during the disaster preparation response or recovery and how.&nbsp;</span></p> <p dir="ltr">Across the interviews several key themes emerged: Learning from Hurricane Matthew, Uniqueness of Florence, Off-site Storage Space, Community, Adaptability and Continuous Improvement, and Mental Health Impacts. The focus group discussions revealed several emergent themes: Preparation, Impacts, Response, Adaptation, Equity, Social Networks, and Rebuilding-Recovery-Resilience.&nbsp; We also found that these themes overlapped in meaningful ways with theoretical constructs related to social capital and resilience. The process observations highlighted the significant role that capacity both human and physical played in sustaining operations pre- and post-disaster. Storage capacity played a critical role in pre- and post-disaster operations. In addition, with the increased (and sustained) demand generated by the hurricane, the additional warehouse space has played a critical role in augmenting the branches&rsquo; distribution capacity before, during and post-disaster. In fact, this additional storage capacity has played a significant role in supporting pandemic response. Volunteers played a significant role in sustaining operations and supplementing distribution capacity. At all levels of FBCENC, from the hub in Raleigh to the impacted branches, supplemental volunteer staff supported operations for several months. Our observations highlighted that this need to supplement capacity was sustained over several months (some need remained more than a year after the disaster). Visualization of donation and distribution data provided insight into the impact of the hurricane at the branch, county and agency levels. These analyses showed significant increases in the donation and distribution of non-food items during the disaster. From September 10 - November 19, 2018, the network observed a 20% increase in food donation, 360% increase in non-food donation, 23% increase in food distribution, and 374% increase in non-food distribution. The statistical analysis showed significant interaction between the impact and phase of the disaster, and between the affected branches and phase of the disaster.&nbsp;</p> <p dir="ltr">&nbsp;</p> <p dir="ltr"><span>To understand and identify the timing and attributes of the recovery period for FBCENC, we integrated our data analyses, process observations and the findings and themes from the interviews, focus groups, and survey. These analyses were used to identify significant changes in the distribution and donation patterns to capture the timing of the recovery period. Our analyses of the focus group and operational data suggest the resilience of FBCENC was connected to its robust network where non-impacted areas of the networks supported impacted areas of the network to facilitate recovery. Agency leaders discussed short-term and longer-term aspects of recovery and rebuilding.&nbsp; Across the focus groups, agency leaders noted the crucial role in recovery played by interagency/group relationships, cultural support systems, and access to additional resources.&nbsp; Agency leaders described how the established relationships they had with other agencies, organizations, and churches were leveraged during the immediate efforts to rebuild and recover.</span></p> <div><span><br /></span></div> <p>&nbsp;</p> <p>&nbsp;</p><br> <p>            Last Modified: 03/12/2021<br>      Modified by: Lauren&nbsp;Davis</p> </div> <div class="porSideCol"></div> </div>]]></DRECONTENT>
<POR_COPY_TXT><![CDATA[   The purpose of the NSF RAPID Capacity Adjustment, Resilience and Information sharing in a Network for Good (CARING) project is to document the effect of Hurricane Florence in the Fall of 2018 on the Food Bank of Central and Eastern North Carolina (FBCENC). An interdisciplinary exploratory mixed-methods approach was designed to gather data and information from across the complex food bank network to understand how the network prepared for, responded to, adapted to and recovered from Hurricane Florence. An important goal of this project was to expose undergraduate and graduate students in multidisciplinary research in humanitarian logistics to understand the effect of a natural disaster on a local hunger relief organization and its partners. Our research captures (i) the strategies used by food bank decision makers to prepare, manage and recover from the impact of the hurricane; (ii) identify the greatest vulnerabilities to the food distribution network; and (iii) identify the key similarities and differences between the organizational characteristics and structures of the branches and agencies in the impacted areas. Our knowledge capture integrates focus groups, semi-structured interviews, surveys, process observations, and operational data analysis. The goals of this process is to collect data that can describe: (i) what happened to the FBCENC network after the hurricane; (ii) what decisions FBCENC made to recover from the disruption in their food distribution network due to the damage caused by the hurricane; (iii) how this decision process evolved over time as the post disaster recovery evolved; (iv) what special activities (additional and/or different activities) had to be performed that were not part of  the normal operating activities; (v) of FBCENC’s normal activities, which changed the most significantly because of the disaster and how did these activities change; (vi) what new decision making had to be performed because of the disaster; (vii) what activities and decisions were inhibited due to a lack of information during the disaster preparation, response or recovery; (viii) how the system adapted to compensate for the information disruptions; and (ix) what organizational roles may have been changed during the disaster preparation response or recovery and how.  Across the interviews several key themes emerged: Learning from Hurricane Matthew, Uniqueness of Florence, Off-site Storage Space, Community, Adaptability and Continuous Improvement, and Mental Health Impacts. The focus group discussions revealed several emergent themes: Preparation, Impacts, Response, Adaptation, Equity, Social Networks, and Rebuilding-Recovery-Resilience.  We also found that these themes overlapped in meaningful ways with theoretical constructs related to social capital and resilience. The process observations highlighted the significant role that capacity both human and physical played in sustaining operations pre- and post-disaster. Storage capacity played a critical role in pre- and post-disaster operations. In addition, with the increased (and sustained) demand generated by the hurricane, the additional warehouse space has played a critical role in augmenting the branches’ distribution capacity before, during and post-disaster. In fact, this additional storage capacity has played a significant role in supporting pandemic response. Volunteers played a significant role in sustaining operations and supplementing distribution capacity. At all levels of FBCENC, from the hub in Raleigh to the impacted branches, supplemental volunteer staff supported operations for several months. Our observations highlighted that this need to supplement capacity was sustained over several months (some need remained more than a year after the disaster). Visualization of donation and distribution data provided insight into the impact of the hurricane at the branch, county and agency levels. These analyses showed significant increases in the donation and distribution of non-food items during the disaster. From September 10 - November 19, 2018, the network observed a 20% increase in food donation, 360% increase in non-food donation, 23% increase in food distribution, and 374% increase in non-food distribution. The statistical analysis showed significant interaction between the impact and phase of the disaster, and between the affected branches and phase of the disaster.    To understand and identify the timing and attributes of the recovery period for FBCENC, we integrated our data analyses, process observations and the findings and themes from the interviews, focus groups, and survey. These analyses were used to identify significant changes in the distribution and donation patterns to capture the timing of the recovery period. Our analyses of the focus group and operational data suggest the resilience of FBCENC was connected to its robust network where non-impacted areas of the networks supported impacted areas of the network to facilitate recovery. Agency leaders discussed short-term and longer-term aspects of recovery and rebuilding.  Across the focus groups, agency leaders noted the crucial role in recovery played by interagency/group relationships, cultural support systems, and access to additional resources.  Agency leaders described how the established relationships they had with other agencies, organizations, and churches were leveraged during the immediate efforts to rebuild and recover.               Last Modified: 03/12/2021       Submitted by: Lauren Davis]]></POR_COPY_TXT>
</POR>
</Award>
</rootTag>
