<?xml version="1.0" encoding="UTF-8"?>
<rootTag>
<Award>
<AwardTitle><![CDATA[RAPID: Characterization of Pathogens in Water, Soil and Animal Facilities for Resilience Assessment of Civil Infrastructure After Extreme Weather Events]]></AwardTitle>
<AGENCY>NSF</AGENCY>
<AwardEffectiveDate>11/15/2018</AwardEffectiveDate>
<AwardExpirationDate>10/31/2020</AwardExpirationDate>
<AwardTotalIntnAmount>60000.00</AwardTotalIntnAmount>
<AwardAmount>60000</AwardAmount>
<AwardInstrument>
<Value>Standard Grant</Value>
</AwardInstrument>
<Organization>
<Code>07030000</Code>
<Directorate>
<Abbreviation>ENG</Abbreviation>
<LongName>Directorate For Engineering</LongName>
</Directorate>
<Division>
<Abbreviation>CMMI</Abbreviation>
<LongName>Div Of Civil, Mechanical, &amp; Manufact Inn</LongName>
</Division>
</Organization>
<ProgramOfficer>
<SignBlockName>Yueyue Fan</SignBlockName>
<PO_EMAI/>
<PO_PHON/>
</ProgramOfficer>
<AbstractNarration><![CDATA[Hurricane Florence caused extensive flooding in North Carolina. Facilities housing thousands of pigs and millions of chickens were flooded, causing the spread of the hog waste, manure, animal residue and potentially releasing dangerous pathogens into the water. The inundation after hurricanes may lead to the outbreak of one or more In agricultural-dependent coastal regions and the joint impact of extreme natural events on human and animal infrastructure has not been studied. A robust civil infrastructure (animal shelters, water distribution and treatment systems, transportation, and animal waste lagoons) is critical to minimize these interactions and to limit the outbreak of diseases after a natural disaster. Surveillance and detection of a broad range of pathogens are not usually initiated until a few human cases of infection are reported. This Rapid Response Research (RAPID) project will collect key data on the presence and abundance of pathogens, which are often assumed otherwise, leading to potentially inaccurate reactive resource allocation strategies for disease outbreak prevention and containment.&lt;br/&gt;&lt;br/&gt;The objective of this RAPID project is to use genomic epidemiology combined with bioinformatics and computational phylogenetic analyses to track pathogen sources and dispersal in water bodies to create spatial pathogenic profiles. Water and soil samples will be systematically collected near flooded farms with upstream locations serving as controls. Results from field data collection and associated analysis will provide data on the abundance, presence, and source of pathogens in water to assess the functionality of water infrastructure in the studied regions. The pathogen profiles will be combined with the human population, socio-demographics, infrastructure damage information, and data from a rapid flood model to develop a preliminary index which will characterize the spatial risk of disease outbreaks in the affected region. The analysis will help provide guidance on where to focus countermeasures (infrastructure rehabilitation, medicines, emergency personal, relief, and clean water supplies) to contain the risk of infection.&lt;br/&gt;&lt;br/&gt;This award reflects NSF's statutory mission and has been deemed worthy of support through evaluation using the Foundation's intellectual merit and broader impacts review criteria.]]></AbstractNarration>
<MinAmdLetterDate>11/15/2018</MinAmdLetterDate>
<MaxAmdLetterDate>01/29/2019</MaxAmdLetterDate>
<ARRAAmount/>
<TRAN_TYPE>Grant</TRAN_TYPE>
<CFDA_NUM>47.041</CFDA_NUM>
<NSF_PAR_USE_FLAG>1</NSF_PAR_USE_FLAG>
<FUND_AGCY_CODE>4900</FUND_AGCY_CODE>
<AWDG_AGCY_CODE>4900</AWDG_AGCY_CODE>
<AwardID>1901754</AwardID>
<Investigator>
<FirstName>Avinash</FirstName>
<LastName>Unnikrishnan</LastName>
<PI_MID_INIT/>
<PI_SUFX_NAME/>
<PI_FULL_NAME>Avinash Unnikrishnan</PI_FULL_NAME>
<EmailAddress><![CDATA[aunnikri@uab.edu]]></EmailAddress>
<NSF_ID>000545477</NSF_ID>
<StartDate>11/15/2018</StartDate>
<EndDate/>
<RoleCode>Co-Principal Investigator</RoleCode>
</Investigator>
<Investigator>
<FirstName>Antarpreet</FirstName>
<LastName>Jutla</LastName>
<PI_MID_INIT/>
<PI_SUFX_NAME/>
<PI_FULL_NAME>Antarpreet Jutla</PI_FULL_NAME>
<EmailAddress><![CDATA[ajutla@ufl.edu]]></EmailAddress>
<NSF_ID>000634274</NSF_ID>
<StartDate>11/15/2018</StartDate>
<EndDate/>
<RoleCode>Co-Principal Investigator</RoleCode>
</Investigator>
<Investigator>
<FirstName>Joanna</FirstName>
<LastName>Shisler</LastName>
<PI_MID_INIT>L</PI_MID_INIT>
<PI_SUFX_NAME/>
<PI_FULL_NAME>Joanna L Shisler</PI_FULL_NAME>
<EmailAddress><![CDATA[jshisler@illinois.edu]]></EmailAddress>
<NSF_ID>000298980</NSF_ID>
<StartDate>11/15/2018</StartDate>
<EndDate>01/29/2019</EndDate>
<RoleCode>Former Co-Principal Investigator</RoleCode>
</Investigator>
<Investigator>
<FirstName>Thanh</FirstName>
<LastName>Nguyen</LastName>
<PI_MID_INIT>H</PI_MID_INIT>
<PI_SUFX_NAME/>
<PI_FULL_NAME>Thanh H Nguyen</PI_FULL_NAME>
<EmailAddress><![CDATA[thn@illinois.edu]]></EmailAddress>
<NSF_ID>000304927</NSF_ID>
<StartDate>11/15/2018</StartDate>
<EndDate/>
<RoleCode>Principal Investigator</RoleCode>
</Investigator>
<Investigator>
<FirstName>Rachel</FirstName>
<LastName>Whitaker</LastName>
<PI_MID_INIT>J</PI_MID_INIT>
<PI_SUFX_NAME/>
<PI_FULL_NAME>Rachel J Whitaker</PI_FULL_NAME>
<EmailAddress><![CDATA[rwhitaker@life.uiuc.edu]]></EmailAddress>
<NSF_ID>000101082</NSF_ID>
<StartDate>11/15/2018</StartDate>
<EndDate/>
<RoleCode>Co-Principal Investigator</RoleCode>
</Investigator>
<Institution>
<Name>University of Illinois at Urbana-Champaign</Name>
<CityName>URBANA</CityName>
<ZipCode>618013620</ZipCode>
<PhoneNumber>2173332187</PhoneNumber>
<StreetAddress>506 S WRIGHT ST</StreetAddress>
<StreetAddress2/>
<CountryName>United States</CountryName>
<StateName>Illinois</StateName>
<StateCode>IL</StateCode>
<CONGRESSDISTRICT>13</CONGRESSDISTRICT>
<CONGRESS_DISTRICT_ORG>IL13</CONGRESS_DISTRICT_ORG>
<ORG_UEI_NUM>Y8CWNJRCNN91</ORG_UEI_NUM>
<ORG_LGL_BUS_NAME>UNIVERSITY OF ILLINOIS</ORG_LGL_BUS_NAME>
<ORG_PRNT_UEI_NUM/>
</Institution>
<Performance_Institution>
<Name><![CDATA[University of Illinois at Urbana-Champaign]]></Name>
<CityName>Urbana</CityName>
<StateCode>IL</StateCode>
<ZipCode>618013620</ZipCode>
<StreetAddress><![CDATA[506 S. Wright Street]]></StreetAddress>
<CountryCode>US</CountryCode>
<CountryName>United States</CountryName>
<StateName>Illinois</StateName>
<CountryFlag>1</CountryFlag>
<CONGRESSDISTRICT>13</CONGRESSDISTRICT>
<CONGRESS_DISTRICT_PERF>IL13</CONGRESS_DISTRICT_PERF>
</Performance_Institution>
<ProgramElement>
<Code>1440</Code>
<Text>EnvE-Environmental Engineering</Text>
</ProgramElement>
<ProgramElement>
<Code>1631</Code>
<Text>CIS-Civil Infrastructure Syst</Text>
</ProgramElement>
<ProgramReference>
<Code>029E</Code>
<Text>INFRASTRUCTURE SYSTEMS MGT</Text>
</ProgramReference>
<ProgramReference>
<Code>036E</Code>
<Text>CIVIL INFRASTRUCTURE</Text>
</ProgramReference>
<ProgramReference>
<Code>080Z</Code>
<Text>Research related to Hurricane Florence</Text>
</ProgramReference>
<ProgramReference>
<Code>1057</Code>
<Text>CIS BASE RESEARCH</Text>
</ProgramReference>
<ProgramReference>
<Code>7914</Code>
<Text>RAPID</Text>
</ProgramReference>
<ProgramReference>
<Code>9102</Code>
<Text>WOMEN, MINORITY, DISABLED, NEC</Text>
</ProgramReference>
<ProgramReference>
<Code>9178</Code>
<Text>UNDERGRADUATE EDUCATION</Text>
</ProgramReference>
<ProgramReference>
<Code>9179</Code>
<Text>GRADUATE INVOLVEMENT</Text>
</ProgramReference>
<Appropriation>
<Code>0119</Code>
<Name>NSF RESEARCH &amp; RELATED ACTIVIT</Name>
<APP_SYMB_ID>040100</APP_SYMB_ID>
</Appropriation>
<Fund>
<Code>01001920DB</Code>
<Name><![CDATA[NSF RESEARCH & RELATED ACTIVIT]]></Name>
<FUND_SYMB_ID>040100</FUND_SYMB_ID>
</Fund>
<FUND_OBLG>2019~60000</FUND_OBLG>
<POR>
<DRECONTENT><![CDATA[<div class="porColContainerWBG"> <div class="porContentCol"><p><strong>Overview<br /> </strong>In 2018, Hurricane Florence caused extensive flooding in North Carolina. Facilities housing thousands of pigs and millions of chickens were flooded, causing the spread of the hog waste, manure, animal residue and potentially releasing dangerous pathogens into the water. A few weeks later, Hurricane Michael caused extensive flooding in Florida. Several wastewater treatment plants (WWTPs) were inundated. Immediately after the flood water receded, allowing transportation in the area, our team conducted sampling from surface water bodies near the hog farms and also upstream and downstream of the flooded region. The locations were selected based on a novel flooding algorithm developed by our team that uses topography and water levels during the flooding events to predict what farms and WWTP were flooded. DNA from the collected microbes was extracted and subjected to quantitative polymerase chain reaction (qPCR) to quantify the following bacteria:<em> Enterococcus</em>, general <em>E. coli</em>, Enteropathogenic <em>E. coli</em>, Shiga-toxin producing <em>E. coli</em>, <em>Shigella</em> spp, <em>S. flexneri</em>, <em>Campylobacter jejuni, C. lari</em>, <em>Salmonella</em>, <em>Clostridium prefringes</em>, <em>Pseudomonas, Legionella pneumophila, Mycobacteria spp,</em> <em>Listeria monocytogenes,</em> <em>Vibrio cholerae</em>, <em>Giardia lambia</em> and <em>Cryptosporidium parvum</em>. We also isolated culturable <em>S. enterica</em> to identify the antibiotic resistance profiles of these same <em>Salmonella</em> isolates from the sampling regions of NC.</p> <p><strong>Significant Results:</strong></p> <p>1)&nbsp;&nbsp;&nbsp;&nbsp;&nbsp; We detected <em>Enterococcus</em>, general <em>E. coli</em>, Enteropathogenic <em>E. coli</em>, <em>Salmonella typhimurium, Pseudomonas, Legionella pneumophila, </em>and <em>Mycobacteria spp </em>in at least one sample collected from NC. <em>S. typhimurium,</em> a typical diarrhea-causing pathogen in piglets, was present in more samples collected near flooded farms than in those collected near unflooded farms, downstream of the farms, and upstream of the flooded region of NC. <em>S. typhimurium</em> were also detected in FL samples. Among the FL samples, <em>S. typhimurium</em> were detected at the highest concentration near a flooded WWTPs. Compared to samples collected in NC, samples collected in FL were up to 1000 times lower in concentrations of <em>S. typhimurium</em>. These results show that flooding by hurricanes Florence and Michael clearly caused the spread of these bacterial pathogens.</p> <p>2)&nbsp;&nbsp;&nbsp;&nbsp;&nbsp; High Antibiotic Resistance Gene (ARG) level and similar ARG profiles were observed in all <em>S. enterica</em> isolates from both flooded and unflooded samples, suggesting that the antibiotic resistance was prevalent in <em>S. enterica</em> within this region.</p> <p>3)&nbsp;&nbsp;&nbsp;&nbsp;&nbsp; The research team has developed a robust relief supply optimization model that accounts for uncertainty in demand and capacity disruption. We develop a mathematical model which can help answer the following questions: (i) which distribution centers should be acquired?; (ii) which of the acquired distribution centers should be fortified?; (iii) which of the candidate relief shelters should be opened?; and, (iv) To which relief shelter should an affected area be directed to?; to minimize the cost of acquiring facilities and commodity, fortification of the distribution center, and transportation costs.</p> <p><strong>Key outcomes</strong></p> <p>To date, the project has one journal article under review, three presentations at American Geophysical Union (AGU) fall meeting. A group of students and postdocs co-advised by the PIs was afforded a range of learning opportunities in the environment that combined academic studies, laboratory research in tandem with field work. One journal manuscript is in review and the second one will be submitted, once finalized. In addition, the data repository architecture has been being prepared for dissemination of results to a broader audience (<a href="https://vibrio-prediction-ufl.hub.arcgis.com/">https://vibrio-prediction-ufl.hub.arcgis.com/</a>). This geocoded data repository will have history and characteristics of pathogens that were detected in NC. A login request will be required to access this website, until all the relevant manuscripts are published.</p> <p><strong>&nbsp;</strong></p> <p><strong>Broader impacts</strong></p> <p>This project has contributed to the knowledge base on water quality after flooding. The findings support the need to assess pathogen exposure to be included in decision-making activities in the immediate aftermath of extreme events. The results from this study will contribute to the future outlook of predicting and modeling the transmission of pathogens in rural areas after flood events. The study demonstrates the importance of farm owners to select water sources with fewer risks after flood events. Another significant contribution of this research highlights the linkages between infrastructure resiliency, local economic activities, and potential pathogen exposure risks post extreme events.</p> <p>&nbsp;</p><br> <p>            Last Modified: 12/15/2020<br>      Modified by: Thanh&nbsp;H&nbsp;Nguyen</p> </div> <div class="porSideCol"></div> </div>]]></DRECONTENT>
<POR_COPY_TXT><![CDATA[ Overview  In 2018, Hurricane Florence caused extensive flooding in North Carolina. Facilities housing thousands of pigs and millions of chickens were flooded, causing the spread of the hog waste, manure, animal residue and potentially releasing dangerous pathogens into the water. A few weeks later, Hurricane Michael caused extensive flooding in Florida. Several wastewater treatment plants (WWTPs) were inundated. Immediately after the flood water receded, allowing transportation in the area, our team conducted sampling from surface water bodies near the hog farms and also upstream and downstream of the flooded region. The locations were selected based on a novel flooding algorithm developed by our team that uses topography and water levels during the flooding events to predict what farms and WWTP were flooded. DNA from the collected microbes was extracted and subjected to quantitative polymerase chain reaction (qPCR) to quantify the following bacteria: Enterococcus, general E. coli, Enteropathogenic E. coli, Shiga-toxin producing E. coli, Shigella spp, S. flexneri, Campylobacter jejuni, C. lari, Salmonella, Clostridium prefringes, Pseudomonas, Legionella pneumophila, Mycobacteria spp, Listeria monocytogenes, Vibrio cholerae, Giardia lambia and Cryptosporidium parvum. We also isolated culturable S. enterica to identify the antibiotic resistance profiles of these same Salmonella isolates from the sampling regions of NC.  Significant Results:  1)      We detected Enterococcus, general E. coli, Enteropathogenic E. coli, Salmonella typhimurium, Pseudomonas, Legionella pneumophila, and Mycobacteria spp in at least one sample collected from NC. S. typhimurium, a typical diarrhea-causing pathogen in piglets, was present in more samples collected near flooded farms than in those collected near unflooded farms, downstream of the farms, and upstream of the flooded region of NC. S. typhimurium were also detected in FL samples. Among the FL samples, S. typhimurium were detected at the highest concentration near a flooded WWTPs. Compared to samples collected in NC, samples collected in FL were up to 1000 times lower in concentrations of S. typhimurium. These results show that flooding by hurricanes Florence and Michael clearly caused the spread of these bacterial pathogens.  2)      High Antibiotic Resistance Gene (ARG) level and similar ARG profiles were observed in all S. enterica isolates from both flooded and unflooded samples, suggesting that the antibiotic resistance was prevalent in S. enterica within this region.  3)      The research team has developed a robust relief supply optimization model that accounts for uncertainty in demand and capacity disruption. We develop a mathematical model which can help answer the following questions: (i) which distribution centers should be acquired?; (ii) which of the acquired distribution centers should be fortified?; (iii) which of the candidate relief shelters should be opened?; and, (iv) To which relief shelter should an affected area be directed to?; to minimize the cost of acquiring facilities and commodity, fortification of the distribution center, and transportation costs.  Key outcomes  To date, the project has one journal article under review, three presentations at American Geophysical Union (AGU) fall meeting. A group of students and postdocs co-advised by the PIs was afforded a range of learning opportunities in the environment that combined academic studies, laboratory research in tandem with field work. One journal manuscript is in review and the second one will be submitted, once finalized. In addition, the data repository architecture has been being prepared for dissemination of results to a broader audience (https://vibrio-prediction-ufl.hub.arcgis.com/). This geocoded data repository will have history and characteristics of pathogens that were detected in NC. A login request will be required to access this website, until all the relevant manuscripts are published.     Broader impacts  This project has contributed to the knowledge base on water quality after flooding. The findings support the need to assess pathogen exposure to be included in decision-making activities in the immediate aftermath of extreme events. The results from this study will contribute to the future outlook of predicting and modeling the transmission of pathogens in rural areas after flood events. The study demonstrates the importance of farm owners to select water sources with fewer risks after flood events. Another significant contribution of this research highlights the linkages between infrastructure resiliency, local economic activities, and potential pathogen exposure risks post extreme events.          Last Modified: 12/15/2020       Submitted by: Thanh H Nguyen]]></POR_COPY_TXT>
</POR>
</Award>
</rootTag>
