<?xml version="1.0" encoding="UTF-8"?>
<rootTag>
<Award>
<AwardTitle><![CDATA[Towards an Improved Understanding of Winter Air Pollution]]></AwardTitle>
<AGENCY>NSF</AGENCY>
<AwardEffectiveDate>06/01/2019</AwardEffectiveDate>
<AwardExpirationDate>05/31/2024</AwardExpirationDate>
<AwardTotalIntnAmount>569054.00</AwardTotalIntnAmount>
<AwardAmount>569054</AwardAmount>
<AwardInstrument>
<Value>Standard Grant</Value>
</AwardInstrument>
<Organization>
<Code>06020104</Code>
<Directorate>
<Abbreviation>GEO</Abbreviation>
<LongName>Directorate For Geosciences</LongName>
</Directorate>
<Division>
<Abbreviation>AGS</Abbreviation>
<LongName>Div Atmospheric &amp; Geospace Sciences</LongName>
</Division>
</Organization>
<ProgramOfficer>
<SignBlockName>Sylvia Edgerton</SignBlockName>
<PO_EMAI>sedgerto@nsf.gov</PO_EMAI>
<PO_PHON>7032928522</PO_PHON>
</ProgramOfficer>
<AbstractNarration><![CDATA[This research is directed toward gaining a better understanding of wintertime air pollution in the United States.  Chemical modeling will be used to analyze data from a recent field study, the NSF-funded Wintertime INvestigation of Transport, Emissions, and Reactivity (WINTER) campaign conducted during February and March of 2015. The results of this research will be relevant for policy decisions regarding improvements in air quality.&lt;br/&gt;&lt;br/&gt;The three research objectives of this project are to: (1) improve the constraints on wintertime pollutant emissions; (2) elucidate the origin of oxidants during winter; and (3) examine the seasonal response of particulate matter less than 2.5 microns in diameter (PM2.5) and ozone concentrations to past and future changes in emissions. The GEOS-Chem chemical transport model will be used to interpret the observations from the WINTER field campaign.  Because emissions of ammonia (NH3) from livestock operations and fertilized fields are highly uncertain, this project includes an examination of the ability of different NH3 emissions inventories in the model to capture the observed winter concentrations of ammonium (NH4+) and NH4+ wet deposition fluxes over the US.  Primary and secondary organic aerosol precursor emissions will be constrained in order to improve the representation of organic aerosol in the model.  Wintertime ground-based and aircraft observations of HCHO and ClNO2 will be used to investigate their sources during winter. Finally, the model will be used together with surface observations to further understand the seasonal sensitivity of surface PM2.5 composition to emission changes over the entire US.  This project will support a postdoctoral scholar and a graduate student.&lt;br/&gt;&lt;br/&gt;This award reflects NSF's statutory mission and has been deemed worthy of support through evaluation using the Foundation's intellectual merit and broader impacts review criteria.]]></AbstractNarration>
<MinAmdLetterDate>05/30/2019</MinAmdLetterDate>
<MaxAmdLetterDate>05/30/2019</MaxAmdLetterDate>
<ARRAAmount/>
<TRAN_TYPE>Grant</TRAN_TYPE>
<CFDA_NUM>47.050</CFDA_NUM>
<NSF_PAR_USE_FLAG>1</NSF_PAR_USE_FLAG>
<FUND_AGCY_CODE>4900</FUND_AGCY_CODE>
<AWDG_AGCY_CODE>4900</AWDG_AGCY_CODE>
<AwardID>1901786</AwardID>
<Investigator>
<FirstName>Lyatt</FirstName>
<LastName>Jaegle</LastName>
<PI_MID_INIT/>
<PI_SUFX_NAME/>
<PI_FULL_NAME>Lyatt Jaegle</PI_FULL_NAME>
<EmailAddress><![CDATA[jaegle@atmos.washington.edu]]></EmailAddress>
<NSF_ID>000489749</NSF_ID>
<StartDate>05/30/2019</StartDate>
<EndDate/>
<RoleCode>Principal Investigator</RoleCode>
</Investigator>
<Institution>
<Name><![CDATA[University of Washington]]></Name>
<CityName>SEATTLE</CityName>
<ZipCode>981951016</ZipCode>
<PhoneNumber>2065434043</PhoneNumber>
<StreetAddress><![CDATA[4333 BROOKLYN AVE NE]]></StreetAddress>
<StreetAddress2/>
<CountryName>United States</CountryName>
<StateName>Washington</StateName>
<StateCode>WA</StateCode>
<CONGRESSDISTRICT>07</CONGRESSDISTRICT>
<CONGRESS_DISTRICT_ORG>WA07</CONGRESS_DISTRICT_ORG>
<ORG_UEI_NUM>HD1WMN6945W6</ORG_UEI_NUM>
<ORG_LGL_BUS_NAME>UNIVERSITY OF WASHINGTON</ORG_LGL_BUS_NAME>
<ORG_PRNT_UEI_NUM/>
</Institution>
<Performance_Institution>
<Name><![CDATA[University of Washington]]></Name>
<CityName>Seattle</CityName>
<StateCode>WA</StateCode>
<ZipCode>981950001</ZipCode>
<StreetAddress><![CDATA[4333 Brooklyn Ave NE]]></StreetAddress>
<CountryCode>US</CountryCode>
<CountryName>United States</CountryName>
<StateName>Washington</StateName>
<CountryFlag>1</CountryFlag>
<CONGRESSDISTRICT>07</CONGRESSDISTRICT>
<CONGRESS_DISTRICT_PERF>WA07</CONGRESS_DISTRICT_PERF>
</Performance_Institution>
<ProgramElement>
<Code>1524</Code>
<Text>Atmospheric Chemistry</Text>
</ProgramElement>
<Appropriation>
<Code>0119</Code>
<Name>NSF RESEARCH &amp; RELATED ACTIVIT</Name>
<APP_SYMB_ID>040100</APP_SYMB_ID>
</Appropriation>
<Fund>
<Code>01001920DB</Code>
<Name><![CDATA[NSF RESEARCH & RELATED ACTIVIT]]></Name>
<FUND_SYMB_ID>040100</FUND_SYMB_ID>
</Fund>
<FUND_OBLG>2019~569054</FUND_OBLG>
</Award>
</rootTag>
