<?xml version="1.0" encoding="UTF-8"?>
<rootTag>
<Award>
<AwardTitle><![CDATA[HBCU-Excellence in Research: Improved Understanding of the Changing Seasonality and Magnitude of Precipitation Extremes in the Eastern United States]]></AwardTitle>
<AGENCY>NSF</AGENCY>
<AwardEffectiveDate>02/15/2020</AwardEffectiveDate>
<AwardExpirationDate>01/31/2024</AwardExpirationDate>
<AwardTotalIntnAmount>499489.00</AwardTotalIntnAmount>
<AwardAmount>598951</AwardAmount>
<AwardInstrument>
<Value>Standard Grant</Value>
</AwardInstrument>
<Organization>
<Code>06020106</Code>
<Directorate>
<Abbreviation>GEO</Abbreviation>
<LongName>Directorate For Geosciences</LongName>
</Directorate>
<Division>
<Abbreviation>AGS</Abbreviation>
<LongName>Div Atmospheric &amp; Geospace Sciences</LongName>
</Division>
</Organization>
<ProgramOfficer>
<SignBlockName>Eric DeWeaver</SignBlockName>
<PO_EMAI>edeweave@nsf.gov</PO_EMAI>
<PO_PHON>7032928527</PO_PHON>
</ProgramOfficer>
<AbstractNarration><![CDATA[Extreme precipitation events pose numerous threats to life and property, thus characterization of their frequency and magnitude is of both scientific and societal interest.  But such characterization is not easy given that extreme events are, by definition, rare.  For example a "100 year flood" is a flood so large that it is unlikely to occur more than once a century (formally, it has less than a one percent chance of happening in any given year).  A further consideration is that extreme precipitation likelihood is affected by the season and by climate variations such as El Nino events, and also changes over time as a consequence of global warming.  In regions affected by landfalling hurricanes it is also important to separately assess their contribution to extreme precipitation, given the many ways in which hurricanes differ from other rain-bearing storms.&lt;br/&gt;&lt;br/&gt;Work performed here uses a variety of statistical techniques to estimate the frequency and magnitude of extreme precipitation events over the eastern US.  One set of tasks seeks to characterize the seasonality of extreme precipitation,  with the understanding that extreme event timing is often multimodal and may not align well with pre-defined seasons. The seasonality of extremes is assessed using a circular density approach in which the annual cycle is mapped to the unit circle and the timing of extreme events over the course of the year is represented by an angle-dependent probability density.  A second set of tasks evaluates secular changes in probability distributions using quantile regression models, and further investigates the effects of large-scale climate patterns on precipitation probabilities.  Additional work evaluates the impact of hurricanes on statistics of extreme precipitation in the study domain.&lt;br/&gt;&lt;br/&gt;The work has broader impacts due to the value of extreme event statistics for anticipating and mitigating precipitation-related hazards.  The PIs have a specific focus on stormwater management as a transportation issue, and the project includes a review of standards for stormwater infrastructure design issued by state departments of transportation.  In addition, the project provides paid summer research training to two undergraduate students who are also funded to attend the national meeting of the Council on Undergraduate Research.  Student mentoring is also conducted through group meetings, presentations, written feedback, and a journal club.  The project also provides support and training to a postdoctoral research associate.&lt;br/&gt;&lt;br/&gt;This award reflects NSF's statutory mission and has been deemed worthy of support through evaluation using the Foundation's intellectual merit and broader impacts review criteria.]]></AbstractNarration>
<MinAmdLetterDate>02/14/2020</MinAmdLetterDate>
<MaxAmdLetterDate>08/10/2022</MaxAmdLetterDate>
<ARRAAmount/>
<TRAN_TYPE>Grant</TRAN_TYPE>
<CFDA_NUM>47.050, 47.083</CFDA_NUM>
<NSF_PAR_USE_FLAG>1</NSF_PAR_USE_FLAG>
<FUND_AGCY_CODE>4900</FUND_AGCY_CODE>
<AWDG_AGCY_CODE>4900</AWDG_AGCY_CODE>
<AwardID>1901426</AwardID>
<Investigator>
<FirstName>Nirajan</FirstName>
<LastName>Dhakal</LastName>
<PI_MID_INIT/>
<PI_SUFX_NAME/>
<PI_FULL_NAME>Nirajan Dhakal</PI_FULL_NAME>
<EmailAddress><![CDATA[ndhakal@spelman.edu]]></EmailAddress>
<NSF_ID>000731991</NSF_ID>
<StartDate>02/14/2020</StartDate>
<EndDate/>
<RoleCode>Principal Investigator</RoleCode>
</Investigator>
<Investigator>
<FirstName>Bhikhari</FirstName>
<LastName>Tharu</LastName>
<PI_MID_INIT/>
<PI_SUFX_NAME/>
<PI_FULL_NAME>Bhikhari Tharu</PI_FULL_NAME>
<EmailAddress><![CDATA[Btharu@spelman.edu]]></EmailAddress>
<NSF_ID>000771447</NSF_ID>
<StartDate>02/14/2020</StartDate>
<EndDate/>
<RoleCode>Co-Principal Investigator</RoleCode>
</Investigator>
<Institution>
<Name>Spelman College</Name>
<CityName>ATLANTA</CityName>
<ZipCode>303144399</ZipCode>
<PhoneNumber>4042705897</PhoneNumber>
<StreetAddress>350 SPELMAN LN SW</StreetAddress>
<StreetAddress2/>
<CountryName>United States</CountryName>
<StateName>Georgia</StateName>
<StateCode>GA</StateCode>
<CONGRESSDISTRICT>05</CONGRESSDISTRICT>
<CONGRESS_DISTRICT_ORG>GA05</CONGRESS_DISTRICT_ORG>
<ORG_UEI_NUM>ES69D58DJPE7</ORG_UEI_NUM>
<ORG_LGL_BUS_NAME>SPELMAN COLLEGE</ORG_LGL_BUS_NAME>
<ORG_PRNT_UEI_NUM/>
</Institution>
<Performance_Institution>
<Name><![CDATA[Spelman College]]></Name>
<CityName>Atlanta</CityName>
<StateCode>GA</StateCode>
<ZipCode>303144399</ZipCode>
<StreetAddress><![CDATA[350 Spelman Lane, SW]]></StreetAddress>
<CountryCode>US</CountryCode>
<CountryName>United States</CountryName>
<StateName>Georgia</StateName>
<CountryFlag>1</CountryFlag>
<CONGRESSDISTRICT>05</CONGRESSDISTRICT>
<CONGRESS_DISTRICT_PERF>GA05</CONGRESS_DISTRICT_PERF>
</Performance_Institution>
<ProgramElement>
<Code>070Y</Code>
<Text>HBCU-EiR - HBCU-Excellence in</Text>
</ProgramElement>
<ProgramReference>
<Code>097Z</Code>
<Text>COVID-19 Impacts on Existing Activities</Text>
</ProgramReference>
<ProgramReference>
<Code>102Z</Code>
<Text>COVID-Disproportionate Impcts Inst-Indiv</Text>
</ProgramReference>
<ProgramReference>
<Code>4444</Code>
<Text>INTERDISCIPLINARY PROPOSALS</Text>
</ProgramReference>
<ProgramReference>
<Code>5740</Code>
<Text>CLIMATE &amp; LARGE-SCALE DYNAMICS</Text>
</ProgramReference>
<Appropriation>
<Code/>
<Name/>
<APP_SYMB_ID/>
</Appropriation>
<Appropriation>
<Code>0120</Code>
<Name>NSF RESEARCH &amp; RELATED ACTIVIT</Name>
<APP_SYMB_ID>040100</APP_SYMB_ID>
</Appropriation>
<Fund>
<Code>01002223DB</Code>
<Name><![CDATA[NSF RESEARCH & RELATED ACTIVIT]]></Name>
<FUND_SYMB_ID>040100</FUND_SYMB_ID>
</Fund>
<Fund>
<Code>01002021DB</Code>
<Name><![CDATA[NSF RESEARCH & RELATED ACTIVIT]]></Name>
<FUND_SYMB_ID>040100</FUND_SYMB_ID>
</Fund>
<FUND_OBLG>2020~499489</FUND_OBLG>
<FUND_OBLG>2022~99462</FUND_OBLG>
</Award>
</rootTag>
