<?xml version="1.0" encoding="UTF-8"?>
<rootTag>
<Award>
<AwardTitle><![CDATA[Singularities and Multiplicities in Commutative Algebra]]></AwardTitle>
<AGENCY>NSF</AGENCY>
<AwardEffectiveDate>08/01/2019</AwardEffectiveDate>
<AwardExpirationDate>07/31/2023</AwardExpirationDate>
<AwardTotalIntnAmount>211131.00</AwardTotalIntnAmount>
<AwardAmount>211131</AwardAmount>
<AwardInstrument>
<Value>Standard Grant</Value>
</AwardInstrument>
<Organization>
<Code>03040000</Code>
<Directorate>
<Abbreviation>MPS</Abbreviation>
<LongName>Direct For Mathematical &amp; Physical Scien</LongName>
</Directorate>
<Division>
<Abbreviation>DMS</Abbreviation>
<LongName>Division Of Mathematical Sciences</LongName>
</Division>
</Organization>
<ProgramOfficer>
<SignBlockName>Andrew Pollington</SignBlockName>
<PO_EMAI>adpollin@nsf.gov</PO_EMAI>
<PO_PHON>7032924878</PO_PHON>
</ProgramOfficer>
<AbstractNarration><![CDATA[The PI plans to study questions in commutative algebra. This is a field that deals with the study of algebraic varieties, that is, the solution set of a system of polynomial equations in several variables. For example, the parabola defined by the equation y=x^2 in the plane is smooth, meaning that  locally, at any point, it looks like a line, while the curve defined by the equation y^2=x^3 is not smooth at the origin (it looks like a cusp near the origin). The singular or non-smooth points of an algebraic variety have very rich algebraic and geometric structures, and investigating their properties has many applications in other sciences and engineering. The projects that will be explored are the study of singular points of algebraic varieties (i.e., singularities), with a focus on measuring the singularities (e.g., assigning some invariant to compare them with each other) using the theory multiplier/test ideals and multiplicities. &lt;br/&gt;&lt;br/&gt;The PI plans to develop a mixed characteristic singularity theory that is parallel to singularities in the minimal model program and tight closure theory from equal characteristic. This is motivated by the recent breakthrough of Yves Andre that solved Hochster's long-standing direct summand conjecture and the existence of big Cohen-Macaulay algebras. Together with Karl Schwede, the PI utilizes Andre`'s techniques from perfectoid algebras and spaces to start building such a theory, introducing a perfectoid version of multiplier/test ideals. There will be applications on the study of symbolic powers in mixed characteristic, as well as the study of family of singularities when the characteristic varies. Another research direction is the Hilbert-Samuel multiplicities attached to singularities, with a focus on Lech's conjecture, Lech's inequality, and the Stuckrad--Vogel invariant. The PI has settled the dimension three equal characteristic case of the longstanding Lech's conjecture, and has recently settled the Stuckrad--Vogel conjecture (together with Klein, Pham, Smirnov and Yao). The proposed projects include attacking the higher dimensional case of Lech's conjecture by studying and improving the classical Lech's inequality. A related project is to investigate the relationship between multiplicity and colength for sufficiently deep ideals.&lt;br/&gt;&lt;br/&gt;This award reflects NSF's statutory mission and has been deemed worthy of support through evaluation using the Foundation's intellectual merit and broader impacts review criteria.]]></AbstractNarration>
<MinAmdLetterDate>04/18/2019</MinAmdLetterDate>
<MaxAmdLetterDate>04/18/2019</MaxAmdLetterDate>
<ARRAAmount/>
<TRAN_TYPE>Grant</TRAN_TYPE>
<CFDA_NUM>47.049</CFDA_NUM>
<NSF_PAR_USE_FLAG>1</NSF_PAR_USE_FLAG>
<FUND_AGCY_CODE>4900</FUND_AGCY_CODE>
<AWDG_AGCY_CODE>4900</AWDG_AGCY_CODE>
<AwardID>1901672</AwardID>
<Investigator>
<FirstName>Linquan</FirstName>
<LastName>Ma</LastName>
<PI_MID_INIT/>
<PI_SUFX_NAME/>
<PI_FULL_NAME>Linquan Ma</PI_FULL_NAME>
<EmailAddress><![CDATA[lquanma1019@gmail.com]]></EmailAddress>
<NSF_ID>000702743</NSF_ID>
<StartDate>04/18/2019</StartDate>
<EndDate/>
<RoleCode>Principal Investigator</RoleCode>
</Investigator>
<Institution>
<Name><![CDATA[Purdue University]]></Name>
<CityName>WEST LAFAYETTE</CityName>
<ZipCode>479061332</ZipCode>
<PhoneNumber>7654941055</PhoneNumber>
<StreetAddress><![CDATA[2550 NORTHWESTERN AVE # 1100]]></StreetAddress>
<StreetAddress2/>
<CountryName>United States</CountryName>
<StateName>Indiana</StateName>
<StateCode>IN</StateCode>
<CONGRESSDISTRICT>04</CONGRESSDISTRICT>
<CONGRESS_DISTRICT_ORG>IN04</CONGRESS_DISTRICT_ORG>
<ORG_UEI_NUM>YRXVL4JYCEF5</ORG_UEI_NUM>
<ORG_LGL_BUS_NAME>PURDUE UNIVERSITY</ORG_LGL_BUS_NAME>
<ORG_PRNT_UEI_NUM/>
</Institution>
<Performance_Institution>
<Name><![CDATA[Purdue University]]></Name>
<CityName>West Lafayette</CityName>
<StateCode>IN</StateCode>
<ZipCode>479072067</ZipCode>
<StreetAddress><![CDATA[150 N. University Street]]></StreetAddress>
<CountryCode>US</CountryCode>
<CountryName>United States</CountryName>
<StateName>Indiana</StateName>
<CountryFlag>1</CountryFlag>
<CONGRESSDISTRICT>04</CONGRESSDISTRICT>
<CONGRESS_DISTRICT_PERF>IN04</CONGRESS_DISTRICT_PERF>
</Performance_Institution>
<ProgramElement>
<Code>1264</Code>
<Text>ALGEBRA,NUMBER THEORY,AND COM</Text>
</ProgramElement>
<Appropriation>
<Code>0119</Code>
<Name>NSF RESEARCH &amp; RELATED ACTIVIT</Name>
<APP_SYMB_ID>040100</APP_SYMB_ID>
</Appropriation>
<Fund>
<Code>01001920DB</Code>
<Name><![CDATA[NSF RESEARCH & RELATED ACTIVIT]]></Name>
<FUND_SYMB_ID>040100</FUND_SYMB_ID>
</Fund>
<FUND_OBLG>2019~211131</FUND_OBLG>
<POR>
<DRECONTENT><![CDATA[<div class="porColContainerWBG"> <div class="porContentCol"><p>The projects are focused on questions in commutative algebra, which is the study of local properties (or singularities) of algebraic varieties, i.e., the solution set of a system of polynomial equations. Such a solution set can be studied via the rings of functions on it. There are some substantial progress on the proposed projects. For example, together with Schwede and several other coauthors, we systematically use ideas from perfectoid spaces to study singularities when the varieties are defined over the p-adic integers (this is called the mixed characteristic case). We apply these ideas to established the minimal model program (MMP) for threefolds in mixed characteristic when the residue characteristic is bigger than 5. Roughly speaking, this means for any variety defined over the p-adic integers for p&gt;5, if the dimension is at most three, then we can find a series of birational transforms (divisorial contractions or flips) to arrive at a minimal model or a Mori fiber space. In more recent work, we have used the perfectoidization functor of Bhatt-Scholze to introduce numerical invariants in mixed characteristic in analogy with well-developed numerical invariants in positive characteristic, and have obtained important applications to the finiteness of etale fundamental groups of certain singularities in mixed characteristic.&nbsp;We have made substantial progress on the study of Hilbert-Samuel multiplicities, which is a classical invariant that measures the singularities of local commutative rings. Our focus is on the long-standing Lech's conjecture: this is simply the conjecture that multiplicities do not decrease under faithfully flat extensions of local rings. One major outcome is that we can prove this conjecture when the base ring is standard graded over a field (previously, the conjecture was only know in dimension at most two or in dimension at most three in the equal characteristic setting). Our strategy is to introduce a sequence of finitely generated modules that asymptotically behaves like Ulrich modules. These ideas and techniques have been utilized further (in joint work with others) to obtain applications on the cone of cohomology tables of projective varieties and betti tables of standard graded rings. In the past four years, I have been giving several lecture series (three or more hours lectures and mini courses) on positive and mixed characteristic aspects of commutative algebra at various workshops at University of Illinois at Chicago, University of Michigan, and (virtually) ICTP. I have also co-organized several workshops and conferenes: one in Oxaca (in a hybrid form) and one in Seattle (in person). Currently I am supervising two graduate students at Purdue University, and both are close to finishing. One of them was funded by the grant under reporting, and he has written a nice paper on the generalized deformation problem for F-singularities.&nbsp;</p><br> <p>  Last Modified: 11/23/2023<br> Modified by: Linquan&nbsp;Ma</p></div> <div class="porSideCol" ></div> </div>]]></DRECONTENT>
<POR_COPY_TXT><![CDATA[  The projects are focused on questions in commutative algebra, which is the study of local properties (or singularities) of algebraic varieties, i.e., the solution set of a system of polynomial equations. Such a solution set can be studied via the rings of functions on it. There are some substantial progress on the proposed projects. For example, together with Schwede and several other coauthors, we systematically use ideas from perfectoid spaces to study singularities when the varieties are defined over the p-adic integers (this is called the mixed characteristic case). We apply these ideas to established the minimal model program (MMP) for threefolds in mixed characteristic when the residue characteristic is bigger than 5. Roughly speaking, this means for any variety defined over the p-adic integers for p5, if the dimension is at most three, then we can find a series of birational transforms (divisorial contractions or flips) to arrive at a minimal model or a Mori fiber space. In more recent work, we have used the perfectoidization functor of Bhatt-Scholze to introduce numerical invariants in mixed characteristic in analogy with well-developed numerical invariants in positive characteristic, and have obtained important applications to the finiteness of etale fundamental groups of certain singularities in mixed characteristic.We have made substantial progress on the study of Hilbert-Samuel multiplicities, which is a classical invariant that measures the singularities of local commutative rings. Our focus is on the long-standing Lech's conjecture: this is simply the conjecture that multiplicities do not decrease under faithfully flat extensions of local rings. One major outcome is that we can prove this conjecture when the base ring is standard graded over a field (previously, the conjecture was only know in dimension at most two or in dimension at most three in the equal characteristic setting). Our strategy is to introduce a sequence of finitely generated modules that asymptotically behaves like Ulrich modules. These ideas and techniques have been utilized further (in joint work with others) to obtain applications on the cone of cohomology tables of projective varieties and betti tables of standard graded rings. In the past four years, I have been giving several lecture series (three or more hours lectures and mini courses) on positive and mixed characteristic aspects of commutative algebra at various workshops at University of Illinois at Chicago, University of Michigan, and (virtually) ICTP. I have also co-organized several workshops and conferenes: one in Oxaca (in a hybrid form) and one in Seattle (in person). Currently I am supervising two graduate students at Purdue University, and both are close to finishing. One of them was funded by the grant under reporting, and he has written a nice paper on the generalized deformation problem for F-singularities.     Last Modified: 11/23/2023       Submitted by: LinquanMa]]></POR_COPY_TXT>
</POR>
</Award>
</rootTag>
