<?xml version="1.0" encoding="UTF-8"?>
<rootTag>
<Award>
<AwardTitle><![CDATA[Research Initiation Award: Toward understanding the mechanisms for brain activity patterns by modeling networks of multi time- and amplitude-scale dynamical systems.]]></AwardTitle>
<AGENCY>NSF</AGENCY>
<AwardEffectiveDate>05/01/2019</AwardEffectiveDate>
<AwardExpirationDate>04/30/2024</AwardExpirationDate>
<AwardTotalIntnAmount>284322.00</AwardTotalIntnAmount>
<AwardAmount>284322</AwardAmount>
<AwardInstrument>
<Value>Standard Grant</Value>
</AwardInstrument>
<Organization>
<Code>11060000</Code>
<Directorate>
<Abbreviation>EDU</Abbreviation>
<LongName>Directorate for STEM Education</LongName>
</Directorate>
<Division>
<Abbreviation>EES</Abbreviation>
<LongName>Div. of Equity for Excellence in STEM</LongName>
</Division>
</Organization>
<ProgramOfficer>
<SignBlockName>Joyce Belcher</SignBlockName>
<PO_EMAI>jbelcher@nsf.gov</PO_EMAI>
<PO_PHON>7032928221</PO_PHON>
</ProgramOfficer>
<AbstractNarration><![CDATA[Research Initiation Awards provide support for junior and mid-career faculty at Historically Black Colleges and Universities who are building new research programs or redirecting and rebuilding existing research programs. It is expected that the award helps to further the faculty member's research capability and effectiveness, improves research and teaching at the home institution, and involves undergraduate students in research experiences. The award to Clark Atlanta University (CAU) has potential broader impacts in a number of areas. The goal of this project is to advance  understanding of the mechanisms for collective dynamical behaviors in networks of coupled oscillator systems with multi-time and multi-amplitude scales, and to enhance teaching and learning at the university  by involving African American undergraduate students in multidisciplinary research activities. &lt;br/&gt;&lt;br/&gt;An understanding of the dynamical mechanisms is crucial to make sense of experimentally observed network oscillations, for example, the neural oscillations in the brain. The proposed research will use theoretical analysis and computational modeling of networks of time-delay coupled oscillators. It aims to uncover the effects of time-delayed positive and negative couplings in synchronization; formulate a generalized theory for the origin of mixed-mode amplitude patterns; and develop a general network topology for coupled oscillators to mimic brain activity propagation and stable patterns. The project will integrate research and student training in applied mathematics by embedding research projects in courses and training students in advanced analytical and computational skills. This project will be conducted in collaboration with Georgia State University.&lt;br/&gt;&lt;br/&gt;This award reflects NSF's statutory mission and has been deemed worthy of support through evaluation using the Foundation's intellectual merit and broader impacts review criteria.]]></AbstractNarration>
<MinAmdLetterDate>03/29/2019</MinAmdLetterDate>
<MaxAmdLetterDate>03/29/2019</MaxAmdLetterDate>
<ARRAAmount/>
<TRAN_TYPE>Grant</TRAN_TYPE>
<CFDA_NUM>47.076</CFDA_NUM>
<NSF_PAR_USE_FLAG>1</NSF_PAR_USE_FLAG>
<FUND_AGCY_CODE>4900</FUND_AGCY_CODE>
<AWDG_AGCY_CODE>4900</AWDG_AGCY_CODE>
<AwardID>1901028</AwardID>
<Investigator>
<FirstName>Hui</FirstName>
<LastName>Wu</LastName>
<PI_MID_INIT/>
<PI_SUFX_NAME/>
<PI_FULL_NAME>Hui Wu</PI_FULL_NAME>
<EmailAddress><![CDATA[hwu@cau.edu]]></EmailAddress>
<NSF_ID>000677114</NSF_ID>
<StartDate>03/29/2019</StartDate>
<EndDate/>
<RoleCode>Principal Investigator</RoleCode>
</Investigator>
<Institution>
<Name><![CDATA[Clark Atlanta University]]></Name>
<CityName>ATLANTA</CityName>
<ZipCode>303144358</ZipCode>
<PhoneNumber>4048806990</PhoneNumber>
<StreetAddress><![CDATA[223 JAMES P BRAWLEY DR SW]]></StreetAddress>
<StreetAddress2/>
<CountryName>United States</CountryName>
<StateName>Georgia</StateName>
<StateCode>GA</StateCode>
<CONGRESSDISTRICT>05</CONGRESSDISTRICT>
<CONGRESS_DISTRICT_ORG>GA05</CONGRESS_DISTRICT_ORG>
<ORG_UEI_NUM>JGA3E25MFDV9</ORG_UEI_NUM>
<ORG_LGL_BUS_NAME>CLARK ATLANTA UNIVERSITY, INC.</ORG_LGL_BUS_NAME>
<ORG_PRNT_UEI_NUM/>
</Institution>
<Performance_Institution>
<Name><![CDATA[Clark Atlanta University]]></Name>
<CityName>Atlanta</CityName>
<StateCode>GA</StateCode>
<ZipCode>303144391</ZipCode>
<StreetAddress><![CDATA[223 James P Brawley Dr SW]]></StreetAddress>
<CountryCode>US</CountryCode>
<CountryName>United States</CountryName>
<StateName>Georgia</StateName>
<CountryFlag>1</CountryFlag>
<CONGRESSDISTRICT>05</CONGRESSDISTRICT>
<CONGRESS_DISTRICT_PERF>GA05</CONGRESS_DISTRICT_PERF>
</Performance_Institution>
<ProgramElement>
<Code>1594</Code>
<Text>Hist Black Colleges and Univ</Text>
</ProgramElement>
<ProgramReference>
<Code>9178</Code>
<Text>UNDERGRADUATE EDUCATION</Text>
</ProgramReference>
<Appropriation>
<Code>0419</Code>
<Name>NSF Education &amp; Human Resource</Name>
<APP_SYMB_ID>040106</APP_SYMB_ID>
</Appropriation>
<Fund>
<Code>04001920DB</Code>
<Name><![CDATA[NSF Education & Human Resource]]></Name>
<FUND_SYMB_ID>040106</FUND_SYMB_ID>
</Fund>
<FUND_OBLG>2019~284322</FUND_OBLG>
</Award>
</rootTag>
