<?xml version="1.0" encoding="UTF-8"?>
<rootTag>
<Award>
<AwardTitle><![CDATA[RUI: Harmonic Maass Forms, Mock Modular Forms, and Quantum Modular Forms: Theory and Applications]]></AwardTitle>
<AGENCY>NSF</AGENCY>
<AwardEffectiveDate>07/01/2019</AwardEffectiveDate>
<AwardExpirationDate>06/30/2022</AwardExpirationDate>
<AwardTotalIntnAmount>252174.00</AwardTotalIntnAmount>
<AwardAmount>252174</AwardAmount>
<AwardInstrument>
<Value>Continuing Grant</Value>
</AwardInstrument>
<Organization>
<Code>03040000</Code>
<Directorate>
<Abbreviation>MPS</Abbreviation>
<LongName>Direct For Mathematical &amp; Physical Scien</LongName>
</Directorate>
<Division>
<Abbreviation>DMS</Abbreviation>
<LongName>Division Of Mathematical Sciences</LongName>
</Division>
</Organization>
<ProgramOfficer>
<SignBlockName>Andrew Pollington</SignBlockName>
<PO_EMAI>adpollin@nsf.gov</PO_EMAI>
<PO_PHON>7032924878</PO_PHON>
</ProgramOfficer>
<AbstractNarration><![CDATA[This is an RUI award in the area of number theory, one of the oldest branches of pure mathematics, which continues to be actively and extensively researched today.  The P.I. will primarily study functions which are natural relatives to modular forms called mock modular and quantum modular forms, and harmonic Maass forms.  Modular forms are among the most fundamental objects in the area of number theory in mathematics. For example, they are central to the Riemann Hypothesis (1859), so significant a conjecture  that the Clay Mathematics Institute is offering one million dollars to anyone who can solve it.  Major developments in the theory of modular forms were also crucial to the 1995 proof of Fermat's Last Theorem (1637), a conjecture which defeated mathematicians for 358 years. Beyond number theory, modular forms also yield applications to the diverse areas of combinatorics, mathematical physics, cryptography,  and more.  The newer related theories of harmonic Maass forms and mock modular forms have evolved substantially over the last 10-15 years, and have opened the door to many new applications and significant results;  a comprehensive theory is still lacking, however.  Moreover, within the last few years, the relatively new subject of quantum modular forms has shown intriguing connections to other areas including topology, mathematical physics, representation theory, combinatorics, and more.  &lt;br/&gt;&lt;br/&gt;The P.I. will study the theory and applications of harmonic Maass forms, mock modular forms, quantum modular forms and related functions.  An overarching question is to understand the various roles played by the holomorphic parts of harmonic Maass forms and related automorphic objects in mathematics and number theory.  Methods include tools from the theory of harmonic Maass forms, aspects of the developing theory of quantum modular forms, transformation and other properties of mock modular and mock Jacobi forms,  zeta functions, analytic properties of Mordell and Eichler integrals, theta functions, and combinatorial q-hypergeometric series.  The relatively new subject of quantum  modular forms in particular has shown rich connections to other areas including harmonic Maass forms, Eichler integrals, radial limits and mock modular forms, combinatorics, partial theta functions, Jacobi forms, topology, and vertex algebras, many of which are included within the scope of this proposal. Some projects within this RUI proposal are specifically designed for undergraduate research.  Undergraduate research mentoring and training, and (expository) writing for broad mathematical audiences, are also components of this proposal.&lt;br/&gt;&lt;br/&gt;This award reflects NSF's statutory mission and has been deemed worthy of support through evaluation using the Foundation's intellectual merit and broader impacts review criteria.]]></AbstractNarration>
<MinAmdLetterDate>04/15/2019</MinAmdLetterDate>
<MaxAmdLetterDate>06/02/2021</MaxAmdLetterDate>
<ARRAAmount/>
<TRAN_TYPE>Grant</TRAN_TYPE>
<CFDA_NUM>47.049</CFDA_NUM>
<NSF_PAR_USE_FLAG>1</NSF_PAR_USE_FLAG>
<FUND_AGCY_CODE>4900</FUND_AGCY_CODE>
<AWDG_AGCY_CODE>4900</AWDG_AGCY_CODE>
<AwardID>1901791</AwardID>
<Investigator>
<FirstName>Amanda</FirstName>
<LastName>Folsom</LastName>
<PI_MID_INIT/>
<PI_SUFX_NAME/>
<PI_FULL_NAME>Amanda Folsom</PI_FULL_NAME>
<EmailAddress><![CDATA[afolsom@amherst.edu]]></EmailAddress>
<NSF_ID>000542777</NSF_ID>
<StartDate>04/15/2019</StartDate>
<EndDate/>
<RoleCode>Principal Investigator</RoleCode>
</Investigator>
<Institution>
<Name>Amherst College</Name>
<CityName>AMHERST</CityName>
<ZipCode>010022234</ZipCode>
<PhoneNumber>4135422804</PhoneNumber>
<StreetAddress>155 S PLEASANT ST</StreetAddress>
<StreetAddress2/>
<CountryName>United States</CountryName>
<StateName>Massachusetts</StateName>
<StateCode>MA</StateCode>
<CONGRESSDISTRICT>02</CONGRESSDISTRICT>
<CONGRESS_DISTRICT_ORG>MA02</CONGRESS_DISTRICT_ORG>
<ORG_UEI_NUM>KDRLUT71AFM5</ORG_UEI_NUM>
<ORG_LGL_BUS_NAME>AMHERST COLLEGE, TRUSTEES OF</ORG_LGL_BUS_NAME>
<ORG_PRNT_UEI_NUM/>
</Institution>
<Performance_Institution>
<Name><![CDATA[Amherst College]]></Name>
<CityName>Amherst</CityName>
<StateCode>MA</StateCode>
<ZipCode>010023354</ZipCode>
<StreetAddress><![CDATA[220 South Pleasant Street]]></StreetAddress>
<CountryCode>US</CountryCode>
<CountryName>United States</CountryName>
<StateName>Massachusetts</StateName>
<CountryFlag>1</CountryFlag>
<CONGRESSDISTRICT>02</CONGRESSDISTRICT>
<CONGRESS_DISTRICT_PERF>MA02</CONGRESS_DISTRICT_PERF>
</Performance_Institution>
<ProgramElement>
<Code>1264</Code>
<Text>ALGEBRA,NUMBER THEORY,AND COM</Text>
</ProgramElement>
<ProgramReference>
<Code>9229</Code>
<Text>RES IN UNDERGRAD INST-RESEARCH</Text>
</ProgramReference>
<Appropriation>
<Code>0119</Code>
<Name>NSF RESEARCH &amp; RELATED ACTIVIT</Name>
<APP_SYMB_ID>040100</APP_SYMB_ID>
</Appropriation>
<Appropriation>
<Code>0120</Code>
<Name>NSF RESEARCH &amp; RELATED ACTIVIT</Name>
<APP_SYMB_ID>040100</APP_SYMB_ID>
</Appropriation>
<Appropriation>
<Code>0121</Code>
<Name>NSF RESEARCH &amp; RELATED ACTIVIT</Name>
<APP_SYMB_ID>040100</APP_SYMB_ID>
</Appropriation>
<Fund>
<Code>01001920DB</Code>
<Name><![CDATA[NSF RESEARCH & RELATED ACTIVIT]]></Name>
<FUND_SYMB_ID>040100</FUND_SYMB_ID>
</Fund>
<Fund>
<Code>01002021DB</Code>
<Name><![CDATA[NSF RESEARCH & RELATED ACTIVIT]]></Name>
<FUND_SYMB_ID>040100</FUND_SYMB_ID>
</Fund>
<Fund>
<Code>01002122DB</Code>
<Name><![CDATA[NSF RESEARCH & RELATED ACTIVIT]]></Name>
<FUND_SYMB_ID>040100</FUND_SYMB_ID>
</Fund>
<FUND_OBLG>2019~62677</FUND_OBLG>
<FUND_OBLG>2020~93251</FUND_OBLG>
<FUND_OBLG>2021~96246</FUND_OBLG>
<POR>
<DRECONTENT><![CDATA[<div class="porColContainerWBG"> <div class="porContentCol"><p>The outcomes of this RUI award lie in number theory, with some applications to combinatorics, representation theory, and topology, and integrate mathematical research, education, and outreach. &nbsp;Components of the award include research with undergraduates; research with women in mathematics; mathematical expository writing, and broad dissemination of work via invited conference, workshop, panel, and seminar talks worldwide. &nbsp;</p> <p>To this end, the P.I. authored ~10 publications under this award in professional, peer-reviewed journals, including collaborative and single-authored research papers; papers co-authored with undergraduate students; papers co-authored with women in mathematics; and expository articles.&nbsp;</p> <p>In particular, the products of this award surround the study of the theory and applications of harmonic Maass forms, mock modular forms, quantum modular forms and related functions, including Eisenstein series, zeta functions and quantum modular forms; mock Jacobi forms and quantum Jacobi forms;&nbsp;and certain applications in number theory, combinatorics, representation theory and topology.</p> <p>Research with undergraduates is a main outreach component of this RUI award; the P.I. advised two groups of undergraduate research students during the award period, leading to two co-authored student publications in professional mathematics journals. In addition to research advising, the P.I. mentored students on aspects of the mathematical profession, graduate school, and professional conference talk preparation. During the award period the P.I. was also a research project co-leader at the Women in Numbers 5 Program for a group of women mathematicians at various career stages, which led to two co-authored research publications. Other broader impacts include mathematical expository writing, conference research sessions organization, and broad dissemination of work via numerous invited conference, workshop, panel, and seminar talks worldwide during the award period. &nbsp;</p> <p>Number theory is one of the oldest branches of mathematics, and continues to be a field of extensive and active research today. Modular forms have played many fundamental roles; they are central to the proof of Fermat's Last Theorem, the Langlands program, the Riemann hypothesis, and the Birch and Swinnerton-Dyer conjecture, for example, and yield applications in combinatorics, cryptography, mathematical physics, and many other areas. The award outcomes study certain relatives of modular forms, namely mock modular forms and harmonic Maass forms, quantum modular forms, and related functions. The P.I.'s research contributes to the development of these theories and to the understanding of the roles of these functions within number theory and modular forms, and certain other areas of mathematics.</p><br> <p>            Last Modified: 07/11/2022<br>      Modified by: Amanda&nbsp;Folsom</p> </div> <div class="porSideCol"></div> </div>]]></DRECONTENT>
<POR_COPY_TXT><![CDATA[ The outcomes of this RUI award lie in number theory, with some applications to combinatorics, representation theory, and topology, and integrate mathematical research, education, and outreach.  Components of the award include research with undergraduates; research with women in mathematics; mathematical expository writing, and broad dissemination of work via invited conference, workshop, panel, and seminar talks worldwide.    To this end, the P.I. authored ~10 publications under this award in professional, peer-reviewed journals, including collaborative and single-authored research papers; papers co-authored with undergraduate students; papers co-authored with women in mathematics; and expository articles.   In particular, the products of this award surround the study of the theory and applications of harmonic Maass forms, mock modular forms, quantum modular forms and related functions, including Eisenstein series, zeta functions and quantum modular forms; mock Jacobi forms and quantum Jacobi forms; and certain applications in number theory, combinatorics, representation theory and topology.  Research with undergraduates is a main outreach component of this RUI award; the P.I. advised two groups of undergraduate research students during the award period, leading to two co-authored student publications in professional mathematics journals. In addition to research advising, the P.I. mentored students on aspects of the mathematical profession, graduate school, and professional conference talk preparation. During the award period the P.I. was also a research project co-leader at the Women in Numbers 5 Program for a group of women mathematicians at various career stages, which led to two co-authored research publications. Other broader impacts include mathematical expository writing, conference research sessions organization, and broad dissemination of work via numerous invited conference, workshop, panel, and seminar talks worldwide during the award period.    Number theory is one of the oldest branches of mathematics, and continues to be a field of extensive and active research today. Modular forms have played many fundamental roles; they are central to the proof of Fermat's Last Theorem, the Langlands program, the Riemann hypothesis, and the Birch and Swinnerton-Dyer conjecture, for example, and yield applications in combinatorics, cryptography, mathematical physics, and many other areas. The award outcomes study certain relatives of modular forms, namely mock modular forms and harmonic Maass forms, quantum modular forms, and related functions. The P.I.'s research contributes to the development of these theories and to the understanding of the roles of these functions within number theory and modular forms, and certain other areas of mathematics.       Last Modified: 07/11/2022       Submitted by: Amanda Folsom]]></POR_COPY_TXT>
</POR>
</Award>
</rootTag>
