<?xml version="1.0" encoding="UTF-8"?>
<rootTag>
<Award>
<AwardTitle><![CDATA[CHS: Medium: Collaborative Research: Charting a Research Agenda in Artificial Intelligence - Mediated Communication]]></AwardTitle>
<AGENCY>NSF</AGENCY>
<AwardEffectiveDate>09/01/2019</AwardEffectiveDate>
<AwardExpirationDate>08/31/2024</AwardExpirationDate>
<AwardTotalIntnAmount>394750.00</AwardTotalIntnAmount>
<AwardAmount>394750</AwardAmount>
<AwardInstrument>
<Value>Continuing Grant</Value>
</AwardInstrument>
<Organization>
<Code>05020000</Code>
<Directorate>
<Abbreviation>CSE</Abbreviation>
<LongName>Direct For Computer &amp; Info Scie &amp; Enginr</LongName>
</Directorate>
<Division>
<Abbreviation>IIS</Abbreviation>
<LongName>Div Of Information &amp; Intelligent Systems</LongName>
</Division>
</Organization>
<ProgramOfficer>
<SignBlockName>Todd Leen</SignBlockName>
<PO_EMAI>tleen@nsf.gov</PO_EMAI>
<PO_PHON>7032927215</PO_PHON>
</ProgramOfficer>
<AbstractNarration><![CDATA[Artificial Intelligence (AI) algorithms are increasingly augmenting interpersonal communication. What used to be Computer-Mediated Communication (CMC) increasingly involves AI-Mediated Communication (AI-MC): interpersonal communication not simply transmitted by technology but augmented --- or even generated --- by algorithms to achieve specific outcomes. While some simple forms of AI-MC are already prevalent, recent advances in Natural Language Processing provide new directions for augmenting communication online by, for example, modifying texts to include more formal language or enhancing resumes to make them more professional. The advances are not limited to text: increasingly, photos and videos can be automatically manipulated with AI, leading to deep fakes, in which people are shown to act or behave in ways that they never did. Indeed, if a communication is mediated, AI can potentially modify, augment, or even generate the message. AI-MC is therefore likely to have a profound effect on how we communicate, greatly complicating our understanding of technology-mediated human interactions. The project will inform the development of systems that implement AI-mediated communication in a socially desirable and ethically responsible manner.                                        &lt;br/&gt;&lt;br/&gt;The technical objectives of this project are to develop a framework that charts how AI-MC will impact cyber-human systems research and inform the design of AI-MC technologies. The project will provide some of the first investigations in key areas of AI-MC: 1) the design and perception of AI-MC systems; 2) the potential impact of AI-MC on communication dynamics; 3) the impact of AI-MC on social-psychological dynamics of online self-presentation, with a focus on impression formation and trust, including malicious contexts; and 4) understanding ethical concerns and opportunities around issues like bias, manipulation, and transparency in AI-MC technologies. These objectives will be accomplished through a series of novel empirical studies employing approaches including computational, behavioral, and qualitative methods. These activities will include online and lab experiments that examine behavioral processes and outcomes associated with various forms of AI-MC, the design and development of an AI-MC research platform, as well as a qualitative study of developers, engineers, and designers working with AI-MC systems. In addition, this project will build on the public attention and intrigue around AI to offer design and technology workshops to K-12 students in New York City public schools, using AI-MC to connect the ideas of AI to technologies students use in their everyday lives.&lt;br/&gt;&lt;br/&gt;This award reflects NSF's statutory mission and has been deemed worthy of support through evaluation using the Foundation's intellectual merit and broader impacts review criteria.]]></AbstractNarration>
<MinAmdLetterDate>08/16/2019</MinAmdLetterDate>
<MaxAmdLetterDate>08/12/2022</MaxAmdLetterDate>
<ARRAAmount/>
<TRAN_TYPE>Grant</TRAN_TYPE>
<CFDA_NUM>47.070</CFDA_NUM>
<NSF_PAR_USE_FLAG>1</NSF_PAR_USE_FLAG>
<FUND_AGCY_CODE>4900</FUND_AGCY_CODE>
<AWDG_AGCY_CODE>4900</AWDG_AGCY_CODE>
<AwardID>1901329</AwardID>
<Investigator>
<FirstName>Jeffrey</FirstName>
<LastName>Hancock</LastName>
<PI_MID_INIT>T</PI_MID_INIT>
<PI_SUFX_NAME/>
<PI_FULL_NAME>Jeffrey T Hancock</PI_FULL_NAME>
<EmailAddress><![CDATA[hancockj@stanford.edu]]></EmailAddress>
<NSF_ID>000156585</NSF_ID>
<StartDate>08/16/2019</StartDate>
<EndDate/>
<RoleCode>Principal Investigator</RoleCode>
</Investigator>
<Institution>
<Name><![CDATA[Stanford University]]></Name>
<CityName>STANFORD</CityName>
<ZipCode>943052004</ZipCode>
<PhoneNumber>6507232300</PhoneNumber>
<StreetAddress><![CDATA[450 JANE STANFORD WAY]]></StreetAddress>
<StreetAddress2/>
<CountryName>United States</CountryName>
<StateName>California</StateName>
<StateCode>CA</StateCode>
<CONGRESSDISTRICT>16</CONGRESSDISTRICT>
<CONGRESS_DISTRICT_ORG>CA16</CONGRESS_DISTRICT_ORG>
<ORG_UEI_NUM>HJD6G4D6TJY5</ORG_UEI_NUM>
<ORG_LGL_BUS_NAME>THE LELAND STANFORD JUNIOR UNIVERSITY</ORG_LGL_BUS_NAME>
<ORG_PRNT_UEI_NUM/>
</Institution>
<Performance_Institution>
<Name><![CDATA[Stanford University]]></Name>
<CityName/>
<StateCode>CA</StateCode>
<ZipCode>943056106</ZipCode>
<StreetAddress/>
<CountryCode>US</CountryCode>
<CountryName>United States</CountryName>
<StateName>California</StateName>
<CountryFlag>1</CountryFlag>
<CONGRESSDISTRICT>16</CONGRESSDISTRICT>
<CONGRESS_DISTRICT_PERF>CA16</CONGRESS_DISTRICT_PERF>
</Performance_Institution>
<ProgramElement>
<Code>7367</Code>
<Text>HCC-Human-Centered Computing</Text>
</ProgramElement>
<ProgramElement>
<Code>8060</Code>
<Text>Secure &amp;Trustworthy Cyberspace</Text>
</ProgramElement>
<ProgramReference>
<Code>025Z</Code>
<Text>SaTC: Secure and Trustworthy Cyberspace</Text>
</ProgramReference>
<ProgramReference>
<Code>7367</Code>
<Text>Cyber-Human Systems</Text>
</ProgramReference>
<ProgramReference>
<Code>7434</Code>
<Text>CNCI</Text>
</ProgramReference>
<ProgramReference>
<Code>7924</Code>
<Text>MEDIUM PROJECT</Text>
</ProgramReference>
<Appropriation>
<Code/>
<Name/>
<APP_SYMB_ID/>
</Appropriation>
<Appropriation>
<Code/>
<Name/>
<APP_SYMB_ID/>
</Appropriation>
<Appropriation>
<Code/>
<Name/>
<APP_SYMB_ID/>
</Appropriation>
<Appropriation>
<Code/>
<Name/>
<APP_SYMB_ID/>
</Appropriation>
<Fund>
<Code>01002122DB</Code>
<Name><![CDATA[NSF RESEARCH & RELATED ACTIVIT]]></Name>
<FUND_SYMB_ID>040100</FUND_SYMB_ID>
</Fund>
<Fund>
<Code>01001920DB</Code>
<Name><![CDATA[NSF RESEARCH & RELATED ACTIVIT]]></Name>
<FUND_SYMB_ID>040100</FUND_SYMB_ID>
</Fund>
<Fund>
<Code>01002021DB</Code>
<Name><![CDATA[NSF RESEARCH & RELATED ACTIVIT]]></Name>
<FUND_SYMB_ID>040100</FUND_SYMB_ID>
</Fund>
<Fund>
<Code>01002223DB</Code>
<Name><![CDATA[NSF RESEARCH & RELATED ACTIVIT]]></Name>
<FUND_SYMB_ID>040100</FUND_SYMB_ID>
</Fund>
<FUND_OBLG>2019~94356</FUND_OBLG>
<FUND_OBLG>2020~97187</FUND_OBLG>
<FUND_OBLG>2021~100102</FUND_OBLG>
<FUND_OBLG>2022~103105</FUND_OBLG>
</Award>
</rootTag>
