<?xml version="1.0" encoding="UTF-8"?>
<rootTag>
<Award>
<AwardTitle>RAPID: Evaluation of the Resilience of Shoreline Protection Methods to Hurricane Florence</AwardTitle>
<AGENCY>NSF</AGENCY>
<AwardEffectiveDate>11/15/2018</AwardEffectiveDate>
<AwardExpirationDate>10/31/2020</AwardExpirationDate>
<AwardTotalIntnAmount>43317.00</AwardTotalIntnAmount>
<AwardAmount>52018</AwardAmount>
<AwardInstrument>
<Value>Standard Grant</Value>
</AwardInstrument>
<Organization>
<Code>07030000</Code>
<Directorate>
<Abbreviation>ENG</Abbreviation>
<LongName>Directorate For Engineering</LongName>
</Directorate>
<Division>
<Abbreviation>CMMI</Abbreviation>
<LongName>Div Of Civil, Mechanical, &amp; Manufact Inn</LongName>
</Division>
</Organization>
<ProgramOfficer>
<SignBlockName>Walter Peacock</SignBlockName>
<PO_EMAI>wpeacock@nsf.gov</PO_EMAI>
<PO_PHON>7032922634</PO_PHON>
</ProgramOfficer>
<AbstractNarration>Hurricane Florence impacted coastal North Carolina resulting in unprecedented damage and flooding in coastal communities. This Rapid Response Research (RAPID) project examines the relationship between storm impact and shoreline management strategies utilized by residents and explores how socio-environmental factors, such as socioeconomic standing, knowledge of environmental conditions, and community representation influence the level of impact a storm event may have on an individual and community at large. More specifically, it seeks to understand the relationship between past shoreline management decisions and current issues faced by residents. The project will focus on the experiences of low-income, communities of color, and other underrepresented coastal communities who are often disproportionately affected by natural disasters. This research will provide new quantitative information on spatial changes of shorelines during storm events and the performance of shoreline protection strategies. This scientific research contribution thus supports NSF's mission to promote the progress of science and to advance our national welfare. In this case, the benefits will be insights to improve management of coastal communities which can save lives and reduce economic losses. &lt;br/&gt;&lt;br/&gt;Utilizing a multidisciplinary approach, through geographic information systems (GIS) science, nearshore vegetation assessment, and coastal county resident surveys, the project goals are to: 1) quantify changes in extent and condition of estuarine shorelines, particularly restored and stabilized salt marsh shorelines (also termed living shorelines) as compared to bulkheads and other shoreline management strategies approaches; and 2) assess the socio-environmental impacts of Hurricane Florence on North Carolina's estuarine shorelines and coastal residents via surveys. Changes in shoreline position and extent of shore zone habitats will be determined using in-situ GIS techniques using a real-time kinematic (RTK)-GPS unit. Additionally, five sites (two in Onslow County, two in Carteret County, and one in New Hanover County will be surveyed for vegetation and changes in dimension of the living shoreline in comparison to summer 2018 pre-storm data. The findings will be compared to existing pre-storm data to understand quantitative change in shoreline position, extent of habitat change, and magnitude of impact the storm had on shoreline management strategies. Surveys will be used to sample approximately 6,000 coastal county residents to clarify issues faced by North Carolina residents due to shoreline management decisions that were previously made, the storm, and associated flooding residents faced. Previous research has not explored socio-environmental issues associated with shoreline management decisions, natural disaster decision-making, and location. This underscores the need for effective melding of geospatial science with coastal residents' perceptions, so that disconnects between public perceptions and scientific evidence can be identified and remedied.&lt;br/&gt;&lt;br/&gt;This award reflects NSF's statutory mission and has been deemed worthy of support through evaluation using the Foundation's intellectual merit and broader impacts review criteria.</AbstractNarration>
<MinAmdLetterDate>11/14/2018</MinAmdLetterDate>
<MaxAmdLetterDate>08/06/2019</MaxAmdLetterDate>
<ARRAAmount/>
<TRAN_TYPE>Grant</TRAN_TYPE>
<CFDA_NUM>47.041</CFDA_NUM>
<NSF_PAR_USE_FLAG>1</NSF_PAR_USE_FLAG>
<FUND_AGCY_CODE>4900</FUND_AGCY_CODE>
<AWDG_AGCY_CODE>4900</AWDG_AGCY_CODE>
<AwardID>1901746</AwardID>
<Investigator>
<FirstName>Huili</FirstName>
<LastName>Hao</LastName>
<PI_MID_INIT/>
<PI_SUFX_NAME/>
<PI_FULL_NAME>Huili Hao</PI_FULL_NAME>
<EmailAddress>haoh@uncw.edu</EmailAddress>
<NSF_ID>000641084</NSF_ID>
<StartDate>11/14/2018</StartDate>
<EndDate/>
<RoleCode>Co-Principal Investigator</RoleCode>
</Investigator>
<Investigator>
<FirstName>Rachel</FirstName>
<LastName>Gittman</LastName>
<PI_MID_INIT>K</PI_MID_INIT>
<PI_SUFX_NAME/>
<PI_FULL_NAME>Rachel K Gittman</PI_FULL_NAME>
<EmailAddress>gittmanr17@ecu.edu</EmailAddress>
<NSF_ID>000767645</NSF_ID>
<StartDate>11/14/2018</StartDate>
<EndDate/>
<RoleCode>Co-Principal Investigator</RoleCode>
</Investigator>
<Investigator>
<FirstName>Devon</FirstName>
<LastName>Eulie</LastName>
<PI_MID_INIT>O</PI_MID_INIT>
<PI_SUFX_NAME/>
<PI_FULL_NAME>Devon O Eulie</PI_FULL_NAME>
<EmailAddress>eulied@uncw.edu</EmailAddress>
<NSF_ID>000789058</NSF_ID>
<StartDate>11/14/2018</StartDate>
<EndDate/>
<RoleCode>Principal Investigator</RoleCode>
</Investigator>
<Institution>
<Name>University of North Carolina at Wilmington</Name>
<CityName>Wilmington</CityName>
<ZipCode>284033201</ZipCode>
<PhoneNumber>9109623167</PhoneNumber>
<StreetAddress>601 South College Road</StreetAddress>
<StreetAddress2><![CDATA[Office of Sponsored Programs]]></StreetAddress2>
<CountryName>United States</CountryName>
<StateName>North Carolina</StateName>
<StateCode>NC</StateCode>
<CONGRESSDISTRICT>07</CONGRESSDISTRICT>
<CONGRESS_DISTRICT_ORG>NC07</CONGRESS_DISTRICT_ORG>
<ORG_DUNS_NUM>040036584</ORG_DUNS_NUM>
<ORG_LGL_BUS_NAME>UNIVERSITY OF NORTH CAROLINA AT WILMINGTON</ORG_LGL_BUS_NAME>
<ORG_PRNT_DUNS_NUM>142363428</ORG_PRNT_DUNS_NUM>
</Institution>
<Performance_Institution>
<Name><![CDATA[University of North Carolina Wilmington]]></Name>
<CityName>Wilmington</CityName>
<StateCode>NC</StateCode>
<ZipCode>284033201</ZipCode>
<StreetAddress><![CDATA[601 South College Road, Teaching]]></StreetAddress>
<CountryCode>US</CountryCode>
<CountryName>United States</CountryName>
<StateName>North Carolina</StateName>
<CountryFlag>1</CountryFlag>
<CONGRESSDISTRICT>07</CONGRESSDISTRICT>
<CONGRESS_DISTRICT_PERF>NC07</CONGRESS_DISTRICT_PERF>
</Performance_Institution>
<ProgramElement>
<Code>1638</Code>
<Text>HDBE-Humans, Disasters, and th</Text>
</ProgramElement>
<ProgramElement>
<Code>1642</Code>
<Text>Special Initiatives</Text>
</ProgramElement>
<ProgramReference>
<Code>041E</Code>
<Text>HAZARD AND DISASTER REDUCTION</Text>
</ProgramReference>
<ProgramReference>
<Code>042E</Code>
<Text>HAZARD AND DISASTER RESPONSE</Text>
</ProgramReference>
<ProgramReference>
<Code>080Z</Code>
<Text>Research related to Hurricane Florence</Text>
</ProgramReference>
<ProgramReference>
<Code>7914</Code>
<Text>RAPID</Text>
</ProgramReference>
<ProgramReference>
<Code>9179</Code>
<Text>GRADUATE INVOLVEMENT</Text>
</ProgramReference>
<ProgramReference>
<Code>CL10</Code>
<Text>CLB-Career Life Balance</Text>
</ProgramReference>
<Appropriation>
<Code>0119</Code>
<Name>NSF RESEARCH &amp; RELATED ACTIVIT</Name>
<APP_SYMB_ID>040100</APP_SYMB_ID>
</Appropriation>
<FUND_OBLG>2019~52018</FUND_OBLG>
<POR>
<DRECONTENT><![CDATA[<div class="porColContainerWBG"> <div class="porContentCol"><p><span class="TextRun SCXW142633280 BCX0" lang="EN-US" xml:lang="EN-US">A growing suite of research has demonstrated that nature-based shoreline stabilization methods can increase resilience of coastal ecosystems by improving their capacity to return to pre-disturbance states. Previous work suggests that during hurricanes, living shorelines promote vertical accretion and experience less damage than traditional shoreline stabilization alternatives. Nevertheless, there is limited research looking at the impacts of major storm events on living shorelines and most studies have investigated a small number of sites. This study&nbsp;</span><span class="TextRun SCXW142633280 BCX0" lang="EN-US" xml:lang="EN-US">used&nbsp;</span><span class="TextRun SCXW142633280 BCX0" lang="EN-US" xml:lang="EN-US">in situ real-time kinematic (RTK)-GPS surveys to quantify the resilience (via&nbsp;</span><span class="TextRun SCXW142633280 BCX0" lang="EN-US" xml:lang="EN-US">the lateral change in shore position)</span><span class="TextRun SCXW142633280 BCX0" lang="EN-US" xml:lang="EN-US">&nbsp;of 17 living shoreline sites before and after a</span><span class="TextRun SCXW142633280 BCX0" lang="EN-US" xml:lang="EN-US">&nbsp;Category 1 hurricane event (Hurricane Florence, 2018)</span><span class="TextRun SCXW142633280 BCX0" lang="EN-US" xml:lang="EN-US">.&nbsp;</span><span class="TextRun SCXW142633280 BCX0" lang="EN-US" xml:lang="EN-US">By doing so, this study seeks to understand the capacity of living shorelines (marsh with seaward breakwater or sill) to provide storm protection as compared to unaltered natural fringing salt marshes. After Hurricane Florence, living shorelines on average experienced significantly less lateral erosion compared to unprotected control segments (shoreline change rates of 0.015 m y</span><span class="TextRun SCXW142633280 BCX0" lang="EN-US" xml:lang="EN-US"><span class="NormalTextRun Superscript SCXW142633280 BCX0">-1</span></span><span class="TextRun SCXW142633280 BCX0" lang="EN-US" xml:lang="EN-US">&nbsp;and -0.31 m y</span><span class="TextRun SCXW142633280 BCX0" lang="EN-US" xml:lang="EN-US"><span class="NormalTextRun Superscript SCXW142633280 BCX0">-1</span></span><span class="TextRun SCXW142633280 BCX0" lang="EN-US" xml:lang="EN-US">, respectively).&nbsp;</span><span class="TextRun SCXW142633280 BCX0" lang="EN-US" xml:lang="EN-US">This study also explores how&nbsp;</span><span class="TextRun SCXW142633280 BCX0" lang="EN-US" xml:lang="EN-US">environmental&nbsp;</span><span class="TextRun SCXW142633280 BCX0" lang="EN-US" xml:lang="EN-US">siting&nbsp;</span><span class="TextRun SCXW142633280 BCX0" lang="EN-US" xml:lang="EN-US">variables (</span><span class="TextRun SCXW142633280 BCX0" lang="EN-US" xml:lang="EN-US"><span class="NormalTextRun ContextualSpellingAndGrammarErrorV2 SCXW142633280 BCX0">i.e</span></span><span class="TextRun SCXW142633280 BCX0" lang="EN-US" xml:lang="EN-US"><span class="NormalTextRun ContextualSpellingAndGrammarErrorV2 SCXW142633280 BCX0">.</span></span><span class="TextRun SCXW142633280 BCX0" lang="EN-US" xml:lang="EN-US">&nbsp;scarp presence, fetch, and bottom sediment)</span><span class="TextRun SCXW142633280 BCX0" lang="EN-US" xml:lang="EN-US">&nbsp;</span><span class="TextRun SCXW142633280 BCX0" lang="EN-US" xml:lang="EN-US">and sill design variables (</span><span class="TextRun SCXW142633280 BCX0" lang="EN-US" xml:lang="EN-US">i</span><span class="TextRun SCXW142633280 BCX0" lang="EN-US" xml:lang="EN-US">.e. sill material, width, and height) influence short- and long-term erosion.</span><span class="TextRun SCXW142633280 BCX0" lang="EN-US" xml:lang="EN-US">&nbsp;</span><span class="TextRun SCXW142633280 BCX0" lang="EN-US" xml:lang="EN-US">L</span><span class="TextRun SCXW142633280 BCX0" lang="EN-US" xml:lang="EN-US">iving shorelines were found to reduce erosion of fringing marsh edge&nbsp;</span><span class="TextRun SCXW142633280 BCX0" lang="EN-US" xml:lang="EN-US">among projects with a range of</span><span class="TextRun SCXW142633280 BCX0" lang="EN-US" xml:lang="EN-US">&nbsp;</span><span class="TextRun SCXW142633280 BCX0" lang="EN-US" xml:lang="EN-US">installation</span><span class="TextRun SCXW142633280 BCX0" lang="EN-US" xml:lang="EN-US">&nbsp;</span><span class="TextRun SCXW142633280 BCX0" lang="EN-US" xml:lang="EN-US">ages</span><span class="TextRun SCXW142633280 BCX0" lang="EN-US" xml:lang="EN-US">, structural&nbsp;</span><span class="TextRun SCXW142633280 BCX0" lang="EN-US" xml:lang="EN-US">materials</span><span class="TextRun SCXW142633280 BCX0" lang="EN-US" xml:lang="EN-US">, sill&nbsp;</span><span class="TextRun SCXW142633280 BCX0" lang="EN-US" xml:lang="EN-US">widths, and</span><span class="TextRun SCXW142633280 BCX0" lang="EN-US" xml:lang="EN-US">&nbsp;sill&nbsp;</span><span class="TextRun SCXW142633280 BCX0" lang="EN-US" xml:lang="EN-US">heights</span><span class="TextRun SCXW142633280 BCX0" lang="EN-US" xml:lang="EN-US">, and they were able to provide protection from erosion across a range of fetch</span><span class="TextRun SCXW142633280 BCX0" lang="EN-US" xml:lang="EN-US">, scarp,</span><span class="TextRun SCXW142633280 BCX0" lang="EN-US" xml:lang="EN-US">&nbsp;and bottom sediment conditions.&nbsp;</span><span class="TextRun SCXW142633280 BCX0" lang="EN-US" xml:lang="EN-US">Living</span><span class="TextRun SCXW142633280 BCX0" lang="EN-US" xml:lang="EN-US">&nbsp;shoreline siting and sill design may be suitable for broader&nbsp;</span><span class="TextRun SCXW142633280 BCX0" lang="EN-US" xml:lang="EN-US">environmental&nbsp;</span><span class="TextRun SCXW142633280 BCX0" lang="EN-US" xml:lang="EN-US">conditions than previously known.</span><span class="TextRun SCXW142633280 BCX0" lang="EN-US" xml:lang="EN-US">&nbsp;</span><span class="TextRun SCXW142633280 BCX0" lang="EN-US" xml:lang="EN-US">This study shows that l</span><span class="TextRun SCXW142633280 BCX0" lang="EN-US" xml:lang="EN-US">iving shorelines can increase&nbsp;</span><span class="TextRun SCXW142633280 BCX0" lang="EN-US" xml:lang="EN-US">resilience</span><span class="TextRun SCXW142633280 BCX0" lang="EN-US" xml:lang="EN-US">, by reducing erosion of fringing salt marshes, and even in some cases promoting lateral building up of shoreline zones during short-term disturbance events</span><span class="TextRun SCXW142633280 BCX0" lang="EN-US" xml:lang="EN-US">&nbsp;and from their long-term presence</span><span class="TextRun SCXW142633280 BCX0" lang="EN-US" xml:lang="EN-US">.</span><span class="EOP SCXW142633280 BCX0">&nbsp;</span></p> <p><span class="EOP SCXW142633280 BCX0">Residents of North Carolina's coastal counties were also surveyed regarding their perceptions related to storms (such as Florence), storm preparedness and response, home ownership, coastal vulnerability, and shoreline management strategies. Responses varied a lot regarding perceptions of the impact potential storms could have on individuals and their communities. However, many residents indicated they felt prepared for Hurricane Florence.<br /></span></p><br> <p>            Last Modified: 04/12/2021<br>      Modified by: Devon&nbsp;O&nbsp;Eulie</p> </div> <div class="porSideCol"></div> </div>]]></DRECONTENT>
<POR_COPY_TXT><![CDATA[ A growing suite of research has demonstrated that nature-based shoreline stabilization methods can increase resilience of coastal ecosystems by improving their capacity to return to pre-disturbance states. Previous work suggests that during hurricanes, living shorelines promote vertical accretion and experience less damage than traditional shoreline stabilization alternatives. Nevertheless, there is limited research looking at the impacts of major storm events on living shorelines and most studies have investigated a small number of sites. This study used in situ real-time kinematic (RTK)-GPS surveys to quantify the resilience (via the lateral change in shore position) of 17 living shoreline sites before and after a Category 1 hurricane event (Hurricane Florence, 2018). By doing so, this study seeks to understand the capacity of living shorelines (marsh with seaward breakwater or sill) to provide storm protection as compared to unaltered natural fringing salt marshes. After Hurricane Florence, living shorelines on average experienced significantly less lateral erosion compared to unprotected control segments (shoreline change rates of 0.015 m y-1 and -0.31 m y-1, respectively). This study also explores how environmental siting variables (i.e. scarp presence, fetch, and bottom sediment) and sill design variables (i.e. sill material, width, and height) influence short- and long-term erosion. Living shorelines were found to reduce erosion of fringing marsh edge among projects with a range of installation ages, structural materials, sill widths, and sill heights, and they were able to provide protection from erosion across a range of fetch, scarp, and bottom sediment conditions. Living shoreline siting and sill design may be suitable for broader environmental conditions than previously known. This study shows that living shorelines can increase resilience, by reducing erosion of fringing salt marshes, and even in some cases promoting lateral building up of shoreline zones during short-term disturbance events and from their long-term presence.   Residents of North Carolina's coastal counties were also surveyed regarding their perceptions related to storms (such as Florence), storm preparedness and response, home ownership, coastal vulnerability, and shoreline management strategies. Responses varied a lot regarding perceptions of the impact potential storms could have on individuals and their communities. However, many residents indicated they felt prepared for Hurricane Florence.        Last Modified: 04/12/2021       Submitted by: Devon O Eulie]]></POR_COPY_TXT>
</POR>
</Award>
</rootTag>
