<?xml version="1.0" encoding="UTF-8"?>
<rootTag>
<Award>
<AwardTitle><![CDATA[RI: Medium: Learning to Search: Provable Guarantees and Applications]]></AwardTitle>
<AGENCY>NSF</AGENCY>
<AwardEffectiveDate>10/01/2019</AwardEffectiveDate>
<AwardExpirationDate>09/30/2024</AwardExpirationDate>
<AwardTotalIntnAmount>1199995.00</AwardTotalIntnAmount>
<AwardAmount>1199995</AwardAmount>
<AwardInstrument>
<Value>Standard Grant</Value>
</AwardInstrument>
<Organization>
<Code>05020000</Code>
<Directorate>
<Abbreviation>CSE</Abbreviation>
<LongName>Direct For Computer &amp; Info Scie &amp; Enginr</LongName>
</Directorate>
<Division>
<Abbreviation>IIS</Abbreviation>
<LongName>Div Of Information &amp; Intelligent Systems</LongName>
</Division>
</Organization>
<ProgramOfficer>
<SignBlockName>Erion Plaku</SignBlockName>
<PO_EMAI>eplaku@nsf.gov</PO_EMAI>
<PO_PHON>7032924426</PO_PHON>
</ProgramOfficer>
<AbstractNarration><![CDATA[AI and optimization are used in a wide range of scientific and business applications.  Much of AI and optimization in turn are powered by search techniques such as branch and bound. These search techniques are used to intelligently explore a large number of possible solutions to a problem in order to come up with the best solution for the problem at hand.  Unfortunately, in the worst case, their running time can be exponential, and much effort goes into the design of adjustable search strategies that can have a large effect on runtime, solution quality, or both. Tuning these strategies is typically done manually by experts.  Recently there has been work on automated tuning of some variations of search, but these methods have not come with performance guarantees, and in general there is little theoretical understanding of what kinds of guarantees one might hope to achieve. The goal of this project is to provide new machine learning approaches with strong provable guarantees for customizing search techniques and automatically determining a nearly optimal search strategy for any given problem domain. This project aims to provide formal guarantees for its procedures as well as techniques that scale up to larger and more complex problems than currently possible. The algorithms and models developed in this research will be driven by, and applied to, optimization problems at the core of important real-world applications including kidney exchange and combinatorial auction design. These are domains where improved optimization procedures have significant impact.&lt;br/&gt; &lt;br/&gt;Specific goals in this project include: (1) Developing effective tree search strategies (including branch-and-bound methods) via machine learning that are widely applicable, scalable, and have strong provable guarantees. (2) Learning branching and node selection strategies together, and learning admissible heuristics for informed search techniques including A* search. (3) Applying algorithms developed to solve key challenges in two important application domains: Kidney Exchange and Automated Mechanism Design. (4) Learning how to branch in the context of decision-tree learning, an important machine learning paradigm, and in particular in the design of heuristics for top-down decision-tree induction. The project will impact artificial intelligence, optimization, machine learning, theory of computing, as well as many areas that require repeatedly solving hard optimization problems from a given domain.  This includes kidney exchange and mechanism design which can have a broad impact across society and commerce.  In addition to advising both graduate and undergraduate students on topics connected to this project, research progress will be integrated in the curricula of several courses at Carnegie-Mellon University and course materials will be made available on the web worldwide.&lt;br/&gt;&lt;br/&gt;This award reflects NSF's statutory mission and has been deemed worthy of support through evaluation using the Foundation's intellectual merit and broader impacts review criteria.]]></AbstractNarration>
<MinAmdLetterDate>06/03/2019</MinAmdLetterDate>
<MaxAmdLetterDate>06/03/2019</MaxAmdLetterDate>
<ARRAAmount/>
<TRAN_TYPE>Grant</TRAN_TYPE>
<CFDA_NUM>47.070</CFDA_NUM>
<NSF_PAR_USE_FLAG>1</NSF_PAR_USE_FLAG>
<FUND_AGCY_CODE>4900</FUND_AGCY_CODE>
<AWDG_AGCY_CODE>4900</AWDG_AGCY_CODE>
<AwardID>1901403</AwardID>
<Investigator>
<FirstName>Maria-Florina</FirstName>
<LastName>Balcan</LastName>
<PI_MID_INIT/>
<PI_SUFX_NAME/>
<PI_FULL_NAME>Maria-Florina Balcan</PI_FULL_NAME>
<EmailAddress><![CDATA[ninamf@cs.cmu.edu]]></EmailAddress>
<NSF_ID>000537870</NSF_ID>
<StartDate>06/03/2019</StartDate>
<EndDate/>
<RoleCode>Principal Investigator</RoleCode>
</Investigator>
<Investigator>
<FirstName>Tuomas</FirstName>
<LastName>Sandholm</LastName>
<PI_MID_INIT/>
<PI_SUFX_NAME/>
<PI_FULL_NAME>Tuomas Sandholm</PI_FULL_NAME>
<EmailAddress><![CDATA[sandholm@cs.cmu.edu]]></EmailAddress>
<NSF_ID>000096107</NSF_ID>
<StartDate>06/03/2019</StartDate>
<EndDate/>
<RoleCode>Co-Principal Investigator</RoleCode>
</Investigator>
<Institution>
<Name>Carnegie-Mellon University</Name>
<CityName>PITTSBURGH</CityName>
<ZipCode>152133815</ZipCode>
<PhoneNumber>4122688746</PhoneNumber>
<StreetAddress>5000 FORBES AVE</StreetAddress>
<StreetAddress2/>
<CountryName>United States</CountryName>
<StateName>Pennsylvania</StateName>
<StateCode>PA</StateCode>
<CONGRESSDISTRICT>12</CONGRESSDISTRICT>
<CONGRESS_DISTRICT_ORG>PA12</CONGRESS_DISTRICT_ORG>
<ORG_UEI_NUM>U3NKNFLNQ613</ORG_UEI_NUM>
<ORG_LGL_BUS_NAME>CARNEGIE MELLON UNIVERSITY</ORG_LGL_BUS_NAME>
<ORG_PRNT_UEI_NUM>U3NKNFLNQ613</ORG_PRNT_UEI_NUM>
</Institution>
<Performance_Institution>
<Name><![CDATA[Carnegie-Mellon University]]></Name>
<CityName>Pittsburgh</CityName>
<StateCode>PA</StateCode>
<ZipCode>152133815</ZipCode>
<StreetAddress/>
<CountryCode>US</CountryCode>
<CountryName>United States</CountryName>
<StateName>Pennsylvania</StateName>
<CountryFlag>1</CountryFlag>
<CONGRESSDISTRICT>12</CONGRESSDISTRICT>
<CONGRESS_DISTRICT_PERF>PA12</CONGRESS_DISTRICT_PERF>
</Performance_Institution>
<ProgramElement>
<Code>7495</Code>
<Text>Robust Intelligence</Text>
</ProgramElement>
<ProgramReference>
<Code>7495</Code>
<Text>ROBUST INTELLIGENCE</Text>
</ProgramReference>
<ProgramReference>
<Code>7924</Code>
<Text>MEDIUM PROJECT</Text>
</ProgramReference>
<Appropriation>
<Code>0119</Code>
<Name>NSF RESEARCH &amp; RELATED ACTIVIT</Name>
<APP_SYMB_ID>040100</APP_SYMB_ID>
</Appropriation>
<Fund>
<Code>01001920DB</Code>
<Name><![CDATA[NSF RESEARCH & RELATED ACTIVIT]]></Name>
<FUND_SYMB_ID>040100</FUND_SYMB_ID>
</Fund>
<FUND_OBLG>2019~1199995</FUND_OBLG>
</Award>
</rootTag>
