<?xml version="1.0" encoding="UTF-8"?>
<rootTag>
<Award>
<AwardTitle><![CDATA[Patterned Synthetic Spinal Cords from Human Pluripotent Stem Cells]]></AwardTitle>
<AGENCY>NSF</AGENCY>
<AwardEffectiveDate>09/01/2019</AwardEffectiveDate>
<AwardExpirationDate>08/31/2022</AwardExpirationDate>
<AwardTotalIntnAmount>329239.00</AwardTotalIntnAmount>
<AwardAmount>329239</AwardAmount>
<AwardInstrument>
<Value>Standard Grant</Value>
</AwardInstrument>
<Organization>
<Code>07020000</Code>
<Directorate>
<Abbreviation>ENG</Abbreviation>
<LongName>Directorate For Engineering</LongName>
</Directorate>
<Division>
<Abbreviation>CBET</Abbreviation>
<LongName>Div Of Chem, Bioeng, Env, &amp; Transp Sys</LongName>
</Division>
</Organization>
<ProgramOfficer>
<SignBlockName>Stephanie George</SignBlockName>
<PO_EMAI>stgeorge@nsf.gov</PO_EMAI>
<PO_PHON>7032927825</PO_PHON>
</ProgramOfficer>
<AbstractNarration><![CDATA[During development of the nervous system, a vast array of neurons will develop in discrete positions, acquire varied shapes, and establish connections with specific populations of target cells.  Such spatial organization of neuronal cell fates and differentiation are generally accepted as being directed by soluble chemical signals, termed morphogens.  However, it remains a significant question in biology about how embryonic cells transform morphogen information into spatial patterns of neuronal cell differentiation during the nervous system development.  This goal of this project is to specifically address this significant knowledge gap by leveraging a stem cell-based development model that has been established in the investigator's laboratory.  This synthetic human development model will be used as a controllable experimental system to determine how different morphogen signals control intracellular activities of key signaling pathways to regulate neuronal cell fates.  The project, if successful, will foster significant progress in advancing fundamental understanding of the nervous system development, which is important for diagnosis, prevention and treatment of neurological disorders that are the result of impaired development and growth of the nervous system.  The technologies developed under this project will be used to enhance K-12 outreach activities, with priority given to females and minority students, and educational opportunities for undergraduate and graduate students.  Outreach activities planned for students in the Ann Arbor and Ypsilanti school districts include developing a summer intern program for high school students and developing educational modules for NanoCamps and TECH DAY events for K-12 students.  Established University of Michigan undergraduate research programs will be leveraged to recruit undergraduate students to participate in the lab's research and  a new course on  "Stem Cell Bioengineering and Biotechnology" will be developed to prepare graduate students for emerging areas such as regenerative medicine and disease modeling.&lt;br/&gt;&lt;br/&gt;It remains mysterious how embryonic cells transform dynamic changes in developmental signaling into spatial patterns of gene expression and cellular differentiation in a reliable and robust fashion.  A fundamental goal of this project is thus to leverage recent progresses in human stem cell-based development models to study morphogen gradient-mediated embryonic patterning.  Specifically, a synthetic microfluidic patterned human spinal cord model developed from human pluripotent stem cells will be leveraged as a maneuverable experimental platform for the proposed quantitative mechanistic investigations.  Detailed mechanistic investigations will be conducted to elucidate how neuroepithelial cells in the human spinal cord model integrate the duration and level of morphogen signals to mediate distinct quantities and durations of key transcriptional effector activities.  Furthermore, detailed mechanistic investigations will be conducted to understand how dynamic intracellular activities of key transcriptional effectors correlate with progressive emergence and fate specifications of neuronal subtypes in the human spinal cord model.  Owing to its interdisciplinary nature, the proposed research will seamlessly integrate knowledge from distinct fields including stem cell biology, developmental biology, signal transduction, epithelial biology and microfluidics.  The mechanistic investigations proposed in this research will provide new fundamental knowledge and novel discoveries of emergent self-organizing principles and pattering mechanisms that provide robustness and reliability to embryonic patterning, a long-standing question in biology,&lt;br/&gt;&lt;br/&gt;This award reflects NSF's statutory mission and has been deemed worthy of support through evaluation using the Foundation's intellectual merit and broader impacts review criteria.]]></AbstractNarration>
<MinAmdLetterDate>06/19/2019</MinAmdLetterDate>
<MaxAmdLetterDate>06/19/2019</MaxAmdLetterDate>
<ARRAAmount/>
<TRAN_TYPE>Grant</TRAN_TYPE>
<CFDA_NUM>47.041</CFDA_NUM>
<NSF_PAR_USE_FLAG>1</NSF_PAR_USE_FLAG>
<FUND_AGCY_CODE>4900</FUND_AGCY_CODE>
<AWDG_AGCY_CODE>4900</AWDG_AGCY_CODE>
<AwardID>1901718</AwardID>
<Investigator>
<FirstName>Jianping</FirstName>
<LastName>Fu</LastName>
<PI_MID_INIT/>
<PI_SUFX_NAME/>
<PI_FULL_NAME>Jianping Fu</PI_FULL_NAME>
<EmailAddress><![CDATA[jpfu@umich.edu]]></EmailAddress>
<NSF_ID>000569746</NSF_ID>
<StartDate>06/19/2019</StartDate>
<EndDate/>
<RoleCode>Principal Investigator</RoleCode>
</Investigator>
<Institution>
<Name><![CDATA[Regents of the University of Michigan - Ann Arbor]]></Name>
<CityName>ANN ARBOR</CityName>
<ZipCode>481091079</ZipCode>
<PhoneNumber>7347636438</PhoneNumber>
<StreetAddress><![CDATA[1109 GEDDES AVE, SUITE 3300]]></StreetAddress>
<StreetAddress2/>
<CountryName>United States</CountryName>
<StateName>Michigan</StateName>
<StateCode>MI</StateCode>
<CONGRESSDISTRICT>06</CONGRESSDISTRICT>
<CONGRESS_DISTRICT_ORG>MI06</CONGRESS_DISTRICT_ORG>
<ORG_UEI_NUM>GNJ7BBP73WE9</ORG_UEI_NUM>
<ORG_LGL_BUS_NAME>REGENTS OF THE UNIVERSITY OF MICHIGAN</ORG_LGL_BUS_NAME>
<ORG_PRNT_UEI_NUM/>
</Institution>
<Performance_Institution>
<Name><![CDATA[University of Michigan Ann Arbor]]></Name>
<CityName>Ann Arbor</CityName>
<StateCode>MI</StateCode>
<ZipCode>481092125</ZipCode>
<StreetAddress><![CDATA[2350 Hayward Street]]></StreetAddress>
<CountryCode>US</CountryCode>
<CountryName>United States</CountryName>
<StateName>Michigan</StateName>
<CountryFlag>1</CountryFlag>
<CONGRESSDISTRICT>06</CONGRESSDISTRICT>
<CONGRESS_DISTRICT_PERF>MI06</CONGRESS_DISTRICT_PERF>
</Performance_Institution>
<ProgramElement>
<Code>5345</Code>
<Text>Engineering of Biomed Systems</Text>
</ProgramElement>
<ProgramReference>
<Code>8091</Code>
<Text>BRAIN Initiative Res Support</Text>
</ProgramReference>
<Appropriation>
<Code>0119</Code>
<Name>NSF RESEARCH &amp; RELATED ACTIVIT</Name>
<APP_SYMB_ID>040100</APP_SYMB_ID>
</Appropriation>
<Fund>
<Code>01001920DB</Code>
<Name><![CDATA[NSF RESEARCH & RELATED ACTIVIT]]></Name>
<FUND_SYMB_ID>040100</FUND_SYMB_ID>
</Fund>
<FUND_OBLG>2019~329239</FUND_OBLG>
<POR>
<DRECONTENT><![CDATA[<div class="porColContainerWBG"> <div class="porContentCol"><p>During development of the central nervous system, a vast array of different neurons develops in discrete positions of the central nervous system. Such spatial organization of different neurons during the development of the nervous system are directed by chemical signals secreted from adjacent tissues, termed morphogens. Even though the importance of morphogen signaling in neural development has been well recognized, it remains a significant question in biology about how cells in the developing central nervous system sense and convert the dynamic morphogen signals into spatial cell differentiation and become different neurons in a reliable and robust fashion. This NSF project is set to specifically address the significant challenge in understanding the interpretation of morphogen gradients by intracellular signaling events while cells in the developing central nervous system are undergoing neuronal differentiation.</p> <p>Owing to its cross-disciplinary nature, our research has seamlessly integrated knowledge from distinct fields including stem cell biology, developmental biology, tissue engineering and microfluidics. Our research has resulted in the first-of-its-kind synthetic human neural tube development model derived from human pluripotent stem cells in a very controllable and reproducible manner. Our synthetic human neural tube model provides a useful experimental platform that offers superior experimental controls of key parameters and quantitative measurements to allow in-depth mechanistic investigations. Our synthetic human neural tube model is also valuable for developing high-throughput drug and toxicity screening platforms promising for diagnosis, prevention and treatment of neurological disorders.</p> <p>Our research has improved fundamental understanding of neural development, a significant problem in biology. Our research also enables drastic advances in large-scale production of synthetic human neural tube tissues and thus contributes significantly to stem cell-based regenerative therapies, disease modeling, and drug and toxicity screening. Our educational activities have broad impacts on students from different educational levels and genders and ethnicities. Some of the technologies developed in our research have been used as vehicles for outreach activities to reveal the exciting challenges in science and engineering and their close relevance to our society, thus motivating students to pursue science and engineering curricula.</p> <p>&nbsp;</p><br> <p>            Last Modified: 11/30/2022<br>      Modified by: Jianping&nbsp;Fu</p> </div> <div class="porSideCol"></div> </div>]]></DRECONTENT>
<POR_COPY_TXT><![CDATA[ During development of the central nervous system, a vast array of different neurons develops in discrete positions of the central nervous system. Such spatial organization of different neurons during the development of the nervous system are directed by chemical signals secreted from adjacent tissues, termed morphogens. Even though the importance of morphogen signaling in neural development has been well recognized, it remains a significant question in biology about how cells in the developing central nervous system sense and convert the dynamic morphogen signals into spatial cell differentiation and become different neurons in a reliable and robust fashion. This NSF project is set to specifically address the significant challenge in understanding the interpretation of morphogen gradients by intracellular signaling events while cells in the developing central nervous system are undergoing neuronal differentiation.  Owing to its cross-disciplinary nature, our research has seamlessly integrated knowledge from distinct fields including stem cell biology, developmental biology, tissue engineering and microfluidics. Our research has resulted in the first-of-its-kind synthetic human neural tube development model derived from human pluripotent stem cells in a very controllable and reproducible manner. Our synthetic human neural tube model provides a useful experimental platform that offers superior experimental controls of key parameters and quantitative measurements to allow in-depth mechanistic investigations. Our synthetic human neural tube model is also valuable for developing high-throughput drug and toxicity screening platforms promising for diagnosis, prevention and treatment of neurological disorders.  Our research has improved fundamental understanding of neural development, a significant problem in biology. Our research also enables drastic advances in large-scale production of synthetic human neural tube tissues and thus contributes significantly to stem cell-based regenerative therapies, disease modeling, and drug and toxicity screening. Our educational activities have broad impacts on students from different educational levels and genders and ethnicities. Some of the technologies developed in our research have been used as vehicles for outreach activities to reveal the exciting challenges in science and engineering and their close relevance to our society, thus motivating students to pursue science and engineering curricula.          Last Modified: 11/30/2022       Submitted by: Jianping Fu]]></POR_COPY_TXT>
</POR>
</Award>
</rootTag>
