<?xml version="1.0" encoding="UTF-8"?>
<rootTag>
<Award>
<AwardTitle><![CDATA[Processing, interpretation and analysis of the NZ3D seismic data to investigate fault property controls on slow-slip along the Hikurangi megathrust]]></AwardTitle>
<AGENCY>NSF</AGENCY>
<AwardEffectiveDate>08/01/2019</AwardEffectiveDate>
<AwardExpirationDate>07/31/2024</AwardExpirationDate>
<AwardTotalIntnAmount>1354170.00</AwardTotalIntnAmount>
<AwardAmount>1384899</AwardAmount>
<AwardInstrument>
<Value>Continuing Grant</Value>
</AwardInstrument>
<Organization>
<Code>06040200</Code>
<Directorate>
<Abbreviation>GEO</Abbreviation>
<LongName>Directorate For Geosciences</LongName>
</Directorate>
<Division>
<Abbreviation>OCE</Abbreviation>
<LongName>Division Of Ocean Sciences</LongName>
</Division>
</Organization>
<ProgramOfficer>
<SignBlockName>Scott M. White</SignBlockName>
<PO_EMAI>scwhite@nsf.gov</PO_EMAI>
<PO_PHON>7032928369</PO_PHON>
</ProgramOfficer>
<AbstractNarration><![CDATA[Interactions between tectonic plates at subduction zones are responsible for generating the world's largest known earthquakes (magnitudes 8+) as well as slow-slip events (SSEs). SSEs may take place over days to years, and are not felt by people. What controls the occurrence of SSEs and how they are related to large subduction zone earthquakes is not known. At the subduction zone along the east coast of New Zealand SSEs occur every 1-2 years and many studies have focused on this region to get a better understanding of SSEs.  A 3-dimensional seismic data set has been collected in a region of SSEs along the New Zealand margin and this project will process these data to understand the fault systems and fluid flow systems in the region and the impact of these systems on SSEs. The results will aid in the assessment of earthquake and tsunami hazards at subduction zones.  The project supports the training of two early career scientists and a graduate student.&lt;br/&gt;&lt;br/&gt;Slow-slip events (SSEs) involve transient aseismic slips on a fault that last days to years. SSEs have been observed in a number of subduction zones worldwide, yet the physical mechanisms that control this type of slip remain poorly understood. At the Hikurangi margin offshore the east coast of New Zealand, well documented SSEs recur every 1-2 years at the shallow portion (~2-15 km depth) of the subduction megathrust.  This provides an ideal opportunity to examine the structural and hydrogeological conditions that contribute to the generation of SSEs through detailed seismic imaging and seismic attribute measurements. A team of scientists acquired a 3-D seismic volume within a 14.7 x 60 km survey area on the northern Hikurangi margin. This 3-D dataset, with complete coverage and excellent quality, shows great potential to reveal the conditions along the plate interface and the development of these conditions. The 3-D volume will be processed with state-of-the-art 3-D pre-stack time and depth migration to image the highest possible level of structural detail while preserving reflection characteristics. The data will be analyzed and interpreted to investigate fluid flow and tectonic development of the margin.&lt;br/&gt;&lt;br/&gt;This award reflects NSF's statutory mission and has been deemed worthy of support through evaluation using the Foundation's intellectual merit and broader impacts review criteria.]]></AbstractNarration>
<MinAmdLetterDate>07/29/2019</MinAmdLetterDate>
<MaxAmdLetterDate>11/09/2021</MaxAmdLetterDate>
<ARRAAmount/>
<TRAN_TYPE>Grant</TRAN_TYPE>
<CFDA_NUM>47.050</CFDA_NUM>
<NSF_PAR_USE_FLAG>1</NSF_PAR_USE_FLAG>
<FUND_AGCY_CODE>4900</FUND_AGCY_CODE>
<AWDG_AGCY_CODE>4900</AWDG_AGCY_CODE>
<AwardID>1901645</AwardID>
<Investigator>
<FirstName>Shuoshuo</FirstName>
<LastName>Han</LastName>
<PI_MID_INIT/>
<PI_SUFX_NAME/>
<PI_FULL_NAME>Shuoshuo Han</PI_FULL_NAME>
<EmailAddress><![CDATA[han@ig.utexas.edu]]></EmailAddress>
<NSF_ID>000728660</NSF_ID>
<StartDate>07/29/2019</StartDate>
<EndDate/>
<RoleCode>Co-Principal Investigator</RoleCode>
</Investigator>
<Investigator>
<FirstName>Nathan</FirstName>
<LastName>Bangs</LastName>
<PI_MID_INIT>L</PI_MID_INIT>
<PI_SUFX_NAME/>
<PI_FULL_NAME>Nathan L Bangs</PI_FULL_NAME>
<EmailAddress><![CDATA[nathan@ig.utexas.edu]]></EmailAddress>
<NSF_ID>000088836</NSF_ID>
<StartDate>07/29/2019</StartDate>
<EndDate/>
<RoleCode>Principal Investigator</RoleCode>
</Investigator>
<Institution>
<Name><![CDATA[University of Texas at Austin]]></Name>
<CityName>AUSTIN</CityName>
<ZipCode>787121139</ZipCode>
<PhoneNumber>5124716424</PhoneNumber>
<StreetAddress><![CDATA[110 INNER CAMPUS DR]]></StreetAddress>
<StreetAddress2/>
<CountryName>United States</CountryName>
<StateName>Texas</StateName>
<StateCode>TX</StateCode>
<CONGRESSDISTRICT>25</CONGRESSDISTRICT>
<CONGRESS_DISTRICT_ORG>TX25</CONGRESS_DISTRICT_ORG>
<ORG_UEI_NUM>V6AFQPN18437</ORG_UEI_NUM>
<ORG_LGL_BUS_NAME>UNIVERSITY OF TEXAS AT AUSTIN</ORG_LGL_BUS_NAME>
<ORG_PRNT_UEI_NUM>X5NKD2NFF2V3</ORG_PRNT_UEI_NUM>
</Institution>
<Performance_Institution>
<Name><![CDATA[University of Texas Institute for Geophysics]]></Name>
<CityName>Austin</CityName>
<StateCode>TX</StateCode>
<ZipCode>787584445</ZipCode>
<StreetAddress><![CDATA[10100 Burnet Rd., ROC/Bldg. 196]]></StreetAddress>
<CountryCode>US</CountryCode>
<CountryName>United States</CountryName>
<StateName>Texas</StateName>
<CountryFlag>1</CountryFlag>
<CONGRESSDISTRICT>37</CONGRESSDISTRICT>
<CONGRESS_DISTRICT_PERF>TX37</CONGRESS_DISTRICT_PERF>
</Performance_Institution>
<ProgramElement>
<Code>1620</Code>
<Text>Marine Geology and Geophysics</Text>
</ProgramElement>
<ProgramElement>
<Code>1680</Code>
<Text>OCEAN TECH &amp; INTERDISC COORDIN</Text>
</ProgramElement>
<Appropriation>
<Code/>
<Name/>
<APP_SYMB_ID/>
</Appropriation>
<Appropriation>
<Code>0119</Code>
<Name>NSF RESEARCH &amp; RELATED ACTIVIT</Name>
<APP_SYMB_ID>040100</APP_SYMB_ID>
</Appropriation>
<Appropriation>
<Code>0120</Code>
<Name>NSF RESEARCH &amp; RELATED ACTIVIT</Name>
<APP_SYMB_ID>040100</APP_SYMB_ID>
</Appropriation>
<Fund>
<Code>01002223DB</Code>
<Name><![CDATA[NSF RESEARCH & RELATED ACTIVIT]]></Name>
<FUND_SYMB_ID>040100</FUND_SYMB_ID>
</Fund>
<Fund>
<Code>01001920DB</Code>
<Name><![CDATA[NSF RESEARCH & RELATED ACTIVIT]]></Name>
<FUND_SYMB_ID>040100</FUND_SYMB_ID>
</Fund>
<Fund>
<Code>01002021DB</Code>
<Name><![CDATA[NSF RESEARCH & RELATED ACTIVIT]]></Name>
<FUND_SYMB_ID>040100</FUND_SYMB_ID>
</Fund>
<FUND_OBLG>2019~1146684</FUND_OBLG>
<FUND_OBLG>2020~207486</FUND_OBLG>
<FUND_OBLG>2022~30729</FUND_OBLG>
</Award>
</rootTag>
