<?xml version="1.0" encoding="UTF-8"?>
<rootTag>
<Award>
<AwardTitle><![CDATA[Support for Workshop and Mentoring of Junior Researchers at the US National Combustion Meeting]]></AwardTitle>
<AGENCY>NSF</AGENCY>
<AwardEffectiveDate>01/01/2019</AwardEffectiveDate>
<AwardExpirationDate>12/31/2019</AwardExpirationDate>
<AwardTotalIntnAmount>27838.00</AwardTotalIntnAmount>
<AwardAmount>27838</AwardAmount>
<AwardInstrument>
<Value>Standard Grant</Value>
</AwardInstrument>
<Organization>
<Code>07020000</Code>
<Directorate>
<Abbreviation>ENG</Abbreviation>
<LongName>Directorate For Engineering</LongName>
</Directorate>
<Division>
<Abbreviation>CBET</Abbreviation>
<LongName>Div Of Chem, Bioeng, Env, &amp; Transp Sys</LongName>
</Division>
</Organization>
<ProgramOfficer>
<SignBlockName>Harsha Chelliah</SignBlockName>
<PO_EMAI>hchellia@nsf.gov</PO_EMAI>
<PO_PHON>7032927281</PO_PHON>
</ProgramOfficer>
<AbstractNarration><![CDATA[This award is to support three outreach activities held during the US National Combustion Meeting, March 24-27, 2019. These activities include an Early Career Workshop for Combustion Researchers, a Mentoring Mixer, and a Women in Combustion Luncheon. The goal of these activities is to bring together a community of early-career combustion researchers and form action committees to encourage early-career participation in the combustion research community. In the U.S. nearly 70% of energy conversion is accomplished by combustion. Hence the advancement in combustion science is crucial to the society. The participants will further develop four high-priority items, including education and communities of practice, development of mentorship programs, cross-disciplinary collaboration and open-source sharing, and public outreach.&lt;br/&gt;&lt;br/&gt;Combustion is a key technology for power generation, and this will remain the same for decades to come. However, the combustion research community is facing various technical and non-technical challenges. The participants will identify challenges, educate the early-career researchers about these challenges, and discuss possible solutions. Discussion around technical issues will include brainstorming of novel, possibly cross-disciplinary research areas for future work. On the other hand, various non-technical issues will also be discussed, including mentoring of early-career faculty members and retention of talented researchers of diverse backgrounds. Results of the proposed outreach activities are expected to help build a more productive combustion research community.&lt;br/&gt;&lt;br/&gt;This award reflects NSF's statutory mission and has been deemed worthy of support through evaluation using the Foundation's intellectual merit and broader impacts review criteria.]]></AbstractNarration>
<MinAmdLetterDate>11/08/2018</MinAmdLetterDate>
<MaxAmdLetterDate>11/08/2018</MaxAmdLetterDate>
<ARRAAmount/>
<TRAN_TYPE>Grant</TRAN_TYPE>
<CFDA_NUM>47.041</CFDA_NUM>
<NSF_PAR_USE_FLAG>1</NSF_PAR_USE_FLAG>
<FUND_AGCY_CODE>4900</FUND_AGCY_CODE>
<AWDG_AGCY_CODE>4900</AWDG_AGCY_CODE>
<AwardID>1901570</AwardID>
<Investigator>
<FirstName>Richard</FirstName>
<LastName>West</LastName>
<PI_MID_INIT>H</PI_MID_INIT>
<PI_SUFX_NAME/>
<PI_FULL_NAME>Richard H West</PI_FULL_NAME>
<EmailAddress><![CDATA[R.West@northeastern.edu]]></EmailAddress>
<NSF_ID>000614689</NSF_ID>
<StartDate>11/08/2018</StartDate>
<EndDate/>
<RoleCode>Co-Principal Investigator</RoleCode>
</Investigator>
<Investigator>
<FirstName>Jacqueline</FirstName>
<LastName>O'Connor</LastName>
<PI_MID_INIT>A</PI_MID_INIT>
<PI_SUFX_NAME/>
<PI_FULL_NAME>Jacqueline A O'Connor</PI_FULL_NAME>
<EmailAddress><![CDATA[jxo22@psu.edu]]></EmailAddress>
<NSF_ID>000664463</NSF_ID>
<StartDate>11/08/2018</StartDate>
<EndDate/>
<RoleCode>Principal Investigator</RoleCode>
</Investigator>
<Investigator>
<FirstName>Kyle</FirstName>
<LastName>Niemeyer</LastName>
<PI_MID_INIT>E</PI_MID_INIT>
<PI_SUFX_NAME/>
<PI_FULL_NAME>Kyle E Niemeyer</PI_FULL_NAME>
<EmailAddress><![CDATA[kyle.niemeyer@oregonstate.edu]]></EmailAddress>
<NSF_ID>000668221</NSF_ID>
<StartDate>11/08/2018</StartDate>
<EndDate/>
<RoleCode>Co-Principal Investigator</RoleCode>
</Investigator>
<Investigator>
<FirstName>Nicole</FirstName>
<LastName>Labbe</LastName>
<PI_MID_INIT>J</PI_MID_INIT>
<PI_SUFX_NAME/>
<PI_FULL_NAME>Nicole J Labbe</PI_FULL_NAME>
<EmailAddress><![CDATA[nicole.labbe@colorado.edu]]></EmailAddress>
<NSF_ID>000744725</NSF_ID>
<StartDate>11/08/2018</StartDate>
<EndDate/>
<RoleCode>Co-Principal Investigator</RoleCode>
</Investigator>
<Institution>
<Name>Pennsylvania State Univ University Park</Name>
<CityName>UNIVERSITY PARK</CityName>
<ZipCode>168021503</ZipCode>
<PhoneNumber>8148651372</PhoneNumber>
<StreetAddress>201 OLD MAIN</StreetAddress>
<StreetAddress2/>
<CountryName>United States</CountryName>
<StateName>Pennsylvania</StateName>
<StateCode>PA</StateCode>
<CONGRESSDISTRICT>15</CONGRESSDISTRICT>
<CONGRESS_DISTRICT_ORG>PA15</CONGRESS_DISTRICT_ORG>
<ORG_UEI_NUM>NPM2J7MSCF61</ORG_UEI_NUM>
<ORG_LGL_BUS_NAME>THE PENNSYLVANIA STATE UNIVERSITY</ORG_LGL_BUS_NAME>
<ORG_PRNT_UEI_NUM/>
</Institution>
<Performance_Institution>
<Name><![CDATA[Pennsylvania State Univ University Park]]></Name>
<CityName/>
<StateCode>PA</StateCode>
<ZipCode>168027000</ZipCode>
<StreetAddress/>
<CountryCode>US</CountryCode>
<CountryName>United States</CountryName>
<StateName>Pennsylvania</StateName>
<CountryFlag>1</CountryFlag>
<CONGRESSDISTRICT/>
<CONGRESS_DISTRICT_PERF>PA"</CONGRESS_DISTRICT_PERF>
</Performance_Institution>
<ProgramElement>
<Code>1407</Code>
<Text>CFS-Combustion &amp; Fire Systems</Text>
</ProgramElement>
<ProgramReference>
<Code>7556</Code>
<Text>CONFERENCE AND WORKSHOPS</Text>
</ProgramReference>
<Appropriation>
<Code>0119</Code>
<Name>NSF RESEARCH &amp; RELATED ACTIVIT</Name>
<APP_SYMB_ID>040100</APP_SYMB_ID>
</Appropriation>
<Fund>
<Code>01001920DB</Code>
<Name><![CDATA[NSF RESEARCH & RELATED ACTIVIT]]></Name>
<FUND_SYMB_ID>040100</FUND_SYMB_ID>
</Fund>
<FUND_OBLG>2019~27838</FUND_OBLG>
<POR>
<DRECONTENT><![CDATA[<div class="porColContainerWBG"> <div class="porContentCol"><p><span id="docs-internal-guid-66223fca-7fff-021f-0709-c9360db1a547"> </span></p> <p dir="ltr"><span>This grant funded three outreach activities hosted immediately prior to and during the US National Meeting of the US Sections of the Combustion Institute (March 24-27, 2019). These outreach activities were a Young Investigator Workshop for Combustion Researchers planned for the weekend immediately prior to the start of the US National Meeting, a Mentoring Mixer the evening of Monday, March 25th, 2019, and a Women in Combustion Luncheon on Tuesday, March 26th, 2019. All three events were designed to engage and support the combustion and fire research community within the United States.&nbsp;</span></p> <p dir="ltr"><span>The goal of the Young Investigator Workshop was to bring together a community of early-career combustion researchers and to form action committees to encourage early-career participation in the combustion research community. The specific goal of this workshop was to further develop four topics that the early-career community agreed were high-priority items. These four topics were: education and communities of practice, development of mentorship programs, cross-disciplinary collaboration and open-source sharing, and public outreach. The goals of the Mentorship Mixer were to attract and retain a diverse group of researchers, to help promote career development in early career level members of the combustion community, and to facilitate new collaborations between research groups. The mentorship program is open to all members of the Combustion Institute in the US, connecting members from all career levels (students to industry experts and full professors) for support and career advice. Finally, the goal of the Women in Combustion (WiC) luncheon was to continue the great tradition of WiC activities to provide women at all levels of their career with avenues for this group to gather, talk about issues affecting women in a safe environment, and foster relationships within the combustion community.</span></p> <p dir="ltr"><span>The impact of all three events will be felt through the researchers who attended the events, particularly early-career researchers. The networks that these researchers built through these events will undoubtedly support their career progression and potentially the quality of their technical work as they feel more supported and knowledgeable. The lessons learned from these events will be used to continually improve their offerings in the future, allowing for further extension of the impact. To date, an additional mentoring mixer has been held at a regional meeting of the Combustion Institute and plans for additional events are being formed.</span></p> <p>&nbsp;</p><br> <p>            Last Modified: 04/30/2020<br>      Modified by: Jacqueline&nbsp;A&nbsp;O'connor</p> </div> <div class="porSideCol"> <div class="each-gallery"> <div class="galContent" id="gallery0"> <div class="photoCount" id="photoCount0">          Image         </div> <div class="galControls onePhoto" id="controls0"></div> <div class="galSlideshow" id="slideshow0"></div> <div class="galEmbox" id="embox"> <div class="image-title"></div> </div> </div> <div class="galNavigation onePhoto" id="navigation0"> <ul class="thumbs" id="thumbs0"> <li> <a href="/por/images/Reports/POR/2020/1901570/1901570_10585610_1588255102841_IMG_20190323_180915--rgov-214x142.jpg" original="/por/images/Reports/POR/2020/1901570/1901570_10585610_1588255102841_IMG_20190323_180915--rgov-800width.jpg" title="Young Investigator Workshop Participants"><img src="/por/images/Reports/POR/2020/1901570/1901570_10585610_1588255102841_IMG_20190323_180915--rgov-66x44.jpg" alt="Young Investigator Workshop Participants"></a> <div class="imageCaptionContainer"> <div class="imageCaption">Group photo after the peer-mentoring mixer at the Young Investigator Workshop.</div> <div class="imageCredit">Jacqueline O'Connor</div> <div class="imagePermisssions">Copyrighted</div> <div class="imageSubmitted">Jacqueline&nbsp;A&nbsp;O'connor</div> <div class="imageTitle">Young Investigator Workshop Participants</div> </div> </li> </ul> </div> </div> </div> </div>]]></DRECONTENT>
<POR_COPY_TXT><![CDATA[   This grant funded three outreach activities hosted immediately prior to and during the US National Meeting of the US Sections of the Combustion Institute (March 24-27, 2019). These outreach activities were a Young Investigator Workshop for Combustion Researchers planned for the weekend immediately prior to the start of the US National Meeting, a Mentoring Mixer the evening of Monday, March 25th, 2019, and a Women in Combustion Luncheon on Tuesday, March 26th, 2019. All three events were designed to engage and support the combustion and fire research community within the United States.  The goal of the Young Investigator Workshop was to bring together a community of early-career combustion researchers and to form action committees to encourage early-career participation in the combustion research community. The specific goal of this workshop was to further develop four topics that the early-career community agreed were high-priority items. These four topics were: education and communities of practice, development of mentorship programs, cross-disciplinary collaboration and open-source sharing, and public outreach. The goals of the Mentorship Mixer were to attract and retain a diverse group of researchers, to help promote career development in early career level members of the combustion community, and to facilitate new collaborations between research groups. The mentorship program is open to all members of the Combustion Institute in the US, connecting members from all career levels (students to industry experts and full professors) for support and career advice. Finally, the goal of the Women in Combustion (WiC) luncheon was to continue the great tradition of WiC activities to provide women at all levels of their career with avenues for this group to gather, talk about issues affecting women in a safe environment, and foster relationships within the combustion community. The impact of all three events will be felt through the researchers who attended the events, particularly early-career researchers. The networks that these researchers built through these events will undoubtedly support their career progression and potentially the quality of their technical work as they feel more supported and knowledgeable. The lessons learned from these events will be used to continually improve their offerings in the future, allowing for further extension of the impact. To date, an additional mentoring mixer has been held at a regional meeting of the Combustion Institute and plans for additional events are being formed.          Last Modified: 04/30/2020       Submitted by: Jacqueline A O'connor]]></POR_COPY_TXT>
</POR>
</Award>
</rootTag>
