<?xml version="1.0" encoding="UTF-8"?>
<rootTag>
<Award>
<AwardTitle><![CDATA[A Logic Programming Approach to Integrate Computing with Middle School Science Education]]></AwardTitle>
<AGENCY>NSF</AGENCY>
<AwardEffectiveDate>02/15/2019</AwardEffectiveDate>
<AwardExpirationDate>01/31/2025</AwardExpirationDate>
<AwardTotalIntnAmount>388955.00</AwardTotalIntnAmount>
<AwardAmount>421755</AwardAmount>
<AwardInstrument>
<Value>Standard Grant</Value>
</AwardInstrument>
<Organization>
<Code>11090000</Code>
<Directorate>
<Abbreviation>EDU</Abbreviation>
<LongName>Directorate for STEM Education</LongName>
</Directorate>
<Division>
<Abbreviation>DRL</Abbreviation>
<LongName>Division Of Research On Learning</LongName>
</Division>
</Organization>
<ProgramOfficer>
<SignBlockName>Stephanie Teasley</SignBlockName>
<PO_EMAI>steasley@nsf.gov</PO_EMAI>
<PO_PHON>7032928752</PO_PHON>
</ProgramOfficer>
<AbstractNarration><![CDATA[As a result of the powerful innovation and application of computing in STEM disciplines, the STEM+C program addresses an urgent need for real-world, interdisciplinary, and computational preparation of students from the early grades through high school (preK-12). This exploratory project will assess the effectiveness of a Logic Programming (LP) approach to integrate computing into middle school science education. Researching LP as a strategy to integrate computing into STEM offers an interesting and viable approach for the STEM+C field. While LP is not a new programming approach, it is under-explored in the STEM+C field where the focus is more on visually-based programming such as block-based programming (e.g., Scratch). Through logic programming, students will learn to represent STEM subject-matter knowledge in an explicit and precise manner, while practicing critical thinking and logical reasoning, and developing computer models based on scientific investigation and problem-solving. A key advantage of LP is in its simplicity and generalizability, and this project will provide valuable information about its effectiveness for STEM content area curriculum development.  &lt;br/&gt;&lt;br/&gt;Employing a design-based research methodology, the research team will first develop, test and implement 6-week modules that integrate computing with chemistry and life science using logic programming.  This curriculum will facilitate students in developing skills fundamental to computing (e.g., abstraction in knowledge representation) and STEM, and compliant with standards such as Texas Essential Knowledge and Skills for Science (TEKS) and the Next Generation Science Standards (NGSS).  A mixed-methods approach will be employed to study the effectiveness of the LP approach on students' motivation and learning outcomes in both computing and the STEM content areas.  The modules and supporting materials will be made available online, and promoted at conferences for practitioners and through workshops to non-participant teachers. Results from this exploratory project will provide initial evidence on the effectiveness of integrating computing and middle school STEM science education through the LP approach.&lt;br/&gt;&lt;br/&gt;This award reflects NSF's statutory mission and has been deemed worthy of support through evaluation using the Foundation's intellectual merit and broader impacts review criteria.]]></AbstractNarration>
<MinAmdLetterDate>02/05/2019</MinAmdLetterDate>
<MaxAmdLetterDate>01/22/2024</MaxAmdLetterDate>
<ARRAAmount/>
<TRAN_TYPE>Grant</TRAN_TYPE>
<CFDA_NUM>47.076</CFDA_NUM>
<NSF_PAR_USE_FLAG>1</NSF_PAR_USE_FLAG>
<FUND_AGCY_CODE>4900</FUND_AGCY_CODE>
<AWDG_AGCY_CODE>4900</AWDG_AGCY_CODE>
<AwardID>1901704</AwardID>
<Investigator>
<FirstName>Wanli</FirstName>
<LastName>Xing</LastName>
<PI_MID_INIT/>
<PI_SUFX_NAME/>
<PI_FULL_NAME>Wanli Xing</PI_FULL_NAME>
<EmailAddress><![CDATA[wanli.xing@coe.ufl.edu]]></EmailAddress>
<NSF_ID>000755701</NSF_ID>
<StartDate>07/30/2019</StartDate>
<EndDate/>
<RoleCode>Co-Principal Investigator</RoleCode>
</Investigator>
<Investigator>
<FirstName>Yuanlin</FirstName>
<LastName>Zhang</LastName>
<PI_MID_INIT/>
<PI_SUFX_NAME/>
<PI_FULL_NAME>Yuanlin Zhang</PI_FULL_NAME>
<EmailAddress><![CDATA[y.zhang@ttu.edu]]></EmailAddress>
<NSF_ID>000492444</NSF_ID>
<StartDate>02/05/2019</StartDate>
<EndDate/>
<RoleCode>Principal Investigator</RoleCode>
</Investigator>
<Investigator>
<FirstName>Jianlan</FirstName>
<LastName>Wang</LastName>
<PI_MID_INIT/>
<PI_SUFX_NAME/>
<PI_FULL_NAME>Jianlan Wang</PI_FULL_NAME>
<EmailAddress><![CDATA[jianlan.wang@ttu.edu]]></EmailAddress>
<NSF_ID>000716356</NSF_ID>
<StartDate>02/05/2019</StartDate>
<EndDate/>
<RoleCode>Co-Principal Investigator</RoleCode>
</Investigator>
<Institution>
<Name>Texas Tech University</Name>
<CityName>LUBBOCK</CityName>
<ZipCode>79409</ZipCode>
<PhoneNumber>8067423884</PhoneNumber>
<StreetAddress>2500 BROADWAY</StreetAddress>
<StreetAddress2/>
<CountryName>United States</CountryName>
<StateName>Texas</StateName>
<StateCode>TX</StateCode>
<CONGRESSDISTRICT>19</CONGRESSDISTRICT>
<CONGRESS_DISTRICT_ORG>TX19</CONGRESS_DISTRICT_ORG>
<ORG_UEI_NUM>EGLKRQ5JBCZ7</ORG_UEI_NUM>
<ORG_LGL_BUS_NAME>TEXAS TECH UNIVERSITY SYSTEM</ORG_LGL_BUS_NAME>
<ORG_PRNT_UEI_NUM/>
</Institution>
<Performance_Institution>
<Name><![CDATA[Texas Tech University]]></Name>
<CityName>Lubbock</CityName>
<StateCode>TX</StateCode>
<ZipCode>794091035</ZipCode>
<StreetAddress><![CDATA[2500 Broadway]]></StreetAddress>
<CountryCode>US</CountryCode>
<CountryName>United States</CountryName>
<StateName>Texas</StateName>
<CountryFlag>1</CountryFlag>
<CONGRESSDISTRICT>19</CONGRESSDISTRICT>
<CONGRESS_DISTRICT_PERF>TX19</CONGRESS_DISTRICT_PERF>
</Performance_Institution>
<ProgramElement>
<Code>005Y</Code>
<Text>STEM + Computing (STEM+C) Part</Text>
</ProgramElement>
<ProgramElement>
<Code>134Y</Code>
<Text>CSforAll-Computer Sci for All</Text>
</ProgramElement>
<ProgramReference>
<Code>023Z</Code>
<Text>Computer Science for All (CS for All)</Text>
</ProgramReference>
<ProgramReference>
<Code>7218</Code>
<Text>RET SUPP-Res Exp for Tchr Supp</Text>
</ProgramReference>
<ProgramReference>
<Code>9251</Code>
<Text>REU SUPP-Res Exp for Ugrd Supp</Text>
</ProgramReference>
<Appropriation>
<Code>0419</Code>
<Name>NSF Education &amp; Human Resource</Name>
<APP_SYMB_ID>040106</APP_SYMB_ID>
</Appropriation>
<Appropriation>
<Code>0420</Code>
<Name>NSF Education &amp; Human Resource</Name>
<APP_SYMB_ID>040106</APP_SYMB_ID>
</Appropriation>
<Fund>
<Code>04001920DB</Code>
<Name><![CDATA[NSF Education & Human Resource]]></Name>
<FUND_SYMB_ID>040106</FUND_SYMB_ID>
</Fund>
<Fund>
<Code>04002021DB</Code>
<Name><![CDATA[NSF Education & Human Resource]]></Name>
<FUND_SYMB_ID>040106</FUND_SYMB_ID>
</Fund>
<FUND_OBLG>2019~388955</FUND_OBLG>
<FUND_OBLG>2020~32800</FUND_OBLG>
</Award>
</rootTag>
