<?xml version="1.0" encoding="UTF-8"?>
<rootTag>
<Award>
<AwardTitle><![CDATA[Probing the molecular interactions at the extrahaustorial membrane interface]]></AwardTitle>
<AGENCY>NSF</AGENCY>
<AwardEffectiveDate>01/15/2020</AwardEffectiveDate>
<AwardExpirationDate>12/31/2024</AwardExpirationDate>
<AwardTotalIntnAmount>850000.00</AwardTotalIntnAmount>
<AwardAmount>857754</AwardAmount>
<AwardInstrument>
<Value>Continuing Grant</Value>
</AwardInstrument>
<Organization>
<Code>08090000</Code>
<Directorate>
<Abbreviation>BIO</Abbreviation>
<LongName>Direct For Biological Sciences</LongName>
</Directorate>
<Division>
<Abbreviation>IOS</Abbreviation>
<LongName>Division Of Integrative Organismal Systems</LongName>
</Division>
</Organization>
<ProgramOfficer>
<SignBlockName>Courtney Jahn</SignBlockName>
<PO_EMAI>cjahn@nsf.gov</PO_EMAI>
<PO_PHON>7032927746</PO_PHON>
</ProgramOfficer>
<AbstractNarration><![CDATA[Food security is a grand challenge facing humanity in the face of climate change and population growth; yet, on a global scale up to 15% of crops are lost to pathogens each year. Protecting crops from pathogens is a critical, ongoing global initiative. Many agriculturally important diseases are caused by powdery mildew and rust fungi, and fungus-like oomycete pathogens. One common feature of these evolutionarily distinct pathogens is that they develop similar feeding structures called haustoria to invade plants and extract nutrients from host cells. Despite tremendous progress towards understanding the molecular mechanisms of plant resistance against pathogens, how the host defense is executed in the plant-haustorial interface is still poorly characterized. The research aims to identify and functionally characterize novel molecular players at the host-pathogen interface termed the extrahaustorial membrane using a model pathosystem and state-of-the-art genetics and biochemistry tools. New findings from this project will not only lead to a better understanding of the molecular composition of the host-pathogen interface but also help design novel strategies to fight against haustorium-forming pathogens and reduce crop losses, thereby contributing to sustainable agriculture. &lt;br/&gt;&lt;br/&gt;Haustorium-forming pathogens such as powdery mildew fungi develop a feeding structure termed the haustorium in host tissues to secrete effector proteins capable of suppressing the host immune response and extracting nutrients from the host cell. The haustorium is physically separated from the host cell by a host-derived interfacial membrane named the extrahaustorial membrane (EHM). The EHM is believed to be the most critical host-pathogen battleground, where the host defense is mounted to constrain the haustorium, and the pathogen deploys effectors to subvert host immunity and extracts nutrients from the host. However, despite the importance of the EHM, its molecular components and the mechanisms associated with host defense or pathogenesis are poorly characterized. The long term goal of this project is to understand the protein composition of the EHM and the mechanisms of plant-haustorium interactions at this host-pathogen interface. Using the Arabidopsis-powdery mildew interaction as a model pathosystem and RPW8.2 (a broad-spectrum resistance protein) as the first and best EHM-specific resident protein, a collaborative team will (i) identify and characterize proteins interacting with RPW8.2 at the EHM and additional EHM-resident proteins via proximity-based labeling coupled with enrichment/purification of haustorial complexes followed by mass spectrometry; (ii) resolve the protein structure of RPW8.2 and understand how EHM-oriented vesicle transport of RPW8.2 is regulated by a candidate SNARE complex at the Trans-Golgi Network; and (iii) identify host susceptibility factors, such as sugar transporters, which may be recruited to the EHM by powdery mildew fungi for nutrient acquisition through both genetic and cell biological approaches.&lt;br/&gt;&lt;br/&gt;This award reflects NSF's statutory mission and has been deemed worthy of support through evaluation using the Foundation's intellectual merit and broader impacts review criteria.]]></AbstractNarration>
<MinAmdLetterDate>12/13/2019</MinAmdLetterDate>
<MaxAmdLetterDate>04/18/2022</MaxAmdLetterDate>
<ARRAAmount/>
<TRAN_TYPE>Grant</TRAN_TYPE>
<CFDA_NUM>47.074</CFDA_NUM>
<NSF_PAR_USE_FLAG>1</NSF_PAR_USE_FLAG>
<FUND_AGCY_CODE>4900</FUND_AGCY_CODE>
<AWDG_AGCY_CODE>4900</AWDG_AGCY_CODE>
<AwardID>1901566</AwardID>
<Investigator>
<FirstName>Shunyuan</FirstName>
<LastName>Xiao</LastName>
<PI_MID_INIT/>
<PI_SUFX_NAME/>
<PI_FULL_NAME>Shunyuan Xiao</PI_FULL_NAME>
<EmailAddress><![CDATA[xiao@umd.edu]]></EmailAddress>
<NSF_ID>000483873</NSF_ID>
<StartDate>12/13/2019</StartDate>
<EndDate/>
<RoleCode>Principal Investigator</RoleCode>
</Investigator>
<Investigator>
<FirstName>Shiv</FirstName>
<LastName>Kale</LastName>
<PI_MID_INIT>D</PI_MID_INIT>
<PI_SUFX_NAME/>
<PI_FULL_NAME>Shiv D Kale</PI_FULL_NAME>
<EmailAddress><![CDATA[sdkale@vt.edu]]></EmailAddress>
<NSF_ID>000520199</NSF_ID>
<StartDate>12/13/2019</StartDate>
<EndDate>08/05/2020</EndDate>
<RoleCode>Former Co-Principal Investigator</RoleCode>
</Investigator>
<Investigator>
<FirstName>Ning</FirstName>
<LastName>Zheng</LastName>
<PI_MID_INIT/>
<PI_SUFX_NAME/>
<PI_FULL_NAME>Ning Zheng</PI_FULL_NAME>
<EmailAddress><![CDATA[nzheng@u.washington.edu]]></EmailAddress>
<NSF_ID>000600012</NSF_ID>
<StartDate>08/05/2020</StartDate>
<EndDate/>
<RoleCode>Co-Principal Investigator</RoleCode>
</Investigator>
<Institution>
<Name>University of Maryland, College Park</Name>
<CityName>COLLEGE PARK</CityName>
<ZipCode>207425100</ZipCode>
<PhoneNumber>3014056269</PhoneNumber>
<StreetAddress>3112 LEE BUILDING</StreetAddress>
<StreetAddress2/>
<CountryName>United States</CountryName>
<StateName>Maryland</StateName>
<StateCode>MD</StateCode>
<CONGRESSDISTRICT>04</CONGRESSDISTRICT>
<CONGRESS_DISTRICT_ORG>MD04</CONGRESS_DISTRICT_ORG>
<ORG_UEI_NUM>NPU8ULVAAS23</ORG_UEI_NUM>
<ORG_LGL_BUS_NAME>UNIVERSITY OF MARYLAND, COLLEGE PARK</ORG_LGL_BUS_NAME>
<ORG_PRNT_UEI_NUM>NPU8ULVAAS23</ORG_PRNT_UEI_NUM>
</Institution>
<Performance_Institution>
<Name><![CDATA[University of Maryland College Park]]></Name>
<CityName>College Park</CityName>
<StateCode>MD</StateCode>
<ZipCode>207425103</ZipCode>
<StreetAddress><![CDATA[3112 Lee Building 7809 Regents D]]></StreetAddress>
<CountryCode>US</CountryCode>
<CountryName>United States</CountryName>
<StateName>Maryland</StateName>
<CountryFlag>1</CountryFlag>
<CONGRESSDISTRICT>04</CONGRESSDISTRICT>
<CONGRESS_DISTRICT_PERF>MD04</CONGRESS_DISTRICT_PERF>
</Performance_Institution>
<ProgramElement>
<Code>047Y</Code>
<Text>Plant-Biotic Interactions</Text>
</ProgramElement>
<ProgramReference>
<Code>097Z</Code>
<Text>COVID-19 Impacts on Existing Activities</Text>
</ProgramReference>
<ProgramReference>
<Code>9178</Code>
<Text>UNDERGRADUATE EDUCATION</Text>
</ProgramReference>
<ProgramReference>
<Code>9179</Code>
<Text>GRADUATE INVOLVEMENT</Text>
</ProgramReference>
<ProgramReference>
<Code>9251</Code>
<Text>REU SUPP-Res Exp for Ugrd Supp</Text>
</ProgramReference>
<Appropriation>
<Code/>
<Name/>
<APP_SYMB_ID/>
</Appropriation>
<Appropriation>
<Code/>
<Name/>
<APP_SYMB_ID/>
</Appropriation>
<Appropriation>
<Code/>
<Name/>
<APP_SYMB_ID/>
</Appropriation>
<Appropriation>
<Code>0121</Code>
<Name>NSF RESEARCH &amp; RELATED ACTIVIT</Name>
<APP_SYMB_ID>040100</APP_SYMB_ID>
</Appropriation>
<Fund>
<Code>01002223DB</Code>
<Name><![CDATA[NSF RESEARCH & RELATED ACTIVIT]]></Name>
<FUND_SYMB_ID>040100</FUND_SYMB_ID>
</Fund>
<Fund>
<Code>01002122DB</Code>
<Name><![CDATA[NSF RESEARCH & RELATED ACTIVIT]]></Name>
<FUND_SYMB_ID>040100</FUND_SYMB_ID>
</Fund>
<Fund>
<Code>01002021DB</Code>
<Name><![CDATA[NSF RESEARCH & RELATED ACTIVIT]]></Name>
<FUND_SYMB_ID>040100</FUND_SYMB_ID>
</Fund>
<Fund>
<Code>01002122DB</Code>
<Name><![CDATA[NSF RESEARCH & RELATED ACTIVIT]]></Name>
<FUND_SYMB_ID>040100</FUND_SYMB_ID>
</Fund>
<FUND_OBLG>2020~300000</FUND_OBLG>
<FUND_OBLG>2021~257754</FUND_OBLG>
<FUND_OBLG>2022~300000</FUND_OBLG>
</Award>
</rootTag>
