<?xml version="1.0" encoding="UTF-8"?>
<rootTag>
<Award>
<AwardTitle><![CDATA[CNS Core: Medium: Thermodynamically-driven design of high capacity, practical DNA-based data storage systems]]></AwardTitle>
<AGENCY>NSF</AGENCY>
<AwardEffectiveDate>10/01/2019</AwardEffectiveDate>
<AwardExpirationDate>09/30/2024</AwardExpirationDate>
<AwardTotalIntnAmount>1216000.00</AwardTotalIntnAmount>
<AwardAmount>1216000</AwardAmount>
<AwardInstrument>
<Value>Continuing Grant</Value>
</AwardInstrument>
<Organization>
<Code>05050000</Code>
<Directorate>
<Abbreviation>CSE</Abbreviation>
<LongName>Direct For Computer &amp; Info Scie &amp; Enginr</LongName>
</Directorate>
<Division>
<Abbreviation>CNS</Abbreviation>
<LongName>Division Of Computer and Network Systems</LongName>
</Division>
</Organization>
<ProgramOfficer>
<SignBlockName>Jason Hallstrom</SignBlockName>
<PO_EMAI>jhallstr@nsf.gov</PO_EMAI>
<PO_PHON>7032920000</PO_PHON>
</ProgramOfficer>
<AbstractNarration><![CDATA[The idea of storing information in deoxyribonucleic acid (DNA) first arose a few decades ago. DNA is intriguing as a storage medium due to its high density, long half-life of over 100 years, and low maintenance costs. There is renewed interest in DNA as a storage medium due to society's growing demand for large volumes of permanent data storage. However, it also poses many new challenges. Unlike electronic media that physically orders its data, DNA strands are stored in a very small space without any order. This project seeks to understand how DNA strands can be designed using a thermodynamically-driven approach.&lt;br/&gt;&lt;br/&gt;The project will develop a set of computational and physical tools that enable truly extreme-scale DNA storage systems. A key goal is a set of generalizable design principles for DNA-based storage systems garnered through a deep fundamental understanding of how DNA sequences translate into physical interactions derived from a statistical thermodynamic framework. From this thermodynamic framework, the project will engineer specific data manipulations to make random access and searching for data more efficient and create overall effective architectures for DNA storage systems. The tasks of the project involve exploring, developing models, and testing key thermodynamic knobs for tuning strand interactions.&lt;br/&gt;&lt;br/&gt;If the project is successful, it may help lay the foundation to make DNA-based storage practical and affordable. With that, long-term, reliable storage of information may become more abundant. The project will also train multiple Ph.D. students and undergraduate students in related areas of synthetic biology and computer systems engineering.  Their training will include interacting with the project leaders, taking coursework relevant to the project, carrying out research tasks, writing and critiquing articles for publication, and presenting their work. The project will also broaden participation in computing through outreach to underserved communities in the areas around North Carolina State University.&lt;br/&gt;&lt;br/&gt;The results of this project will be made available through a public website at http://go.ncsu.edu/dna-storage. The website and data collected in the project will be available for at least five years after the end of the project and will remain available until such provision is no longer practical.&lt;br/&gt;&lt;br/&gt;This award reflects NSF's statutory mission and has been deemed worthy of support through evaluation using the Foundation's intellectual merit and broader impacts review criteria.]]></AbstractNarration>
<MinAmdLetterDate>08/05/2019</MinAmdLetterDate>
<MaxAmdLetterDate>09/06/2022</MaxAmdLetterDate>
<ARRAAmount/>
<TRAN_TYPE>Grant</TRAN_TYPE>
<CFDA_NUM>47.070</CFDA_NUM>
<NSF_PAR_USE_FLAG>1</NSF_PAR_USE_FLAG>
<FUND_AGCY_CODE>4900</FUND_AGCY_CODE>
<AWDG_AGCY_CODE>4900</AWDG_AGCY_CODE>
<AwardID>1901324</AwardID>
<Investigator>
<FirstName>James</FirstName>
<LastName>Tuck</LastName>
<PI_MID_INIT>M</PI_MID_INIT>
<PI_SUFX_NAME>III</PI_SUFX_NAME>
<PI_FULL_NAME>James M Tuck</PI_FULL_NAME>
<EmailAddress><![CDATA[jtuck@ncsu.edu]]></EmailAddress>
<NSF_ID>000498662</NSF_ID>
<StartDate>08/05/2019</StartDate>
<EndDate/>
<RoleCode>Principal Investigator</RoleCode>
</Investigator>
<Investigator>
<FirstName>Albert</FirstName>
<LastName>Keung</LastName>
<PI_MID_INIT>J</PI_MID_INIT>
<PI_SUFX_NAME/>
<PI_FULL_NAME>Albert J Keung</PI_FULL_NAME>
<EmailAddress><![CDATA[ajkeung@ncsu.edu]]></EmailAddress>
<NSF_ID>000698685</NSF_ID>
<StartDate>08/05/2019</StartDate>
<EndDate/>
<RoleCode>Co-Principal Investigator</RoleCode>
</Investigator>
<Institution>
<Name><![CDATA[North Carolina State University]]></Name>
<CityName>RALEIGH</CityName>
<ZipCode>276950001</ZipCode>
<PhoneNumber>9195152444</PhoneNumber>
<StreetAddress><![CDATA[2601 WOLF VILLAGE WAY]]></StreetAddress>
<StreetAddress2/>
<CountryName>United States</CountryName>
<StateName>North Carolina</StateName>
<StateCode>NC</StateCode>
<CONGRESSDISTRICT>02</CONGRESSDISTRICT>
<CONGRESS_DISTRICT_ORG>NC02</CONGRESS_DISTRICT_ORG>
<ORG_UEI_NUM>U3NVH931QJJ3</ORG_UEI_NUM>
<ORG_LGL_BUS_NAME>NORTH CAROLINA STATE UNIVERSITY</ORG_LGL_BUS_NAME>
<ORG_PRNT_UEI_NUM/>
</Institution>
<Performance_Institution>
<Name><![CDATA[North Carolina State University]]></Name>
<CityName>Raleigh</CityName>
<StateCode>NC</StateCode>
<ZipCode>276957911</ZipCode>
<StreetAddress><![CDATA[Campus Box 7911]]></StreetAddress>
<CountryCode>US</CountryCode>
<CountryName>United States</CountryName>
<StateName>North Carolina</StateName>
<CountryFlag>1</CountryFlag>
<CONGRESSDISTRICT>02</CONGRESSDISTRICT>
<CONGRESS_DISTRICT_PERF>NC02</CONGRESS_DISTRICT_PERF>
</Performance_Institution>
<ProgramElement>
<Code>7354</Code>
<Text>CSR-Computer Systems Research</Text>
</ProgramElement>
<ProgramReference>
<Code>7924</Code>
<Text>MEDIUM PROJECT</Text>
</ProgramReference>
<ProgramReference>
<Code>9251</Code>
<Text>REU SUPP-Res Exp for Ugrd Supp</Text>
</ProgramReference>
<Appropriation>
<Code>0119</Code>
<Name>NSF RESEARCH &amp; RELATED ACTIVIT</Name>
<APP_SYMB_ID>040100</APP_SYMB_ID>
</Appropriation>
<Appropriation>
<Code>0121</Code>
<Name>NSF RESEARCH &amp; RELATED ACTIVIT</Name>
<APP_SYMB_ID>040100</APP_SYMB_ID>
</Appropriation>
<Appropriation>
<Code>0122</Code>
<Name>NSF RESEARCH &amp; RELATED ACTIVIT</Name>
<APP_SYMB_ID>040100</APP_SYMB_ID>
</Appropriation>
<Fund>
<Code>01001920DB</Code>
<Name><![CDATA[NSF RESEARCH & RELATED ACTIVIT]]></Name>
<FUND_SYMB_ID>040100</FUND_SYMB_ID>
</Fund>
<Fund>
<Code>01002122DB</Code>
<Name><![CDATA[NSF RESEARCH & RELATED ACTIVIT]]></Name>
<FUND_SYMB_ID>040100</FUND_SYMB_ID>
</Fund>
<Fund>
<Code>01002223DB</Code>
<Name><![CDATA[NSF RESEARCH & RELATED ACTIVIT]]></Name>
<FUND_SYMB_ID>040100</FUND_SYMB_ID>
</Fund>
<FUND_OBLG>2019~663184</FUND_OBLG>
<FUND_OBLG>2021~308492</FUND_OBLG>
<FUND_OBLG>2022~244324</FUND_OBLG>
</Award>
</rootTag>
