<?xml version="1.0" encoding="UTF-8"?>
<rootTag>
<Award>
<AwardTitle><![CDATA[CNS Core: Large: Collaborative Research: Towards an Evolvable Public Key Infrastructure]]></AwardTitle>
<AGENCY>NSF</AGENCY>
<AwardEffectiveDate>06/01/2019</AwardEffectiveDate>
<AwardExpirationDate>05/31/2023</AwardExpirationDate>
<AwardTotalIntnAmount>300000.00</AwardTotalIntnAmount>
<AwardAmount>300000</AwardAmount>
<AwardInstrument>
<Value>Continuing Grant</Value>
</AwardInstrument>
<Organization>
<Code>05050000</Code>
<Directorate>
<Abbreviation>CSE</Abbreviation>
<LongName>Direct For Computer &amp; Info Scie &amp; Enginr</LongName>
</Directorate>
<Division>
<Abbreviation>CNS</Abbreviation>
<LongName>Division Of Computer and Network Systems</LongName>
</Division>
</Organization>
<ProgramOfficer>
<SignBlockName>Daniela Oliveira</SignBlockName>
<PO_EMAI>doliveir@nsf.gov</PO_EMAI>
<PO_PHON>7032924352</PO_PHON>
</ProgramOfficer>
<AbstractNarration><![CDATA[The importance of the Transport Layer Security (TLS) public key infrastructure (PKI) to the success of the Internet cannot be overstated.  From social networking to banking, from mobile devices to cloud computing, the PKI allows communicating parties to be sure of whom they are communicating with, that their communication is confidential, and that their communication has not been tampered with.  Despite its incredible importance, the PKI has been notoriously difficult to evolve to meet new security concerns and Internet demands.  This project introduces new, deployable alternatives to key parts of the PKI to make it more evolvable, manageable, and secure.&lt;br/&gt;&lt;br/&gt;The project has three primary thrusts.  The first introduces a key enabling technology behind the subsequent thrusts, called assertion-carrying certificates (ACCs).  ACCs expand today's certificates with the capability of including a small amount of code (in the form of assertions) to be evaluated as part of the certificate validation process.  The second thrust applies ACCs to enable certificate authorities to more readily evolve to new demands for certificate delegation and automated issuance.  The third thrust applies ACCs and trusted execution environments to enable web-hosting services like content delivery networks to securely manage their customers' cryptographic keys.&lt;br/&gt;&lt;br/&gt;Correct operation of the PKI is paramount to ensuring a secure, authenticated Internet.  Recent efforts have proven that progress towards a more secure PKI is possible, but a more fundamental focus is needed to address the underlying challenges.  This project will do just that by developing a new, extensible approach to constraining when identities on the Internet should be trusted.  This project will make it straightforward and safe to extend the basic abstractions offered by the PKI, thereby enabling it to evolve to meet changing trends.&lt;br/&gt;&lt;br/&gt;The project's code and data will be made publicly available and maintained at https://securepki.org&lt;br/&gt;&lt;br/&gt;This award reflects NSF's statutory mission and has been deemed worthy of support through evaluation using the Foundation's intellectual merit and broader impacts review criteria.]]></AbstractNarration>
<MinAmdLetterDate>04/04/2019</MinAmdLetterDate>
<MaxAmdLetterDate>05/26/2021</MaxAmdLetterDate>
<ARRAAmount/>
<TRAN_TYPE>Grant</TRAN_TYPE>
<CFDA_NUM>47.070</CFDA_NUM>
<NSF_PAR_USE_FLAG>1</NSF_PAR_USE_FLAG>
<FUND_AGCY_CODE>4900</FUND_AGCY_CODE>
<AWDG_AGCY_CODE>4900</AWDG_AGCY_CODE>
<AwardID>1901047</AwardID>
<Investigator>
<FirstName>Bruce</FirstName>
<LastName>Maggs</LastName>
<PI_MID_INIT>M</PI_MID_INIT>
<PI_SUFX_NAME/>
<PI_FULL_NAME>Bruce M Maggs</PI_FULL_NAME>
<EmailAddress><![CDATA[bmm@cs.duke.edu]]></EmailAddress>
<NSF_ID>000303532</NSF_ID>
<StartDate>04/04/2019</StartDate>
<EndDate/>
<RoleCode>Principal Investigator</RoleCode>
</Investigator>
<Institution>
<Name>Duke University</Name>
<CityName>DURHAM</CityName>
<ZipCode>277054640</ZipCode>
<PhoneNumber>9196843030</PhoneNumber>
<StreetAddress>2200 W MAIN ST</StreetAddress>
<StreetAddress2/>
<CountryName>United States</CountryName>
<StateName>North Carolina</StateName>
<StateCode>NC</StateCode>
<CONGRESSDISTRICT>04</CONGRESSDISTRICT>
<CONGRESS_DISTRICT_ORG>NC04</CONGRESS_DISTRICT_ORG>
<ORG_UEI_NUM>TP7EK8DZV6N5</ORG_UEI_NUM>
<ORG_LGL_BUS_NAME>DUKE UNIVERSITY</ORG_LGL_BUS_NAME>
<ORG_PRNT_UEI_NUM/>
</Institution>
<Performance_Institution>
<Name><![CDATA[Duke University]]></Name>
<CityName>Durham</CityName>
<StateCode>NC</StateCode>
<ZipCode>277080129</ZipCode>
<StreetAddress><![CDATA[308 Research Dr]]></StreetAddress>
<CountryCode>US</CountryCode>
<CountryName>United States</CountryName>
<StateName>North Carolina</StateName>
<CountryFlag>1</CountryFlag>
<CONGRESSDISTRICT>04</CONGRESSDISTRICT>
<CONGRESS_DISTRICT_PERF>NC04</CONGRESS_DISTRICT_PERF>
</Performance_Institution>
<ProgramElement>
<Code>7354</Code>
<Text>CSR-Computer Systems Research</Text>
</ProgramElement>
<ProgramElement>
<Code>8060</Code>
<Text>Secure &amp;Trustworthy Cyberspace</Text>
</ProgramElement>
<ProgramReference>
<Code>025Z</Code>
<Text>SaTC: Secure and Trustworthy Cyberspace</Text>
</ProgramReference>
<ProgramReference>
<Code>7434</Code>
<Text>CNCI</Text>
</ProgramReference>
<ProgramReference>
<Code>7925</Code>
<Text>LARGE PROJECT</Text>
</ProgramReference>
<Appropriation>
<Code>0119</Code>
<Name>NSF RESEARCH &amp; RELATED ACTIVIT</Name>
<APP_SYMB_ID>040100</APP_SYMB_ID>
</Appropriation>
<Appropriation>
<Code>0121</Code>
<Name>NSF RESEARCH &amp; RELATED ACTIVIT</Name>
<APP_SYMB_ID>040100</APP_SYMB_ID>
</Appropriation>
<Fund>
<Code>01001920DB</Code>
<Name><![CDATA[NSF RESEARCH & RELATED ACTIVIT]]></Name>
<FUND_SYMB_ID>040100</FUND_SYMB_ID>
</Fund>
<Fund>
<Code>01002122DB</Code>
<Name><![CDATA[NSF RESEARCH & RELATED ACTIVIT]]></Name>
<FUND_SYMB_ID>040100</FUND_SYMB_ID>
</Fund>
<FUND_OBLG>2019~200000</FUND_OBLG>
<FUND_OBLG>2021~100000</FUND_OBLG>
<POR>
<DRECONTENT><![CDATA[<div class="porColContainerWBG"> <div class="porContentCol"><p>One of the major aims of the project was to improve the security of the web.&nbsp; In particular, the project aimed to make it easier for browsers to properly validate the certificates that are used to authenticate web sites.&nbsp; For example, a browser should be able to determine whether a web site presenting itself as a popular on-line shopping venue is legitimate or not.&nbsp; At present, each browser contains a complex hard-coded implementation of its certificate validation policy.&nbsp; These policies are opaque and different browsers have different policies.</p> <p><span>The PIs developed a tool, called Hammurabi, that takes as input a certificate validation policy written in a high-level declarative language like Prolog, and then applies the policy to certificates as requested.&nbsp; Hammurabi can be run as a system service or compiled into clients as a library, and it allows tool developers to adopt and adapt sophisticated certificate validation policies with ease.&nbsp; As a proof of concept, the PIs reimplemented Firefox and Chrome&rsquo;s validation policies in Prolog for Hammurabi, as well as the test suite of the ZLint tool.&nbsp;&nbsp;</span>By expressing the certificate validation policies of Chrome and Firefox in a logic programming language, the PIs were able to automatically construct certificates that were accepted by one browser but not by the other.</p><br> <p>  Last Modified: 01/23/2024<br> Modified by: Bruce&nbsp;M&nbsp;Maggs</p></div> <div class="porSideCol" ><div class="each-gallery"> <div class="galContent" id="gallery0"> <div class="photoCount" id="photoCount0">          Image         </div> <div class="galControls onePhoto" id="controls0"></div> <div class="galSlideshow" id="slideshow0"></div> <div class="galEmbox" id="embox"> <div class="image-title"></div> </div> </div> <div class="galNavigation onePhoto" id="navigation0"> <ul class="thumbs" id="thumbs0"> <li> <a href="/por/images/Reports/POR/2024/1901047/1901047_10599480_1706047967909_Hammurabi--rgov-214x142.jpg" original="/por/images/Reports/POR/2024/1901047/1901047_10599480_1706047967909_Hammurabi--rgov-800width.jpg" title="Hammurabi Schematic"><img src="/por/images/Reports/POR/2024/1901047/1901047_10599480_1706047967909_Hammurabi--rgov-66x44.jpg" alt="Hammurabi Schematic"></a> <div class="imageCaptionContainer"> <div class="imageCaption">Overview of how a browser uses Hammurabi to validate a certificate using root store and revocation policies expressed in a logic programming language.</div> <div class="imageCredit">Larish et al.</div> <div class="imagePermisssions">Copyright owner is an institution with an existing agreement allowing use by NSF</div> <div class="imageSubmitted">Bruce&nbsp;M&nbsp;Maggs <div class="imageTitle">Hammurabi Schematic</div> </div> </li></ul> </div> </div></div> </div>]]></DRECONTENT>
<POR_COPY_TXT><![CDATA[  One of the major aims of the project was to improve the security of the web. In particular, the project aimed to make it easier for browsers to properly validate the certificates that are used to authenticate web sites. For example, a browser should be able to determine whether a web site presenting itself as a popular on-line shopping venue is legitimate or not. At present, each browser contains a complex hard-coded implementation of its certificate validation policy. These policies are opaque and different browsers have different policies.   The PIs developed a tool, called Hammurabi, that takes as input a certificate validation policy written in a high-level declarative language like Prolog, and then applies the policy to certificates as requested. Hammurabi can be run as a system service or compiled into clients as a library, and it allows tool developers to adopt and adapt sophisticated certificate validation policies with ease. As a proof of concept, the PIs reimplemented Firefox and Chromes validation policies in Prolog for Hammurabi, as well as the test suite of the ZLint tool.By expressing the certificate validation policies of Chrome and Firefox in a logic programming language, the PIs were able to automatically construct certificates that were accepted by one browser but not by the other.     Last Modified: 01/23/2024       Submitted by: BruceMMaggs]]></POR_COPY_TXT>
</POR>
</Award>
</rootTag>
