<?xml version="1.0" encoding="UTF-8"?>
<rootTag>
<Award>
<AwardTitle><![CDATA[Some Problems on Fourier Coefficients of Automorphic Forms and L-functions]]></AwardTitle>
<AGENCY>NSF</AGENCY>
<AwardEffectiveDate>06/01/2019</AwardEffectiveDate>
<AwardExpirationDate>05/31/2023</AwardExpirationDate>
<AwardTotalIntnAmount>389995.00</AwardTotalIntnAmount>
<AwardAmount>389995</AwardAmount>
<AwardInstrument>
<Value>Continuing Grant</Value>
</AwardInstrument>
<Organization>
<Code>03040000</Code>
<Directorate>
<Abbreviation>MPS</Abbreviation>
<LongName>Direct For Mathematical &amp; Physical Scien</LongName>
</Directorate>
<Division>
<Abbreviation>DMS</Abbreviation>
<LongName>Division Of Mathematical Sciences</LongName>
</Division>
</Organization>
<ProgramOfficer>
<SignBlockName>Andrew Pollington</SignBlockName>
<PO_EMAI>adpollin@nsf.gov</PO_EMAI>
<PO_PHON>7032924878</PO_PHON>
</ProgramOfficer>
<AbstractNarration><![CDATA[This project focuses on the modern theory of automorphic forms and the Langlands Program.  Automorphic Forms are functions with abundant symmetries. These symmetries are the guidelines to understanding the intrinsic structures of objects in our universe. In Mathematics, these symmetries are common grounds for  many different theories such as Geometry, Number Theory, Mathematical Physics, Algebra and Analysis.  Hence the modern theory of automorphic forms, essentially the Langlands program, provides the organizing principle  for further research in these areas.  The research of the PI has a goal of establishing basic structures for automorphic forms.  The PI will train graduate students and postodcs, and  give lectures on his research to broader community, including public lectures, primary lectures and research talks in  various occasions and conferences. &lt;br/&gt;&lt;br/&gt;&lt;br/&gt;The PI, Dihua Jiang, will continue his research on the discrete spectrum of square-integrable automorphic forms, L-functions and the Langlands functoriality conjectures. The basic problems that the PI has been investigating are refined structures of the discrete spectrum of automorphic forms on classical groups, analytic and arithmetic properties of automorphic L-functions, and explicit Langlands functorial transfers for square-integrable automorphic forms via automorphic integral transforms. The theory of endoscopy, the existence of which was discovered by R. Langlands in 1980's and confirmed through the fundamental work of B.-C. Ngo and J. Arthur and others via the trace formula approach. On the one hand, the PI intends to study refined structure based on the existence of endoscopy. On the other hand, the PI intends to construct explicit modules for the cuspidal automorphic forms via integral transform with automorphic kernel functions, so that the endoscopic transfers can be realized via integral transforms, Moreover, the PI will develop the theory of twisted automorphic descents that can be used to prove substantially new cases of the global Gan-Gross-Prasad conjecture, establish new higher rank cases of non-vanishing of the central critical value of tensor product $L$-functions. Meanwhile, the PI also plans to develop the local theory, relating basic problems in harmonic analysis of groups over a local filed to the arithmetic data that are given by the local Langlands conjecture.  The long term research goal of the PI is to understand the general local-global-automorphic principles in the theory of automorphic forms, which reflects one of the basic principles in the arithmetic and number theory.&lt;br/&gt;&lt;br/&gt;This award reflects NSF's statutory mission and has been deemed worthy of support through evaluation using the Foundation's intellectual merit and broader impacts review criteria.]]></AbstractNarration>
<MinAmdLetterDate>04/18/2019</MinAmdLetterDate>
<MaxAmdLetterDate>04/19/2021</MaxAmdLetterDate>
<ARRAAmount/>
<TRAN_TYPE>Grant</TRAN_TYPE>
<CFDA_NUM>47.049</CFDA_NUM>
<NSF_PAR_USE_FLAG>1</NSF_PAR_USE_FLAG>
<FUND_AGCY_CODE>4900</FUND_AGCY_CODE>
<AWDG_AGCY_CODE>4900</AWDG_AGCY_CODE>
<AwardID>1901802</AwardID>
<Investigator>
<FirstName>Dihua</FirstName>
<LastName>Jiang</LastName>
<PI_MID_INIT/>
<PI_SUFX_NAME/>
<PI_FULL_NAME>Dihua Jiang</PI_FULL_NAME>
<EmailAddress><![CDATA[dhjiang@math.umn.edu]]></EmailAddress>
<NSF_ID>000282056</NSF_ID>
<StartDate>04/18/2019</StartDate>
<EndDate/>
<RoleCode>Principal Investigator</RoleCode>
</Investigator>
<Institution>
<Name><![CDATA[University of Minnesota-Twin Cities]]></Name>
<CityName>MINNEAPOLIS</CityName>
<ZipCode>554552009</ZipCode>
<PhoneNumber>6126245599</PhoneNumber>
<StreetAddress><![CDATA[200 OAK ST SE]]></StreetAddress>
<StreetAddress2/>
<CountryName>United States</CountryName>
<StateName>Minnesota</StateName>
<StateCode>MN</StateCode>
<CONGRESSDISTRICT>05</CONGRESSDISTRICT>
<CONGRESS_DISTRICT_ORG>MN05</CONGRESS_DISTRICT_ORG>
<ORG_UEI_NUM>KABJZBBJ4B54</ORG_UEI_NUM>
<ORG_LGL_BUS_NAME>REGENTS OF THE UNIVERSITY OF MINNESOTA</ORG_LGL_BUS_NAME>
<ORG_PRNT_UEI_NUM/>
</Institution>
<Performance_Institution>
<Name><![CDATA[University of Minnesota, School of Mathematics]]></Name>
<CityName>Minneapolis</CityName>
<StateCode>MN</StateCode>
<ZipCode>554550488</ZipCode>
<StreetAddress><![CDATA[206 Church Street SE]]></StreetAddress>
<CountryCode>US</CountryCode>
<CountryName>United States</CountryName>
<StateName>Minnesota</StateName>
<CountryFlag>1</CountryFlag>
<CONGRESSDISTRICT>05</CONGRESSDISTRICT>
<CONGRESS_DISTRICT_PERF>MN05</CONGRESS_DISTRICT_PERF>
</Performance_Institution>
<ProgramElement>
<Code>1264</Code>
<Text>ALGEBRA,NUMBER THEORY,AND COM</Text>
</ProgramElement>
<Appropriation>
<Code>0119</Code>
<Name>NSF RESEARCH &amp; RELATED ACTIVIT</Name>
<APP_SYMB_ID>040100</APP_SYMB_ID>
</Appropriation>
<Appropriation>
<Code>0120</Code>
<Name>NSF RESEARCH &amp; RELATED ACTIVIT</Name>
<APP_SYMB_ID>040100</APP_SYMB_ID>
</Appropriation>
<Appropriation>
<Code>0121</Code>
<Name>NSF RESEARCH &amp; RELATED ACTIVIT</Name>
<APP_SYMB_ID>040100</APP_SYMB_ID>
</Appropriation>
<Fund>
<Code>01001920DB</Code>
<Name><![CDATA[NSF RESEARCH & RELATED ACTIVIT]]></Name>
<FUND_SYMB_ID>040100</FUND_SYMB_ID>
</Fund>
<Fund>
<Code>01002021DB</Code>
<Name><![CDATA[NSF RESEARCH & RELATED ACTIVIT]]></Name>
<FUND_SYMB_ID>040100</FUND_SYMB_ID>
</Fund>
<Fund>
<Code>01002122DB</Code>
<Name><![CDATA[NSF RESEARCH & RELATED ACTIVIT]]></Name>
<FUND_SYMB_ID>040100</FUND_SYMB_ID>
</Fund>
<FUND_OBLG>2019~227346</FUND_OBLG>
<FUND_OBLG>2020~81712</FUND_OBLG>
<FUND_OBLG>2021~80937</FUND_OBLG>
<POR>
<DRECONTENT><![CDATA[<div class="porColContainerWBG"> <div class="porContentCol"><p>Intellectual Merit</p> <p>The PI, Dihua Jiang, investigates Automorphic Forms and L-functions and their related problems in Representation Theory and Number Theory. The approaches taken by the PI is from Harmonic Analysis and Representation Theory.&nbsp;</p> <p>First, the PI consider the Fourier coefficients of automorphic forms and their local version to detect the global properties and arithmetic properties of automorphic forms. The key problem here is to understand the wavefront sets of automorphic forms and their local analogy. During the period of this NSF grant support, the PI with Baying Liu proved the upper bound conjecture for Fourier coefficients of the automorphic forms belonging to a global Arthur packet, which was conjectured by the PI in 2014. Meanwhile, the PI with D. Liu and L. Zhang introduced the notion of Arithmetic Wavefront Sets on the Langlands parameter side and determined the their precise structure for the archimedean local case. The conjecture made in this work is that the algebraic, analytic, and geometric structure of wavefront sets can be determined by the arithmetic structure of the wavefront sets, which is of combinatorics in nature.&nbsp;</p> <p>Second, the PI consider the non-linear Fourier analysis approach to understand automorphic L-functions, whose outlines were formulated by A. Braverman and D. Kazhdan in 2000, and refined to a certain degree by B.-C. Ngo more recently. The PI joint with Z. Luo and L. Zhang to figure out the details of new examples, which beyond the only classical example of R. Godement and H. Jacquet in 1972 for the principal L-function of general linear group. The case treated is for symplectic groups of any rank. The key difficulty here is to write down explicitly the kernel distribution on symplectic groups that defines the non-linear Fourier transform. Another work of PI to understand automorphic L-functions is joint with Z.Luo, which formulates an approach extends that of J. Tate's thesis in 1950. In this work, the PI with Z. Luo proved a Poisson summation formula on GL(1) associated with cuspidal automorphic forms of GL(n). This has great potential to understand many important problems in Analytic Number Theory.&nbsp;</p> <p>Finally, the PI joint with B. Sun and F. Tian to prove the conjecture of D. Blasius on arithmetic structure of critical L-values for Gl(2n) for any n greater than or equal to 1, which extends the classical work of G. Shimura in 1976 and Y. Manin in 1976 from n=1 to general n. This is the first piece of work in the subject without any technical assumption.&nbsp;</p> <p>Overall, the PI, joint with his collaborators, made substantial progress in his investigation of automorphic forms and L-functions and related problems in various aspects, and introduced new ideas and new techniques to the theory, which stimulate the development of subject.&nbsp;</p> <p>Broader Impacts</p> <p>The PI extends his research to a broader community of Mathematics through his training of young researchers, postdocs, and graduate students;&nbsp; through his organization of zoom or in person conferences, workshops, and seminars; and through his participation and lectures in various conferences, workshops, colloquia and seminars on his research work.&nbsp;</p> <p>The PI also servies the community of Mathematics through his reviewing the research manuscripts and research books for research journals and other publishers; through his evaluation on research work of candidates for research grants, research awards, and research positions; and through his recommendation for recent PhDs, graduate students and undergraduate students.&nbsp;</p> <p>The PI has eight graduate students who gained their PhD in Mathematics and made successful career in Mathematics and has currently six graduate students who are under his supervision for their PhDs in near future.&nbsp;</p><br> <p>            Last Modified: 07/31/2023<br>      Modified by: Dihua&nbsp;Jiang</p> </div> <div class="porSideCol"></div> </div>]]></DRECONTENT>
<POR_COPY_TXT><![CDATA[ Intellectual Merit  The PI, Dihua Jiang, investigates Automorphic Forms and L-functions and their related problems in Representation Theory and Number Theory. The approaches taken by the PI is from Harmonic Analysis and Representation Theory.   First, the PI consider the Fourier coefficients of automorphic forms and their local version to detect the global properties and arithmetic properties of automorphic forms. The key problem here is to understand the wavefront sets of automorphic forms and their local analogy. During the period of this NSF grant support, the PI with Baying Liu proved the upper bound conjecture for Fourier coefficients of the automorphic forms belonging to a global Arthur packet, which was conjectured by the PI in 2014. Meanwhile, the PI with D. Liu and L. Zhang introduced the notion of Arithmetic Wavefront Sets on the Langlands parameter side and determined the their precise structure for the archimedean local case. The conjecture made in this work is that the algebraic, analytic, and geometric structure of wavefront sets can be determined by the arithmetic structure of the wavefront sets, which is of combinatorics in nature.   Second, the PI consider the non-linear Fourier analysis approach to understand automorphic L-functions, whose outlines were formulated by A. Braverman and D. Kazhdan in 2000, and refined to a certain degree by B.-C. Ngo more recently. The PI joint with Z. Luo and L. Zhang to figure out the details of new examples, which beyond the only classical example of R. Godement and H. Jacquet in 1972 for the principal L-function of general linear group. The case treated is for symplectic groups of any rank. The key difficulty here is to write down explicitly the kernel distribution on symplectic groups that defines the non-linear Fourier transform. Another work of PI to understand automorphic L-functions is joint with Z.Luo, which formulates an approach extends that of J. Tate's thesis in 1950. In this work, the PI with Z. Luo proved a Poisson summation formula on GL(1) associated with cuspidal automorphic forms of GL(n). This has great potential to understand many important problems in Analytic Number Theory.   Finally, the PI joint with B. Sun and F. Tian to prove the conjecture of D. Blasius on arithmetic structure of critical L-values for Gl(2n) for any n greater than or equal to 1, which extends the classical work of G. Shimura in 1976 and Y. Manin in 1976 from n=1 to general n. This is the first piece of work in the subject without any technical assumption.   Overall, the PI, joint with his collaborators, made substantial progress in his investigation of automorphic forms and L-functions and related problems in various aspects, and introduced new ideas and new techniques to the theory, which stimulate the development of subject.   Broader Impacts  The PI extends his research to a broader community of Mathematics through his training of young researchers, postdocs, and graduate students;  through his organization of zoom or in person conferences, workshops, and seminars; and through his participation and lectures in various conferences, workshops, colloquia and seminars on his research work.   The PI also servies the community of Mathematics through his reviewing the research manuscripts and research books for research journals and other publishers; through his evaluation on research work of candidates for research grants, research awards, and research positions; and through his recommendation for recent PhDs, graduate students and undergraduate students.   The PI has eight graduate students who gained their PhD in Mathematics and made successful career in Mathematics and has currently six graduate students who are under his supervision for their PhDs in near future.        Last Modified: 07/31/2023       Submitted by: Dihua Jiang]]></POR_COPY_TXT>
</POR>
</Award>
</rootTag>
