<?xml version="1.0" encoding="UTF-8"?>
<rootTag>
<Award>
<AwardTitle><![CDATA[CHS: Medium: Collaborative Research: Regional Experiments for the Future of Work in America]]></AwardTitle>
<AGENCY>NSF</AGENCY>
<AwardEffectiveDate>08/01/2019</AwardEffectiveDate>
<AwardExpirationDate>07/31/2024</AwardExpirationDate>
<AwardTotalIntnAmount>610000.00</AwardTotalIntnAmount>
<AwardAmount>610000</AwardAmount>
<AwardInstrument>
<Value>Continuing Grant</Value>
</AwardInstrument>
<Organization>
<Code>05020000</Code>
<Directorate>
<Abbreviation>CSE</Abbreviation>
<LongName>Direct For Computer &amp; Info Scie &amp; Enginr</LongName>
</Directorate>
<Division>
<Abbreviation>IIS</Abbreviation>
<LongName>Div Of Information &amp; Intelligent Systems</LongName>
</Division>
</Organization>
<ProgramOfficer>
<SignBlockName>Dan Cosley</SignBlockName>
<PO_EMAI>dcosley@nsf.gov</PO_EMAI>
<PO_PHON>7032928832</PO_PHON>
</ProgramOfficer>
<AbstractNarration><![CDATA[This research will provide rich insights into a new line of regional experiments with computer-based economic development in the American Midwest, rooted in collaborations between government, industry, and universities to drive their traditions of manufacturing excellence into the next generation. The research will inform the development of sociotechnical interventions supporting bottom-up innovation procedures and emergent outcomes. Such implications will be informed by cutting edge research on data collection and analysis techniques. The project's emphasis on marginalized or excluded stakeholders will offer insights on how to ensure such systems maximize stakeholder agency at all stages of the process.  Research outcomes include the identification of transferable practices, policies, and frameworks. These will contribute actionable tactics on how to pursue innovation agendas in contemporary economic contexts characterized by the mobility of information, capital, and talent; emerging forms of work; and contemporary sociotechnical infrastructures. This research will also contribute methods to help researchers better understand stakeholder needs at the regional scale, with a particular focus on populations that have traditionally been underserved.&lt;br/&gt; &lt;br/&gt;The project will include in-depth ethnographic research and stakeholder-driven engagements with the following two groups: (1) those who are at the forefront of conceiving, designing and implementing techno-urban experiments of fab cities, Internet of Things cities, and smart zones; (2) underserved and excluded populations, most immediately affected by these technological advances. By conducting sociotechnical interventions with community stakeholders, the research advances their commitments to broaden participation.  Specifically, this research will build self-efficacy through the clarification of an urban area's own regional advantage. The project will do so through (1) skill building, including building skills with new technologies such as digital fabrication; (2) developing community's capacities to act in a collective way, supporting democracy and self-determination; (3) regional knowledge production and dissemination, including successful community models, actions, and communication tactics; and (4) including diverse actors in spite of their different histories, legacies, aspirations, and concerns, that is, fostering a sense of community in using information technology to build a better future.&lt;br/&gt;&lt;br/&gt;This award reflects NSF's statutory mission and has been deemed worthy of support through evaluation using the Foundation's intellectual merit and broader impacts review criteria.]]></AbstractNarration>
<MinAmdLetterDate>07/27/2019</MinAmdLetterDate>
<MaxAmdLetterDate>05/07/2021</MaxAmdLetterDate>
<ARRAAmount/>
<TRAN_TYPE>Grant</TRAN_TYPE>
<CFDA_NUM>47.070</CFDA_NUM>
<NSF_PAR_USE_FLAG>1</NSF_PAR_USE_FLAG>
<FUND_AGCY_CODE>4900</FUND_AGCY_CODE>
<AWDG_AGCY_CODE>4900</AWDG_AGCY_CODE>
<AwardID>1901171</AwardID>
<Investigator>
<FirstName>Silvia</FirstName>
<LastName>Lindtner</LastName>
<PI_MID_INIT/>
<PI_SUFX_NAME/>
<PI_FULL_NAME>Silvia Lindtner</PI_FULL_NAME>
<EmailAddress><![CDATA[lindtner@umich.edu]]></EmailAddress>
<NSF_ID>000558348</NSF_ID>
<StartDate>07/27/2019</StartDate>
<EndDate/>
<RoleCode>Principal Investigator</RoleCode>
</Investigator>
<Investigator>
<FirstName>Tawanna</FirstName>
<LastName>Dillahunt</LastName>
<PI_MID_INIT>R</PI_MID_INIT>
<PI_SUFX_NAME/>
<PI_FULL_NAME>Tawanna R Dillahunt</PI_FULL_NAME>
<EmailAddress><![CDATA[tdillahu@umich.edu]]></EmailAddress>
<NSF_ID>000649989</NSF_ID>
<StartDate>07/27/2019</StartDate>
<EndDate/>
<RoleCode>Co-Principal Investigator</RoleCode>
</Investigator>
<Institution>
<Name><![CDATA[Regents of the University of Michigan - Ann Arbor]]></Name>
<CityName>ANN ARBOR</CityName>
<ZipCode>481091079</ZipCode>
<PhoneNumber>7347636438</PhoneNumber>
<StreetAddress><![CDATA[1109 GEDDES AVE, SUITE 3300]]></StreetAddress>
<StreetAddress2/>
<CountryName>United States</CountryName>
<StateName>Michigan</StateName>
<StateCode>MI</StateCode>
<CONGRESSDISTRICT>06</CONGRESSDISTRICT>
<CONGRESS_DISTRICT_ORG>MI06</CONGRESS_DISTRICT_ORG>
<ORG_UEI_NUM>GNJ7BBP73WE9</ORG_UEI_NUM>
<ORG_LGL_BUS_NAME>REGENTS OF THE UNIVERSITY OF MICHIGAN</ORG_LGL_BUS_NAME>
<ORG_PRNT_UEI_NUM/>
</Institution>
<Performance_Institution>
<Name><![CDATA[University of Michigan Ann Arbor]]></Name>
<CityName>Ann Arbor</CityName>
<StateCode>MI</StateCode>
<ZipCode>481091285</ZipCode>
<StreetAddress/>
<CountryCode>US</CountryCode>
<CountryName>United States</CountryName>
<StateName>Michigan</StateName>
<CountryFlag>1</CountryFlag>
<CONGRESSDISTRICT>06</CONGRESSDISTRICT>
<CONGRESS_DISTRICT_PERF>MI06</CONGRESS_DISTRICT_PERF>
</Performance_Institution>
<ProgramElement>
<Code>081Y</Code>
<Text>NSF 2026 Fund</Text>
</ProgramElement>
<ProgramElement>
<Code>7367</Code>
<Text>HCC-Human-Centered Computing</Text>
</ProgramElement>
<ProgramReference>
<Code>7367</Code>
<Text>Cyber-Human Systems</Text>
</ProgramReference>
<ProgramReference>
<Code>7924</Code>
<Text>MEDIUM PROJECT</Text>
</ProgramReference>
<Appropriation>
<Code>0119</Code>
<Name>NSF RESEARCH &amp; RELATED ACTIVIT</Name>
<APP_SYMB_ID>040100</APP_SYMB_ID>
</Appropriation>
<Appropriation>
<Code>0121</Code>
<Name>NSF RESEARCH &amp; RELATED ACTIVIT</Name>
<APP_SYMB_ID>040100</APP_SYMB_ID>
</Appropriation>
<Fund>
<Code>01001920DB</Code>
<Name><![CDATA[NSF RESEARCH & RELATED ACTIVIT]]></Name>
<FUND_SYMB_ID>040100</FUND_SYMB_ID>
</Fund>
<Fund>
<Code>01002122DB</Code>
<Name><![CDATA[NSF RESEARCH & RELATED ACTIVIT]]></Name>
<FUND_SYMB_ID>040100</FUND_SYMB_ID>
</Fund>
<FUND_OBLG>2019~298036</FUND_OBLG>
<FUND_OBLG>2021~311964</FUND_OBLG>
</Award>
</rootTag>
