<?xml version="1.0" encoding="UTF-8"?>
<rootTag>
<Award>
<AwardTitle><![CDATA[Conference on Fast Direct Solvers]]></AwardTitle>
<AGENCY>NSF</AGENCY>
<AwardEffectiveDate>12/01/2018</AwardEffectiveDate>
<AwardExpirationDate>11/30/2021</AwardExpirationDate>
<AwardTotalIntnAmount>10000.00</AwardTotalIntnAmount>
<AwardAmount>10000</AwardAmount>
<AwardInstrument>
<Value>Standard Grant</Value>
</AwardInstrument>
<Organization>
<Code>03040000</Code>
<Directorate>
<Abbreviation>MPS</Abbreviation>
<LongName>Direct For Mathematical &amp; Physical Scien</LongName>
</Directorate>
<Division>
<Abbreviation>DMS</Abbreviation>
<LongName>Division Of Mathematical Sciences</LongName>
</Division>
</Organization>
<ProgramOfficer>
<SignBlockName>Yuliya Gorb</SignBlockName>
<PO_EMAI>ygorb@nsf.gov</PO_EMAI>
<PO_PHON>7032922113</PO_PHON>
</ProgramOfficer>
<AbstractNarration><![CDATA[The 2018 Conference on Fast Direct Solvers will be held at Purdue University in November 9-11, 2018. The purpose of the conference is to bring together researchers from different mathematical and application fields to exchange ideas on the latest developments of fast direct solvers, discuss potential strategies for tackling the current challenges, stimulate new multidisciplinary collaborations, and disseminate relevant ideas to broader communities. Researchers, students, and practitioners from all relevant fields are encouraged to attend the conference and/or to give talks. The conference will provide a multidisciplinary platform for junior and senior researchers, students, and practitioners to discuss and to establish new collaborations. The activities will help to attract students and junior researchers from diverse background to join the field and also stimulate student interest in mathematics. This grant will be used to partially support the travel and lodging of junior researchers and students.&lt;br/&gt;&lt;br/&gt;In scientific computing, data analysis, and engineering simulations, solving large linear systems is typically a key computational component. Direct solvers do not need iterations, are very robust, and have various other attractive features. However, classical direct solvers are typically expensive for large sparse systems because of the loss of sparsity. In the past 15 years or so, the scientific computing community has witnessed quick developments of the so-called fast direct solvers, which exploit structures and can achieve significantly better efficiency than classical direct solvers, sometimes by orders of magnitude. This conference will bring together researchers, students, and practitioners from diverse fields that actively involve the design, study, and application of fast direct solvers. The invited and contributed talks will help to supply new tools and identify new research directions for direct solvers. The conference is expected to be an effective event to both advance the development of fast direct solvers and benefit more general numerical computations.&lt;br/&gt;&lt;br/&gt;Website: http://www.math.purdue.edu/~xiaj/FastSolvers2018/&lt;br/&gt;&lt;br/&gt;This award reflects NSF's statutory mission and has been deemed worthy of support through evaluation using the Foundation's intellectual merit and broader impacts review criteria.]]></AbstractNarration>
<MinAmdLetterDate>11/29/2018</MinAmdLetterDate>
<MaxAmdLetterDate>11/29/2018</MaxAmdLetterDate>
<ARRAAmount/>
<TRAN_TYPE>Grant</TRAN_TYPE>
<CFDA_NUM>47.049</CFDA_NUM>
<NSF_PAR_USE_FLAG>1</NSF_PAR_USE_FLAG>
<FUND_AGCY_CODE>4900</FUND_AGCY_CODE>
<AWDG_AGCY_CODE>4900</AWDG_AGCY_CODE>
<AwardID>1901567</AwardID>
<Investigator>
<FirstName>Jianlin</FirstName>
<LastName>Xia</LastName>
<PI_MID_INIT/>
<PI_SUFX_NAME/>
<PI_FULL_NAME>Jianlin Xia</PI_FULL_NAME>
<EmailAddress><![CDATA[xiaj@purdue.edu]]></EmailAddress>
<NSF_ID>000517987</NSF_ID>
<StartDate>11/29/2018</StartDate>
<EndDate/>
<RoleCode>Principal Investigator</RoleCode>
</Investigator>
<Institution>
<Name><![CDATA[Purdue University]]></Name>
<CityName>WEST LAFAYETTE</CityName>
<ZipCode>479061332</ZipCode>
<PhoneNumber>7654941055</PhoneNumber>
<StreetAddress><![CDATA[2550 NORTHWESTERN AVE # 1100]]></StreetAddress>
<StreetAddress2/>
<CountryName>United States</CountryName>
<StateName>Indiana</StateName>
<StateCode>IN</StateCode>
<CONGRESSDISTRICT>04</CONGRESSDISTRICT>
<CONGRESS_DISTRICT_ORG>IN04</CONGRESS_DISTRICT_ORG>
<ORG_UEI_NUM>YRXVL4JYCEF5</ORG_UEI_NUM>
<ORG_LGL_BUS_NAME>PURDUE UNIVERSITY</ORG_LGL_BUS_NAME>
<ORG_PRNT_UEI_NUM/>
</Institution>
<Performance_Institution>
<Name><![CDATA[Purdue University]]></Name>
<CityName>West Lafayette</CityName>
<StateCode>IN</StateCode>
<ZipCode>479072067</ZipCode>
<StreetAddress><![CDATA[150 N. University ST]]></StreetAddress>
<CountryCode>US</CountryCode>
<CountryName>United States</CountryName>
<StateName>Indiana</StateName>
<CountryFlag>1</CountryFlag>
<CONGRESSDISTRICT>04</CONGRESSDISTRICT>
<CONGRESS_DISTRICT_PERF>IN04</CONGRESS_DISTRICT_PERF>
</Performance_Institution>
<ProgramElement>
<Code>1271</Code>
<Text>COMPUTATIONAL MATHEMATICS</Text>
</ProgramElement>
<ProgramReference>
<Code>7556</Code>
<Text>CONFERENCE AND WORKSHOPS</Text>
</ProgramReference>
<Appropriation>
<Code>0119</Code>
<Name>NSF RESEARCH &amp; RELATED ACTIVIT</Name>
<APP_SYMB_ID>040100</APP_SYMB_ID>
</Appropriation>
<Fund>
<Code>01001920DB</Code>
<Name><![CDATA[NSF RESEARCH & RELATED ACTIVIT]]></Name>
<FUND_SYMB_ID>040100</FUND_SYMB_ID>
</Fund>
<FUND_OBLG>2019~10000</FUND_OBLG>
<POR>
<DRECONTENT><![CDATA[<div class="porColContainerWBG"> <div class="porContentCol"><p>Fast direct solvers are valuable tools to accelerate solutions of many numerical problems. They provide &nbsp;efficient, robust, and flexible ways for various&nbsp;computational tasks, especially large linear system solutions. The Conference on Fast Direct Solvers intends to b<span>ring together researchers from different fields to exchange ideas on fast direct solvers and disseminate the methods to broader scientific communities.</span>Under this current project, two editions of the Conference on Fast Direct Solvers were successfully held, one at Purdue University in 2018 and another online (due to COVID) in 2021. The conference attracted researchers from different mathematical and application fields to share findings in direct solvers and structured matrices, discuss new challenges, stimulate multidisciplinary collaborations, and find applications to other fields. The conference included speakers and participants from different areas and locations. The speakers and participants included not only leading experts but also early career researchers and students. Many of them are in other mathematics and engineering fields but are&nbsp;actively involved the study, design, and application of direct solvers. The conference provided an interdisciplinary forum for researchers to disseminate their findings and further advance the development of new fast direct solvers. It helped researchers and practitioners to find applications of fast direct solvers to other fields such as data analysis, numerical solutions of integral equations, and numerical solutions of partial differential equations.</p><br> <p>            Last Modified: 03/17/2022<br>      Modified by: Jianlin&nbsp;Xia</p> </div> <div class="porSideCol"></div> </div>]]></DRECONTENT>
<POR_COPY_TXT><![CDATA[ Fast direct solvers are valuable tools to accelerate solutions of many numerical problems. They provide  efficient, robust, and flexible ways for various computational tasks, especially large linear system solutions. The Conference on Fast Direct Solvers intends to bring together researchers from different fields to exchange ideas on fast direct solvers and disseminate the methods to broader scientific communities.Under this current project, two editions of the Conference on Fast Direct Solvers were successfully held, one at Purdue University in 2018 and another online (due to COVID) in 2021. The conference attracted researchers from different mathematical and application fields to share findings in direct solvers and structured matrices, discuss new challenges, stimulate multidisciplinary collaborations, and find applications to other fields. The conference included speakers and participants from different areas and locations. The speakers and participants included not only leading experts but also early career researchers and students. Many of them are in other mathematics and engineering fields but are actively involved the study, design, and application of direct solvers. The conference provided an interdisciplinary forum for researchers to disseminate their findings and further advance the development of new fast direct solvers. It helped researchers and practitioners to find applications of fast direct solvers to other fields such as data analysis, numerical solutions of integral equations, and numerical solutions of partial differential equations.       Last Modified: 03/17/2022       Submitted by: Jianlin Xia]]></POR_COPY_TXT>
</POR>
</Award>
</rootTag>
