<?xml version="1.0" encoding="UTF-8"?>
<rootTag>
<Award>
<AwardTitle><![CDATA[Melt-processing of Enzymes into Bio-catalytic Polymer Membranes for Carbon Dioxide Remediation]]></AwardTitle>
<AGENCY>NSF</AGENCY>
<AwardEffectiveDate>09/01/2019</AwardEffectiveDate>
<AwardExpirationDate>08/31/2024</AwardExpirationDate>
<AwardTotalIntnAmount>369606.00</AwardTotalIntnAmount>
<AwardAmount>369606</AwardAmount>
<AwardInstrument>
<Value>Standard Grant</Value>
</AwardInstrument>
<Organization>
<Code>07030000</Code>
<Directorate>
<Abbreviation>ENG</Abbreviation>
<LongName>Directorate For Engineering</LongName>
</Directorate>
<Division>
<Abbreviation>CMMI</Abbreviation>
<LongName>Div Of Civil, Mechanical, &amp; Manufact Inn</LongName>
</Division>
</Organization>
<ProgramOfficer>
<SignBlockName>Khershed Cooper</SignBlockName>
<PO_EMAI>khcooper@nsf.gov</PO_EMAI>
<PO_PHON>7032927017</PO_PHON>
</ProgramOfficer>
<AbstractNarration><![CDATA[This grant supports research that contributes to the development of advanced manufacturing methods to enable the capture of carbon dioxide from industrial waste gases. Greenhouse gases are the principal factor driving climate change and one of the most detrimental human-derived waste products is carbon dioxide. Current technologies to sequester carbon dioxide are energy intensive and inefficient. This research develops a process to manufacture carbon-capture membranes that are inexpensive, energy efficient, and scalable to meet this growing societal need. The research relies on polymer melt-processing, a plastic manufacturing technique that enables the large-scale production of most common plastic goods. The innovation is using melt-processing to integrate biochemical catalysts or enzymes into plastic membranes to sequester carbon dioxide. Enzymatic carbon dioxide capture occurs at room temperature to produce solid carbon salts which can be easily stored, thus greatly reducing the energy demand. The outcome of this research greatly benefits society, since climate change is a grand challenge in engineering, and, thus, is instrumental in securing the prosperity and security of the country. This research is multi-disciplinary and includes polymer science, chemical engineering, materials science, and biochemistry. Students conducting this research are trained at the forefront of science, which has a long-term positive impact on the nation?s technological output. &lt;br/&gt;&lt;br/&gt;The use of carbonic anhydrase as a carbon dioxide capture catalyst is promising given the enzymes rapid turnover number, minimal energy input for sequestration and ability to sequester carbon into solid salts. The limiting factor for applying carbonic anhydrase broadly is a manufacturing challenge that requires scalability and reproducibility. Current enzyme immobilization processes operate in batch mode and rely on adsorption or non-specific chemical reactions to a solid support, limiting scalability and reproducibility. This research develops continuous manufacturing methods to incorporate carbonic anhydrase into permeable polymer membranes that can be fabricated at large scale. The primary hurdle in accomplishing this goal is to develop a fundamental understanding of processing conditions under which carbonic anhydrase maintains stability and activity during melt-extrusion. This project seeks to understand the main stressors, temperature and shear, during processing and correlate these to enzyme performance. Once this relationship has been established, the results are used to scale-up polymer membrane manufacture to twin-screw extruders, similar to those used in commercial film manufacturing. These membranes are evaluated for carbon dioxide flux, sequestration, and durability in environments that mimic complex mixtures of industrial waste gases.&lt;br/&gt;&lt;br/&gt;This award reflects NSF's statutory mission and has been deemed worthy of support through evaluation using the Foundation's intellectual merit and broader impacts review criteria.]]></AbstractNarration>
<MinAmdLetterDate>07/31/2019</MinAmdLetterDate>
<MaxAmdLetterDate>08/08/2023</MaxAmdLetterDate>
<ARRAAmount/>
<TRAN_TYPE>Grant</TRAN_TYPE>
<CFDA_NUM>47.041</CFDA_NUM>
<NSF_PAR_USE_FLAG>1</NSF_PAR_USE_FLAG>
<FUND_AGCY_CODE>4900</FUND_AGCY_CODE>
<AWDG_AGCY_CODE>4900</AWDG_AGCY_CODE>
<AwardID>1901713</AwardID>
<Investigator>
<FirstName>Jonathan</FirstName>
<LastName>Pokorski</LastName>
<PI_MID_INIT>K</PI_MID_INIT>
<PI_SUFX_NAME/>
<PI_FULL_NAME>Jonathan K Pokorski</PI_FULL_NAME>
<EmailAddress><![CDATA[jpokorski@ucsd.edu]]></EmailAddress>
<NSF_ID>000631492</NSF_ID>
<StartDate>07/31/2019</StartDate>
<EndDate/>
<RoleCode>Principal Investigator</RoleCode>
</Investigator>
<Institution>
<Name><![CDATA[University of California-San Diego]]></Name>
<CityName>LA JOLLA</CityName>
<ZipCode>920930021</ZipCode>
<PhoneNumber>8585344896</PhoneNumber>
<StreetAddress><![CDATA[9500 GILMAN DR]]></StreetAddress>
<StreetAddress2/>
<CountryName>United States</CountryName>
<StateName>California</StateName>
<StateCode>CA</StateCode>
<CONGRESSDISTRICT>50</CONGRESSDISTRICT>
<CONGRESS_DISTRICT_ORG>CA50</CONGRESS_DISTRICT_ORG>
<ORG_UEI_NUM>UYTTZT6G9DT1</ORG_UEI_NUM>
<ORG_LGL_BUS_NAME>UNIVERSITY OF CALIFORNIA, SAN DIEGO</ORG_LGL_BUS_NAME>
<ORG_PRNT_UEI_NUM/>
</Institution>
<Performance_Institution>
<Name><![CDATA[University of California, San Diego]]></Name>
<CityName>LA JOLLA</CityName>
<StateCode>CA</StateCode>
<ZipCode>920930934</ZipCode>
<StreetAddress><![CDATA[9500 Gilman Dr., MC 0448]]></StreetAddress>
<CountryCode>US</CountryCode>
<CountryName>United States</CountryName>
<StateName>California</StateName>
<CountryFlag>1</CountryFlag>
<CONGRESSDISTRICT>50</CONGRESSDISTRICT>
<CONGRESS_DISTRICT_PERF>CA50</CONGRESS_DISTRICT_PERF>
</Performance_Institution>
<ProgramElement>
<Code>088Y</Code>
<Text>AM-Advanced Manufacturing</Text>
</ProgramElement>
<ProgramReference>
<Code>081E</Code>
<Text>NANO SCALE ASSEMBLY</Text>
</ProgramReference>
<ProgramReference>
<Code>083E</Code>
<Text>MATERIAL TRANSFORMATION PROC</Text>
</ProgramReference>
<ProgramReference>
<Code>084E</Code>
<Text>NANOMANUFACTURING</Text>
</ProgramReference>
<Appropriation>
<Code>0119</Code>
<Name>NSF RESEARCH &amp; RELATED ACTIVIT</Name>
<APP_SYMB_ID>040100</APP_SYMB_ID>
</Appropriation>
<Fund>
<Code>01001920DB</Code>
<Name><![CDATA[NSF RESEARCH & RELATED ACTIVIT]]></Name>
<FUND_SYMB_ID>040100</FUND_SYMB_ID>
</Fund>
<FUND_OBLG>2019~369606</FUND_OBLG>
</Award>
</rootTag>
