<?xml version="1.0" encoding="UTF-8"?>
<rootTag>
<Award>
<AwardTitle><![CDATA[III: Medium: Efficient Collaborative Perception over Controllable Agent Networks]]></AwardTitle>
<AGENCY>NSF</AGENCY>
<AwardEffectiveDate>08/01/2019</AwardEffectiveDate>
<AwardExpirationDate>07/31/2024</AwardExpirationDate>
<AwardTotalIntnAmount>1200000.00</AwardTotalIntnAmount>
<AwardAmount>1232000</AwardAmount>
<AwardInstrument>
<Value>Continuing Grant</Value>
</AwardInstrument>
<Organization>
<Code>05020000</Code>
<Directorate>
<Abbreviation>CSE</Abbreviation>
<LongName>Direct For Computer &amp; Info Scie &amp; Enginr</LongName>
</Directorate>
<Division>
<Abbreviation>IIS</Abbreviation>
<LongName>Div Of Information &amp; Intelligent Systems</LongName>
</Division>
</Organization>
<ProgramOfficer>
<SignBlockName>Sylvia Spengler</SignBlockName>
<PO_EMAI>sspengle@nsf.gov</PO_EMAI>
<PO_PHON>7032927347</PO_PHON>
</ProgramOfficer>
<AbstractNarration><![CDATA[Many of today's applications provide data in different formats (e.g., text, videos) from different kinds of sensors (e.g., tweets, cameras, sensors mounted on robots). There is work on how to search each source of data separately, but this misses the hidden connections between the data across the sources. As an example, in disaster management, collaborative perception would allow searching for locations where the semantic concepts "fire" or "crowds" may be present, by jointly analyzing text and image content from social posts, video from stationary or mobile phone cameras, and the images or videos recorded by UAVs. This project will study how to jointly search across data sources by mapping the information coming from all data sources to a common information space. The project has the potential to increase the utility of social and video surveillance data for tasks that require situational awareness. In the area of disaster response, responders will have a more integrated and holistic view of the situation, so they can better allocate their resources. The project will capitalize on the student diversity at UC Riverside, which is a Hispanic Serving Institution, and thus broaden the participation of under-represented groups in the research process. This project will strengthen and extend the ongoing high school and college outreach activities of the PIs.&lt;br/&gt;&lt;br/&gt;The goal of this project is to create the knowledge to facilitate effective and efficient collaborative perception on top of a set of independent and multi-modal data generating agents. The project will study how to jointly model social and sensor data and use this modeling to efficiently support spatio-temporal queries on the joint embedding space. In addition to mapping information from multi-modal disparate sources to a common information space, this project will study how to optimize the attention routing of controllable agents like UAVs to maximize the reliability and coverage of the collected information.&lt;br/&gt;&lt;br/&gt;This award reflects NSF's statutory mission and has been deemed worthy of support through evaluation using the Foundation's intellectual merit and broader impacts review criteria.]]></AbstractNarration>
<MinAmdLetterDate>07/17/2019</MinAmdLetterDate>
<MaxAmdLetterDate>04/14/2022</MaxAmdLetterDate>
<ARRAAmount/>
<TRAN_TYPE>Grant</TRAN_TYPE>
<CFDA_NUM>47.070</CFDA_NUM>
<NSF_PAR_USE_FLAG>1</NSF_PAR_USE_FLAG>
<FUND_AGCY_CODE>4900</FUND_AGCY_CODE>
<AWDG_AGCY_CODE>4900</AWDG_AGCY_CODE>
<AwardID>1901379</AwardID>
<Investigator>
<FirstName>Vassilis</FirstName>
<LastName>Tsotras</LastName>
<PI_MID_INIT>J</PI_MID_INIT>
<PI_SUFX_NAME/>
<PI_FULL_NAME>Vassilis J Tsotras</PI_FULL_NAME>
<EmailAddress><![CDATA[tsotras@cs.ucr.edu]]></EmailAddress>
<NSF_ID>000149913</NSF_ID>
<StartDate>07/17/2019</StartDate>
<EndDate/>
<RoleCode>Co-Principal Investigator</RoleCode>
</Investigator>
<Investigator>
<FirstName>Amit</FirstName>
<LastName>Roy-Chowdhury</LastName>
<PI_MID_INIT>K</PI_MID_INIT>
<PI_SUFX_NAME/>
<PI_FULL_NAME>Amit K Roy-Chowdhury</PI_FULL_NAME>
<EmailAddress><![CDATA[amitrc@ece.ucr.edu]]></EmailAddress>
<NSF_ID>000309390</NSF_ID>
<StartDate>07/17/2019</StartDate>
<EndDate/>
<RoleCode>Co-Principal Investigator</RoleCode>
</Investigator>
<Investigator>
<FirstName>Evangelos</FirstName>
<LastName>Christidis</LastName>
<PI_MID_INIT/>
<PI_SUFX_NAME/>
<PI_FULL_NAME>Evangelos Christidis</PI_FULL_NAME>
<EmailAddress><![CDATA[evangelos.christidis@ucr.edu]]></EmailAddress>
<NSF_ID>000606234</NSF_ID>
<StartDate>07/17/2019</StartDate>
<EndDate/>
<RoleCode>Principal Investigator</RoleCode>
</Investigator>
<Investigator>
<FirstName>Evangelos</FirstName>
<LastName>Papalexakis</LastName>
<PI_MID_INIT/>
<PI_SUFX_NAME/>
<PI_FULL_NAME>Evangelos Papalexakis</PI_FULL_NAME>
<EmailAddress><![CDATA[epapalex@cs.ucr.edu]]></EmailAddress>
<NSF_ID>000728302</NSF_ID>
<StartDate>07/17/2019</StartDate>
<EndDate/>
<RoleCode>Co-Principal Investigator</RoleCode>
</Investigator>
<Investigator>
<FirstName>Konstantinos</FirstName>
<LastName>Karydis</LastName>
<PI_MID_INIT/>
<PI_SUFX_NAME/>
<PI_FULL_NAME>Konstantinos Karydis</PI_FULL_NAME>
<EmailAddress><![CDATA[kkarydis@ece.ucr.edu]]></EmailAddress>
<NSF_ID>000737288</NSF_ID>
<StartDate>07/17/2019</StartDate>
<EndDate/>
<RoleCode>Co-Principal Investigator</RoleCode>
</Investigator>
<Institution>
<Name><![CDATA[University of California-Riverside]]></Name>
<CityName>RIVERSIDE</CityName>
<ZipCode>925210001</ZipCode>
<PhoneNumber>9518275535</PhoneNumber>
<StreetAddress><![CDATA[200 UNIVERSTY OFC BUILDING]]></StreetAddress>
<StreetAddress2/>
<CountryName>United States</CountryName>
<StateName>California</StateName>
<StateCode>CA</StateCode>
<CONGRESSDISTRICT>39</CONGRESSDISTRICT>
<CONGRESS_DISTRICT_ORG>CA39</CONGRESS_DISTRICT_ORG>
<ORG_UEI_NUM>MR5QC5FCAVH5</ORG_UEI_NUM>
<ORG_LGL_BUS_NAME>REGENTS OF THE UNIVERSITY OF CALIFORNIA AT RIVERSIDE</ORG_LGL_BUS_NAME>
<ORG_PRNT_UEI_NUM/>
</Institution>
<Performance_Institution>
<Name><![CDATA[University of California, Riverside]]></Name>
<CityName>Riverside</CityName>
<StateCode>CA</StateCode>
<ZipCode>925210001</ZipCode>
<StreetAddress><![CDATA[900 University Avenue]]></StreetAddress>
<CountryCode>US</CountryCode>
<CountryName>United States</CountryName>
<StateName>California</StateName>
<CountryFlag>1</CountryFlag>
<CONGRESSDISTRICT>39</CONGRESSDISTRICT>
<CONGRESS_DISTRICT_PERF>CA39</CONGRESS_DISTRICT_PERF>
</Performance_Institution>
<ProgramElement>
<Code>7364</Code>
<Text>Info Integration &amp; Informatics</Text>
</ProgramElement>
<ProgramReference>
<Code>7364</Code>
<Text>INFO INTEGRATION &amp; INFORMATICS</Text>
</ProgramReference>
<ProgramReference>
<Code>7924</Code>
<Text>MEDIUM PROJECT</Text>
</ProgramReference>
<ProgramReference>
<Code>9251</Code>
<Text>REU SUPP-Res Exp for Ugrd Supp</Text>
</ProgramReference>
<Appropriation>
<Code/>
<Name/>
<APP_SYMB_ID/>
</Appropriation>
<Appropriation>
<Code>0119</Code>
<Name>NSF RESEARCH &amp; RELATED ACTIVIT</Name>
<APP_SYMB_ID>040100</APP_SYMB_ID>
</Appropriation>
<Appropriation>
<Code>0120</Code>
<Name>NSF RESEARCH &amp; RELATED ACTIVIT</Name>
<APP_SYMB_ID>040100</APP_SYMB_ID>
</Appropriation>
<Appropriation>
<Code>0121</Code>
<Name>NSF RESEARCH &amp; RELATED ACTIVIT</Name>
<APP_SYMB_ID>040100</APP_SYMB_ID>
</Appropriation>
<Fund>
<Code>01002223DB</Code>
<Name><![CDATA[NSF RESEARCH & RELATED ACTIVIT]]></Name>
<FUND_SYMB_ID>040100</FUND_SYMB_ID>
</Fund>
<Fund>
<Code>01001920DB</Code>
<Name><![CDATA[NSF RESEARCH & RELATED ACTIVIT]]></Name>
<FUND_SYMB_ID>040100</FUND_SYMB_ID>
</Fund>
<Fund>
<Code>01002021DB</Code>
<Name><![CDATA[NSF RESEARCH & RELATED ACTIVIT]]></Name>
<FUND_SYMB_ID>040100</FUND_SYMB_ID>
</Fund>
<Fund>
<Code>01002122DB</Code>
<Name><![CDATA[NSF RESEARCH & RELATED ACTIVIT]]></Name>
<FUND_SYMB_ID>040100</FUND_SYMB_ID>
</Fund>
<FUND_OBLG>2019~289725</FUND_OBLG>
<FUND_OBLG>2020~615782</FUND_OBLG>
<FUND_OBLG>2021~310493</FUND_OBLG>
<FUND_OBLG>2022~16000</FUND_OBLG>
</Award>
</rootTag>
