<?xml version="1.0" encoding="UTF-8"?>
<rootTag>
<Award>
<AwardTitle><![CDATA[Operations of the Tokyo Activities]]></AwardTitle>
<AGENCY>NSF</AGENCY>
<AwardEffectiveDate>10/01/2018</AwardEffectiveDate>
<AwardExpirationDate>10/31/2020</AwardExpirationDate>
<AwardTotalIntnAmount>95000.00</AwardTotalIntnAmount>
<AwardAmount>35000</AwardAmount>
<AwardInstrument>
<Value>Contract Interagency Agreement</Value>
</AwardInstrument>
<Organization>
<Code>01090500</Code>
<Directorate>
<Abbreviation>O/D</Abbreviation>
<LongName>Office Of The Director</LongName>
</Directorate>
<Division>
<Abbreviation>OISE</Abbreviation>
<LongName>Office Of Internatl Science &amp;Engineering</LongName>
</Division>
</Organization>
<ProgramOfficer>
<SignBlockName>Christopher Street</SignBlockName>
<PO_EMAI>cstreet@nsf.gov</PO_EMAI>
<PO_PHON>7032928568</PO_PHON>
</ProgramOfficer>
<AbstractNarration/>
<MinAmdLetterDate>10/09/2018</MinAmdLetterDate>
<MaxAmdLetterDate>07/18/2019</MaxAmdLetterDate>
<ARRAAmount/>
<TRAN_TYPE>Grant</TRAN_TYPE>
<CFDA_NUM>47.079</CFDA_NUM>
<NSF_PAR_USE_FLAG>1</NSF_PAR_USE_FLAG>
<FUND_AGCY_CODE>4900</FUND_AGCY_CODE>
<AWDG_AGCY_CODE>4900</AWDG_AGCY_CODE>
<AwardID>1901538</AwardID>
<Investigator>
<FirstName>Beau</FirstName>
<LastName>Johnson</LastName>
<PI_MID_INIT/>
<PI_SUFX_NAME/>
<PI_FULL_NAME>Beau Johnson</PI_FULL_NAME>
<EmailAddress><![CDATA[johnsonbb2@state.gov]]></EmailAddress>
<NSF_ID>000760728</NSF_ID>
<StartDate>10/09/2018</StartDate>
<EndDate/>
<RoleCode>Principal Investigator</RoleCode>
</Investigator>
<Institution>
<Name><![CDATA[DEPARTMENT OF STATE]]></Name>
<CityName>Washington</CityName>
<ZipCode>205220002</ZipCode>
<PhoneNumber/>
<StreetAddress><![CDATA[2201 C Street NW]]></StreetAddress>
<StreetAddress2/>
<CountryName>United States</CountryName>
<StateName>District of Columbia</StateName>
<StateCode>DC</StateCode>
<CONGRESSDISTRICT>00</CONGRESSDISTRICT>
<CONGRESS_DISTRICT_ORG>DC00</CONGRESS_DISTRICT_ORG>
<ORG_UEI_NUM/>
<ORG_LGL_BUS_NAME/>
<ORG_PRNT_UEI_NUM/>
</Institution>
<Performance_Institution>
<Name/>
<CityName/>
<StateCode/>
<ZipCode/>
<StreetAddress/>
<CountryCode/>
<CountryName>RI REQUIRED</CountryName>
<StateName>RI REQUIRED</StateName>
<CountryFlag>0</CountryFlag>
<CONGRESSDISTRICT/>
<CONGRESS_DISTRICT_PERF>""</CONGRESS_DISTRICT_PERF>
</Performance_Institution>
<ProgramElement>
<Code>7572</Code>
<Text>Operation NSF Overseas Offices</Text>
</ProgramElement>
<ProgramReference>
<Code>5921</Code>
<Text>JAPAN</Text>
</ProgramReference>
<ProgramReference>
<Code>5978</Code>
<Text>EAST ASIA AND PACIFIC PROGRAM</Text>
</ProgramReference>
<Appropriation>
<Code>0119</Code>
<Name>NSF RESEARCH &amp; RELATED ACTIVIT</Name>
<APP_SYMB_ID>040100</APP_SYMB_ID>
</Appropriation>
<Fund>
<Code>01001920DB</Code>
<Name><![CDATA[NSF RESEARCH & RELATED ACTIVIT]]></Name>
<FUND_SYMB_ID>040100</FUND_SYMB_ID>
</Fund>
<FUND_OBLG>2019~35000</FUND_OBLG>
</Award>
</rootTag>
