<?xml version="1.0" encoding="UTF-8"?>
<rootTag>
<Award>
<AwardTitle><![CDATA[International Conference on Equivariant Topology and Derived Algebra]]></AwardTitle>
<AGENCY>NSF</AGENCY>
<AwardEffectiveDate>04/01/2019</AwardEffectiveDate>
<AwardExpirationDate>03/31/2020</AwardExpirationDate>
<AwardTotalIntnAmount>20000.00</AwardTotalIntnAmount>
<AwardAmount>20000</AwardAmount>
<AwardInstrument>
<Value>Standard Grant</Value>
</AwardInstrument>
<Organization>
<Code>03040000</Code>
<Directorate>
<Abbreviation>MPS</Abbreviation>
<LongName>Direct For Mathematical &amp; Physical Scien</LongName>
</Directorate>
<Division>
<Abbreviation>DMS</Abbreviation>
<LongName>Division Of Mathematical Sciences</LongName>
</Division>
</Organization>
<ProgramOfficer>
<SignBlockName>Krishnan Shankar</SignBlockName>
<PO_EMAI/>
<PO_PHON/>
</ProgramOfficer>
<AbstractNarration><![CDATA[This project supports the travel and local expenses of early-career US-based mathematicians attending the international conference "Equivariant Topology and Derived Algebra (ETDA)" to be held from July 29 to August 2, 2019 at the Norwegian University of Science and Technology in Trondheim. These mathematical research areas have seen a dramatic expansion in recent years and have attracted increased interest at an international level, especially amongst young researchers, who are taking these fields in new directions. The direct impact of this funding will be to augment the training and career development of approximately twenty junior US researchers, who will gain the opportunity to participate in a major conference in Europe. A secondary impact is to further develop collaboration between emerging research groups in algebraic topology, derived algebra, and derived algebraic geometry in the US and Europe. &lt;br/&gt;&lt;br/&gt;The conference topics are centered on the areas of equivariant stable homotopy theory, derived commutative algebra, and derived algebraic geometry. The conference program features invited talks on all three areas by leading researchers and time for contributed talks, with a focus on young researchers. The conference will be an ideal venue for results and new questions arising from recent research progress to be announced and discussed. It will also provide a place to reinforce the networks of connections between mathematicians and add junior researchers as new nodes. Moreover, the particular topic of equivariant symmetric monoidal structures, together with the derived algebra that realizes those structures, is experiencing rapid development and will be a focal point of the conference talks. The conference website is: https://sites.google.com/view/etda2019/home&lt;br/&gt;&lt;br/&gt;This award reflects NSF's statutory mission and has been deemed worthy of support through evaluation using the Foundation's intellectual merit and broader impacts review criteria.]]></AbstractNarration>
<MinAmdLetterDate>12/21/2018</MinAmdLetterDate>
<MaxAmdLetterDate>12/21/2018</MaxAmdLetterDate>
<ARRAAmount/>
<TRAN_TYPE>Grant</TRAN_TYPE>
<CFDA_NUM>47.049</CFDA_NUM>
<NSF_PAR_USE_FLAG>1</NSF_PAR_USE_FLAG>
<FUND_AGCY_CODE>4900</FUND_AGCY_CODE>
<AWDG_AGCY_CODE>4900</AWDG_AGCY_CODE>
<AwardID>1901120</AwardID>
<Investigator>
<FirstName>Paul</FirstName>
<LastName>Goerss</LastName>
<PI_MID_INIT>G</PI_MID_INIT>
<PI_SUFX_NAME/>
<PI_FULL_NAME>Paul G Goerss</PI_FULL_NAME>
<EmailAddress><![CDATA[pgoerss@math.northwestern.edu]]></EmailAddress>
<NSF_ID>000280871</NSF_ID>
<StartDate>12/21/2018</StartDate>
<EndDate/>
<RoleCode>Co-Principal Investigator</RoleCode>
</Investigator>
<Investigator>
<FirstName>Brooke</FirstName>
<LastName>Shipley</LastName>
<PI_MID_INIT>E</PI_MID_INIT>
<PI_SUFX_NAME/>
<PI_FULL_NAME>Brooke E Shipley</PI_FULL_NAME>
<EmailAddress><![CDATA[shipleyb@uic.edu]]></EmailAddress>
<NSF_ID>000403267</NSF_ID>
<StartDate>12/21/2018</StartDate>
<EndDate/>
<RoleCode>Principal Investigator</RoleCode>
</Investigator>
<Institution>
<Name>University of Illinois at Chicago</Name>
<CityName>CHICAGO</CityName>
<ZipCode>606124305</ZipCode>
<PhoneNumber>3129962862</PhoneNumber>
<StreetAddress>809 S MARSHFIELD AVE M/C 551</StreetAddress>
<StreetAddress2/>
<CountryName>United States</CountryName>
<StateName>Illinois</StateName>
<StateCode>IL</StateCode>
<CONGRESSDISTRICT>07</CONGRESSDISTRICT>
<CONGRESS_DISTRICT_ORG>IL07</CONGRESS_DISTRICT_ORG>
<ORG_UEI_NUM>W8XEAJDKMXH3</ORG_UEI_NUM>
<ORG_LGL_BUS_NAME>UNIVERSITY OF ILLINOIS</ORG_LGL_BUS_NAME>
<ORG_PRNT_UEI_NUM/>
</Institution>
<Performance_Institution>
<Name><![CDATA[University of Illinois at Chicago]]></Name>
<CityName/>
<StateCode>IL</StateCode>
<ZipCode>606124305</ZipCode>
<StreetAddress/>
<CountryCode>US</CountryCode>
<CountryName>United States</CountryName>
<StateName>Illinois</StateName>
<CountryFlag>1</CountryFlag>
<CONGRESSDISTRICT>07</CONGRESSDISTRICT>
<CONGRESS_DISTRICT_PERF>IL07</CONGRESS_DISTRICT_PERF>
</Performance_Institution>
<ProgramElement>
<Code>1267</Code>
<Text>TOPOLOGY</Text>
</ProgramElement>
<ProgramReference>
<Code>7556</Code>
<Text>CONFERENCE AND WORKSHOPS</Text>
</ProgramReference>
<Appropriation>
<Code>0119</Code>
<Name>NSF RESEARCH &amp; RELATED ACTIVIT</Name>
<APP_SYMB_ID>040100</APP_SYMB_ID>
</Appropriation>
<Fund>
<Code>01001920DB</Code>
<Name><![CDATA[NSF RESEARCH & RELATED ACTIVIT]]></Name>
<FUND_SYMB_ID>040100</FUND_SYMB_ID>
</Fund>
<FUND_OBLG>2019~20000</FUND_OBLG>
<POR>
<DRECONTENT><![CDATA[<div class="porColContainerWBG"> <div class="porContentCol"><p>The mathematics conference &ldquo;Equivariant Topology and Derived Algebra&rdquo; took place at Norwegian University of Science and Technology (NTNU), in Trondheim, Norway. This international conference involved over 90 participants, mostly from the United States and several European countries. It began on 29 July 2019 and ended on 2 August 2019.</p> <p>The meeting brought together researchers from commutative algebra and algebraic topology, two areas of mathematics which focus on symmetries. In addition to their interests, participants also shared methods connected the participants; for example, homotopy and homology provide an interface across which the community shared insights useful to others who work on seemingly different problems. The conference was successful in bringing together people who otherwise would not have met. They shared their problems and (sometimes) solutions, and thereby fostered the growth and unity of the community. &nbsp;</p> <p>Intellectual Merit: The conference was a showcase of new and developing mathematics across two related disciplines of mathematics. There were 26 plenary talks and a &ldquo;Gong Show&rdquo;, a session of shorter talks intended to highlight the work of early career mathematicians.</p> <p>Broader Impact: The purpose the grant was to support participation of early career researchers from a broad collection of universities in the United States. The grant supported 19 participants for 12 states. Participation including attending lectures and research collaboration, but also 3 supported participants gave plenary lectures and 4 gave shorter talks.&nbsp;</p> <p>&nbsp;</p><br> <p>            Last Modified: 04/03/2020<br>      Modified by: Paul&nbsp;G&nbsp;Goerss</p> </div> <div class="porSideCol"></div> </div>]]></DRECONTENT>
<POR_COPY_TXT><![CDATA[ The mathematics conference "Equivariant Topology and Derived Algebra" took place at Norwegian University of Science and Technology (NTNU), in Trondheim, Norway. This international conference involved over 90 participants, mostly from the United States and several European countries. It began on 29 July 2019 and ended on 2 August 2019.  The meeting brought together researchers from commutative algebra and algebraic topology, two areas of mathematics which focus on symmetries. In addition to their interests, participants also shared methods connected the participants; for example, homotopy and homology provide an interface across which the community shared insights useful to others who work on seemingly different problems. The conference was successful in bringing together people who otherwise would not have met. They shared their problems and (sometimes) solutions, and thereby fostered the growth and unity of the community.    Intellectual Merit: The conference was a showcase of new and developing mathematics across two related disciplines of mathematics. There were 26 plenary talks and a "Gong Show", a session of shorter talks intended to highlight the work of early career mathematicians.  Broader Impact: The purpose the grant was to support participation of early career researchers from a broad collection of universities in the United States. The grant supported 19 participants for 12 states. Participation including attending lectures and research collaboration, but also 3 supported participants gave plenary lectures and 4 gave shorter talks.           Last Modified: 04/03/2020       Submitted by: Paul G Goerss]]></POR_COPY_TXT>
</POR>
</Award>
</rootTag>
