<?xml version="1.0" encoding="UTF-8"?>
<rootTag>
<Award>
<AwardTitle><![CDATA[RAPID/Collaborative Research: Defining a Performance Measurement Framework for Spontaneous Volunteer Management Systems in Post-Disaster Relief]]></AwardTitle>
<AGENCY>NSF</AGENCY>
<AwardEffectiveDate>11/01/2018</AwardEffectiveDate>
<AwardExpirationDate>10/31/2022</AwardExpirationDate>
<AwardTotalIntnAmount>20792.00</AwardTotalIntnAmount>
<AwardAmount>20792</AwardAmount>
<AwardInstrument>
<Value>Standard Grant</Value>
</AwardInstrument>
<Organization>
<Code>07030000</Code>
<Directorate>
<Abbreviation>ENG</Abbreviation>
<LongName>Directorate For Engineering</LongName>
</Directorate>
<Division>
<Abbreviation>CMMI</Abbreviation>
<LongName>Div Of Civil, Mechanical, &amp; Manufact Inn</LongName>
</Division>
</Organization>
<ProgramOfficer>
<SignBlockName>Daan Liang</SignBlockName>
<PO_EMAI>dliang@nsf.gov</PO_EMAI>
<PO_PHON>7032922441</PO_PHON>
</ProgramOfficer>
<AbstractNarration><![CDATA[Disasters such as Hurricane Florence attract lay citizens who quickly mobilize in search of opportunities to contribute to the relief efforts. Individuals who are not affiliated with relief agencies prior to the disaster have been label 'spontaneous volunteers'. Spontaneous volunteers represent a tremendous asset and make valuable contributions towards relief efforts; however, they may also represent a potential source of substantial risk and uncertainty. These volunteers interact with beneficiaries, trained and affiliated volunteers, emergency management officials, and nonprofit organizations.  While managing spontaneous volunteers is challenging, it is worth finding ways to effectively integrate them into the formal emergency management infrastructure.  To do this we must understand what it means to be successful in the response effort. This Rapid Response Research (RAPID) project develops appropriate performance indicators that can be used to evaluate the effectiveness of volunteer management systems currently in practice. The results will improve practical management principles aimed at successfully incorporating spontaneous volunteers into organized relief efforts. This project provides an opportunity for experiential learning for students in emergency management, operations management, and industrial engineering. This scientific research contribution thus supports NSF's mission to promote the progress of science and to advance our national welfare. In this case, the benefits will be insights to improve volunteer management post-disasters which can save lives and reduce economic losses. &lt;br/&gt;&lt;br/&gt;This RAPID project collects data from volunteers in two cities in North Carolina during the response and recovery phases associated with Hurricane Florence. The collected data will support: (1) the development of key performance indicators associated with volunteer management systems, (2) insights into how well organizations perform based on these metrics during the ongoing relief efforts, and (3) an analysis of the decision making process of volunteer managers and their impact on performance. The team will collect both primary and secondary data. Primary data include semi-structured interviews and observations. Semi-structured interviews will be carried out with spontaneous volunteers, volunteer managers or coordinators of both local agencies and large relief organizations, and beneficiaries. Secondary data refers to data collected by relief organizations in the aftermath of a disaster such as volunteer logs (arrival and departure times), times between customer arrivals (requests for help); and geographic, temporal, and modal variation in volunteer arrivals; documents and newspaper articles.&lt;br/&gt;&lt;br/&gt;This award reflects NSF's statutory mission and has been deemed worthy of support through evaluation using the Foundation's intellectual merit and broader impacts review criteria.]]></AbstractNarration>
<MinAmdLetterDate>10/29/2018</MinAmdLetterDate>
<MaxAmdLetterDate>11/01/2021</MaxAmdLetterDate>
<ARRAAmount/>
<TRAN_TYPE>Grant</TRAN_TYPE>
<CFDA_NUM>47.041</CFDA_NUM>
<NSF_PAR_USE_FLAG>1</NSF_PAR_USE_FLAG>
<FUND_AGCY_CODE>4900</FUND_AGCY_CODE>
<AWDG_AGCY_CODE>4900</AWDG_AGCY_CODE>
<AwardID>1901700</AwardID>
<Investigator>
<FirstName>Lucia</FirstName>
<LastName>Velotti</LastName>
<PI_MID_INIT/>
<PI_SUFX_NAME/>
<PI_FULL_NAME>Lucia Velotti</PI_FULL_NAME>
<EmailAddress><![CDATA[lvelotti@jjay.cuny.edu]]></EmailAddress>
<NSF_ID>000757492</NSF_ID>
<StartDate>10/29/2018</StartDate>
<EndDate/>
<RoleCode>Principal Investigator</RoleCode>
</Investigator>
<Institution>
<Name><![CDATA[CUNY John Jay College of Criminal Justice]]></Name>
<CityName>NEW YORK</CityName>
<ZipCode>100191007</ZipCode>
<PhoneNumber>2122378449</PhoneNumber>
<StreetAddress><![CDATA[524 W 59TH ST]]></StreetAddress>
<StreetAddress2/>
<CountryName>United States</CountryName>
<StateName>New York</StateName>
<StateCode>NY</StateCode>
<CONGRESSDISTRICT>12</CONGRESSDISTRICT>
<CONGRESS_DISTRICT_ORG>NY12</CONGRESS_DISTRICT_ORG>
<ORG_UEI_NUM>NGK8GHNABTB8</ORG_UEI_NUM>
<ORG_LGL_BUS_NAME>RESEARCH FOUNDATION OF THE CITY UNIVERSITY OF NEW YORK</ORG_LGL_BUS_NAME>
<ORG_PRNT_UEI_NUM/>
</Institution>
<Performance_Institution>
<Name><![CDATA[CUNY John Jay College of Criminal Justice]]></Name>
<CityName>New York</CityName>
<StateCode>NY</StateCode>
<ZipCode>100191069</ZipCode>
<StreetAddress><![CDATA[524 West 59th Street]]></StreetAddress>
<CountryCode>US</CountryCode>
<CountryName>United States</CountryName>
<StateName>New York</StateName>
<CountryFlag>1</CountryFlag>
<CONGRESSDISTRICT>12</CONGRESSDISTRICT>
<CONGRESS_DISTRICT_PERF>NY12</CONGRESS_DISTRICT_PERF>
</Performance_Institution>
<ProgramElement>
<Code>1638</Code>
<Text>HDBE-Humans, Disasters, and th</Text>
</ProgramElement>
<ProgramReference>
<Code>041E</Code>
<Text>HAZARD AND DISASTER REDUCTION</Text>
</ProgramReference>
<ProgramReference>
<Code>042E</Code>
<Text>HAZARD AND DISASTER RESPONSE</Text>
</ProgramReference>
<ProgramReference>
<Code>080Z</Code>
<Text>Research related to Hurricane Florence</Text>
</ProgramReference>
<ProgramReference>
<Code>7914</Code>
<Text>RAPID</Text>
</ProgramReference>
<ProgramReference>
<Code>9102</Code>
<Text>WOMEN, MINORITY, DISABLED, NEC</Text>
</ProgramReference>
<ProgramReference>
<Code>9178</Code>
<Text>UNDERGRADUATE EDUCATION</Text>
</ProgramReference>
<Appropriation>
<Code>0119</Code>
<Name>NSF RESEARCH &amp; RELATED ACTIVIT</Name>
<APP_SYMB_ID>040100</APP_SYMB_ID>
</Appropriation>
<Fund>
<Code>01001920DB</Code>
<Name><![CDATA[NSF RESEARCH & RELATED ACTIVIT]]></Name>
<FUND_SYMB_ID>040100</FUND_SYMB_ID>
</Fund>
<FUND_OBLG>2019~20792</FUND_OBLG>
<POR>
<DRECONTENT><![CDATA[<div class="porColContainerWBG"> <div class="porContentCol"><p><span id="docs-internal-guid-60a4bfd9-7fff-e1bb-3e2d-dd4fbf25ccd8"> </span></p> <p dir="ltr"><span>During the aftermath of Hurricane Florence in 2018, the outpouring of support for the affected communities was tremendous. Citizens from all over the United States traveled to North Carolina looking for ways to help fellow Americans in any way they could. With the increasing frequency of ?hundred year? events such as Hurricane Florence, more and more people in the United States and worldwide are likely to find themselves in need of assistance as a result of natural disasters. Therefore it is important for government, nongovernment, and business organizations to have collective, coordinated, and flexible disaster responses plans in place.</span></p> <p dir="ltr"><span>The integration of spontaneous volunteers into organized relief efforts represents a critical aspect of managing post-disaster relief operations. Motivated by compassion, curiosity, and a host of other factors, spontaneous volunteers often self-deploy and converge to affected areas in such large numbers that makes it difficult for official responders to manage them. Thus emergency managers must be deliberate in their plans for incorporating spontaneous volunteers into organized relief efforts in order for the response to be successful.</span></p> <p dir="ltr"><span>This project is motivated by the following question: What exactly is a successful or effective response? The answer depends on the role of the person asked as it relates to the overall response operation. As such, the main goal of this study is to gain insight into how stakeholders with different perspectives interpret success in terms of post-disaster response. The perspectives considered in this study are that of spontaneous volunteers, volunteer managers, and the beneficiaries they serve. We engage these stakeholders by serving as spontaneous volunteers during relief efforts that followed three different disaster events: Hurricane Florence in North Carolina, a tornado in Alabama, and a tornado in Mississippi.</span></p> <p><strong>Intellectual merit:</strong></p> <p>The project has shed light on key perfromance indicators from the perspective of volunteer coordinators and volunteers. In addition, the project contributed to understand to identify volunteer managers decisions and their unintended consequences.</p> <p><strong>Broader Impacts:</strong></p> <p>The project through the field work trip provided real-world problem-solving experience to the next-generation of minority students and scholars in hazards mitigation and disaster research and assisted in the reduction of vulnerability among racial and ethnic minority community. Findings from this research have been integrated within emergency management courses to highlight the challenges and opportunities provided by volunteers in post disaster relief and also to discuss the impacts of material convergence/donations on response and recovery. Thus, the study also contributes to enhancing participation and to diversify the hazards and disaster field, this is amplified especially when considering that John Jay College is both a Minority serving and a Hispanic Serving Institution. All these efforts should lead students to enter careers related to hazards mitigation and disaster management.</p> <p>The multidisciplinary cross fertilization with the field of operation management and engineering contributes to the solving of complex problems while avoiding duplication of efforts and approaching problems from different perspectives.</p> <p>Deepening our understanding of how spontaneous and affiliated volunteers join the post- disaster relief, how they are managed by more or less formalized organizations, what kind of impact they produce and how they can be better integrated into formal response process contributes to the shortening of response and therefore recovery operations.&nbsp;</p> <p>&nbsp;</p> <p><strong>Summary of the outcomes</strong></p> <p>This project has expanded educational opportunities by providing&nbsp; transdisciplinary service learning experiences for affiliated student researchers, and by incorporating elements of this study into emergency management courses taught by the Principal Investigator.&nbsp;</p> <p>The project&nbsp;involved nine student researchers, eight of whom were individuals historically underrepresented in Science, Technology, Engineering, and Mathematics (STEM) disciplines:&nbsp; seven women (two of whom were graduate students), one African American undergraduate student, and one Hispanic undergraduate student.</p> <p>The collabiartive effort shed light&nbsp;&nbsp;on key perfromance indicators from the perspective of volunteer coordinators and volunteers. In addition, the project contributed to understand to&nbsp;identify volunteer managers decisions and their unintended consequences.</p> <p>&nbsp;</p><br> <p>            Last Modified: 03/02/2023<br>      Modified by: Lucia&nbsp;Velotti</p> </div> <div class="porSideCol"></div> </div>]]></DRECONTENT>
<POR_COPY_TXT><![CDATA[   During the aftermath of Hurricane Florence in 2018, the outpouring of support for the affected communities was tremendous. Citizens from all over the United States traveled to North Carolina looking for ways to help fellow Americans in any way they could. With the increasing frequency of ?hundred year? events such as Hurricane Florence, more and more people in the United States and worldwide are likely to find themselves in need of assistance as a result of natural disasters. Therefore it is important for government, nongovernment, and business organizations to have collective, coordinated, and flexible disaster responses plans in place. The integration of spontaneous volunteers into organized relief efforts represents a critical aspect of managing post-disaster relief operations. Motivated by compassion, curiosity, and a host of other factors, spontaneous volunteers often self-deploy and converge to affected areas in such large numbers that makes it difficult for official responders to manage them. Thus emergency managers must be deliberate in their plans for incorporating spontaneous volunteers into organized relief efforts in order for the response to be successful. This project is motivated by the following question: What exactly is a successful or effective response? The answer depends on the role of the person asked as it relates to the overall response operation. As such, the main goal of this study is to gain insight into how stakeholders with different perspectives interpret success in terms of post-disaster response. The perspectives considered in this study are that of spontaneous volunteers, volunteer managers, and the beneficiaries they serve. We engage these stakeholders by serving as spontaneous volunteers during relief efforts that followed three different disaster events: Hurricane Florence in North Carolina, a tornado in Alabama, and a tornado in Mississippi.  Intellectual merit:  The project has shed light on key perfromance indicators from the perspective of volunteer coordinators and volunteers. In addition, the project contributed to understand to identify volunteer managers decisions and their unintended consequences.  Broader Impacts:  The project through the field work trip provided real-world problem-solving experience to the next-generation of minority students and scholars in hazards mitigation and disaster research and assisted in the reduction of vulnerability among racial and ethnic minority community. Findings from this research have been integrated within emergency management courses to highlight the challenges and opportunities provided by volunteers in post disaster relief and also to discuss the impacts of material convergence/donations on response and recovery. Thus, the study also contributes to enhancing participation and to diversify the hazards and disaster field, this is amplified especially when considering that John Jay College is both a Minority serving and a Hispanic Serving Institution. All these efforts should lead students to enter careers related to hazards mitigation and disaster management.  The multidisciplinary cross fertilization with the field of operation management and engineering contributes to the solving of complex problems while avoiding duplication of efforts and approaching problems from different perspectives.  Deepening our understanding of how spontaneous and affiliated volunteers join the post- disaster relief, how they are managed by more or less formalized organizations, what kind of impact they produce and how they can be better integrated into formal response process contributes to the shortening of response and therefore recovery operations.      Summary of the outcomes  This project has expanded educational opportunities by providing  transdisciplinary service learning experiences for affiliated student researchers, and by incorporating elements of this study into emergency management courses taught by the Principal Investigator.   The project involved nine student researchers, eight of whom were individuals historically underrepresented in Science, Technology, Engineering, and Mathematics (STEM) disciplines:  seven women (two of whom were graduate students), one African American undergraduate student, and one Hispanic undergraduate student.  The collabiartive effort shed light  on key perfromance indicators from the perspective of volunteer coordinators and volunteers. In addition, the project contributed to understand to identify volunteer managers decisions and their unintended consequences.          Last Modified: 03/02/2023       Submitted by: Lucia Velotti]]></POR_COPY_TXT>
</POR>
</Award>
</rootTag>
