<?xml version="1.0" encoding="UTF-8"?>
<rootTag>
<Award>
<AwardTitle><![CDATA[CNS Core:Medium:Collaborative Research:Towards Enabling Optimal Performance-Cost Tradeoffs in Distributed Storage]]></AwardTitle>
<AGENCY>NSF</AGENCY>
<AwardEffectiveDate>10/01/2019</AwardEffectiveDate>
<AwardExpirationDate>09/30/2023</AwardExpirationDate>
<AwardTotalIntnAmount>421352.00</AwardTotalIntnAmount>
<AwardAmount>421352</AwardAmount>
<AwardInstrument>
<Value>Continuing Grant</Value>
</AwardInstrument>
<Organization>
<Code>05050000</Code>
<Directorate>
<Abbreviation>CSE</Abbreviation>
<LongName>Direct For Computer &amp; Info Scie &amp; Enginr</LongName>
</Directorate>
<Division>
<Abbreviation>CNS</Abbreviation>
<LongName>Division Of Computer and Network Systems</LongName>
</Division>
</Organization>
<ProgramOfficer>
<SignBlockName>Daniela Oliveira</SignBlockName>
<PO_EMAI>doliveir@nsf.gov</PO_EMAI>
<PO_PHON>7032924352</PO_PHON>
</ProgramOfficer>
<AbstractNarration><![CDATA[Modern Internet services aim to be always available and provide low latency responses. Typically, this is achieved by storing data on multiple sites close to the end-users. Such an arrangement imposes a fundamental trade-off between response times for read and write requests to storage systems and data storage/transfer costs. Existing distributed storage solutions for addressing this trade-off may result in sub-optimal outcomes. First, realizing different performance-vs-cost trade-offs today requires using radically different solutions with little choice in between. Also, many trade-off points that appear theoretically feasible are currently unachievable in practice. This research project aims to design and build a distributed storage solution that offers a single design to realize a wide range of feasible latency-cost trade-offs.&lt;br/&gt;&lt;br/&gt;The overarching goal of this project is to design next-generation distributed storage solutions (1) that can be configured to achieve all feasible performance-cost trade-offs on mutable data, and (2) that enables a significant portion of the theoretically feasible trade-off space that is currently unachievable. Specifically, the project involves overcoming the following key challenges: (1) Seamless support for low latency and low cost; (2) Ensuring high performance across widely varying network latency domains and object sizes; and (3) Efficiently maintaining consistency in erasure-coded data. This will allow application developers to select from all feasible points in the trade-off space, using replication or erasure coding, without having to redesign their services.&lt;br/&gt;&lt;br/&gt;By making a broader region of the trade-off space accessible to cloud service providers, this project will help reduce the price of cloud storage for end users. Additionally, lowering achievable latency bounds enables new, low-cost, geo-distributed services and applications that are interactive and collaborative. The researchers will work with industry partners to apply the outcomes from this project in practice, and leverage the results from this project in classes they teach. Research exposure for undergraduate students will be promoted through research internships. The researchers plan to build upon several already-established outreach activities to help improve diversity of the student population in computer science.&lt;br/&gt;&lt;br/&gt;The results from the research project, including software, will be made available at: github.com/cns1901410.&lt;br/&gt;&lt;br/&gt;This award reflects NSF's statutory mission and has been deemed worthy of support through evaluation using the Foundation's intellectual merit and broader impacts review criteria.]]></AbstractNarration>
<MinAmdLetterDate>07/21/2019</MinAmdLetterDate>
<MaxAmdLetterDate>09/20/2021</MaxAmdLetterDate>
<ARRAAmount/>
<TRAN_TYPE>Grant</TRAN_TYPE>
<CFDA_NUM>47.070</CFDA_NUM>
<NSF_PAR_USE_FLAG>1</NSF_PAR_USE_FLAG>
<FUND_AGCY_CODE>4900</FUND_AGCY_CODE>
<AWDG_AGCY_CODE>4900</AWDG_AGCY_CODE>
<AwardID>1901410</AwardID>
<Investigator>
<FirstName>Rashmi</FirstName>
<LastName>Vinayak</LastName>
<PI_MID_INIT/>
<PI_SUFX_NAME/>
<PI_FULL_NAME>Rashmi Vinayak</PI_FULL_NAME>
<EmailAddress><![CDATA[rvinayak@cs.cmu.edu]]></EmailAddress>
<NSF_ID>000754726</NSF_ID>
<StartDate>07/21/2019</StartDate>
<EndDate/>
<RoleCode>Principal Investigator</RoleCode>
</Investigator>
<Institution>
<Name>Carnegie-Mellon University</Name>
<CityName>PITTSBURGH</CityName>
<ZipCode>152133815</ZipCode>
<PhoneNumber>4122688746</PhoneNumber>
<StreetAddress>5000 FORBES AVE</StreetAddress>
<StreetAddress2/>
<CountryName>United States</CountryName>
<StateName>Pennsylvania</StateName>
<StateCode>PA</StateCode>
<CONGRESSDISTRICT>12</CONGRESSDISTRICT>
<CONGRESS_DISTRICT_ORG>PA12</CONGRESS_DISTRICT_ORG>
<ORG_UEI_NUM>U3NKNFLNQ613</ORG_UEI_NUM>
<ORG_LGL_BUS_NAME>CARNEGIE MELLON UNIVERSITY</ORG_LGL_BUS_NAME>
<ORG_PRNT_UEI_NUM>U3NKNFLNQ613</ORG_PRNT_UEI_NUM>
</Institution>
<Performance_Institution>
<Name><![CDATA[Carnegie Mellon University]]></Name>
<CityName>Pittsburgh</CityName>
<StateCode>PA</StateCode>
<ZipCode>152133890</ZipCode>
<StreetAddress><![CDATA[5000 Forbes Avenue]]></StreetAddress>
<CountryCode>US</CountryCode>
<CountryName>United States</CountryName>
<StateName>Pennsylvania</StateName>
<CountryFlag>1</CountryFlag>
<CONGRESSDISTRICT>12</CONGRESSDISTRICT>
<CONGRESS_DISTRICT_PERF>PA12</CONGRESS_DISTRICT_PERF>
</Performance_Institution>
<ProgramElement>
<Code>7354</Code>
<Text>CSR-Computer Systems Research</Text>
</ProgramElement>
<ProgramReference>
<Code>7924</Code>
<Text>MEDIUM PROJECT</Text>
</ProgramReference>
<Appropriation>
<Code>0119</Code>
<Name>NSF RESEARCH &amp; RELATED ACTIVIT</Name>
<APP_SYMB_ID>040100</APP_SYMB_ID>
</Appropriation>
<Appropriation>
<Code>0120</Code>
<Name>NSF RESEARCH &amp; RELATED ACTIVIT</Name>
<APP_SYMB_ID>040100</APP_SYMB_ID>
</Appropriation>
<Appropriation>
<Code>0121</Code>
<Name>NSF RESEARCH &amp; RELATED ACTIVIT</Name>
<APP_SYMB_ID>040100</APP_SYMB_ID>
</Appropriation>
<Fund>
<Code>01001920DB</Code>
<Name><![CDATA[NSF RESEARCH & RELATED ACTIVIT]]></Name>
<FUND_SYMB_ID>040100</FUND_SYMB_ID>
</Fund>
<Fund>
<Code>01002021DB</Code>
<Name><![CDATA[NSF RESEARCH & RELATED ACTIVIT]]></Name>
<FUND_SYMB_ID>040100</FUND_SYMB_ID>
</Fund>
<Fund>
<Code>01002122DB</Code>
<Name><![CDATA[NSF RESEARCH & RELATED ACTIVIT]]></Name>
<FUND_SYMB_ID>040100</FUND_SYMB_ID>
</Fund>
<FUND_OBLG>2019~136149</FUND_OBLG>
<FUND_OBLG>2020~140490</FUND_OBLG>
<FUND_OBLG>2021~144713</FUND_OBLG>
<POR>
<DRECONTENT><![CDATA[<div class="porColContainerWBG"> <div class="porContentCol"><p><span id="docs-internal-guid-d55e8f28-7fff-9c5e-ad69-ffbf77689d60"> </span></p> <p dir="ltr"><span>Globally deployed web services replicate data across data centers in many locations for fault-tolerance and low latency. When executing reads and writes on such geo-replicated data without sacrificing consistency, one has to necessarily trade off latency versus dollar cost (for both storage and bandwidth) and read versus write latency. Many prior efforts have addressed these tradeoffs either by enabling low read/write latencies given a certain number of replicas or by reducing the cost necessary to satisfy latency bounds.</span></p> <p>&nbsp;</p> <p dir="ltr"><span>Instead of designing yet another point solution to improve upon the tradeoffs enabled by existing solutions, our work in this project has resulted in a new perspective for designing geo-distributed storage. First, we have quantified the theoretical lower bound in the three dimensional read latency-write latency-storage overhead tradeoff space, which is fundamentally impossible to improve upon. This lower bound can serve as a yardstick using which all future designs for geo-distributed storage can be evaluated. Second, for a simple storage interface (GETs and conditional-PUTs), we showed that it is indeed feasible to come close to the lower bound. The key is to exploit erasure coding of data across data centers, not just replication, and to rethink how to achieve consensus across the wide-area. Third, by analyzing various access patterns, we showed that using traditional Reed-Solomon codes is suboptimal in update cost. Our results show that it is possible to achieve significant savings in update cost and storage overhead by tailoring the design of codes to the required access sets. We formulated a new theoretical framework to study codes where only certain subsets of nodes (named access sets) are required to satisfy decodability.&nbsp;</span></p> <p>&nbsp;</p> <p dir="ltr"><span>On the datacenter front, we showed that erasure-coding over existing SmartNIC solutions can be practical in the context of resilient remote cluster memory. This reaffirms recent findings by other researchers in the area about the viability of SmartNICs to improve performance and reduce CPU consumption in datacenters.</span></p> <p>&nbsp;</p> <p dir="ltr"><span>The net result is that, by making a broader region of the cost versus performance tradeoff space accessible to cloud service providers, our work will help reduce the price of cloud storage for end users. Additionally, it will enable a new class of applications (e.g., collaborative virtual and augmented reality services that need low-latency mutability) to benefit from the previously inaccessible tradeoffs.</span></p> <p><br /><br /></p> <p dir="ltr"><span>The outcomes of our work in this project were published in papers at many top-tier conferences such as NSDI, OSDI, FAST, ISIT, etc. The PIs also disseminated the results from the project via talks to both industry practitioners and academic researchers, and by open-sourcing research artifacts.</span></p> <p>&nbsp;</p> <p dir="ltr"><span>Our research in this project was included in three completed PhD dissertations. All of those students gained valuable expertise in the areas of distributed systems and coding theory, and their experience helped them land jobs at Google, Meta, and Amazon Web Services after graduation. The PIs incorporated material from this project into courses at both Michigan and CMU, and talks at outreach events.</span></p> <div><span><br /></span></div> <p>&nbsp;</p> <p>&nbsp;</p><br> <p>  Last Modified: 01/12/2024<br> Modified by: Rashmi&nbsp;Vinayak</p></div> <div class="porSideCol" ></div> </div>]]></DRECONTENT>
<POR_COPY_TXT><![CDATA[      Globally deployed web services replicate data across data centers in many locations for fault-tolerance and low latency. When executing reads and writes on such geo-replicated data without sacrificing consistency, one has to necessarily trade off latency versus dollar cost (for both storage and bandwidth) and read versus write latency. Many prior efforts have addressed these tradeoffs either by enabling low read/write latencies given a certain number of replicas or by reducing the cost necessary to satisfy latency bounds.      Instead of designing yet another point solution to improve upon the tradeoffs enabled by existing solutions, our work in this project has resulted in a new perspective for designing geo-distributed storage. First, we have quantified the theoretical lower bound in the three dimensional read latency-write latency-storage overhead tradeoff space, which is fundamentally impossible to improve upon. This lower bound can serve as a yardstick using which all future designs for geo-distributed storage can be evaluated. Second, for a simple storage interface (GETs and conditional-PUTs), we showed that it is indeed feasible to come close to the lower bound. The key is to exploit erasure coding of data across data centers, not just replication, and to rethink how to achieve consensus across the wide-area. Third, by analyzing various access patterns, we showed that using traditional Reed-Solomon codes is suboptimal in update cost. Our results show that it is possible to achieve significant savings in update cost and storage overhead by tailoring the design of codes to the required access sets. We formulated a new theoretical framework to study codes where only certain subsets of nodes (named access sets) are required to satisfy decodability.      On the datacenter front, we showed that erasure-coding over existing SmartNIC solutions can be practical in the context of resilient remote cluster memory. This reaffirms recent findings by other researchers in the area about the viability of SmartNICs to improve performance and reduce CPU consumption in datacenters.      The net result is that, by making a broader region of the cost versus performance tradeoff space accessible to cloud service providers, our work will help reduce the price of cloud storage for end users. Additionally, it will enable a new class of applications (e.g., collaborative virtual and augmented reality services that need low-latency mutability) to benefit from the previously inaccessible tradeoffs.        The outcomes of our work in this project were published in papers at many top-tier conferences such as NSDI, OSDI, FAST, ISIT, etc. The PIs also disseminated the results from the project via talks to both industry practitioners and academic researchers, and by open-sourcing research artifacts.      Our research in this project was included in three completed PhD dissertations. All of those students gained valuable expertise in the areas of distributed systems and coding theory, and their experience helped them land jobs at Google, Meta, and Amazon Web Services after graduation. The PIs incorporated material from this project into courses at both Michigan and CMU, and talks at outreach events.             Last Modified: 01/12/2024       Submitted by: RashmiVinayak]]></POR_COPY_TXT>
</POR>
</Award>
</rootTag>
