<?xml version="1.0" encoding="UTF-8"?>
<rootTag>
<Award>
<AwardTitle><![CDATA[III: Medium: Collaborative Research: Multi-level computational approaches to protein function prediction]]></AwardTitle>
<AGENCY>NSF</AGENCY>
<AwardEffectiveDate>08/01/2019</AwardEffectiveDate>
<AwardExpirationDate>07/31/2023</AwardExpirationDate>
<AwardTotalIntnAmount>816744.00</AwardTotalIntnAmount>
<AwardAmount>816744</AwardAmount>
<AwardInstrument>
<Value>Continuing Grant</Value>
</AwardInstrument>
<Organization>
<Code>05020000</Code>
<Directorate>
<Abbreviation>CSE</Abbreviation>
<LongName>Direct For Computer &amp; Info Scie &amp; Enginr</LongName>
</Directorate>
<Division>
<Abbreviation>IIS</Abbreviation>
<LongName>Div Of Information &amp; Intelligent Systems</LongName>
</Division>
</Organization>
<ProgramOfficer>
<SignBlockName>Sylvia Spengler</SignBlockName>
<PO_EMAI>sspengle@nsf.gov</PO_EMAI>
<PO_PHON>7032927347</PO_PHON>
</ProgramOfficer>
<AbstractNarration><![CDATA[Proteins are the workhorse molecules of life which participate in nearly every activity of cellular processes, including signal transduction, enzyme catalysis, structural support, bodily movement, and defense against pathogens. Interpretation of specific functional roles that each protein molecule plays in cell is thus critical for us to understand the fundamental principles of the biological processes and to design new drug treatments to regulate the processes for improving human health. The task is however highly non-trivial in modern molecular biology studies. The most accurate method to interpret protein biological functions is through structural biology and biochemistry experiments. But the cost of the experimental studies is high, and the process is too slow for large-scale application due to the involvement of manual skill and data processing. As a result, the majority of proteins in human and other important species remain unknown despite decades of efforts. The lack of genome-wide protein function information has significantly impeded the progress of system biology studies aiming at a comprehensive understanding of the life process. In this project, the investigators plan to develop advanced computational methods for automatic and yet reliable protein function annotations. The developed methods and databases will be freely released to the scientific community, which can be used for large-scale and genome-wide protein function annotation studies. The project will also provide opportunities to promote participations of underrepresented groups, including women and African Americans, in computational biology education and method developments.&lt;br/&gt;&lt;br/&gt;Built on the assumption that similar sequences have similar function, a routine approach to computational protein function annotations is comparative modeling, which deduces functions of target proteins from known homologous proteins. However, the accuracy and coverage of the approach are limited due to the diversity of gene evolution. Significant progress has been recently achieved in protein 3D structure prediction and the state-of-the-art algorithms can generate high-quality structures for distant-homology proteins with an unprecedented capacity. This project seeks to explore various new ideas to enhance the accuracy of distant-homology protein function annotations by using 3D models from the cutting-edge protein structure predictions, with a focus on ligand-protein binding interactions, gene ontology and post-translational modifications. Meanwhile, thermal motion and intrinsic disordering of protein structures are integrated in the pipelines for better function annotations. While the proposed approaches do not expect to address all the fundamental issues, like the first-principle methods, as of how and why proteins fold and function, the success of the studies should help establish a practical knowledge-based relation of structure and function that can be used for genome-scale applications with models useful for guiding new experimental design, and thus significantly enhance the impact of protein structure modeling on biological studies.&lt;br/&gt;&lt;br/&gt;This award reflects NSF's statutory mission and has been deemed worthy of support through evaluation using the Foundation's intellectual merit and broader impacts review criteria.]]></AbstractNarration>
<MinAmdLetterDate>07/26/2019</MinAmdLetterDate>
<MaxAmdLetterDate>04/19/2022</MaxAmdLetterDate>
<ARRAAmount/>
<TRAN_TYPE>Grant</TRAN_TYPE>
<CFDA_NUM>47.070</CFDA_NUM>
<NSF_PAR_USE_FLAG>1</NSF_PAR_USE_FLAG>
<FUND_AGCY_CODE>4900</FUND_AGCY_CODE>
<AWDG_AGCY_CODE>4900</AWDG_AGCY_CODE>
<AwardID>1901191</AwardID>
<Investigator>
<FirstName>Brian</FirstName>
<LastName>Athey</LastName>
<PI_MID_INIT>D</PI_MID_INIT>
<PI_SUFX_NAME/>
<PI_FULL_NAME>Brian D Athey</PI_FULL_NAME>
<EmailAddress><![CDATA[bleu@umich.edu]]></EmailAddress>
<NSF_ID>000323762</NSF_ID>
<StartDate>04/19/2022</StartDate>
<EndDate/>
<RoleCode>Principal Investigator</RoleCode>
</Investigator>
<Investigator>
<FirstName>Yang</FirstName>
<LastName>Zhang</LastName>
<PI_MID_INIT/>
<PI_SUFX_NAME/>
<PI_FULL_NAME>Yang Zhang</PI_FULL_NAME>
<EmailAddress><![CDATA[zhng@umich.edu]]></EmailAddress>
<NSF_ID>000397980</NSF_ID>
<StartDate>07/26/2019</StartDate>
<EndDate>04/19/2022</EndDate>
<RoleCode>Former Principal Investigator</RoleCode>
</Investigator>
<Institution>
<Name>Regents of the University of Michigan - Ann Arbor</Name>
<CityName>ANN ARBOR</CityName>
<ZipCode>481091079</ZipCode>
<PhoneNumber>7347636438</PhoneNumber>
<StreetAddress>1109 GEDDES AVE, SUITE 3300</StreetAddress>
<StreetAddress2/>
<CountryName>United States</CountryName>
<StateName>Michigan</StateName>
<StateCode>MI</StateCode>
<CONGRESSDISTRICT>06</CONGRESSDISTRICT>
<CONGRESS_DISTRICT_ORG>MI06</CONGRESS_DISTRICT_ORG>
<ORG_UEI_NUM>GNJ7BBP73WE9</ORG_UEI_NUM>
<ORG_LGL_BUS_NAME>REGENTS OF THE UNIVERSITY OF MICHIGAN</ORG_LGL_BUS_NAME>
<ORG_PRNT_UEI_NUM/>
</Institution>
<Performance_Institution>
<Name><![CDATA[University of Michigan Ann Arbor]]></Name>
<CityName/>
<StateCode>MI</StateCode>
<ZipCode>481091274</ZipCode>
<StreetAddress/>
<CountryCode>US</CountryCode>
<CountryName>United States</CountryName>
<StateName>Michigan</StateName>
<CountryFlag>1</CountryFlag>
<CONGRESSDISTRICT>06</CONGRESSDISTRICT>
<CONGRESS_DISTRICT_PERF>MI06</CONGRESS_DISTRICT_PERF>
</Performance_Institution>
<ProgramElement>
<Code>7364</Code>
<Text>Info Integration &amp; Informatics</Text>
</ProgramElement>
<ProgramReference>
<Code>7364</Code>
<Text>INFO INTEGRATION &amp; INFORMATICS</Text>
</ProgramReference>
<ProgramReference>
<Code>7367</Code>
<Text>Cyber-Human Systems</Text>
</ProgramReference>
<ProgramReference>
<Code>7924</Code>
<Text>MEDIUM PROJECT</Text>
</ProgramReference>
<Appropriation>
<Code>0119</Code>
<Name>NSF RESEARCH &amp; RELATED ACTIVIT</Name>
<APP_SYMB_ID>040100</APP_SYMB_ID>
</Appropriation>
<Appropriation>
<Code>0120</Code>
<Name>NSF RESEARCH &amp; RELATED ACTIVIT</Name>
<APP_SYMB_ID>040100</APP_SYMB_ID>
</Appropriation>
<Fund>
<Code>01001920DB</Code>
<Name><![CDATA[NSF RESEARCH & RELATED ACTIVIT]]></Name>
<FUND_SYMB_ID>040100</FUND_SYMB_ID>
</Fund>
<Fund>
<Code>01002021DB</Code>
<Name><![CDATA[NSF RESEARCH & RELATED ACTIVIT]]></Name>
<FUND_SYMB_ID>040100</FUND_SYMB_ID>
</Fund>
<FUND_OBLG>2019~609586</FUND_OBLG>
<FUND_OBLG>2020~207158</FUND_OBLG>
<POR>
<DRECONTENT><![CDATA[<div class="porColContainerWBG"> <div class="porContentCol"><p>Knowing protein structures is important because it helps us identify new drug targets and also new proteins of potential industrial and biomedical interest. As the experiments to determine structures are often very expensive and time consuming, it would be massively beneficial to have reliable methods to predict protein structures and functions using computers. However, structure prediction for many proteins remains challenging, and many labs around the world are working to develop improved methods for solving this problem. We developed a suite of tools that expand the ability of scientists to predict protein structure and function, as well as how proteins interact with each other, with unprecedented performance. In the process, we won several categories in a recent global competition called CASP15 on protein structure prediction. In addition, we have considered the problem of modifications to proteins (referred to as &lsquo;post-translational modifications&rsquo;), which are often made by cells to help them specialize (e.g., to help define the difference between muscle cells and skin cells), but are very hard to predict. We developed four online tools to help scientists predict the locations of post-translational modifications, which will aid in the study of both normal human development and cancer. Taken together, the tools developed and enhanced under this grant are used by more than 100,000 scientists around the world, and help to power the engine of biotechnological and biomedical discovery by providing best-in-class predictions of protein structure.</p> <p>&nbsp;</p><br> <p>  Last Modified: 12/19/2023<br> Modified by: Brian&nbsp;D&nbsp;Athey</p></div> <div class="porSideCol" ></div> </div>]]></DRECONTENT>
<POR_COPY_TXT><![CDATA[  Knowing protein structures is important because it helps us identify new drug targets and also new proteins of potential industrial and biomedical interest. As the experiments to determine structures are often very expensive and time consuming, it would be massively beneficial to have reliable methods to predict protein structures and functions using computers. However, structure prediction for many proteins remains challenging, and many labs around the world are working to develop improved methods for solving this problem. We developed a suite of tools that expand the ability of scientists to predict protein structure and function, as well as how proteins interact with each other, with unprecedented performance. In the process, we won several categories in a recent global competition called CASP15 on protein structure prediction. In addition, we have considered the problem of modifications to proteins (referred to as post-translational modifications), which are often made by cells to help them specialize (e.g., to help define the difference between muscle cells and skin cells), but are very hard to predict. We developed four online tools to help scientists predict the locations of post-translational modifications, which will aid in the study of both normal human development and cancer. Taken together, the tools developed and enhanced under this grant are used by more than 100,000 scientists around the world, and help to power the engine of biotechnological and biomedical discovery by providing best-in-class predictions of protein structure.        Last Modified: 12/19/2023       Submitted by: BrianDAthey]]></POR_COPY_TXT>
</POR>
</Award>
</rootTag>
