<?xml version="1.0" encoding="UTF-8"?>
<rootTag>
<Award>
<AwardTitle><![CDATA[III: Medium: Collaborative Research: Multi-level computational approaches to protein function prediction]]></AwardTitle>
<AGENCY>NSF</AGENCY>
<AwardEffectiveDate>08/01/2019</AwardEffectiveDate>
<AwardExpirationDate>12/31/2019</AwardExpirationDate>
<AwardTotalIntnAmount>150016.00</AwardTotalIntnAmount>
<AwardAmount>111600</AwardAmount>
<AwardInstrument>
<Value>Continuing Grant</Value>
</AwardInstrument>
<Organization>
<Code>05020000</Code>
<Directorate>
<Abbreviation>CSE</Abbreviation>
<LongName>Direct For Computer &amp; Info Scie &amp; Enginr</LongName>
</Directorate>
<Division>
<Abbreviation>IIS</Abbreviation>
<LongName>Div Of Information &amp; Intelligent Systems</LongName>
</Division>
</Organization>
<ProgramOfficer>
<SignBlockName>Sylvia Spengler</SignBlockName>
<PO_EMAI>sspengle@nsf.gov</PO_EMAI>
<PO_PHON>7032927347</PO_PHON>
</ProgramOfficer>
<AbstractNarration><![CDATA[Proteins are the workhorse molecules of life which participate in nearly every activity of cellular processes, including signal transduction, enzyme catalysis, structural support, bodily movement, and defense against pathogens. Interpretation of specific functional roles that each protein molecule plays in cell is thus critical for us to understand the fundamental principles of the biological processes and to design new drug treatments to regulate the processes for improving human health. The task is however highly non-trivial in modern molecular biology studies. The most accurate method to interpret protein biological functions is through structural biology and biochemistry experiments. But the cost of the experimental studies is high, and the process is too slow for large-scale application due to the involvement of manual skill and data processing. As a result, the majority of proteins in human and other important species remain unknown despite decades of efforts. The lack of genome-wide protein function information has significantly impeded the progress of system biology studies aiming at a comprehensive understanding of the life process. In this project, the investigators plan to develop advanced computational methods for automatic and yet reliable protein function annotations. The developed methods and databases will be freely released to the scientific community, which can be used for large-scale and genome-wide protein function annotation studies. The project will also provide opportunities to promote participations of underrepresented groups, including women and African Americans, in computational biology education and method developments.&lt;br/&gt;&lt;br/&gt;Built on the assumption that similar sequences have similar function, a routine approach to computational protein function annotations is comparative modeling, which deduces functions of target proteins from known homologous proteins. However, the accuracy and coverage of the approach are limited due to the diversity of gene evolution. Significant progress has been recently achieved in protein 3D structure prediction and the state-of-the-art algorithms can generate high-quality structures for distant-homology proteins with an unprecedented capacity. This project seeks to explore various new ideas to enhance the accuracy of distant-homology protein function annotations by using 3D models from the cutting-edge protein structure predictions, with a focus on ligand-protein binding interactions, gene ontology and post-translational modifications. Meanwhile, thermal motion and intrinsic disordering of protein structures are integrated in the pipelines for better function annotations. While the proposed approaches do not expect to address all the fundamental issues, like the first-principle methods, as of how and why proteins fold and function, the success of the studies should help establish a practical knowledge-based relation of structure and function that can be used for genome-scale applications with models useful for guiding new experimental design, and thus significantly enhance the impact of protein structure modeling on biological studies.&lt;br/&gt;&lt;br/&gt;This award reflects NSF's statutory mission and has been deemed worthy of support through evaluation using the Foundation's intellectual merit and broader impacts review criteria.]]></AbstractNarration>
<MinAmdLetterDate>07/26/2019</MinAmdLetterDate>
<MaxAmdLetterDate>09/10/2019</MaxAmdLetterDate>
<ARRAAmount/>
<TRAN_TYPE>Grant</TRAN_TYPE>
<CFDA_NUM>47.070</CFDA_NUM>
<NSF_PAR_USE_FLAG>1</NSF_PAR_USE_FLAG>
<FUND_AGCY_CODE>4900</FUND_AGCY_CODE>
<AWDG_AGCY_CODE>4900</AWDG_AGCY_CODE>
<AwardID>1901086</AwardID>
<Investigator>
<FirstName>Dukka</FirstName>
<LastName>KC</LastName>
<PI_MID_INIT>B</PI_MID_INIT>
<PI_SUFX_NAME/>
<PI_FULL_NAME>Dukka B KC</PI_FULL_NAME>
<EmailAddress><![CDATA[dbkc@mtu.edu]]></EmailAddress>
<NSF_ID>000651473</NSF_ID>
<StartDate>07/26/2019</StartDate>
<EndDate/>
<RoleCode>Principal Investigator</RoleCode>
</Investigator>
<Institution>
<Name><![CDATA[North Carolina Agricultural &amp; Technical State University]]></Name>
<CityName>GREENSBORO</CityName>
<ZipCode>274110002</ZipCode>
<PhoneNumber>3363347995</PhoneNumber>
<StreetAddress><![CDATA[1601 E MARKET ST]]></StreetAddress>
<StreetAddress2/>
<CountryName>United States</CountryName>
<StateName>North Carolina</StateName>
<StateCode>NC</StateCode>
<CONGRESSDISTRICT>06</CONGRESSDISTRICT>
<CONGRESS_DISTRICT_ORG>NC06</CONGRESS_DISTRICT_ORG>
<ORG_UEI_NUM>SKH5GMBR9GL3</ORG_UEI_NUM>
<ORG_LGL_BUS_NAME>NORTH CAROLINA AGRICULTURAL AND TECHNICAL STATE UNIVERSITY</ORG_LGL_BUS_NAME>
<ORG_PRNT_UEI_NUM/>
</Institution>
<Performance_Institution>
<Name><![CDATA[North Carolina Agricultural & Technical State University]]></Name>
<CityName>Greensboro</CityName>
<StateCode>NC</StateCode>
<ZipCode>274110001</ZipCode>
<StreetAddress><![CDATA[1601 E Market Street]]></StreetAddress>
<CountryCode>US</CountryCode>
<CountryName>United States</CountryName>
<StateName>North Carolina</StateName>
<CountryFlag>1</CountryFlag>
<CONGRESSDISTRICT>06</CONGRESSDISTRICT>
<CONGRESS_DISTRICT_PERF>NC06</CONGRESS_DISTRICT_PERF>
</Performance_Institution>
<ProgramElement>
<Code>7364</Code>
<Text>Info Integration &amp; Informatics</Text>
</ProgramElement>
<ProgramReference>
<Code>7364</Code>
<Text>INFO INTEGRATION &amp; INFORMATICS</Text>
</ProgramReference>
<ProgramReference>
<Code>7924</Code>
<Text>MEDIUM PROJECT</Text>
</ProgramReference>
<Appropriation>
<Code>0119</Code>
<Name>NSF RESEARCH &amp; RELATED ACTIVIT</Name>
<APP_SYMB_ID>040100</APP_SYMB_ID>
</Appropriation>
<Fund>
<Code>01001920DB</Code>
<Name><![CDATA[NSF RESEARCH & RELATED ACTIVIT]]></Name>
<FUND_SYMB_ID>040100</FUND_SYMB_ID>
</Fund>
<FUND_OBLG>2019~0</FUND_OBLG>
</Award>
</rootTag>
