<?xml version="1.0" encoding="UTF-8"?>
<rootTag>
<Award>
<AwardTitle><![CDATA[Geometric and Functional Inequalities in Sub-Riemannian and Non-Smooth Dirichlet Spaces and Analysis of Random Rough Paths]]></AwardTitle>
<AGENCY>NSF</AGENCY>
<AwardEffectiveDate>06/01/2019</AwardEffectiveDate>
<AwardExpirationDate>06/30/2023</AwardExpirationDate>
<AwardTotalIntnAmount>270000.00</AwardTotalIntnAmount>
<AwardAmount>270000</AwardAmount>
<AwardInstrument>
<Value>Continuing Grant</Value>
</AwardInstrument>
<Organization>
<Code>03040000</Code>
<Directorate>
<Abbreviation>MPS</Abbreviation>
<LongName>Direct For Mathematical &amp; Physical Scien</LongName>
</Directorate>
<Division>
<Abbreviation>DMS</Abbreviation>
<LongName>Division Of Mathematical Sciences</LongName>
</Division>
</Organization>
<ProgramOfficer>
<SignBlockName>Marian Bocea</SignBlockName>
<PO_EMAI>mbocea@nsf.gov</PO_EMAI>
<PO_PHON>7032922595</PO_PHON>
</ProgramOfficer>
<AbstractNarration><![CDATA[The research project lies at the intersection of several areas of mathematics: analysis, geometry and probability theory. The principal investigator is particularly interested in the interplay between those fields and bringing tools from one field to another in order to open new paths of research, push the boundary of knowledge, and offer new point of views. Many of the investigated problems are motivated by the need to develop theories in spaces which are not regular (like fractals or rough metric spaces). Some of those problems are motivated by physics, engineering and mathematical finance. The principal investigator will also continue his synergistic activities including blogging, organizing conferences, giving lectures and mini-courses on recent advances, and mentoring graduate students.&lt;br/&gt;&lt;br/&gt;A first and most important part of the research activity evolves around the understanding of curvature bounds in spaces for which such notions have so far been elusive. In the class of sub-Riemannian manifolds, the principal investigator and his collaborators are interested in developing a comparison geometry with respect to constant curvature model spaces. This includes the study of sub-Laplacian comparison theorems, measure contraction properties and diameter estimates. In the class of Dirichlet spaces, the principal investigator and his collaborators are interested in isoperimetric inequalities and the related study of sets of finite perimeter and bounded variation functions. A second part of the research project deals with problems in the theory of random rough paths. Rough paths theory is a recent theory that allows to define integrals with respect to any Holder regular path. The principal investigator and his collaborators are interested in several properties of the solutions of differential equations driven by general Gaussian rough paths.&lt;br/&gt;&lt;br/&gt;This award reflects NSF's statutory mission and has been deemed worthy of support through evaluation using the Foundation's intellectual merit and broader impacts review criteria.]]></AbstractNarration>
<MinAmdLetterDate>05/30/2019</MinAmdLetterDate>
<MaxAmdLetterDate>01/03/2023</MaxAmdLetterDate>
<ARRAAmount/>
<TRAN_TYPE>Grant</TRAN_TYPE>
<CFDA_NUM>47.049</CFDA_NUM>
<NSF_PAR_USE_FLAG>1</NSF_PAR_USE_FLAG>
<FUND_AGCY_CODE>4900</FUND_AGCY_CODE>
<AWDG_AGCY_CODE>4900</AWDG_AGCY_CODE>
<AwardID>1901315</AwardID>
<Investigator>
<FirstName>Fabrice</FirstName>
<LastName>Baudoin</LastName>
<PI_MID_INIT/>
<PI_SUFX_NAME/>
<PI_FULL_NAME>Fabrice Baudoin</PI_FULL_NAME>
<EmailAddress><![CDATA[baudoin.fabrice@gmail.com]]></EmailAddress>
<NSF_ID>000511895</NSF_ID>
<StartDate>05/30/2019</StartDate>
<EndDate/>
<RoleCode>Principal Investigator</RoleCode>
</Investigator>
<Institution>
<Name>University of Connecticut</Name>
<CityName>STORRS</CityName>
<ZipCode>062699018</ZipCode>
<PhoneNumber>8604863622</PhoneNumber>
<StreetAddress>438 WHITNEY RD EXTENSION UNIT 11</StreetAddress>
<StreetAddress2/>
<CountryName>United States</CountryName>
<StateName>Connecticut</StateName>
<StateCode>CT</StateCode>
<CONGRESSDISTRICT>02</CONGRESSDISTRICT>
<CONGRESS_DISTRICT_ORG>CT02</CONGRESS_DISTRICT_ORG>
<ORG_UEI_NUM>WNTPS995QBM7</ORG_UEI_NUM>
<ORG_LGL_BUS_NAME>UNIVERSITY OF CONNECTICUT</ORG_LGL_BUS_NAME>
<ORG_PRNT_UEI_NUM/>
</Institution>
<Performance_Institution>
<Name><![CDATA[University of Connecticut]]></Name>
<CityName>Storrs</CityName>
<StateCode>CT</StateCode>
<ZipCode>062691133</ZipCode>
<StreetAddress><![CDATA[341 Mansfield Rd]]></StreetAddress>
<CountryCode>US</CountryCode>
<CountryName>United States</CountryName>
<StateName>Connecticut</StateName>
<CountryFlag>1</CountryFlag>
<CONGRESSDISTRICT>02</CONGRESSDISTRICT>
<CONGRESS_DISTRICT_PERF>CT02</CONGRESS_DISTRICT_PERF>
</Performance_Institution>
<ProgramElement>
<Code>1263</Code>
<Text>PROBABILITY</Text>
</ProgramElement>
<ProgramElement>
<Code>1281</Code>
<Text>ANALYSIS PROGRAM</Text>
</ProgramElement>
<Appropriation>
<Code>0119</Code>
<Name>NSF RESEARCH &amp; RELATED ACTIVIT</Name>
<APP_SYMB_ID>040100</APP_SYMB_ID>
</Appropriation>
<Appropriation>
<Code>0121</Code>
<Name>NSF RESEARCH &amp; RELATED ACTIVIT</Name>
<APP_SYMB_ID>040100</APP_SYMB_ID>
</Appropriation>
<Fund>
<Code>01001920DB</Code>
<Name><![CDATA[NSF RESEARCH & RELATED ACTIVIT]]></Name>
<FUND_SYMB_ID>040100</FUND_SYMB_ID>
</Fund>
<Fund>
<Code>01002122DB</Code>
<Name><![CDATA[NSF RESEARCH & RELATED ACTIVIT]]></Name>
<FUND_SYMB_ID>040100</FUND_SYMB_ID>
</Fund>
<FUND_OBLG>2019~180001</FUND_OBLG>
<FUND_OBLG>2021~89999</FUND_OBLG>
<POR>
<DRECONTENT><![CDATA[<div class="porColContainerWBG"> <div class="porContentCol"><div class="elementToProof ContentPasted0">The PI conducted research in the area of mathematical analysis, mentored graduate students and disseminated his results through publications in academic journals, mini courses and seminar/conference talks. &nbsp;<span class="ContentPasted3">More than twenty papers published in peer reviewed journals have resulted from this project &nbsp;and t</span>his research has been widely cited in the academic&nbsp;literature. It also led to new research directions which are nowadays very active. &nbsp;</div> <div class="elementToProof ContentPasted0"><span>The project was also used to help supporting &nbsp;two graduate students who now completed their Phd degrees and hold postdoctoral positions &nbsp;in research universities. Those students actively contributed to the success of the project by conducting research in collaboration&nbsp;with the PI.</span></div> <div class="elementToProof ContentPasted0"><span><br /></span></div> <div class="elementToProof ContentPasted0 ContentPasted1 ContentPasted2">The conducted research focused on three subjects within the broad field of nonsmooth analysis, geometry, and probability. &nbsp;</div> <div class="elementToProof ContentPasted0 ContentPasted1 ContentPasted2"><ol> <li><span>The PI first developed&nbsp;<span>new theories and &nbsp;tools&nbsp;&nbsp;in spaces which are not regular like sub-riemannian manifolds and fractals; Notably a new approach to curvature lower bounds and functional inequalities in those spaces was proposed and then used to prove new theorems, thus providing a new understanding of those spaces. &nbsp;</span></span></li> <li><span>The PI also discovered &nbsp;connections between the theory of random matrices and the theory of Brownian motions in symmetric spaces which &nbsp;he used to study random Brownian windings.&nbsp;</span><span>&nbsp;In the course of those investigations</span><span>&nbsp;new interactions between different areas of mathematics were discovered .</span></li> <li><span class="ContentPasted4">The research in rough paths theory led to the study &nbsp;of parabolic Anderson models and of their possible connections to directed polymer models in settings like the Heisenberg group.</span></li> </ol></div> <div class="elementToProof ContentPasted0 ContentPasted1 ContentPasted2"><span>Some of the research topics under consideration have been &nbsp;motivated by questions in physics, engineering, and &nbsp;mathematical finance and applications of the funded research are expected to be lasting.&nbsp;</span><span>&nbsp;</span></div> <div class="elementToProof ContentPasted0 ContentPasted1 ContentPasted2"><span>&nbsp;&nbsp;</span></div> <p>&nbsp;</p><br> <p>            Last Modified: 08/22/2023<br>      Modified by: Fabrice&nbsp;Baudoin</p> </div> <div class="porSideCol"></div> </div>]]></DRECONTENT>
<POR_COPY_TXT><![CDATA[The PI conducted research in the area of mathematical analysis, mentored graduate students and disseminated his results through publications in academic journals, mini courses and seminar/conference talks.  More than twenty papers published in peer reviewed journals have resulted from this project  and this research has been widely cited in the academic literature. It also led to new research directions which are nowadays very active.   The project was also used to help supporting  two graduate students who now completed their Phd degrees and hold postdoctoral positions  in research universities. Those students actively contributed to the success of the project by conducting research in collaboration with the PI.   The conducted research focused on three subjects within the broad field of nonsmooth analysis, geometry, and probability.    The PI first developed new theories and  tools  in spaces which are not regular like sub-riemannian manifolds and fractals; Notably a new approach to curvature lower bounds and functional inequalities in those spaces was proposed and then used to prove new theorems, thus providing a new understanding of those spaces.   The PI also discovered  connections between the theory of random matrices and the theory of Brownian motions in symmetric spaces which  he used to study random Brownian windings.  In the course of those investigations new interactions between different areas of mathematics were discovered . The research in rough paths theory led to the study  of parabolic Anderson models and of their possible connections to directed polymer models in settings like the Heisenberg group.  Some of the research topics under consideration have been  motivated by questions in physics, engineering, and  mathematical finance and applications of the funded research are expected to be lasting.               Last Modified: 08/22/2023       Submitted by: Fabrice Baudoin]]></POR_COPY_TXT>
</POR>
</Award>
</rootTag>
