<?xml version="1.0" encoding="UTF-8"?>
<rootTag>
<Award>
<AwardTitle><![CDATA[CNS Core: Medium: Collaborative: Exploring and Exploiting Learning for Efficient Network Control: Non-Stationarity,  Inter-Dependence, and Domain-Knowledge]]></AwardTitle>
<AGENCY>NSF</AGENCY>
<AwardEffectiveDate>10/01/2019</AwardEffectiveDate>
<AwardExpirationDate>09/30/2023</AwardExpirationDate>
<AwardTotalIntnAmount>337333.00</AwardTotalIntnAmount>
<AwardAmount>337333</AwardAmount>
<AwardInstrument>
<Value>Standard Grant</Value>
</AwardInstrument>
<Organization>
<Code>05050000</Code>
<Directorate>
<Abbreviation>CSE</Abbreviation>
<LongName>Direct For Computer &amp; Info Scie &amp; Enginr</LongName>
</Directorate>
<Division>
<Abbreviation>CNS</Abbreviation>
<LongName>Division Of Computer and Network Systems</LongName>
</Division>
</Organization>
<ProgramOfficer>
<SignBlockName>Deepankar Medhi</SignBlockName>
<PO_EMAI>dmedhi@nsf.gov</PO_EMAI>
<PO_PHON>7032922935</PO_PHON>
</ProgramOfficer>
<AbstractNarration><![CDATA[Traditionally, computer network protocols and control mechanisms are designed and engineered in accordance with certain theoretical models or design principles, under (often simplifying) assumptions about the network environment in which they operate. Network operations are mostly performed by operators through manual configurations of control parameters and resources, sometimes guided by measurement analysis and performance optimization. With the increasingly wide range of applications and complex network scenarios, traditional methods do not always perform well. To address this challenge, machine learning (ML) techniques have been applied to a wide range of networking and distributed systems problems, from reducing data center cooling costs to traffic optimization and application management. While preliminary results are promising, applying machine learning techniques to networking pose many important research questions that must be explored systematically and in depth. The proposed research constitutes an important first step toward providing a principled understanding of the fundamental limitations and promising new opportunities in learning-based network control from both theoretical and practical perspectives. It will help advance the emerging visions of self-driving networks and AIOps (Artificial Intelligence for IT Operations), and bring benefits to network operators, users, and the society at large. This project also integrates research with education and broadens participation in computing, especially with recruitment and training of female and under-represented students and outreach activities to K-12. &lt;br/&gt;&lt;br/&gt;Networks are a collection of control and (distributed) data plane elements that operate at different time scales on diverse types of data, respond and adapt to changes in traffic demands and the network state to achieve disparate objectives. The networking environments are highly dynamic and uncertain, with non-stationarity caused by surges and time-of-day changes in traffic demands, and unpredictable network failures; they are also inherently correlated, inter-dependent and constrained, in part due to complex interactions of various network entities. Moreover, networks are engineered systems -- there are basic principles that govern their designs and operations, with constraints that cannot be violated and inherent relations that could yield substantial performance gains. The proposed research focuses on learning-based network control problems to address these challenges along the following inter-related research thrusts. In Thrust 1, Network-Centric Learning Techniques, this project will explore the fundamental limits (from a theoretical perspective) and advance new network-centric ML techniques for non-stationary, correlated and constrained environments. In Thrust 2, Network-wide Learning-based Control and Horizontal/Vertical Interactions, this project will study and develop innovative learning-based network control algorithms in a network-wide framework by exploiting the (horizontal and vertical) interactions and leveraging shared learning. Last but not the least, in the Evaluation Thrust, this project will evaluate the proposed learning-based network control algorithms and compare them with conventional optimization and other ML based approaches.&lt;br/&gt;&lt;br/&gt;The project information such as publications, algorithms developed, data collected and personnel, will be made publicly available at https://web.cs.ucdavis.edu/~liu/Research/Holistic.htm during the entire project duration and for five years after the completion of this project.&lt;br/&gt;&lt;br/&gt;This award reflects NSF's statutory mission and has been deemed worthy of support through evaluation using the Foundation's intellectual merit and broader impacts review criteria.]]></AbstractNarration>
<MinAmdLetterDate>08/17/2019</MinAmdLetterDate>
<MaxAmdLetterDate>08/17/2019</MaxAmdLetterDate>
<ARRAAmount/>
<TRAN_TYPE>Grant</TRAN_TYPE>
<CFDA_NUM>47.070</CFDA_NUM>
<NSF_PAR_USE_FLAG>1</NSF_PAR_USE_FLAG>
<FUND_AGCY_CODE>4900</FUND_AGCY_CODE>
<AWDG_AGCY_CODE>4900</AWDG_AGCY_CODE>
<AwardID>1901057</AwardID>
<Investigator>
<FirstName>Ness</FirstName>
<LastName>Shroff</LastName>
<PI_MID_INIT/>
<PI_SUFX_NAME/>
<PI_FULL_NAME>Ness Shroff</PI_FULL_NAME>
<EmailAddress><![CDATA[shroff@ece.osu.edu]]></EmailAddress>
<NSF_ID>000445637</NSF_ID>
<StartDate>08/17/2019</StartDate>
<EndDate/>
<RoleCode>Principal Investigator</RoleCode>
</Investigator>
<Institution>
<Name>Ohio State University</Name>
<CityName>COLUMBUS</CityName>
<ZipCode>432101016</ZipCode>
<PhoneNumber>6146888735</PhoneNumber>
<StreetAddress>1960 KENNY RD</StreetAddress>
<StreetAddress2/>
<CountryName>United States</CountryName>
<StateName>Ohio</StateName>
<StateCode>OH</StateCode>
<CONGRESSDISTRICT>03</CONGRESSDISTRICT>
<CONGRESS_DISTRICT_ORG>OH03</CONGRESS_DISTRICT_ORG>
<ORG_UEI_NUM>DLWBSLWAJWR1</ORG_UEI_NUM>
<ORG_LGL_BUS_NAME>OHIO STATE UNIVERSITY, THE</ORG_LGL_BUS_NAME>
<ORG_PRNT_UEI_NUM>MN4MDDMN8529</ORG_PRNT_UEI_NUM>
</Institution>
<Performance_Institution>
<Name><![CDATA[Ohio State University]]></Name>
<CityName>Columbus</CityName>
<StateCode>OH</StateCode>
<ZipCode>432101016</ZipCode>
<StreetAddress/>
<CountryCode>US</CountryCode>
<CountryName>United States</CountryName>
<StateName>Ohio</StateName>
<CountryFlag>1</CountryFlag>
<CONGRESSDISTRICT>03</CONGRESSDISTRICT>
<CONGRESS_DISTRICT_PERF>OH03</CONGRESS_DISTRICT_PERF>
</Performance_Institution>
<ProgramElement>
<Code>7363</Code>
<Text>Networking Technology and Syst</Text>
</ProgramElement>
<ProgramReference>
<Code>7924</Code>
<Text>MEDIUM PROJECT</Text>
</ProgramReference>
<Appropriation>
<Code>0119</Code>
<Name>NSF RESEARCH &amp; RELATED ACTIVIT</Name>
<APP_SYMB_ID>040100</APP_SYMB_ID>
</Appropriation>
<Fund>
<Code>01001920DB</Code>
<Name><![CDATA[NSF RESEARCH & RELATED ACTIVIT]]></Name>
<FUND_SYMB_ID>040100</FUND_SYMB_ID>
</Fund>
<FUND_OBLG>2019~337333</FUND_OBLG>
<POR>
<DRECONTENT><![CDATA[<div class="porColContainerWBG"> <div class="porContentCol"><p class="Default">&nbsp;</p> <p class="Default">&nbsp;</p> <p>Traditionally, network protocols and control mechanisms are designed and engineered in accordance with certain theoretical models or design principles, under (often simplifying) assumptions about the network environment in which they operate. Network operations are mostly performed by operators through manual configurations of control parameters and resources, sometimes guided by measurement analysis and performance optimization. With the increasingly wide range of applications and complex network scenarios, traditional methods do not always perform well.</p> <p>&nbsp;</p> <p>To address this challenge, this project aims to develop a principled understanding of the fundamental limitations and promising new opportunities in learning-based network control from both theoretical and practical perspectives. This is highly challenging because the networking environments are highly dynamic and uncertain, inherently correlated, inter-dependent, and with basic principles and physical constraints. To address these challenges, the project has studied the fundamental limits (from a theoretical perspective) and advanced new network-centric ML techniques for non-stationary, correlated and constrained environments, developed methods to exploit the (horizontal and vertical) interactions and leverage shared learning, and evaluated the proposed learning-based network control algorithms using both simulated and real traces, and compared them with traditional methods and other ML based approaches.</p> <p>&nbsp;</p> <p>&nbsp;</p> <p>The rollout of 5G services has garnered widespread interest from academia, industry, and the public. As a first step in studying learning-based network control and in understanding the corresponding challenges and opportunities, we have conducted in-depth studies to collect datasets and performance metrics to characterize the performance of commercial 5G services. We have conducted measurements on 5G throughput in commercial mmWave 5G networks in multiple locations, as well as the 5G mmWave PHY latency and its impact on end-to-end delay; we have conducted 5G Handover Performance Measurement and Inference studies; we have studied how 5G impacts application performance and energy efficiency, including the effects of 5G deployment strategies, such as Non-Standalone (NSA) 5G and Standalone (SA), radio bands and protocol specific properties (e.g., RRC state transitions and power profiles) on performance and power usage experienced by user equipment (smartphones) and applications running on them. These studies not only provide in-depth understanding of 5G from the PHY layer to applications, but also allowed us to collect massive amounts of datasets to enable and drive the various research tasks in this project.</p> <p>&nbsp;</p> <p>Our measurement studies and our analysis of cellular networks allowed us to identify and study a number of learning-based network control problems. We have studied 5G-aware video streaming applications using reinforcement learning-based ABR control in mmWave to specifically address the inherent volatility in mmWave bands; we have developed constrained reinforcement learning-based network slicing algorithms to provide more flexibility in the context of strong diversification of services; we have created novel bandit algorithms for 4G/5G handoffs; we have devised interference-constrained beam alignment for time-varying channels via kernelized bandits to fully utilize the abundant spectrum resources in millimeter wave; and we have developed online learning tools for optimal edge caching. A number of such works are evaluated using the extensive datasets that we have collected.</p> <p>&nbsp;</p> <p>Inspired by such applications, we have also developed a number of fundamental algorithms that can apply not only to network control, but also to more general applications, including approximate gradient coding in large machine learning applications; learning algorithms for universal and transferable graph neural network embedding; best k-item selection for online learning; algorithms to minimize the age of information over heterogeneous channels; model-based learning in constrained Markov decision processes; weighted Gaussian process bandits for non-stationary environments; multivariate time series forecasting for autoscaling based on local embedding; and predictive deep learning for in-memory and content caching.</p> <p>&nbsp;</p> <p>&nbsp;</p> <p>Broader Impact</p> <p>The PIs and their students have presented their work at the conferences, both in networking field and in machine learning field. Beyond conference and journal papers, the PIs regularly interact with the networking and machine learning industry both in a one-on-one setting and by participating in industry-focused conferences and workshops, such as Meta/Facebook, Intel, Cisco,&nbsp; Ericsson, Miter, HP, Google, InterDigital among others. The PIs have organized multiple workshops, training camps, and outreach events, as well as given keynote speeches at premium venues. We have also made the 5G measurement <a href="https://networking.umn.edu/research-projects/5g-measurements">datasets</a> publicly available to benefit the entire community. Overall, our efforts broaden the participation and interaction between the networking and machine learning community, and between academia and industry.</p> <p>&nbsp;</p> <p>Furthermore, multiple trainees, including several female students and students from under-represented groups, have tackled problems related to this project at the three universities. Additionally, numerous undergraduate researchers have been engaged in research through this project and several of them have published research papers with the PIs. All the trainees have acquired valuable real-world experience, communication skills, collaboration skills, along with essential technical knowledge.&nbsp;Two of the trainees have entered academia as faculty members.&nbsp;</p> <p>&nbsp;</p> <p>&nbsp;</p> <p>&nbsp;</p> <p>&nbsp;</p><br> <p>  Last Modified: 01/29/2024<br> Modified by: Ness&nbsp;Shroff</p></div> <div class="porSideCol" ></div> </div>]]></DRECONTENT>
<POR_COPY_TXT><![CDATA[        Traditionally, network protocols and control mechanisms are designed and engineered in accordance with certain theoretical models or design principles, under (often simplifying) assumptions about the network environment in which they operate. Network operations are mostly performed by operators through manual configurations of control parameters and resources, sometimes guided by measurement analysis and performance optimization. With the increasingly wide range of applications and complex network scenarios, traditional methods do not always perform well.      To address this challenge, this project aims to develop a principled understanding of the fundamental limitations and promising new opportunities in learning-based network control from both theoretical and practical perspectives. This is highly challenging because the networking environments are highly dynamic and uncertain, inherently correlated, inter-dependent, and with basic principles and physical constraints. To address these challenges, the project has studied the fundamental limits (from a theoretical perspective) and advanced new network-centric ML techniques for non-stationary, correlated and constrained environments, developed methods to exploit the (horizontal and vertical) interactions and leverage shared learning, and evaluated the proposed learning-based network control algorithms using both simulated and real traces, and compared them with traditional methods and other ML based approaches.         The rollout of 5G services has garnered widespread interest from academia, industry, and the public. As a first step in studying learning-based network control and in understanding the corresponding challenges and opportunities, we have conducted in-depth studies to collect datasets and performance metrics to characterize the performance of commercial 5G services. We have conducted measurements on 5G throughput in commercial mmWave 5G networks in multiple locations, as well as the 5G mmWave PHY latency and its impact on end-to-end delay; we have conducted 5G Handover Performance Measurement and Inference studies; we have studied how 5G impacts application performance and energy efficiency, including the effects of 5G deployment strategies, such as Non-Standalone (NSA) 5G and Standalone (SA), radio bands and protocol specific properties (e.g., RRC state transitions and power profiles) on performance and power usage experienced by user equipment (smartphones) and applications running on them. These studies not only provide in-depth understanding of 5G from the PHY layer to applications, but also allowed us to collect massive amounts of datasets to enable and drive the various research tasks in this project.      Our measurement studies and our analysis of cellular networks allowed us to identify and study a number of learning-based network control problems. We have studied 5G-aware video streaming applications using reinforcement learning-based ABR control in mmWave to specifically address the inherent volatility in mmWave bands; we have developed constrained reinforcement learning-based network slicing algorithms to provide more flexibility in the context of strong diversification of services; we have created novel bandit algorithms for 4G/5G handoffs; we have devised interference-constrained beam alignment for time-varying channels via kernelized bandits to fully utilize the abundant spectrum resources in millimeter wave; and we have developed online learning tools for optimal edge caching. A number of such works are evaluated using the extensive datasets that we have collected.      Inspired by such applications, we have also developed a number of fundamental algorithms that can apply not only to network control, but also to more general applications, including approximate gradient coding in large machine learning applications; learning algorithms for universal and transferable graph neural network embedding; best k-item selection for online learning; algorithms to minimize the age of information over heterogeneous channels; model-based learning in constrained Markov decision processes; weighted Gaussian process bandits for non-stationary environments; multivariate time series forecasting for autoscaling based on local embedding; and predictive deep learning for in-memory and content caching.         Broader Impact   The PIs and their students have presented their work at the conferences, both in networking field and in machine learning field. Beyond conference and journal papers, the PIs regularly interact with the networking and machine learning industry both in a one-on-one setting and by participating in industry-focused conferences and workshops, such as Meta/Facebook, Intel, Cisco, Ericsson, Miter, HP, Google, InterDigital among others. The PIs have organized multiple workshops, training camps, and outreach events, as well as given keynote speeches at premium venues. We have also made the 5G measurement datasets publicly available to benefit the entire community. Overall, our efforts broaden the participation and interaction between the networking and machine learning community, and between academia and industry.      Furthermore, multiple trainees, including several female students and students from under-represented groups, have tackled problems related to this project at the three universities. Additionally, numerous undergraduate researchers have been engaged in research through this project and several of them have published research papers with the PIs. All the trainees have acquired valuable real-world experience, communication skills, collaboration skills, along with essential technical knowledge.Two of the trainees have entered academia as faculty members.                 Last Modified: 01/29/2024       Submitted by: NessShroff]]></POR_COPY_TXT>
</POR>
</Award>
</rootTag>
