<?xml version="1.0" encoding="UTF-8"?>
<rootTag>
<Award>
<AwardTitle><![CDATA[AF: Medium: Collaborative Research: Quantum-Secure Cryptography and Fine-Grained Quantum Query Complexity]]></AwardTitle>
<AGENCY>NSF</AGENCY>
<AwardEffectiveDate>09/01/2018</AwardEffectiveDate>
<AwardExpirationDate>10/31/2020</AwardExpirationDate>
<AwardTotalIntnAmount>274752.00</AwardTotalIntnAmount>
<AwardAmount>274752</AwardAmount>
<AwardInstrument>
<Value>Continuing Grant</Value>
</AwardInstrument>
<Organization>
<Code>05010000</Code>
<Directorate>
<Abbreviation>CSE</Abbreviation>
<LongName>Direct For Computer &amp; Info Scie &amp; Enginr</LongName>
</Directorate>
<Division>
<Abbreviation>CCF</Abbreviation>
<LongName>Division of Computing and Communication Foundations</LongName>
</Division>
</Organization>
<ProgramOfficer>
<SignBlockName>Almadena Chtchelkanova</SignBlockName>
<PO_EMAI>achtchel@nsf.gov</PO_EMAI>
<PO_PHON>7032927498</PO_PHON>
</ProgramOfficer>
<AbstractNarration><![CDATA[Secure Internet communication faces a real threat in the form of a new breed of computer that harnesses the laws of quantum mechanics. The technical community is currently hard at work attempting to construct such "quantum" computers. While many mysteries about these devices remain, it is certain that a large-scale quantum computer would easily break all current public-key cryptography that underpins the current Internet. In certain attack models, important examples of private-key cryptography would also be rendered insecure. This 3-institution collaborative project studies the basic theoretical issues underlying these urgent threats to the security infrastructure. It seeks to understand the cryptography-breaking power of quantum computers, concentrating on two interweaving themes: quantum security for 1) authenticating, and 2) constructing quantum-secure cryptography from new primitives.  The project activities also include course development and mentorship at the graduate and undergraduate level. The project also involves specific outreach activities intended to broaden participation in Computer Science, including establishment and development of "women in computer science" chapters, outreach to local high schools, workshops for high-school STEM teachers, and development of computer science courses for a general audience at the three partner institutions.&lt;br/&gt;&lt;br/&gt;Authentication-proofs, for example, that an e-mail really did originate from you--is a basic and well-studied cryptographic challenge. In the setting of quantum adversaries, it is not clear how to appropriately formulate this essential notion, let alone produce specific cryptographic tools that achieve it. This project is addressing both of the challenges noted above, focusing on development of strong formulations of authentication and new cryptographic constructions that offer secure authentication. Finding "hidden" algebraic structures--like the fact that two lists of numbers are merely cyclic shifts of each other--is an emblematic theme in the study of the computing power of quantum computers. Certain variants of this problem have resisted decades of concerted effort by the quantum algorithms community, and appear to be quite difficult. This project studies applications of these problems to constructing new private-key cryptographic tools with quantum security guarantees.&lt;br/&gt;&lt;br/&gt;This award reflects NSF's statutory mission and has been deemed worthy of support through evaluation using the Foundation's intellectual merit and broader impacts review criteria.]]></AbstractNarration>
<MinAmdLetterDate>10/22/2018</MinAmdLetterDate>
<MaxAmdLetterDate>09/09/2019</MaxAmdLetterDate>
<ARRAAmount/>
<TRAN_TYPE>Grant</TRAN_TYPE>
<CFDA_NUM>47.070</CFDA_NUM>
<NSF_PAR_USE_FLAG>1</NSF_PAR_USE_FLAG>
<FUND_AGCY_CODE>4900</FUND_AGCY_CODE>
<AWDG_AGCY_CODE>4900</AWDG_AGCY_CODE>
<AwardID>1901624</AwardID>
<Investigator>
<FirstName>Fang</FirstName>
<LastName>Song</LastName>
<PI_MID_INIT/>
<PI_SUFX_NAME/>
<PI_FULL_NAME>Fang Song</PI_FULL_NAME>
<EmailAddress><![CDATA[fsong@pdx.edu]]></EmailAddress>
<NSF_ID>000754593</NSF_ID>
<StartDate>10/22/2018</StartDate>
<EndDate/>
<RoleCode>Principal Investigator</RoleCode>
</Investigator>
<Institution>
<Name>Texas A&amp;M Engineering Experiment Station</Name>
<CityName>COLLEGE STATION</CityName>
<ZipCode>778433124</ZipCode>
<PhoneNumber>9798626777</PhoneNumber>
<StreetAddress>3124 TAMU</StreetAddress>
<StreetAddress2/>
<CountryName>United States</CountryName>
<StateName>Texas</StateName>
<StateCode>TX</StateCode>
<CONGRESSDISTRICT>10</CONGRESSDISTRICT>
<CONGRESS_DISTRICT_ORG>TX10</CONGRESS_DISTRICT_ORG>
<ORG_UEI_NUM>QD1MX6N5YTN4</ORG_UEI_NUM>
<ORG_LGL_BUS_NAME>TEXAS A&amp;M ENGINEERING EXPERIMENT STATION</ORG_LGL_BUS_NAME>
<ORG_PRNT_UEI_NUM>QD1MX6N5YTN4</ORG_PRNT_UEI_NUM>
</Institution>
<Performance_Institution>
<Name><![CDATA[Texas A&M Engineering Experiment Station]]></Name>
<CityName>College Station</CityName>
<StateCode>TX</StateCode>
<ZipCode>778454645</ZipCode>
<StreetAddress><![CDATA[1470 William D. Fitch Parkway]]></StreetAddress>
<CountryCode>US</CountryCode>
<CountryName>United States</CountryName>
<StateName>Texas</StateName>
<CountryFlag>1</CountryFlag>
<CONGRESSDISTRICT>10</CONGRESSDISTRICT>
<CONGRESS_DISTRICT_PERF>TX10</CONGRESS_DISTRICT_PERF>
</Performance_Institution>
<ProgramElement>
<Code>2878</Code>
<Text>Special Projects - CCF</Text>
</ProgramElement>
<ProgramElement>
<Code>7928</Code>
<Text>Quantum Computing</Text>
</ProgramElement>
<ProgramReference>
<Code>7924</Code>
<Text>MEDIUM PROJECT</Text>
</ProgramReference>
<ProgramReference>
<Code>7928</Code>
<Text>QUANTUM COMPUTING</Text>
</ProgramReference>
<Appropriation>
<Code>0118</Code>
<Name>NSF RESEARCH &amp; RELATED ACTIVIT</Name>
<APP_SYMB_ID>040100</APP_SYMB_ID>
</Appropriation>
<Appropriation>
<Code>0119</Code>
<Name>NSF RESEARCH &amp; RELATED ACTIVIT</Name>
<APP_SYMB_ID>040100</APP_SYMB_ID>
</Appropriation>
<Fund>
<Code>01001819DB</Code>
<Name><![CDATA[NSF RESEARCH & RELATED ACTIVIT]]></Name>
<FUND_SYMB_ID>040100</FUND_SYMB_ID>
</Fund>
<Fund>
<Code>01001920DB</Code>
<Name><![CDATA[NSF RESEARCH & RELATED ACTIVIT]]></Name>
<FUND_SYMB_ID>040100</FUND_SYMB_ID>
</Fund>
<FUND_OBLG>2018~91289</FUND_OBLG>
<FUND_OBLG>2019~6203</FUND_OBLG>
</Award>
</rootTag>
