<?xml version="1.0" encoding="UTF-8"?>
<rootTag>
<Award>
<AwardTitle><![CDATA[Approximation and K-theory]]></AwardTitle>
<AGENCY>NSF</AGENCY>
<AwardEffectiveDate>07/01/2019</AwardEffectiveDate>
<AwardExpirationDate>06/30/2023</AwardExpirationDate>
<AwardTotalIntnAmount>142286.00</AwardTotalIntnAmount>
<AwardAmount>142286</AwardAmount>
<AwardInstrument>
<Value>Standard Grant</Value>
</AwardInstrument>
<Organization>
<Code>03040000</Code>
<Directorate>
<Abbreviation>MPS</Abbreviation>
<LongName>Direct For Mathematical &amp; Physical Scien</LongName>
</Directorate>
<Division>
<Abbreviation>DMS</Abbreviation>
<LongName>Division Of Mathematical Sciences</LongName>
</Division>
</Organization>
<ProgramOfficer>
<SignBlockName>Marian Bocea</SignBlockName>
<PO_EMAI>mbocea@nsf.gov</PO_EMAI>
<PO_PHON>7032922595</PO_PHON>
</ProgramOfficer>
<AbstractNarration><![CDATA[Traditionally, mathematics studies precise solutions: one has for example an equation with an unknown quantity 'x', and wants to know precisely which value(s) of x make it true. Often in the real world, good approximate solutions will always be very close to precise solutions, and are therefore just as good for practical purposes.  However, sometimes very good approximate solutions to a problem can exist without there being any actual solution at all: for example, this is a fundamental phenomenon in parts of semi-conductor physics that are closely related to the 'K-theoretic' methods used in this project.  The ideas of finding approximate solutions to problems and seeing what can be done with them versus precise solutions permeate these research projects.  The PI will continue his own research in these directions, as well as mentor and advise junior researchers, disseminate the results of this to the broader community.&lt;br/&gt;&lt;br/&gt;The methods used, and problems studied, in this project come from operator algebras (a branch of mathematics motivated by quantum physics), group theory (the study of symmetry), and K-theory (a way of measuring "twistedness" phenomena in geometry).  The PI will study fundamental classification problems in the theory of operator algebras by first solving approximate versions; this uses intrinsically low-dimensional phenomena in the structure of such objects, as recently revealed by other researchers.  In contrast, the PI intends to study high-dimensional obstructions to the existence of approximate solutions to systems of matrix-equations governed by symmetry groups.  Finally, the PI intends to study the surprising analytic phenomena that come up around the failure of exactness, and the connections of this to geometry.&lt;br/&gt;&lt;br/&gt;This award reflects NSF's statutory mission and has been deemed worthy of support through evaluation using the Foundation's intellectual merit and broader impacts review criteria.]]></AbstractNarration>
<MinAmdLetterDate>05/03/2019</MinAmdLetterDate>
<MaxAmdLetterDate>05/03/2019</MaxAmdLetterDate>
<ARRAAmount/>
<TRAN_TYPE>Grant</TRAN_TYPE>
<CFDA_NUM>47.049</CFDA_NUM>
<NSF_PAR_USE_FLAG>1</NSF_PAR_USE_FLAG>
<FUND_AGCY_CODE>4900</FUND_AGCY_CODE>
<AWDG_AGCY_CODE>4900</AWDG_AGCY_CODE>
<AwardID>1901522</AwardID>
<Investigator>
<FirstName>Rufus</FirstName>
<LastName>Willett</LastName>
<PI_MID_INIT/>
<PI_SUFX_NAME/>
<PI_FULL_NAME>Rufus Willett</PI_FULL_NAME>
<EmailAddress><![CDATA[rwillett@hawaii.edu]]></EmailAddress>
<NSF_ID>000543171</NSF_ID>
<StartDate>05/03/2019</StartDate>
<EndDate/>
<RoleCode>Principal Investigator</RoleCode>
</Investigator>
<Institution>
<Name><![CDATA[University of Hawaii]]></Name>
<CityName>HONOLULU</CityName>
<ZipCode>968222247</ZipCode>
<PhoneNumber>8089567800</PhoneNumber>
<StreetAddress><![CDATA[2425 CAMPUS RD SINCLAIR RM 1]]></StreetAddress>
<StreetAddress2/>
<CountryName>United States</CountryName>
<StateName>Hawaii</StateName>
<StateCode>HI</StateCode>
<CONGRESSDISTRICT>01</CONGRESSDISTRICT>
<CONGRESS_DISTRICT_ORG>HI01</CONGRESS_DISTRICT_ORG>
<ORG_UEI_NUM>NSCKLFSSABF2</ORG_UEI_NUM>
<ORG_LGL_BUS_NAME>UNIVERSITY OF HAWAII</ORG_LGL_BUS_NAME>
<ORG_PRNT_UEI_NUM/>
</Institution>
<Performance_Institution>
<Name><![CDATA[University of Hawaii at Manoa]]></Name>
<CityName>Honolulu</CityName>
<StateCode>HI</StateCode>
<ZipCode>968222234</ZipCode>
<StreetAddress/>
<CountryCode>US</CountryCode>
<CountryName>United States</CountryName>
<StateName>Hawaii</StateName>
<CountryFlag>1</CountryFlag>
<CONGRESSDISTRICT>01</CONGRESSDISTRICT>
<CONGRESS_DISTRICT_PERF>HI01</CONGRESS_DISTRICT_PERF>
</Performance_Institution>
<ProgramElement>
<Code>1281</Code>
<Text>ANALYSIS PROGRAM</Text>
</ProgramElement>
<ProgramReference>
<Code>9150</Code>
<Text>EXP PROG TO STIM COMP RES</Text>
</ProgramReference>
<Appropriation>
<Code>0119</Code>
<Name>NSF RESEARCH &amp; RELATED ACTIVIT</Name>
<APP_SYMB_ID>040100</APP_SYMB_ID>
</Appropriation>
<Fund>
<Code>01001920DB</Code>
<Name><![CDATA[NSF RESEARCH & RELATED ACTIVIT]]></Name>
<FUND_SYMB_ID>040100</FUND_SYMB_ID>
</Fund>
<FUND_OBLG>2019~142286</FUND_OBLG>
<POR>
<DRECONTENT><![CDATA[<div class="porColContainerWBG"> <div class="porContentCol"><p>The mathematics underlying quantum systems is inherently more complicated that that underlying classical physical systems.&nbsp; The basic reason for this is the presence of 'non-commutativity': this means that the order in which one carries out operations matters, as it would when you are multiplying matrices, but not when you are multiplying numbers.</p> <p>One central purpose of this project was to study the range of validity of the so-called 'Universal Coefficient Theorem'.&nbsp; This posits that any 'quantum system' (more precisely, an 'amenable C*-algebra') can be approximated by a 'classical' (in other words, commutative) system.&nbsp; As the classical system is easier to deal with, this gives one a great deal of additional computational power, and is a central leg of a 40-year program to completely classify (in other words, to write down a complete list of) C*-algebras satisfying appropriate restrictions.&nbsp; With my collaborators and students we made significant progress on this (but did not solve it completely); we continue to work on developing our tools, and are also working on applying them to problems in physics.&nbsp;</p> <p>The tools my collaborators and I developed to understand amenable group actions are closely related; thanks to our work and subsequent developments by others, our theory is now expected to give a definitive framework, and has already been used substantially in classification results.</p> <p>&nbsp;A second main purpose supported by this work is in rigidity problems, which ask how much of an underlying classical (or geometric) system an associated quantum system remembers.&nbsp; In the setting of 'coarse' (or large-scale: think of objects as viewed from a great distance) my collaborators and I attained a definitive answer, which works in complete generality.&nbsp; The techniques we developed to solve this problem have now been applied elsewhere, and led to interesting off-shoots in graph theory and geometry.</p> <p>The main broader impacts of this project concern the training of junior researchers.&nbsp; This includes my own Masters and PhD students, some of whom are continuing in careers in STEM education, including one in a leadership position at my own institution.&nbsp; I have also been involved in efforts to broaden participation in mathematics, and support the success of junior researchers, through initiatives such as summer schools and mentorship programs.</p><br> <p>            Last Modified: 09/14/2023<br>      Modified by: Rufus&nbsp;Willett</p> </div> <div class="porSideCol"></div> </div>]]></DRECONTENT>
<POR_COPY_TXT><![CDATA[ The mathematics underlying quantum systems is inherently more complicated that that underlying classical physical systems.  The basic reason for this is the presence of 'non-commutativity': this means that the order in which one carries out operations matters, as it would when you are multiplying matrices, but not when you are multiplying numbers.  One central purpose of this project was to study the range of validity of the so-called 'Universal Coefficient Theorem'.  This posits that any 'quantum system' (more precisely, an 'amenable C*-algebra') can be approximated by a 'classical' (in other words, commutative) system.  As the classical system is easier to deal with, this gives one a great deal of additional computational power, and is a central leg of a 40-year program to completely classify (in other words, to write down a complete list of) C*-algebras satisfying appropriate restrictions.  With my collaborators and students we made significant progress on this (but did not solve it completely); we continue to work on developing our tools, and are also working on applying them to problems in physics.   The tools my collaborators and I developed to understand amenable group actions are closely related; thanks to our work and subsequent developments by others, our theory is now expected to give a definitive framework, and has already been used substantially in classification results.   A second main purpose supported by this work is in rigidity problems, which ask how much of an underlying classical (or geometric) system an associated quantum system remembers.  In the setting of 'coarse' (or large-scale: think of objects as viewed from a great distance) my collaborators and I attained a definitive answer, which works in complete generality.  The techniques we developed to solve this problem have now been applied elsewhere, and led to interesting off-shoots in graph theory and geometry.  The main broader impacts of this project concern the training of junior researchers.  This includes my own Masters and PhD students, some of whom are continuing in careers in STEM education, including one in a leadership position at my own institution.  I have also been involved in efforts to broaden participation in mathematics, and support the success of junior researchers, through initiatives such as summer schools and mentorship programs.       Last Modified: 09/14/2023       Submitted by: Rufus Willett]]></POR_COPY_TXT>
</POR>
</Award>
</rootTag>
