<?xml version="1.0" encoding="UTF-8"?>
<rootTag>
<Award>
<AwardTitle><![CDATA[SHF: Medium: Collaborative Research: Statically Controlled Asynchronous Lane Execution (SCALE)]]></AwardTitle>
<AGENCY>NSF</AGENCY>
<AwardEffectiveDate>09/15/2019</AwardEffectiveDate>
<AwardExpirationDate>08/31/2024</AwardExpirationDate>
<AwardTotalIntnAmount>599544.00</AwardTotalIntnAmount>
<AwardAmount>735170</AwardAmount>
<AwardInstrument>
<Value>Continuing Grant</Value>
</AwardInstrument>
<Organization>
<Code>05010000</Code>
<Directorate>
<Abbreviation>CSE</Abbreviation>
<LongName>Direct For Computer &amp; Info Scie &amp; Enginr</LongName>
</Directorate>
<Division>
<Abbreviation>CCF</Abbreviation>
<LongName>Division of Computing and Communication Foundations</LongName>
</Division>
</Organization>
<ProgramOfficer>
<SignBlockName>Almadena Chtchelkanova</SignBlockName>
<PO_EMAI>achtchel@nsf.gov</PO_EMAI>
<PO_PHON>7032927498</PO_PHON>
</ProgramOfficer>
<AbstractNarration><![CDATA[Enabling better performing systems benefits applications that span those running on mobile devices to large data applications running on data centers. The efficiency of most applications is still primarily affected by single thread performance. Instruction-level parallelism (ILP) speeds up programs by executing instructions of the program in parallel, with 'superscalar' processors achieving maximum performance. At the same time, energy efficiency is a key criteria to keep in mind as such speedup happens, with these two being conflicting criteria in system design. This project develops a Statically Controlled Asynchronous Lane Execution (SCALE) approach that has the potential to meet or exceed the performance of a traditional superscalar processor while approaching the energy efficiency of a very long instruction word (VLIW) processor.  As implied by its name, the SCALE approach has the ability to scale to different types and levels of parallelism. The toolset and designs developed in this project will be available as open-source and will also have an impact on both education and research. The SCALE architectural and compiler techniques will be included in undergraduate and graduate curricula.&lt;br/&gt;&lt;br/&gt;The SCALE approach supports separate asynchronous execution lanes where dependencies between instructions in different lanes are statically identified by the compiler to provide inter-lane synchronization. Providing distinct lanes of instructions allows the compiler to generate code for different modes of execution to adapt to the type of parallelism that is available at each point within an application. These execution modes include explicit packaging of parallel instructions, parallel and pipelined execution of loop iterations, single program multiple data (SPMD) execution, and independent multi-threading.&lt;br/&gt;&lt;br/&gt;This award reflects NSF's statutory mission and has been deemed worthy of support through evaluation using the Foundation's intellectual merit and broader impacts review criteria.]]></AbstractNarration>
<MinAmdLetterDate>09/10/2019</MinAmdLetterDate>
<MaxAmdLetterDate>08/26/2021</MaxAmdLetterDate>
<ARRAAmount/>
<TRAN_TYPE>Grant</TRAN_TYPE>
<CFDA_NUM>47.070</CFDA_NUM>
<NSF_PAR_USE_FLAG>1</NSF_PAR_USE_FLAG>
<FUND_AGCY_CODE>4900</FUND_AGCY_CODE>
<AWDG_AGCY_CODE>4900</AWDG_AGCY_CODE>
<AwardID>1901005</AwardID>
<Investigator>
<FirstName>Soner</FirstName>
<LastName>Onder</LastName>
<PI_MID_INIT/>
<PI_SUFX_NAME/>
<PI_FULL_NAME>Soner Onder</PI_FULL_NAME>
<EmailAddress><![CDATA[soner@mtu.edu]]></EmailAddress>
<NSF_ID>000207375</NSF_ID>
<StartDate>09/10/2019</StartDate>
<EndDate/>
<RoleCode>Principal Investigator</RoleCode>
</Investigator>
<Institution>
<Name><![CDATA[Michigan Technological University]]></Name>
<CityName>HOUGHTON</CityName>
<ZipCode>499311200</ZipCode>
<PhoneNumber>9064871885</PhoneNumber>
<StreetAddress><![CDATA[1400 TOWNSEND DR]]></StreetAddress>
<StreetAddress2/>
<CountryName>United States</CountryName>
<StateName>Michigan</StateName>
<StateCode>MI</StateCode>
<CONGRESSDISTRICT>01</CONGRESSDISTRICT>
<CONGRESS_DISTRICT_ORG>MI01</CONGRESS_DISTRICT_ORG>
<ORG_UEI_NUM>GKMSN3DA6P91</ORG_UEI_NUM>
<ORG_LGL_BUS_NAME>MICHIGAN TECHNOLOGICAL UNIVERSITY</ORG_LGL_BUS_NAME>
<ORG_PRNT_UEI_NUM>GKMSN3DA6P91</ORG_PRNT_UEI_NUM>
</Institution>
<Performance_Institution>
<Name><![CDATA[Michigan Technological University]]></Name>
<CityName>Houghton</CityName>
<StateCode>MI</StateCode>
<ZipCode>499311295</ZipCode>
<StreetAddress><![CDATA[1400 Townsend Drive]]></StreetAddress>
<CountryCode>US</CountryCode>
<CountryName>United States</CountryName>
<StateName>Michigan</StateName>
<CountryFlag>1</CountryFlag>
<CONGRESSDISTRICT>01</CONGRESSDISTRICT>
<CONGRESS_DISTRICT_PERF>MI01</CONGRESS_DISTRICT_PERF>
</Performance_Institution>
<ProgramElement>
<Code>055Y</Code>
<Text>CISE Education and Workforce</Text>
</ProgramElement>
<ProgramElement>
<Code>2878</Code>
<Text>Special Projects - CCF</Text>
</ProgramElement>
<ProgramElement>
<Code>7798</Code>
<Text>Software &amp; Hardware Foundation</Text>
</ProgramElement>
<ProgramReference>
<Code>2878</Code>
<Text>SPECIAL PROJECTS - CCF</Text>
</ProgramReference>
<ProgramReference>
<Code>7482</Code>
<Text>BROADENING PARTIC IN COMPUTING</Text>
</ProgramReference>
<ProgramReference>
<Code>7924</Code>
<Text>MEDIUM PROJECT</Text>
</ProgramReference>
<ProgramReference>
<Code>7942</Code>
<Text>HIGH-PERFORMANCE COMPUTING</Text>
</ProgramReference>
<ProgramReference>
<Code>9251</Code>
<Text>REU SUPP-Res Exp for Ugrd Supp</Text>
</ProgramReference>
<Appropriation>
<Code>0119</Code>
<Name>NSF RESEARCH &amp; RELATED ACTIVIT</Name>
<APP_SYMB_ID>040100</APP_SYMB_ID>
</Appropriation>
<Appropriation>
<Code>0121</Code>
<Name>NSF RESEARCH &amp; RELATED ACTIVIT</Name>
<APP_SYMB_ID>040100</APP_SYMB_ID>
</Appropriation>
<Fund>
<Code>01001920DB</Code>
<Name><![CDATA[NSF RESEARCH & RELATED ACTIVIT]]></Name>
<FUND_SYMB_ID>040100</FUND_SYMB_ID>
</Fund>
<Fund>
<Code>01002122DB</Code>
<Name><![CDATA[NSF RESEARCH & RELATED ACTIVIT]]></Name>
<FUND_SYMB_ID>040100</FUND_SYMB_ID>
</Fund>
<FUND_OBLG>2019~246329</FUND_OBLG>
<FUND_OBLG>2021~488841</FUND_OBLG>
</Award>
</rootTag>
