<?xml version="1.0" encoding="UTF-8"?>
<rootTag>
<Award>
<AwardTitle><![CDATA[Protecting Soft Targets against Lone Actor Attacks using Game Theory and Immersive Simulations]]></AwardTitle>
<AGENCY>NSF</AGENCY>
<AwardEffectiveDate>08/01/2019</AwardEffectiveDate>
<AwardExpirationDate>07/31/2023</AwardExpirationDate>
<AwardTotalIntnAmount>325000.00</AwardTotalIntnAmount>
<AwardAmount>325000</AwardAmount>
<AwardInstrument>
<Value>Standard Grant</Value>
</AwardInstrument>
<Organization>
<Code>07030000</Code>
<Directorate>
<Abbreviation>ENG</Abbreviation>
<LongName>Directorate For Engineering</LongName>
</Directorate>
<Division>
<Abbreviation>CMMI</Abbreviation>
<LongName>Div Of Civil, Mechanical, &amp; Manufact Inn</LongName>
</Division>
</Organization>
<ProgramOfficer>
<SignBlockName>Daan Liang</SignBlockName>
<PO_EMAI>dliang@nsf.gov</PO_EMAI>
<PO_PHON>7032922441</PO_PHON>
</ProgramOfficer>
<AbstractNarration><![CDATA[This project examines terrorist attacks by individuals who are outside of an organized terrorist group (lone actor attackers) that target public spaces like train stations (soft targets).  Such attacks have increased 134 percent in the last 20 years, yet lone actor attack-defend models have not kept up with the trend. The project will develop new models based on game-theory to understand attack and defense strategies combined with immersive simulations that can validate the theoretical models. The project team has expertise in the fields of operations research, industrial and systems engineering, psychology, and electrical and computer engineering. Implementation of this work will contribute to the national priority to reduce risk to critical infrastructures and their users. Furthermore, it will provide advanced training in game-theoretic models for undergraduate and graduate students. This scientific research contribution thus supports NSF's mission to promote the progress of science and to advance our national welfare. In this case, the benefits will be insights to improve man-made emergency management, which can save lives in future events.&lt;br/&gt;&lt;br/&gt;This project addresses the gaps in current understanding of lone actor attacks to guide the development of new innovative defense strategies. Specific research objectives are: 1) to develop and analyze game-theoretic models of attack and defense strategies, and protection algorithms, to be used by the defenders against lone actor attackers; 2) to design immersive simulations to provide descriptive agents' behavior and to validate the game-theoretic models using risk metrics such as expected damage, and the fraction of unsuccessful attacks. The intellectual merit of this research is the broadening of the knowledge base of game theory with incomplete information, multi-agent (attacker and defender) learning, and stochastic games of partially observable systems. This is transformational research since it brings a fresh vision into the risk management, immersive simulations, statistical learning and normative behavior studies for infrastructure security. The anticipated results of this research are both analytical and practical for  emergency management agencies, transportation safety officers, and the police.&lt;br/&gt;&lt;br/&gt;This award reflects NSF's statutory mission and has been deemed worthy of support through evaluation using the Foundation's intellectual merit and broader impacts review criteria.]]></AbstractNarration>
<MinAmdLetterDate>07/29/2019</MinAmdLetterDate>
<MaxAmdLetterDate>07/29/2019</MaxAmdLetterDate>
<ARRAAmount/>
<TRAN_TYPE>Grant</TRAN_TYPE>
<CFDA_NUM>47.041</CFDA_NUM>
<NSF_PAR_USE_FLAG>1</NSF_PAR_USE_FLAG>
<FUND_AGCY_CODE>4900</FUND_AGCY_CODE>
<AWDG_AGCY_CODE>4900</AWDG_AGCY_CODE>
<AwardID>1901721</AwardID>
<Investigator>
<FirstName>Pernille</FirstName>
<LastName>Hemmer</LastName>
<PI_MID_INIT/>
<PI_SUFX_NAME/>
<PI_FULL_NAME>Pernille Hemmer</PI_FULL_NAME>
<EmailAddress><![CDATA[pernille.hemmer@rutgers.edu]]></EmailAddress>
<NSF_ID>000516786</NSF_ID>
<StartDate>07/29/2019</StartDate>
<EndDate/>
<RoleCode>Co-Principal Investigator</RoleCode>
</Investigator>
<Investigator>
<FirstName>Melike</FirstName>
<LastName>Baykal-Gursoy</LastName>
<PI_MID_INIT/>
<PI_SUFX_NAME/>
<PI_FULL_NAME>Melike Baykal-Gursoy</PI_FULL_NAME>
<EmailAddress><![CDATA[gursoy@rutgers.edu]]></EmailAddress>
<NSF_ID>000222900</NSF_ID>
<StartDate>07/29/2019</StartDate>
<EndDate/>
<RoleCode>Principal Investigator</RoleCode>
</Investigator>
<Investigator>
<FirstName>Predrag</FirstName>
<LastName>Spasojevic</LastName>
<PI_MID_INIT/>
<PI_SUFX_NAME/>
<PI_FULL_NAME>Predrag Spasojevic</PI_FULL_NAME>
<EmailAddress><![CDATA[spasojev@winlab.rutgers.edu]]></EmailAddress>
<NSF_ID>000491648</NSF_ID>
<StartDate>07/29/2019</StartDate>
<EndDate/>
<RoleCode>Co-Principal Investigator</RoleCode>
</Investigator>
<Institution>
<Name><![CDATA[Rutgers University New Brunswick]]></Name>
<CityName>NEW BRUNSWICK</CityName>
<ZipCode>089018559</ZipCode>
<PhoneNumber>8489320150</PhoneNumber>
<StreetAddress><![CDATA[3 RUTGERS PLZ]]></StreetAddress>
<StreetAddress2/>
<CountryName>United States</CountryName>
<StateName>New Jersey</StateName>
<StateCode>NJ</StateCode>
<CONGRESSDISTRICT>12</CONGRESSDISTRICT>
<CONGRESS_DISTRICT_ORG>NJ12</CONGRESS_DISTRICT_ORG>
<ORG_UEI_NUM>M1LVPE5GLSD9</ORG_UEI_NUM>
<ORG_LGL_BUS_NAME>RUTGERS, THE STATE UNIVERSITY</ORG_LGL_BUS_NAME>
<ORG_PRNT_UEI_NUM/>
</Institution>
<Performance_Institution>
<Name><![CDATA[Rutgers University New Brunswick]]></Name>
<CityName/>
<StateCode>NJ</StateCode>
<ZipCode>088548018</ZipCode>
<StreetAddress/>
<CountryCode>US</CountryCode>
<CountryName>United States</CountryName>
<StateName>New Jersey</StateName>
<CountryFlag>1</CountryFlag>
<CONGRESSDISTRICT>06</CONGRESSDISTRICT>
<CONGRESS_DISTRICT_PERF>NJ06</CONGRESS_DISTRICT_PERF>
</Performance_Institution>
<ProgramElement>
<Code>1638</Code>
<Text>HDBE-Humans, Disasters, and th</Text>
</ProgramElement>
<ProgramReference>
<Code>041E</Code>
<Text>HAZARD AND DISASTER REDUCTION</Text>
</ProgramReference>
<ProgramReference>
<Code>042E</Code>
<Text>HAZARD AND DISASTER RESPONSE</Text>
</ProgramReference>
<ProgramReference>
<Code>9102</Code>
<Text>WOMEN, MINORITY, DISABLED, NEC</Text>
</ProgramReference>
<Appropriation>
<Code>0119</Code>
<Name>NSF RESEARCH &amp; RELATED ACTIVIT</Name>
<APP_SYMB_ID>040100</APP_SYMB_ID>
</Appropriation>
<Fund>
<Code>01001920DB</Code>
<Name><![CDATA[NSF RESEARCH & RELATED ACTIVIT]]></Name>
<FUND_SYMB_ID>040100</FUND_SYMB_ID>
</Fund>
<FUND_OBLG>2019~325000</FUND_OBLG>
<POR>
<DRECONTENT><![CDATA[<div class="porColContainerWBG"> <div class="porContentCol"><p>&nbsp;</p> <p><strong>Project Outcomes Report</strong></p> <p>The primary aim of this project was to address the gaps in current understanding of lone actor attacks to guide the development of new innovative defensive policies. In this award, we analyzed interactions between attackers and defenders across different scenarios and uncertainties, and suggested defense strategies through game-theoretic framework and empirical data. The outcomes are categorized under the following sections:<strong><span>&nbsp;</span></strong></p> <p><strong>1. Real-world data collection and behavior analysis:</strong></p> <p>We gathered and collected lone-actor terrorism data and made it available through a publicly available site. Our preliminary analysis of data revealed that while pre-9/11 lone actors mostly radicalized in their own environment, post-9/11 lone actors are more diverse.&nbsp; Moreover, our analysis also made the scarcity of incident scene data more evident.&nbsp;</p> <p>We contrasted, as a proxy, the 2D-game data generated at the Game Research for Infrastructure SecuriTy (GRIST) Lab and real world lone-actor terrorism data and identified five main types of attackers regarding their target selection and attack preparation schemes, out of which ``maximum damagers'' are the most critical. In addition, we used Association Rule Mining that demonstrated the implications among radicalization and attack preparation behaviors. These implications produced temporal behavioral chains on the pathway to violence. The study also points out the unavailability of the incident-scene data.<strong><span>&nbsp;</span></strong></p> <p><strong>2. Serious game development and data collection for incident-scene behavior:</strong></p> <p>In response to the incident-scene data scarcity, serious games serve as a suitable surrogate for data generation. To this end, we designed the "Paint Fever" game (http://grist-lab-ise.rutgers.edu/games.html) to provide a platform for analyzing attacker behavior. The game simulates a critical infrastructure environment featuring individuals and a disguised attacker, with defenders patrolling and locating the attacker. This game provided valuable publicly available data to analyze and understand attackers' incident-scene behavior.</p> <p>Data from interactive games revealed that the attackers' micro-trajectories significantly expose them during incident scenes. Attackers' behaviors at the incident scene include instinctively reverting upon an encounter with a defender or attempting to blend seamlessly with the surrounding crowd. However, these micro-trajectories are mostly instinctive and as such can be detectable.<strong>&nbsp;</strong></p> <p><strong>3. Developing defense policies against various attack scenarios:</strong></p> <p>We considered various security problems, for example, search games, and defensive resource allocation scenarios. In these situations, the ultimate goal of the defender(s) is to promptly locate the attacker and the attack weapon in order to prevent any harm to the public. We used game-theoretic and optimization arguments to find the defender's optimum strategy for these problems. For specific cases, whenever it is possible, we proved that the defender's optimum strategy is unique and can be simply formulated. In the general cases, we provided algorithms to computationally solve for the optimum strategy. We showed that these algorithms possess properties that demonstrate their operational effectiveness and efficiency.</p> <p>A more extensive defense policy includes overarching protection. An unrealistic assumption is that only one type of protection protects all targets. Overarching protection necessitates a cost-effective combination and allocation of various measures against multiple attacks or disasters. In this award, we showed that a country-wide problem can be decomposed into smaller city-level subproblems and solved optimally at each scale, including both static and dynamic protection resources.<strong>&nbsp;</strong></p> <p><strong>4. Extension to cyber-security attacks:</strong></p> <p>The attackers do not always aim to maximize the damage to the public; in some cases, they prefer to gather intelligence, or to disrupt the communication between defenders in order to create chaos. If the attacker's type is unknown, we showed that the best defense strategy involves an optimal mix of the strategies against each type of attackers separately.</p> <p>We considered the problem of increasing the communication secrecy throughout a network by applying jamming to eavesdropping attackers. The results of this award indicated that the optimum policy maintains an effective balance between the jamming strength and clear communication among viable users. The conservative approach in such problems assumes an ominous eavesdropper attacking all communication channels simultaneously. However, We showed that strategic attacks distribute the risk to different channels. Against such attacks, we proved that the optimal policy is unique and follows a water-filling scheme.<strong>&nbsp;</strong></p> <p><strong>5. Publications and Dissertations:</strong></p> <p>The National Science Foundation funding provided support for six doctoral students, and one undergraduate student, with four doctoral students receiving partial funding as part of their participation and three having completed their dissertations. The results of this research had been disseminated as four journal articles and five refereed conference proceedings, and eight conference presentations.<strong>&nbsp;</strong></p> <p>&nbsp;</p><br> <p>            Last Modified: 11/02/2023<br>      Modified by: Melike&nbsp;Baykal-Gursoy</p> </div> <div class="porSideCol"></div> </div>]]></DRECONTENT>
<POR_COPY_TXT><![CDATA[    Project Outcomes Report  The primary aim of this project was to address the gaps in current understanding of lone actor attacks to guide the development of new innovative defensive policies. In this award, we analyzed interactions between attackers and defenders across different scenarios and uncertainties, and suggested defense strategies through game-theoretic framework and empirical data. The outcomes are categorized under the following sections:   1. Real-world data collection and behavior analysis:  We gathered and collected lone-actor terrorism data and made it available through a publicly available site. Our preliminary analysis of data revealed that while pre-9/11 lone actors mostly radicalized in their own environment, post-9/11 lone actors are more diverse.  Moreover, our analysis also made the scarcity of incident scene data more evident.   We contrasted, as a proxy, the 2D-game data generated at the Game Research for Infrastructure SecuriTy (GRIST) Lab and real world lone-actor terrorism data and identified five main types of attackers regarding their target selection and attack preparation schemes, out of which ``maximum damagers'' are the most critical. In addition, we used Association Rule Mining that demonstrated the implications among radicalization and attack preparation behaviors. These implications produced temporal behavioral chains on the pathway to violence. The study also points out the unavailability of the incident-scene data.   2. Serious game development and data collection for incident-scene behavior:  In response to the incident-scene data scarcity, serious games serve as a suitable surrogate for data generation. To this end, we designed the "Paint Fever" game (http://grist-lab-ise.rutgers.edu/games.html) to provide a platform for analyzing attacker behavior. The game simulates a critical infrastructure environment featuring individuals and a disguised attacker, with defenders patrolling and locating the attacker. This game provided valuable publicly available data to analyze and understand attackers' incident-scene behavior.  Data from interactive games revealed that the attackers' micro-trajectories significantly expose them during incident scenes. Attackers' behaviors at the incident scene include instinctively reverting upon an encounter with a defender or attempting to blend seamlessly with the surrounding crowd. However, these micro-trajectories are mostly instinctive and as such can be detectable.   3. Developing defense policies against various attack scenarios:  We considered various security problems, for example, search games, and defensive resource allocation scenarios. In these situations, the ultimate goal of the defender(s) is to promptly locate the attacker and the attack weapon in order to prevent any harm to the public. We used game-theoretic and optimization arguments to find the defender's optimum strategy for these problems. For specific cases, whenever it is possible, we proved that the defender's optimum strategy is unique and can be simply formulated. In the general cases, we provided algorithms to computationally solve for the optimum strategy. We showed that these algorithms possess properties that demonstrate their operational effectiveness and efficiency.  A more extensive defense policy includes overarching protection. An unrealistic assumption is that only one type of protection protects all targets. Overarching protection necessitates a cost-effective combination and allocation of various measures against multiple attacks or disasters. In this award, we showed that a country-wide problem can be decomposed into smaller city-level subproblems and solved optimally at each scale, including both static and dynamic protection resources.   4. Extension to cyber-security attacks:  The attackers do not always aim to maximize the damage to the public; in some cases, they prefer to gather intelligence, or to disrupt the communication between defenders in order to create chaos. If the attacker's type is unknown, we showed that the best defense strategy involves an optimal mix of the strategies against each type of attackers separately.  We considered the problem of increasing the communication secrecy throughout a network by applying jamming to eavesdropping attackers. The results of this award indicated that the optimum policy maintains an effective balance between the jamming strength and clear communication among viable users. The conservative approach in such problems assumes an ominous eavesdropper attacking all communication channels simultaneously. However, We showed that strategic attacks distribute the risk to different channels. Against such attacks, we proved that the optimal policy is unique and follows a water-filling scheme.   5. Publications and Dissertations:  The National Science Foundation funding provided support for six doctoral students, and one undergraduate student, with four doctoral students receiving partial funding as part of their participation and three having completed their dissertations. The results of this research had been disseminated as four journal articles and five refereed conference proceedings, and eight conference presentations.           Last Modified: 11/02/2023       Submitted by: Melike Baykal-Gursoy]]></POR_COPY_TXT>
</POR>
</Award>
</rootTag>
