<?xml version="1.0" encoding="UTF-8"?>
<rootTag>
<Award>
<AwardTitle><![CDATA[Research Initiation Award: Identification and Characterization of Cofactor-Linked RNAs in Plants]]></AwardTitle>
<AGENCY>NSF</AGENCY>
<AwardEffectiveDate>05/15/2019</AwardEffectiveDate>
<AwardExpirationDate>04/30/2024</AwardExpirationDate>
<AwardTotalIntnAmount>299926.00</AwardTotalIntnAmount>
<AwardAmount>299926</AwardAmount>
<AwardInstrument>
<Value>Standard Grant</Value>
</AwardInstrument>
<Organization>
<Code>11060000</Code>
<Directorate>
<Abbreviation>EDU</Abbreviation>
<LongName>Directorate for STEM Education</LongName>
</Directorate>
<Division>
<Abbreviation>EES</Abbreviation>
<LongName>Div. of Equity for Excellence in STEM</LongName>
</Division>
</Organization>
<ProgramOfficer>
<SignBlockName>Leroy Jones II</SignBlockName>
<PO_EMAI>ljones@nsf.gov</PO_EMAI>
<PO_PHON>7032924684</PO_PHON>
</ProgramOfficer>
<AbstractNarration><![CDATA[Research Initiation Awards provide support for junior and mid-career faculty at Historically Black Colleges and Universities who are building new research programs or redirecting and rebuilding existing programs. It is expected that the award helps to further the faculty member's research capability and effectiveness, improves research and teaching at the home institution, and involves undergraduate students in research experiences. The award to Saint Augustine's College intends to identify and characterize plant cofactor capped RNAs using biochemical, computational and molecular approaches to uncover new regulatory mechanisms in plants. Undergraduate students will be included in the project and will gain laboratory training and preparation for STEM careers.&lt;br/&gt;&lt;br/&gt;The overall goal of this project is to dissect and rewire plant signaling in model organisms to enhance crop resilience to environmental challenges such climate and weather change.  The objectives are to isolate and identify 5'-NAD+ (nicotinamide adenine dinucleotide) capped RNAs and 5'-CoA (coenzyme A) capped RNAs from plants and to examine de-capping mechanisms of 5'-NAD+ capped RNAs in plants. This study will contribute to the understanding of plant 5'-NAD+ capped RNAs and 5'-CoA capped RNAs functioning as cellular metabolic sensors to regulate gene expression and/or regulate metabolic signaling pathways. This will involve the modification of the terminal nicotinamide on 5'-NAD+ capped RNAs to an alkyne that is suitable for biotinylation through chemoenzymatic and click-chemistry processing followed by cDNA synthesis for high-throughput sequencing.&lt;br/&gt;&lt;br/&gt;This award reflects NSF's statutory mission and has been deemed worthy of support through evaluation using the Foundation's intellectual merit and broader impacts review criteria.]]></AbstractNarration>
<MinAmdLetterDate>05/08/2019</MinAmdLetterDate>
<MaxAmdLetterDate>01/19/2023</MaxAmdLetterDate>
<ARRAAmount/>
<TRAN_TYPE>Grant</TRAN_TYPE>
<CFDA_NUM>47.076</CFDA_NUM>
<NSF_PAR_USE_FLAG>1</NSF_PAR_USE_FLAG>
<FUND_AGCY_CODE>4900</FUND_AGCY_CODE>
<AWDG_AGCY_CODE>4900</AWDG_AGCY_CODE>
<AwardID>1901221</AwardID>
<Investigator>
<FirstName>Tyrell</FirstName>
<LastName>Carr</LastName>
<PI_MID_INIT/>
<PI_SUFX_NAME/>
<PI_FULL_NAME>Tyrell Carr</PI_FULL_NAME>
<EmailAddress><![CDATA[tcarr@st-aug.edu]]></EmailAddress>
<NSF_ID>000080791</NSF_ID>
<StartDate>05/08/2019</StartDate>
<EndDate/>
<RoleCode>Principal Investigator</RoleCode>
</Investigator>
<Institution>
<Name><![CDATA[Saint Augustine's College]]></Name>
<CityName>RALEIGH</CityName>
<ZipCode>276102247</ZipCode>
<PhoneNumber>9195164533</PhoneNumber>
<StreetAddress><![CDATA[1315 OAKWOOD AVE]]></StreetAddress>
<StreetAddress2/>
<CountryName>United States</CountryName>
<StateName>North Carolina</StateName>
<StateCode>NC</StateCode>
<CONGRESSDISTRICT>13</CONGRESSDISTRICT>
<CONGRESS_DISTRICT_ORG>NC13</CONGRESS_DISTRICT_ORG>
<ORG_UEI_NUM>MATKQHRN8EB3</ORG_UEI_NUM>
<ORG_LGL_BUS_NAME>SAINT AUGUSTINE'S UNIVERSITY</ORG_LGL_BUS_NAME>
<ORG_PRNT_UEI_NUM/>
</Institution>
<Performance_Institution>
<Name><![CDATA[Saint Augustine's College]]></Name>
<CityName/>
<StateCode>NC</StateCode>
<ZipCode>276102247</ZipCode>
<StreetAddress/>
<CountryCode>US</CountryCode>
<CountryName>United States</CountryName>
<StateName>North Carolina</StateName>
<CountryFlag>1</CountryFlag>
<CONGRESSDISTRICT>13</CONGRESSDISTRICT>
<CONGRESS_DISTRICT_PERF>NC13</CONGRESS_DISTRICT_PERF>
</Performance_Institution>
<ProgramElement>
<Code>1594</Code>
<Text>Hist Black Colleges and Univ</Text>
</ProgramElement>
<ProgramReference>
<Code>9178</Code>
<Text>UNDERGRADUATE EDUCATION</Text>
</ProgramReference>
<Appropriation>
<Code>0419</Code>
<Name>NSF Education &amp; Human Resource</Name>
<APP_SYMB_ID>040106</APP_SYMB_ID>
</Appropriation>
<Fund>
<Code>04001920DB</Code>
<Name><![CDATA[NSF Education & Human Resource]]></Name>
<FUND_SYMB_ID>040106</FUND_SYMB_ID>
</Fund>
<FUND_OBLG>2019~299926</FUND_OBLG>
</Award>
</rootTag>
