<?xml version="1.0" encoding="UTF-8"?>
<rootTag>
<Award>
<AwardTitle><![CDATA[Alleviating Electric Grid Congestion: Understanding Consumer and Utilities Response to Infrastructure Investment in Distributed Solar Generation]]></AwardTitle>
<AGENCY>NSF</AGENCY>
<AwardEffectiveDate>09/01/2019</AwardEffectiveDate>
<AwardExpirationDate>08/31/2023</AwardExpirationDate>
<AwardTotalIntnAmount>249994.00</AwardTotalIntnAmount>
<AwardAmount>265994</AwardAmount>
<AwardInstrument>
<Value>Standard Grant</Value>
</AwardInstrument>
<Organization>
<Code>07030000</Code>
<Directorate>
<Abbreviation>ENG</Abbreviation>
<LongName>Directorate For Engineering</LongName>
</Directorate>
<Division>
<Abbreviation>CMMI</Abbreviation>
<LongName>Div Of Civil, Mechanical, &amp; Manufact Inn</LongName>
</Division>
</Organization>
<ProgramOfficer>
<SignBlockName>Siqian Shen</SignBlockName>
<PO_EMAI>siqshen@nsf.gov</PO_EMAI>
<PO_PHON>7032927048</PO_PHON>
</ProgramOfficer>
<AbstractNarration><![CDATA[Distributed solar generation (DSG) offers several potential benefits for consumers including lower cost of electricity, price protection, reliability and power quality, and a diversified portfolio of heat and power. In addition, DSG has the potential to change how utilities provide power for customers and how customers interact with the power system. To this effect, the goal of this project is to understand the evolution of an electric grid toward DSG by understanding how customers and utilities respond to incentives in their investments in new resources. The associated educational component will: (1) integrate research findings into courses at Missouri University of Science and Technology and the University of Tennessee - Knoxville using problem-based-learning; (2) attract underrepresented students; and (3) enhance public awareness by carrying out several panel sessions and exercises in national conferences, regional workshops, and local meetings with stakeholders. &lt;br/&gt;&lt;br/&gt;The project will work closely with the southeastern electric grid of Tennessee Valley Authority (TVA) and study its market structure, electricity rates, and per capita electricity usage. More specifically, the project will: (1) gather information about the physical components of the TVA electric grid (i.e. transmission lines, AC transmission grid, and generating units) and the different associated stakeholders (i.e. utility, residential customers, and commercial/industrial customers); (2) use surveys directed at residential customers to study the social-psychological and economic factors affecting solar adoption, intent and motivation to participate in various demand response programs, and daily energy practices; and (3) conduct focus groups with commercial/industrial customers in relation to their experiences with DSG technologies, their motivations and concerns about DSG, and anticipated breakthroughs in DSG technologies of interest. After the data is collected, the research team will use structural equation modeling (SEM) to understand factors that affect the decision making of the different stakeholders concerning electricity use and DSG adoption. The insights learned through this project will be important to be integrated in understanding utilities? investment and operation decisions concerning a grid network.&lt;br/&gt;&lt;br/&gt;This award reflects NSF's statutory mission and has been deemed worthy of support through evaluation using the Foundation's intellectual merit and broader impacts review criteria.]]></AbstractNarration>
<MinAmdLetterDate>08/08/2019</MinAmdLetterDate>
<MaxAmdLetterDate>05/19/2021</MaxAmdLetterDate>
<ARRAAmount/>
<TRAN_TYPE>Grant</TRAN_TYPE>
<CFDA_NUM>47.041</CFDA_NUM>
<NSF_PAR_USE_FLAG>1</NSF_PAR_USE_FLAG>
<FUND_AGCY_CODE>4900</FUND_AGCY_CODE>
<AWDG_AGCY_CODE>4900</AWDG_AGCY_CODE>
<AwardID>1901740</AwardID>
<Investigator>
<FirstName>Islam</FirstName>
<LastName>El-adaway</LastName>
<PI_MID_INIT>H</PI_MID_INIT>
<PI_SUFX_NAME/>
<PI_FULL_NAME>Islam H El-adaway</PI_FULL_NAME>
<EmailAddress><![CDATA[eladaway@mst.edu]]></EmailAddress>
<NSF_ID>000511923</NSF_ID>
<StartDate>08/08/2019</StartDate>
<EndDate/>
<RoleCode>Principal Investigator</RoleCode>
</Investigator>
<Investigator>
<FirstName>Charles</FirstName>
<LastName>Sims</LastName>
<PI_MID_INIT>B</PI_MID_INIT>
<PI_SUFX_NAME/>
<PI_FULL_NAME>Charles B Sims</PI_FULL_NAME>
<EmailAddress><![CDATA[cbsims@utk.edu]]></EmailAddress>
<NSF_ID>000685526</NSF_ID>
<StartDate>08/08/2019</StartDate>
<EndDate/>
<RoleCode>Co-Principal Investigator</RoleCode>
</Investigator>
<Investigator>
<FirstName>James</FirstName>
<LastName>Holladay</LastName>
<PI_MID_INIT>S</PI_MID_INIT>
<PI_SUFX_NAME/>
<PI_FULL_NAME>James S Holladay</PI_FULL_NAME>
<EmailAddress><![CDATA[jhollad3@utk.edu]]></EmailAddress>
<NSF_ID>000640350</NSF_ID>
<StartDate>08/08/2019</StartDate>
<EndDate/>
<RoleCode>Co-Principal Investigator</RoleCode>
</Investigator>
<Investigator>
<FirstName>Chien-fei</FirstName>
<LastName>Chen</LastName>
<PI_MID_INIT/>
<PI_SUFX_NAME/>
<PI_FULL_NAME>Chien-fei Chen</PI_FULL_NAME>
<EmailAddress><![CDATA[cchen26@utk.edu]]></EmailAddress>
<NSF_ID>000575344</NSF_ID>
<StartDate>08/08/2019</StartDate>
<EndDate/>
<RoleCode>Co-Principal Investigator</RoleCode>
</Investigator>
<Institution>
<Name>Missouri University of Science and Technology</Name>
<CityName>ROLLA</CityName>
<ZipCode>654091330</ZipCode>
<PhoneNumber>5733414134</PhoneNumber>
<StreetAddress>300 W. 12TH STREET</StreetAddress>
<StreetAddress2><![CDATA[202 CENTENNIAL HALL]]></StreetAddress2>
<CountryName>United States</CountryName>
<StateName>Missouri</StateName>
<StateCode>MO</StateCode>
<CONGRESSDISTRICT>08</CONGRESSDISTRICT>
<CONGRESS_DISTRICT_ORG>MO08</CONGRESS_DISTRICT_ORG>
<ORG_UEI_NUM>Y6MGH342N169</ORG_UEI_NUM>
<ORG_LGL_BUS_NAME>UNIVERSITY OF MISSOURI SYSTEM</ORG_LGL_BUS_NAME>
<ORG_PRNT_UEI_NUM/>
</Institution>
<Performance_Institution>
<Name><![CDATA[Missouri University of Science and Technology]]></Name>
<CityName/>
<StateCode>MO</StateCode>
<ZipCode>654096506</ZipCode>
<StreetAddress/>
<CountryCode>US</CountryCode>
<CountryName>United States</CountryName>
<StateName>Missouri</StateName>
<CountryFlag>1</CountryFlag>
<CONGRESSDISTRICT>08</CONGRESSDISTRICT>
<CONGRESS_DISTRICT_PERF>MO08</CONGRESS_DISTRICT_PERF>
</Performance_Institution>
<ProgramElement>
<Code>1631</Code>
<Text>CIS-Civil Infrastructure Syst</Text>
</ProgramElement>
<ProgramReference>
<Code>029E</Code>
<Text>INFRASTRUCTURE SYSTEMS MGT</Text>
</ProgramReference>
<ProgramReference>
<Code>036E</Code>
<Text>CIVIL INFRASTRUCTURE</Text>
</ProgramReference>
<ProgramReference>
<Code>1057</Code>
<Text>CIS BASE RESEARCH</Text>
</ProgramReference>
<ProgramReference>
<Code>116E</Code>
<Text>RESEARCH EXP FOR UNDERGRADS</Text>
</ProgramReference>
<ProgramReference>
<Code>9150</Code>
<Text>EXP PROG TO STIM COMP RES</Text>
</ProgramReference>
<ProgramReference>
<Code>9178</Code>
<Text>UNDERGRADUATE EDUCATION</Text>
</ProgramReference>
<ProgramReference>
<Code>9231</Code>
<Text>SUPPL FOR UNDERGRAD RES ASSIST</Text>
</ProgramReference>
<ProgramReference>
<Code>9251</Code>
<Text>REU SUPP-Res Exp for Ugrd Supp</Text>
</ProgramReference>
<Appropriation>
<Code>0119</Code>
<Name>NSF RESEARCH &amp; RELATED ACTIVIT</Name>
<APP_SYMB_ID>040100</APP_SYMB_ID>
</Appropriation>
<Appropriation>
<Code>0121</Code>
<Name>NSF RESEARCH &amp; RELATED ACTIVIT</Name>
<APP_SYMB_ID>040100</APP_SYMB_ID>
</Appropriation>
<Fund>
<Code>01001920DB</Code>
<Name><![CDATA[NSF RESEARCH & RELATED ACTIVIT]]></Name>
<FUND_SYMB_ID>040100</FUND_SYMB_ID>
</Fund>
<Fund>
<Code>01002122DB</Code>
<Name><![CDATA[NSF RESEARCH & RELATED ACTIVIT]]></Name>
<FUND_SYMB_ID>040100</FUND_SYMB_ID>
</Fund>
<FUND_OBLG>2019~249994</FUND_OBLG>
<FUND_OBLG>2021~16000</FUND_OBLG>
<POR>
<DRECONTENT><![CDATA[<div class="porColContainerWBG"> <div class="porContentCol"><p>This project provided better understanding of the dynamic interplay between customer incentives to invest in distributed solar generation (DSG) and utility incentives to invest in new resource and transmission assets. The two associated objectives included characterizing: (1) the generation assets and transmission network that define the electric grid and identify the different customer, institutional, and utility stakeholders that interact on that grid, and (2) the factors that shape behaviors and interactions of the different stakeholders concerning electricity use and DSG adoption. The outcome of both objectives will devise an integrated understanding focusing on the holistic interactions within the electric grid with DSG diffusion. To this end, an Agent-Based Model (ABM) was developed to simulate the System-of-System (SoS) behavior of wholesale power markets and infrastructure where consumers can decide to install DSG and detach from the grid. The developed ABM calculates power commitments, transmission flows, and prices using a DC Optimal Power Flow (DC-OPF) solver and integrates it into a consumer decision feedback loop. The ABM supported several research goals including studying dynamic generator pricing using Reinforcement Learning (RL), reducing grid vulnerability against natural disasters using DSG, and the complex effect of policy incentives to install DSG. This provides new knowledge about when and where utilities should make new investments in generation and transmission, how these investments will influence DSG adoption, and who bears the costs of increased DSG penetration.</p> <p>&nbsp;</p><br> <p>            Last Modified: 09/18/2023<br>      Modified by: Islam&nbsp;H&nbsp;El-Adaway</p> </div> <div class="porSideCol"></div> </div>]]></DRECONTENT>
<POR_COPY_TXT><![CDATA[ This project provided better understanding of the dynamic interplay between customer incentives to invest in distributed solar generation (DSG) and utility incentives to invest in new resource and transmission assets. The two associated objectives included characterizing: (1) the generation assets and transmission network that define the electric grid and identify the different customer, institutional, and utility stakeholders that interact on that grid, and (2) the factors that shape behaviors and interactions of the different stakeholders concerning electricity use and DSG adoption. The outcome of both objectives will devise an integrated understanding focusing on the holistic interactions within the electric grid with DSG diffusion. To this end, an Agent-Based Model (ABM) was developed to simulate the System-of-System (SoS) behavior of wholesale power markets and infrastructure where consumers can decide to install DSG and detach from the grid. The developed ABM calculates power commitments, transmission flows, and prices using a DC Optimal Power Flow (DC-OPF) solver and integrates it into a consumer decision feedback loop. The ABM supported several research goals including studying dynamic generator pricing using Reinforcement Learning (RL), reducing grid vulnerability against natural disasters using DSG, and the complex effect of policy incentives to install DSG. This provides new knowledge about when and where utilities should make new investments in generation and transmission, how these investments will influence DSG adoption, and who bears the costs of increased DSG penetration.          Last Modified: 09/18/2023       Submitted by: Islam H El-Adaway]]></POR_COPY_TXT>
</POR>
</Award>
</rootTag>
