<?xml version="1.0" encoding="UTF-8"?>
<rootTag>
<Award>
<AwardTitle><![CDATA[SHF: Medium: Collaborative Research: ADMM-NN: A Unified Software/Hardware Framework of DNN Computation and Storage Reduction Using ADMM]]></AwardTitle>
<AGENCY>NSF</AGENCY>
<AwardEffectiveDate>06/01/2019</AwardEffectiveDate>
<AwardExpirationDate>05/31/2024</AwardExpirationDate>
<AwardTotalIntnAmount>750000.00</AwardTotalIntnAmount>
<AwardAmount>750000</AwardAmount>
<AwardInstrument>
<Value>Continuing Grant</Value>
</AwardInstrument>
<Organization>
<Code>05010000</Code>
<Directorate>
<Abbreviation>CSE</Abbreviation>
<LongName>Direct For Computer &amp; Info Scie &amp; Enginr</LongName>
</Directorate>
<Division>
<Abbreviation>CCF</Abbreviation>
<LongName>Division of Computing and Communication Foundations</LongName>
</Division>
</Organization>
<ProgramOfficer>
<SignBlockName>Sankar Basu</SignBlockName>
<PO_EMAI>sabasu@nsf.gov</PO_EMAI>
<PO_PHON>7032927843</PO_PHON>
</ProgramOfficer>
<AbstractNarration><![CDATA[Deep neural networks (DNNs) have been employed in wide application domains thanks to their extraordinary performance. Hardware implementations of DNNs are of critical importance for the ubiquitous embedded and Internet of Things (IoT) devices, which call for high performance in energy and resource constrained systems. This project aims to address the challenges when mapping complicated DNN models into hardware for energy-efficient and performance-driven implementations. The proposed techniques will promote wider adoptions of deep learning into both high-performance and low-power computing systems. The project will also enhance economic opportunities and have significant societal benefits via solutions that support broader adoption of intelligent systems for big data analytics, weather modeling and forecasting, disease diagnosis and drug delivery, and medical image processing. The research advances will be incorporated into coursework taught by the investigators. Activities on engaging underrepresented, undergraduate, and K12 students will be designed in collaboration with the Northeastern University Center of STEM Education and University of Southern California's Viterbi Center for Engineering Diversity. All software code from the project will be released via GitHub and educational modules and tutorials will be make available to the research community, industry, and government.&lt;br/&gt; &lt;br/&gt;Exploring the inherent model redundancy of DNNs, this project will develop an algorithm-hardware co-optimization framework for greatly reducing DNN computation and storage requirements by leveraging ADMM (alternating direction method of multipliers), a powerful optimization technique. This project first solves the challenge in the application of ADMM due to the non-convex objective function in DNN training, and thereby lack of guarantees on solution feasibility, solution quality, and low runtime. Therefore, an integrated framework of ADMM regularization and masked mapping and retraining will be developed and further improvements on solution quality, performance-driven computation/storage reduction, and hardware feasibility will be investigated. Next, the project proposes a unified weight and intermediate result pruning and quantization technique that explores all four redundancy sources of DNN models. Due to the impact on energy efficiency of hardware implementations of DNNs, nearly all DNN models, or at least the most computationally intensive convolutional layers can be then placed on a single chip. Finally, design-time parameterization and algorithm-hardware co-design solutions will be developed for efficient utilization of available hardware resources, achieving high performance, energy efficiency, and adaptation capability. Extensive experimentation and evaluation will be performed to validate and tune the proposed technique with prototype systems using FPGA devices.&lt;br/&gt;&lt;br/&gt;This award reflects NSF's statutory mission and has been deemed worthy of support through evaluation using the Foundation's intellectual merit and broader impacts review criteria.]]></AbstractNarration>
<MinAmdLetterDate>05/31/2019</MinAmdLetterDate>
<MaxAmdLetterDate>07/28/2020</MaxAmdLetterDate>
<ARRAAmount/>
<TRAN_TYPE>Grant</TRAN_TYPE>
<CFDA_NUM>47.070</CFDA_NUM>
<NSF_PAR_USE_FLAG>1</NSF_PAR_USE_FLAG>
<FUND_AGCY_CODE>4900</FUND_AGCY_CODE>
<AWDG_AGCY_CODE>4900</AWDG_AGCY_CODE>
<AwardID>1901378</AwardID>
<Investigator>
<FirstName>Xue</FirstName>
<LastName>Lin</LastName>
<PI_MID_INIT/>
<PI_SUFX_NAME/>
<PI_FULL_NAME>Xue Lin</PI_FULL_NAME>
<EmailAddress><![CDATA[xuelin@coe.neu.edu]]></EmailAddress>
<NSF_ID>000724544</NSF_ID>
<StartDate>05/31/2019</StartDate>
<EndDate/>
<RoleCode>Principal Investigator</RoleCode>
</Investigator>
<Investigator>
<FirstName>Miriam</FirstName>
<LastName>Leeser</LastName>
<PI_MID_INIT>E</PI_MID_INIT>
<PI_SUFX_NAME/>
<PI_FULL_NAME>Miriam E Leeser</PI_FULL_NAME>
<EmailAddress><![CDATA[mel@ece.neu.edu]]></EmailAddress>
<NSF_ID>000194950</NSF_ID>
<StartDate>05/31/2019</StartDate>
<EndDate/>
<RoleCode>Co-Principal Investigator</RoleCode>
</Investigator>
<Institution>
<Name>Northeastern University</Name>
<CityName>BOSTON</CityName>
<ZipCode>021155005</ZipCode>
<PhoneNumber>6173733004</PhoneNumber>
<StreetAddress>360 HUNTINGTON AVE</StreetAddress>
<StreetAddress2/>
<CountryName>United States</CountryName>
<StateName>Massachusetts</StateName>
<StateCode>MA</StateCode>
<CONGRESSDISTRICT>07</CONGRESSDISTRICT>
<CONGRESS_DISTRICT_ORG>MA07</CONGRESS_DISTRICT_ORG>
<ORG_UEI_NUM>HLTMVS2JZBS6</ORG_UEI_NUM>
<ORG_LGL_BUS_NAME>NORTHEASTERN UNIVERSITY</ORG_LGL_BUS_NAME>
<ORG_PRNT_UEI_NUM/>
</Institution>
<Performance_Institution>
<Name><![CDATA[Northeastern University]]></Name>
<CityName/>
<StateCode>MA</StateCode>
<ZipCode>021155005</ZipCode>
<StreetAddress/>
<CountryCode>US</CountryCode>
<CountryName>United States</CountryName>
<StateName>Massachusetts</StateName>
<CountryFlag>1</CountryFlag>
<CONGRESSDISTRICT>07</CONGRESSDISTRICT>
<CONGRESS_DISTRICT_PERF>MA07</CONGRESS_DISTRICT_PERF>
</Performance_Institution>
<ProgramElement>
<Code>7798</Code>
<Text>Software &amp; Hardware Foundation</Text>
</ProgramElement>
<ProgramReference>
<Code>7924</Code>
<Text>MEDIUM PROJECT</Text>
</ProgramReference>
<ProgramReference>
<Code>7945</Code>
<Text>DES AUTO FOR MICRO &amp; NANO SYST</Text>
</ProgramReference>
<ProgramReference>
<Code>9102</Code>
<Text>WOMEN, MINORITY, DISABLED, NEC</Text>
</ProgramReference>
<Appropriation>
<Code>0119</Code>
<Name>NSF RESEARCH &amp; RELATED ACTIVIT</Name>
<APP_SYMB_ID>040100</APP_SYMB_ID>
</Appropriation>
<Appropriation>
<Code>0120</Code>
<Name>NSF RESEARCH &amp; RELATED ACTIVIT</Name>
<APP_SYMB_ID>040100</APP_SYMB_ID>
</Appropriation>
<Fund>
<Code>01001920DB</Code>
<Name><![CDATA[NSF RESEARCH & RELATED ACTIVIT]]></Name>
<FUND_SYMB_ID>040100</FUND_SYMB_ID>
</Fund>
<Fund>
<Code>01002021DB</Code>
<Name><![CDATA[NSF RESEARCH & RELATED ACTIVIT]]></Name>
<FUND_SYMB_ID>040100</FUND_SYMB_ID>
</Fund>
<FUND_OBLG>2019~248943</FUND_OBLG>
<FUND_OBLG>2020~501057</FUND_OBLG>
</Award>
</rootTag>
