<?xml version="1.0" encoding="UTF-8"?>
<rootTag>
<Award>
<AwardTitle><![CDATA[Chemomechanics in the Solvent-Assisted Recycling of Engineering Composites]]></AwardTitle>
<AGENCY>NSF</AGENCY>
<AwardEffectiveDate>08/01/2019</AwardEffectiveDate>
<AwardExpirationDate>07/31/2023</AwardExpirationDate>
<AwardTotalIntnAmount>586973.00</AwardTotalIntnAmount>
<AwardAmount>703082</AwardAmount>
<AwardInstrument>
<Value>Standard Grant</Value>
</AwardInstrument>
<Organization>
<Code>07030000</Code>
<Directorate>
<Abbreviation>ENG</Abbreviation>
<LongName>Directorate For Engineering</LongName>
</Directorate>
<Division>
<Abbreviation>CMMI</Abbreviation>
<LongName>Div Of Civil, Mechanical, &amp; Manufact Inn</LongName>
</Division>
</Organization>
<ProgramOfficer>
<SignBlockName>Siddiq Qidwai</SignBlockName>
<PO_EMAI>sqidwai@nsf.gov</PO_EMAI>
<PO_PHON>7032922211</PO_PHON>
</ProgramOfficer>
<AbstractNarration><![CDATA[Many engineering composites are troublesome to recycle because the polymers used in these materials are bonded together permanently. Currently, the disposal of composite wastes mainly relies on the landfills or incineration, which lead to significant environmental and health burdens. A new green, sustainable recycling method was recently developed to address this problem. It uses a bond-exchange reaction between a solvent and the composite to decompose the polymer material at a mild temperature and reclaim clean fibers. The decomposed products can be used to fabricate new composites with near identical material and mechanical properties for the same applications. However, due to the nascent development of this recycling technique, existing studies are limited to the proof of concept demonstrations. This award supports fundamental studies to uncover the relationships between waste material properties, processing conditions, recycling speed, and final mechanical properties of recycled thermosets and composites. The provided scientific knowledge will pave the road for the immediate applications of this innovative recycling method and significantly ease the environmental and health concerns associated with the traditional waste disposal methods. This research will also impact large-scale applications in other industries involving polymer decomposition and recycling, such as removable encapsulation of electronics, non-destructive surface coatings, controlled drug delivery, membrane science, and microlithography. Additionally, the project will provide opportunities to educate and train graduate and undergraduate students with a focus on underrepresented students in science, technology, engineering, and math.&lt;br/&gt;&lt;br/&gt;The research objectives will be realized using an integrated experimental - theoretical - computational approach at multiple length scales: In the microscale, constitutive chemomechanics relations will be defined to link the molecular-level bond-exchange reactions to the evolution of stress field, network structure, and mechanical properties of thermosets during the recycling. In the mesoscale, the constitutive relations will be incorporated into a computational model to study the influences of the fiber-polymer interface on the recycling performance of a composite lamina. In the macroscale, an efficient reduced-order computational model will be developed to guide the selection of solvent and processing conditions to recycle composite structures with the well-controlled geometry and mechanical properties. The chemomechanics theory defined in this award will be used to address three fundamental questions that are mostly concerned in the composite recycling industry: (i) how fast can the composites be recycled, (ii) what is the lowest recycling cost, and (iii) how to improve the mechanical properties of recycled products?&lt;br/&gt;&lt;br/&gt;This award reflects NSF's statutory mission and has been deemed worthy of support through evaluation using the Foundation's intellectual merit and broader impacts review criteria.]]></AbstractNarration>
<MinAmdLetterDate>05/28/2019</MinAmdLetterDate>
<MaxAmdLetterDate>09/08/2021</MaxAmdLetterDate>
<ARRAAmount/>
<TRAN_TYPE>Grant</TRAN_TYPE>
<CFDA_NUM>47.041</CFDA_NUM>
<NSF_PAR_USE_FLAG>1</NSF_PAR_USE_FLAG>
<FUND_AGCY_CODE>4900</FUND_AGCY_CODE>
<AWDG_AGCY_CODE>4900</AWDG_AGCY_CODE>
<AwardID>1901807</AwardID>
<Investigator>
<FirstName>Christopher</FirstName>
<LastName>Yakacki</LastName>
<PI_MID_INIT/>
<PI_SUFX_NAME/>
<PI_FULL_NAME>Christopher Yakacki</PI_FULL_NAME>
<EmailAddress><![CDATA[chris.yakacki@ucdenver.edu]]></EmailAddress>
<NSF_ID>000220109</NSF_ID>
<StartDate>05/28/2019</StartDate>
<EndDate/>
<RoleCode>Co-Principal Investigator</RoleCode>
</Investigator>
<Investigator>
<FirstName>Kai</FirstName>
<LastName>Yu</LastName>
<PI_MID_INIT/>
<PI_SUFX_NAME/>
<PI_FULL_NAME>Kai Yu</PI_FULL_NAME>
<EmailAddress><![CDATA[kai.2.yu@ucdenver.edu]]></EmailAddress>
<NSF_ID>000742797</NSF_ID>
<StartDate>05/28/2019</StartDate>
<EndDate/>
<RoleCode>Principal Investigator</RoleCode>
</Investigator>
<Institution>
<Name><![CDATA[University of Colorado at Denver-Downtown Campus]]></Name>
<CityName>DENVER</CityName>
<ZipCode>802042055</ZipCode>
<PhoneNumber>3037240090</PhoneNumber>
<StreetAddress><![CDATA[1380 LAWRENCE ST STE 300]]></StreetAddress>
<StreetAddress2/>
<CountryName>United States</CountryName>
<StateName>Colorado</StateName>
<StateCode>CO</StateCode>
<CONGRESSDISTRICT>01</CONGRESSDISTRICT>
<CONGRESS_DISTRICT_ORG>CO01</CONGRESS_DISTRICT_ORG>
<ORG_UEI_NUM>M6CXZ6GSJW84</ORG_UEI_NUM>
<ORG_LGL_BUS_NAME>UNIVERSITY OF COLORADO AT DENVER</ORG_LGL_BUS_NAME>
<ORG_PRNT_UEI_NUM/>
</Institution>
<Performance_Institution>
<Name><![CDATA[University of Colorado Denver]]></Name>
<CityName>Denver</CityName>
<StateCode>CO</StateCode>
<ZipCode>802173364</ZipCode>
<StreetAddress><![CDATA[1200 Larimer Street]]></StreetAddress>
<CountryCode>US</CountryCode>
<CountryName>United States</CountryName>
<StateName>Colorado</StateName>
<CountryFlag>1</CountryFlag>
<CONGRESSDISTRICT>01</CONGRESSDISTRICT>
<CONGRESS_DISTRICT_PERF>CO01</CONGRESS_DISTRICT_PERF>
</Performance_Institution>
<ProgramElement>
<Code>1504</Code>
<Text>GOALI-Grnt Opp Acad Lia wIndus</Text>
</ProgramElement>
<ProgramElement>
<Code>1630</Code>
<Text>Mechanics of Materials and Str</Text>
</ProgramElement>
<ProgramElement>
<Code>7643</Code>
<Text>EnvS-Environmtl Sustainability</Text>
</ProgramElement>
<ProgramReference>
<Code>013E</Code>
<Text>MULTI-SCALE MODELING</Text>
</ProgramReference>
<ProgramReference>
<Code>019Z</Code>
<Text>Grad Prep APG:Enhan. Experience</Text>
</ProgramReference>
<ProgramReference>
<Code>022E</Code>
<Text>SOLID MECHANICS</Text>
</ProgramReference>
<ProgramReference>
<Code>024E</Code>
<Text>MATERIALS DESIGN</Text>
</ProgramReference>
<ProgramReference>
<Code>1504</Code>
<Text>GRANT OPP FOR ACAD LIA W/INDUS</Text>
</ProgramReference>
<ProgramReference>
<Code>9102</Code>
<Text>WOMEN, MINORITY, DISABLED, NEC</Text>
</ProgramReference>
<Appropriation>
<Code>0119</Code>
<Name>NSF RESEARCH &amp; RELATED ACTIVIT</Name>
<APP_SYMB_ID>040100</APP_SYMB_ID>
</Appropriation>
<Appropriation>
<Code>0121</Code>
<Name>NSF RESEARCH &amp; RELATED ACTIVIT</Name>
<APP_SYMB_ID>040100</APP_SYMB_ID>
</Appropriation>
<Fund>
<Code>01001920DB</Code>
<Name><![CDATA[NSF RESEARCH & RELATED ACTIVIT]]></Name>
<FUND_SYMB_ID>040100</FUND_SYMB_ID>
</Fund>
<Fund>
<Code>01002122DB</Code>
<Name><![CDATA[NSF RESEARCH & RELATED ACTIVIT]]></Name>
<FUND_SYMB_ID>040100</FUND_SYMB_ID>
</Fund>
<FUND_OBLG>2019~586973</FUND_OBLG>
<FUND_OBLG>2021~116109</FUND_OBLG>
<POR>
<DRECONTENT><![CDATA[<div class="porColContainerWBG"> <div class="porContentCol"><p><strong>Intellectual Merit: </strong></p> <p>This project focuses on conducting fundamental studies of an innovative and sustainable recycling method designed for thermosets and their fiber-reinforced polymer composites. By heating them in a suitable alcohol-based solvent, the crosslinking networks can be fully depolymerized to recover clean fibers. The resulting depolymerized solution can then be re-polymerized to create a composite with mechanical properties nearly identical to the original material (see Figure 1).</p> <p>In the initial phase of this project, we developed constitutive chemomechanics theories for solvent-assisted thermoset recycling (Figure 2). These theories are essentially multiscale, linking the microscale transportation of reactive species and chemical reaction kinetics to the macroscale recycling behaviors, including depolymerization speed and the mechanical properties of recycled polymers. Our experimental-theoretical-computational approach is versatile and can be applied to the solvent-assisted recycling of polymers with various chemical compositions and network structures. By combining it with multi-physical experimental characterizations, we were able to reveal the complex interactions between polymer networks and solvent molecules, influenced by various material and process parameters, such as temperature, catalyst content, solvent choice, polymer crosslinking density, and more. Our studies provide clear material-process-property relationships for the recycling process.</p> <p>Next, we integrated the constitutive theories with finite-element computational simulations to study the recycling processes of composites embedded with fibers. The developed computational tools and user subroutines closely match the experimental data in terms of depolymerization and repolymerization speeds, as well as the mechanical properties of recycled laminates. Specifically, we discovered how fiber content and arrangements affect the transportation of solvent, matrix curing, and the stress relaxation induced by volume shrinkage around the fibers during composite recycling. A significant outcome of our studies is the revelation of distinct domains where recycling behaviors are dominated by either temperature and solvent or the high residual stress around the carbon fibers. This study substantially enhances our understanding of the recycling process for fiber composites, which will greatly benefit their immediate engineering applications.</p> <p>Our exploration of the recycling process of fiber composites extends to other relevant fields, enabling innovative and sustainable manufacturing methods for composites, self-healing and repair mechanisms, and recyclable 3D printing of thermosets and their composites (see Figure 3). In these applications, the depolymerization and recycling of the thermoset matrix under organic solvents plays a crucial role in determining the quality and mechanical properties of the final composite products. The theory and computational models we provide offer valuable guidance in selecting optimal process conditions and simultaneously enhance our understanding of this new technology. These theories and computational tools will assist polymer scientists and manufacturers in applying these strategies and will challenge the conventional views of thermosets and composite processing.</p> <p>To date, this project has generated 15 peer reviewed journal papers, 2 papers currently under review, and 1 issued US patent.</p> <p><strong>Broader impact:</strong></p> <p>The research conducted in this project offers a fundamental understanding of a novel, environmentally friendly recycling method with broad-reaching impacts in engineering applications. The solvent-assisted recycling method for thermosets and their composites significantly addresses environmental and economic concerns associated with traditional disposal techniques, such as landfills, incineration, and harsh chemicals. It also meets the growing demand for composite recycling. Furthermore, this research has implications for large-scale applications in various industries involving polymer decomposition or re-polymerization, such as removable encapsulation of electronics, non-destructive surface coatings, controlled drug delivery, membrane science, and microlithography.</p> <p>This project has created valuable research and training opportunities for both undergraduate and graduate students at CU Denver. It has provided full or partial support for two Ph.D. students who have successfully defended their degrees, as well as ongoing support for two Ph.D. students currently in their studies. Additionally, the project offers training opportunities and support to multiple underrepresented undergraduate students, a master's student, and a Grade-twelve high school student in the PI's lab, enabling them to conduct research on relevant topics.</p> <p>In addition to the publication of research papers, the PIs and their group members have shared their findings at various conferences, including the annual conferences of the Society of Engineering Science and ASME IMECE, which are among the most prestigious conferences in the field.</p> <p>The project also includes outreach workshops at local high schools to disseminate the research. During these classroom presentations, the PI and their students introduce the concepts of Composite Advanced Manufacturing and Recycling Techniques, covering current recycling approaches in the US and the recently emerged solvent-assisted recycling methods. They also explain the recycling mechanisms and highlight the environmental and economic benefits of composite recycling.</p> <p>&nbsp;</p><br> <p>  Last Modified: 11/04/2023<br> Modified by: Kai&nbsp;Yu</p></div> <div class="porSideCol" ><div class="each-gallery"> <div class="galContent" id="gallery0"> <div class="photoCount" id="photoCount0">          Images (<span id="selectedPhoto0">1</span> of <span class="totalNumber"></span>)          </div> <div class="galControls onePhoto" id="controls0"></div> <div class="galSlideshow" id="slideshow0"></div> <div class="galEmbox" id="embox"> <div class="image-title"></div> </div> </div> <div class="galNavigation" id="navigation0"> <ul class="thumbs" id="thumbs0"> <li> <a href="/por/images/Reports/POR/2023/1901807/1901807_10607511_1699111544992_Picture1--rgov-214x142.jpg" original="/por/images/Reports/POR/2023/1901807/1901807_10607511_1699111544992_Picture1--rgov-800width.jpg" title="Solvent-assisted composite recycling"><img src="/por/images/Reports/POR/2023/1901807/1901807_10607511_1699111544992_Picture1--rgov-66x44.jpg" alt="Solvent-assisted composite recycling"></a> <div class="imageCaptionContainer"> <div class="imageCaption">The depolymerized solution can be re-polymerized with carbon fiber to create a new composite sample.</div> <div class="imageCredit">Kai Yu</div> <div class="imagePermisssions">Copyrighted</div> <div class="imageSubmitted">Kai&nbsp;Yu <div class="imageTitle">Solvent-assisted composite recycling</div> </div> </li><li> <a href="/por/images/Reports/POR/2023/1901807/1901807_10607511_1699111765044_Picture2--rgov-214x142.jpg" original="/por/images/Reports/POR/2023/1901807/1901807_10607511_1699111765044_Picture2--rgov-800width.jpg" title="Constitutive theory and computational modeling"><img src="/por/images/Reports/POR/2023/1901807/1901807_10607511_1699111765044_Picture2--rgov-66x44.jpg" alt="Constitutive theory and computational modeling"></a> <div class="imageCaptionContainer"> <div class="imageCaption">The multiscale theories link the microscale transportation of reactive species and chemical reaction kinetics to the macroscale recycling behaviors of composites.</div> <div class="imageCredit">Kai Yu</div> <div class="imagePermisssions">Copyrighted</div> <div class="imageSubmitted">Kai&nbsp;Yu <div class="imageTitle">Constitutive theory and computational modeling</div> </div> </li><li> <a href="/por/images/Reports/POR/2023/1901807/1901807_10607511_1699111898675_Picture3--rgov-214x142.jpg" original="/por/images/Reports/POR/2023/1901807/1901807_10607511_1699111898675_Picture3--rgov-800width.jpg" title="Extension of the composite recycling mechanism"><img src="/por/images/Reports/POR/2023/1901807/1901807_10607511_1699111898675_Picture3--rgov-66x44.jpg" alt="Extension of the composite recycling mechanism"></a> <div class="imageCaptionContainer"> <div class="imageCaption">The composite recycling mechanism can be extended to enable sustainable manufacturing methods for composites, self-healing and repair, recyclable 3D printing of thermosets and their composites.</div> <div class="imageCredit">Kai Yu</div> <div class="imagePermisssions">Copyrighted</div> <div class="imageSubmitted">Kai&nbsp;Yu <div class="imageTitle">Extension of the composite recycling mechanism</div> </div> </li></ul> </div> </div></div> </div>]]></DRECONTENT>
<POR_COPY_TXT><![CDATA[  Intellectual Merit:    This project focuses on conducting fundamental studies of an innovative and sustainable recycling method designed for thermosets and their fiber-reinforced polymer composites. By heating them in a suitable alcohol-based solvent, the crosslinking networks can be fully depolymerized to recover clean fibers. The resulting depolymerized solution can then be re-polymerized to create a composite with mechanical properties nearly identical to the original material (see Figure 1).   In the initial phase of this project, we developed constitutive chemomechanics theories for solvent-assisted thermoset recycling (Figure 2). These theories are essentially multiscale, linking the microscale transportation of reactive species and chemical reaction kinetics to the macroscale recycling behaviors, including depolymerization speed and the mechanical properties of recycled polymers. Our experimental-theoretical-computational approach is versatile and can be applied to the solvent-assisted recycling of polymers with various chemical compositions and network structures. By combining it with multi-physical experimental characterizations, we were able to reveal the complex interactions between polymer networks and solvent molecules, influenced by various material and process parameters, such as temperature, catalyst content, solvent choice, polymer crosslinking density, and more. Our studies provide clear material-process-property relationships for the recycling process.   Next, we integrated the constitutive theories with finite-element computational simulations to study the recycling processes of composites embedded with fibers. The developed computational tools and user subroutines closely match the experimental data in terms of depolymerization and repolymerization speeds, as well as the mechanical properties of recycled laminates. Specifically, we discovered how fiber content and arrangements affect the transportation of solvent, matrix curing, and the stress relaxation induced by volume shrinkage around the fibers during composite recycling. A significant outcome of our studies is the revelation of distinct domains where recycling behaviors are dominated by either temperature and solvent or the high residual stress around the carbon fibers. This study substantially enhances our understanding of the recycling process for fiber composites, which will greatly benefit their immediate engineering applications.   Our exploration of the recycling process of fiber composites extends to other relevant fields, enabling innovative and sustainable manufacturing methods for composites, self-healing and repair mechanisms, and recyclable 3D printing of thermosets and their composites (see Figure 3). In these applications, the depolymerization and recycling of the thermoset matrix under organic solvents plays a crucial role in determining the quality and mechanical properties of the final composite products. The theory and computational models we provide offer valuable guidance in selecting optimal process conditions and simultaneously enhance our understanding of this new technology. These theories and computational tools will assist polymer scientists and manufacturers in applying these strategies and will challenge the conventional views of thermosets and composite processing.   To date, this project has generated 15 peer reviewed journal papers, 2 papers currently under review, and 1 issued US patent.   Broader impact:   The research conducted in this project offers a fundamental understanding of a novel, environmentally friendly recycling method with broad-reaching impacts in engineering applications. The solvent-assisted recycling method for thermosets and their composites significantly addresses environmental and economic concerns associated with traditional disposal techniques, such as landfills, incineration, and harsh chemicals. It also meets the growing demand for composite recycling. Furthermore, this research has implications for large-scale applications in various industries involving polymer decomposition or re-polymerization, such as removable encapsulation of electronics, non-destructive surface coatings, controlled drug delivery, membrane science, and microlithography.   This project has created valuable research and training opportunities for both undergraduate and graduate students at CU Denver. It has provided full or partial support for two Ph.D. students who have successfully defended their degrees, as well as ongoing support for two Ph.D. students currently in their studies. Additionally, the project offers training opportunities and support to multiple underrepresented undergraduate students, a master's student, and a Grade-twelve high school student in the PI's lab, enabling them to conduct research on relevant topics.   In addition to the publication of research papers, the PIs and their group members have shared their findings at various conferences, including the annual conferences of the Society of Engineering Science and ASME IMECE, which are among the most prestigious conferences in the field.   The project also includes outreach workshops at local high schools to disseminate the research. During these classroom presentations, the PI and their students introduce the concepts of Composite Advanced Manufacturing and Recycling Techniques, covering current recycling approaches in the US and the recently emerged solvent-assisted recycling methods. They also explain the recycling mechanisms and highlight the environmental and economic benefits of composite recycling.        Last Modified: 11/04/2023       Submitted by: KaiYu]]></POR_COPY_TXT>
</POR>
</Award>
</rootTag>
