<?xml version="1.0" encoding="UTF-8"?>
<rootTag>
<Award>
<AwardTitle><![CDATA[Excellence in Research: Reconfigurable Supply Chain Network Design and Assembly Planning for Factory-in-a-Box Manufacturing]]></AwardTitle>
<AGENCY>NSF</AGENCY>
<AwardEffectiveDate>09/01/2019</AwardEffectiveDate>
<AwardExpirationDate>08/31/2024</AwardExpirationDate>
<AwardTotalIntnAmount>300000.00</AwardTotalIntnAmount>
<AwardAmount>348000</AwardAmount>
<AwardInstrument>
<Value>Standard Grant</Value>
</AwardInstrument>
<Organization>
<Code>07030000</Code>
<Directorate>
<Abbreviation>ENG</Abbreviation>
<LongName>Directorate For Engineering</LongName>
</Directorate>
<Division>
<Abbreviation>CMMI</Abbreviation>
<LongName>Div Of Civil, Mechanical, &amp; Manufact Inn</LongName>
</Division>
</Organization>
<ProgramOfficer>
<SignBlockName>Georgia-Ann Klutke</SignBlockName>
<PO_EMAI>gaklutke@nsf.gov</PO_EMAI>
<PO_PHON>7032922443</PO_PHON>
</ProgramOfficer>
<AbstractNarration><![CDATA[This Excellence in Research (EiR) award will contribute to the advancement of national prosperity and economic welfare by studying efficient operations of mobile manufacturing facilities.  Mobile manufacturing is an emerging paradigm that allows for production modules to be transported by vehicles to demand locations, thus reducing both the cost and time of delivery.  This paradigm has been suggested for diverse, specialized applications, including vaccine manufacturing to respond to spatial disease outbreaks and battlefield or ship-board spare parts manufacturing to repair damaged equipment.  This project addresses a critical enabling aspect of mobile manufacturing, namely how to effectively configure the supporting supply chain and assembly process.  In this new paradigm, suppliers will need to deliver to different manufacturing locations at different times, which may necessitate engaging different suppliers depending on the mobile manufacturing transport sequence. &lt;br/&gt;&lt;br/&gt;This research will build a decision-making framework for supply chain network design and assembly planning explicitly incorporating the logistics of materials delivery.  The PI will employ optimization methods to study two subproblems.  The first will consider a Machine Scheduling Problem to schedule raw material delivery to subassemblies at different suppliers.  The second will consider a Vehicle Routing Problem for the assignment of trucks for transport of the subassemblies from suppliers to the mobile manufacturer.  The PIs will investigate new computational approaches to these difficult optimization problems.  A test platform for production of biological therapeutics using microfluidic devices will allow undergraduate and graduate students the opportunity to develop a working hardware and software mobile "factory-in-a-box".  The project will involve development of educational programs in advanced analytics for engineering systems at the local institution and will provide advanced education and training for minority graduate students as well as summer research for undergraduate students.&lt;br/&gt;&lt;br/&gt;This award reflects NSF's statutory mission and has been deemed worthy of support through evaluation using the Foundation's intellectual merit and broader impacts review criteria.]]></AbstractNarration>
<MinAmdLetterDate>07/24/2019</MinAmdLetterDate>
<MaxAmdLetterDate>12/19/2021</MaxAmdLetterDate>
<ARRAAmount/>
<TRAN_TYPE>Grant</TRAN_TYPE>
<CFDA_NUM>47.041</CFDA_NUM>
<NSF_PAR_USE_FLAG>1</NSF_PAR_USE_FLAG>
<FUND_AGCY_CODE>4900</FUND_AGCY_CODE>
<AWDG_AGCY_CODE>4900</AWDG_AGCY_CODE>
<AwardID>1901109</AwardID>
<Investigator>
<FirstName>Hui</FirstName>
<LastName>Wang</LastName>
<PI_MID_INIT/>
<PI_SUFX_NAME/>
<PI_FULL_NAME>Hui Wang</PI_FULL_NAME>
<EmailAddress><![CDATA[hwang10@fsu.edu]]></EmailAddress>
<NSF_ID>000713481</NSF_ID>
<StartDate>07/24/2019</StartDate>
<EndDate/>
<RoleCode>Principal Investigator</RoleCode>
</Investigator>
<Investigator>
<FirstName>Maxim</FirstName>
<LastName>Dulebenets</LastName>
<PI_MID_INIT>A</PI_MID_INIT>
<PI_SUFX_NAME/>
<PI_FULL_NAME>Maxim A Dulebenets</PI_FULL_NAME>
<EmailAddress><![CDATA[mdulebenets@eng.famu.fsu.edu]]></EmailAddress>
<NSF_ID>000788185</NSF_ID>
<StartDate>07/24/2019</StartDate>
<EndDate/>
<RoleCode>Co-Principal Investigator</RoleCode>
</Investigator>
<Investigator>
<FirstName>Weihong</FirstName>
<LastName>Guo</LastName>
<PI_MID_INIT/>
<PI_SUFX_NAME/>
<PI_FULL_NAME>Weihong Guo</PI_FULL_NAME>
<EmailAddress><![CDATA[wg152@rutgers.edu]]></EmailAddress>
<NSF_ID>000716905</NSF_ID>
<StartDate>07/24/2019</StartDate>
<EndDate/>
<RoleCode>Co-Principal Investigator</RoleCode>
</Investigator>
<Institution>
<Name><![CDATA[Florida Agricultural and Mechanical University]]></Name>
<CityName>TALLAHASSEE</CityName>
<ZipCode>323070001</ZipCode>
<PhoneNumber>8505993531</PhoneNumber>
<StreetAddress><![CDATA[1700 LEE HALL DR #201]]></StreetAddress>
<StreetAddress2/>
<CountryName>United States</CountryName>
<StateName>Florida</StateName>
<StateCode>FL</StateCode>
<CONGRESSDISTRICT>02</CONGRESSDISTRICT>
<CONGRESS_DISTRICT_ORG>FL02</CONGRESS_DISTRICT_ORG>
<ORG_UEI_NUM>W8LKB16HV1K5</ORG_UEI_NUM>
<ORG_LGL_BUS_NAME>FLORIDA A &amp; M UNIVERSITY</ORG_LGL_BUS_NAME>
<ORG_PRNT_UEI_NUM/>
</Institution>
<Performance_Institution>
<Name><![CDATA[Florida A&M University]]></Name>
<CityName>Tallahassee</CityName>
<StateCode>FL</StateCode>
<ZipCode>323106046</ZipCode>
<StreetAddress><![CDATA[2525 Pottsdamer St.]]></StreetAddress>
<CountryCode>US</CountryCode>
<CountryName>United States</CountryName>
<StateName>Florida</StateName>
<CountryFlag>1</CountryFlag>
<CONGRESSDISTRICT>02</CONGRESSDISTRICT>
<CONGRESS_DISTRICT_PERF>FL02</CONGRESS_DISTRICT_PERF>
</Performance_Institution>
<ProgramElement>
<Code>006Y</Code>
<Text>OE Operations Engineering</Text>
</ProgramElement>
<ProgramElement>
<Code>1594</Code>
<Text>Hist Black Colleges and Univ</Text>
</ProgramElement>
<ProgramElement>
<Code>7680</Code>
<Text>EDA-Eng Diversity Activities</Text>
</ProgramElement>
<ProgramReference>
<Code>071E</Code>
<Text>MFG ENTERPRISE OPERATIONS</Text>
</ProgramReference>
<ProgramReference>
<Code>073E</Code>
<Text>OPTIMIZATION &amp; DECISION MAKING</Text>
</ProgramReference>
<ProgramReference>
<Code>078E</Code>
<Text>ENTERPRISE DESIGN &amp; LOGISTICS</Text>
</ProgramReference>
<ProgramReference>
<Code>116E</Code>
<Text>RESEARCH EXP FOR UNDERGRADS</Text>
</ProgramReference>
<ProgramReference>
<Code>8029</Code>
<Text>Manufacturing</Text>
</ProgramReference>
<ProgramReference>
<Code>9178</Code>
<Text>UNDERGRADUATE EDUCATION</Text>
</ProgramReference>
<ProgramReference>
<Code>9231</Code>
<Text>SUPPL FOR UNDERGRAD RES ASSIST</Text>
</ProgramReference>
<ProgramReference>
<Code>9251</Code>
<Text>REU SUPP-Res Exp for Ugrd Supp</Text>
</ProgramReference>
<Appropriation>
<Code/>
<Name/>
<APP_SYMB_ID/>
</Appropriation>
<Appropriation>
<Code>0119</Code>
<Name>NSF RESEARCH &amp; RELATED ACTIVIT</Name>
<APP_SYMB_ID>040100</APP_SYMB_ID>
</Appropriation>
<Appropriation>
<Code>0120</Code>
<Name>NSF RESEARCH &amp; RELATED ACTIVIT</Name>
<APP_SYMB_ID>040100</APP_SYMB_ID>
</Appropriation>
<Appropriation>
<Code>0121</Code>
<Name>NSF RESEARCH &amp; RELATED ACTIVIT</Name>
<APP_SYMB_ID>040100</APP_SYMB_ID>
</Appropriation>
<Appropriation>
<Code>0419</Code>
<Name>NSF Education &amp; Human Resource</Name>
<APP_SYMB_ID>040106</APP_SYMB_ID>
</Appropriation>
<Fund>
<Code>01002223DB</Code>
<Name><![CDATA[NSF RESEARCH & RELATED ACTIVIT]]></Name>
<FUND_SYMB_ID>040100</FUND_SYMB_ID>
</Fund>
<Fund>
<Code>01001920DB</Code>
<Name><![CDATA[NSF RESEARCH & RELATED ACTIVIT]]></Name>
<FUND_SYMB_ID>040100</FUND_SYMB_ID>
</Fund>
<Fund>
<Code>01002021DB</Code>
<Name><![CDATA[NSF RESEARCH & RELATED ACTIVIT]]></Name>
<FUND_SYMB_ID>040100</FUND_SYMB_ID>
</Fund>
<Fund>
<Code>01002122DB</Code>
<Name><![CDATA[NSF RESEARCH & RELATED ACTIVIT]]></Name>
<FUND_SYMB_ID>040100</FUND_SYMB_ID>
</Fund>
<Fund>
<Code>04001920DB</Code>
<Name><![CDATA[NSF Education & Human Resource]]></Name>
<FUND_SYMB_ID>040106</FUND_SYMB_ID>
</Fund>
<FUND_OBLG>2019~300000</FUND_OBLG>
<FUND_OBLG>2020~16000</FUND_OBLG>
<FUND_OBLG>2021~16000</FUND_OBLG>
<FUND_OBLG>2022~16000</FUND_OBLG>
</Award>
</rootTag>
