<?xml version="1.0" encoding="UTF-8"?>
<rootTag>
<Award>
<AwardTitle><![CDATA[Catalyst Award: Plant and Rhizosphere Processes that Prevent Groundwater Contamination from Metals and Nitrates]]></AwardTitle>
<AGENCY>NSF</AGENCY>
<AwardEffectiveDate>06/01/2019</AwardEffectiveDate>
<AwardExpirationDate>05/31/2023</AwardExpirationDate>
<AwardTotalIntnAmount>149979.00</AwardTotalIntnAmount>
<AwardAmount>149979</AwardAmount>
<AwardInstrument>
<Value>Standard Grant</Value>
</AwardInstrument>
<Organization>
<Code>11060000</Code>
<Directorate>
<Abbreviation>EDU</Abbreviation>
<LongName>Directorate for STEM Education</LongName>
</Directorate>
<Division>
<Abbreviation>EES</Abbreviation>
<LongName>Div. of Equity for Excellence in STEM</LongName>
</Division>
</Organization>
<ProgramOfficer>
<SignBlockName>Leroy Jones II</SignBlockName>
<PO_EMAI>ljones@nsf.gov</PO_EMAI>
<PO_PHON>7032924684</PO_PHON>
</ProgramOfficer>
<AbstractNarration><![CDATA[Catalyst Projects provide support for Historically Black Colleges and Universities to work towards establishing research capacity of faculty to strengthen science, technology, engineering and mathematics undergraduate education and research. It is expected that the award will further the faculty member's research capability, improve research and teaching at the institution, and involve undergraduate students in research experiences. This project at North Carolina A&amp;T University will develop sustainable technological solutions to current and emerging agricultural and urban environmental problems to protect water resources and increase agricultural productivity. The project will actively engage underrepresented students in interdisciplinary research, while building a strong relationship with the local high school community.&lt;br/&gt;&lt;br/&gt;The intermittent application of carbon-rich food processing wastewater to soil for treatment can create saturated and anaerobic conditions or aerobic conditions and lead to mobilization of redox-sensitive soil native metals or nitrate. The goal of the project is to evaluate plant and rhizobial processes important to reduce mobilization of metal and nitrate to groundwater during land application of carbon-rich food processing wastewater. This project will use column studies to evaluate evapotranspiration, rhizostimulation, plant uptake, oxygenation and phytosequestration. It utilizes analysis of soil, water and plant samples, and measurement of soil oxidation-reduction potential, soil moisture and soil microbial communities. The research identifies the role of individual rhizobial and plant-processes towards nitrate and metal mobilization in laboratory scales. The research results are important for development of plant-based engineering solutions to reduce land treatment system problems.&lt;br/&gt;&lt;br/&gt;This award reflects NSF's statutory mission and has been deemed worthy of support through evaluation using the Foundation's intellectual merit and broader impacts review criteria.]]></AbstractNarration>
<MinAmdLetterDate>05/01/2019</MinAmdLetterDate>
<MaxAmdLetterDate>05/01/2019</MaxAmdLetterDate>
<ARRAAmount/>
<TRAN_TYPE>Grant</TRAN_TYPE>
<CFDA_NUM>47.076</CFDA_NUM>
<NSF_PAR_USE_FLAG>1</NSF_PAR_USE_FLAG>
<FUND_AGCY_CODE>4900</FUND_AGCY_CODE>
<AWDG_AGCY_CODE>4900</AWDG_AGCY_CODE>
<AwardID>1901350</AwardID>
<Investigator>
<FirstName>Niroj</FirstName>
<LastName>Aryal</LastName>
<PI_MID_INIT/>
<PI_SUFX_NAME/>
<PI_FULL_NAME>Niroj Aryal</PI_FULL_NAME>
<EmailAddress><![CDATA[naryal@ncat.edu]]></EmailAddress>
<NSF_ID>000766865</NSF_ID>
<StartDate>05/01/2019</StartDate>
<EndDate/>
<RoleCode>Principal Investigator</RoleCode>
</Investigator>
<Institution>
<Name><![CDATA[North Carolina Agricultural &amp; Technical State University]]></Name>
<CityName>GREENSBORO</CityName>
<ZipCode>274110002</ZipCode>
<PhoneNumber>3363347995</PhoneNumber>
<StreetAddress><![CDATA[1601 E MARKET ST]]></StreetAddress>
<StreetAddress2/>
<CountryName>United States</CountryName>
<StateName>North Carolina</StateName>
<StateCode>NC</StateCode>
<CONGRESSDISTRICT>06</CONGRESSDISTRICT>
<CONGRESS_DISTRICT_ORG>NC06</CONGRESS_DISTRICT_ORG>
<ORG_UEI_NUM>SKH5GMBR9GL3</ORG_UEI_NUM>
<ORG_LGL_BUS_NAME>NORTH CAROLINA AGRICULTURAL AND TECHNICAL STATE UNIVERSITY</ORG_LGL_BUS_NAME>
<ORG_PRNT_UEI_NUM/>
</Institution>
<Performance_Institution>
<Name><![CDATA[NC A&T State University]]></Name>
<CityName>Greensoboro</CityName>
<StateCode>NC</StateCode>
<ZipCode>274110001</ZipCode>
<StreetAddress><![CDATA[1601 East Market Street, 120 soc]]></StreetAddress>
<CountryCode>US</CountryCode>
<CountryName>United States</CountryName>
<StateName>North Carolina</StateName>
<CountryFlag>1</CountryFlag>
<CONGRESSDISTRICT>06</CONGRESSDISTRICT>
<CONGRESS_DISTRICT_PERF>NC06</CONGRESS_DISTRICT_PERF>
</Performance_Institution>
<ProgramElement>
<Code>1594</Code>
<Text>Hist Black Colleges and Univ</Text>
</ProgramElement>
<ProgramReference>
<Code>9178</Code>
<Text>UNDERGRADUATE EDUCATION</Text>
</ProgramReference>
<Appropriation>
<Code>0419</Code>
<Name>NSF Education &amp; Human Resource</Name>
<APP_SYMB_ID>040106</APP_SYMB_ID>
</Appropriation>
<Fund>
<Code>04001920DB</Code>
<Name><![CDATA[NSF Education & Human Resource]]></Name>
<FUND_SYMB_ID>040106</FUND_SYMB_ID>
</Fund>
<FUND_OBLG>2019~149979</FUND_OBLG>
<POR>
<DRECONTENT><![CDATA[<div class="porColContainerWBG"> <div class="porContentCol"><p>Land application of food processing wastewater (FPW), a common practice, can create continuously saturated and anaerobic soil conditions. Such conditions can mobilize soil native metals including arsenic, lead and iron, leaching of those metals can pollute groundwater. Alternatively, ammonium and organic nitrogen present in the wastewater can be converted to nitrate under the presence of oxygen and the nitrate can pollute the groundwater. Therefore, the goal of the project was to utilize phytoremediation for solving nitrate and metal mobilization in the land where wastewater is applied for the treatment. We studied soil-plant-rhizosphere processes when poplar plants are used for phytoremediation of food processing wastewater.</p> <p>The experiment used two column experiments, small and large soil column experiment, to answer research questions. Activities included application of wastewater to the poplar planted soils and no-plant soils, collection and measurement of leachate, analysis of leachate water quality for metals and nitrogen species, measurement of soil redox and moisture using sensors, and analysis of soils and plants for metals and nitrogen, and analysis of soils for microbial biomass and diversity.</p> <p>The results indicated that both treatment (poplar trees) and the control reduced carbon in the wastewater in the range of 65-70%. Plants acted like oxygen pumps as the oxidation reduction potential (ORP), which affects metal and nitrate mobilization, was increased. Increased ORP reduces the metal mobilization in general and may be nitrate as well. Microbial communities were significantly enhanced by poplar plantation in terms of diversity. Plants successfully accumulated metals in roots from soil with an accumulation factor of greater than 40 for some metals and translocated to shoots from roots with a translocation factor greater than 10. Crop coefficient was 1.88 indicating accelerated loss of water in planted columns. The results demonstrated the benefit of plants in creating more oxic conditions, removing more wastewater from rhizosphere, accumulating and translocating metals in the biomass, and enhancing rhizodegradation of pollutants by microbial population enhancement. The knowledge of the soil-plant-microbial processes is useful in designing engineered phytoremediation systems.</p> <p>The project trained two graduate and four undergraduate students in research. Five of the six students were from underrepresented minority community thus helping prepare and produce graduates of color. A teaching module on land application of wastewater for treatment was designed and implemented in ecological engineering course. Finally, the research results were disseminated at diverse avenues including conference presentations, thesis, and research journal.</p> <p>&nbsp;</p><br> <p>            Last Modified: 09/24/2023<br>      Modified by: Niroj&nbsp;Aryal</p> </div> <div class="porSideCol"></div> </div>]]></DRECONTENT>
<POR_COPY_TXT><![CDATA[ Land application of food processing wastewater (FPW), a common practice, can create continuously saturated and anaerobic soil conditions. Such conditions can mobilize soil native metals including arsenic, lead and iron, leaching of those metals can pollute groundwater. Alternatively, ammonium and organic nitrogen present in the wastewater can be converted to nitrate under the presence of oxygen and the nitrate can pollute the groundwater. Therefore, the goal of the project was to utilize phytoremediation for solving nitrate and metal mobilization in the land where wastewater is applied for the treatment. We studied soil-plant-rhizosphere processes when poplar plants are used for phytoremediation of food processing wastewater.  The experiment used two column experiments, small and large soil column experiment, to answer research questions. Activities included application of wastewater to the poplar planted soils and no-plant soils, collection and measurement of leachate, analysis of leachate water quality for metals and nitrogen species, measurement of soil redox and moisture using sensors, and analysis of soils and plants for metals and nitrogen, and analysis of soils for microbial biomass and diversity.  The results indicated that both treatment (poplar trees) and the control reduced carbon in the wastewater in the range of 65-70%. Plants acted like oxygen pumps as the oxidation reduction potential (ORP), which affects metal and nitrate mobilization, was increased. Increased ORP reduces the metal mobilization in general and may be nitrate as well. Microbial communities were significantly enhanced by poplar plantation in terms of diversity. Plants successfully accumulated metals in roots from soil with an accumulation factor of greater than 40 for some metals and translocated to shoots from roots with a translocation factor greater than 10. Crop coefficient was 1.88 indicating accelerated loss of water in planted columns. The results demonstrated the benefit of plants in creating more oxic conditions, removing more wastewater from rhizosphere, accumulating and translocating metals in the biomass, and enhancing rhizodegradation of pollutants by microbial population enhancement. The knowledge of the soil-plant-microbial processes is useful in designing engineered phytoremediation systems.  The project trained two graduate and four undergraduate students in research. Five of the six students were from underrepresented minority community thus helping prepare and produce graduates of color. A teaching module on land application of wastewater for treatment was designed and implemented in ecological engineering course. Finally, the research results were disseminated at diverse avenues including conference presentations, thesis, and research journal.          Last Modified: 09/24/2023       Submitted by: Niroj Aryal]]></POR_COPY_TXT>
</POR>
</Award>
</rootTag>
