<?xml version="1.0" encoding="UTF-8"?>
<rootTag>
<Award>
<AwardTitle><![CDATA[RAPID: Collaborative Research: Sediment and Contaminant Mobilization by Extreme Flooding Associated with Hurricane Florence]]></AwardTitle>
<AGENCY>NSF</AGENCY>
<AwardEffectiveDate>12/01/2018</AwardEffectiveDate>
<AwardExpirationDate>11/30/2020</AwardExpirationDate>
<AwardTotalIntnAmount>12000.00</AwardTotalIntnAmount>
<AwardAmount>12000</AwardAmount>
<AwardInstrument>
<Value>Standard Grant</Value>
</AwardInstrument>
<Organization>
<Code>06030000</Code>
<Directorate>
<Abbreviation>GEO</Abbreviation>
<LongName>Directorate For Geosciences</LongName>
</Directorate>
<Division>
<Abbreviation>EAR</Abbreviation>
<LongName>Division Of Earth Sciences</LongName>
</Division>
</Organization>
<ProgramOfficer>
<SignBlockName>Justin Lawrence</SignBlockName>
<PO_EMAI>jlawrenc@nsf.gov</PO_EMAI>
<PO_PHON>7032922425</PO_PHON>
</ProgramOfficer>
<AbstractNarration><![CDATA[High magnitude riverine floods are an increasingly recognized process shaping landscapes, mobilizing sediment and contaminants and building stratigraphic records. Tropical cyclones are the dominant mechanism that delivers extreme precipitation and produces high magnitude riverine flooding. Hurricane Florence made landfall in North Carolina on Sep 14, 2018 where it stalled and generated heavy precipitation and historic flooding on rivers across the lower Atlantic coastal plain. These floods reshaped floodplains and mobilized a range of contaminants from industries in the region, providing a unique opportunity to study the geomorphic and environmental effects of an extreme flood. The PIs will systematically collect sediment deposited by the flood in the lower reaches of the Pee Dee River system, one of the largest watersheds in the southeastern US, to investigate the lateral and longitudinal patterns of sediment and associated contaminant deposition immediately following flooding caused by a landfalling hurricane. This research will clarify how extreme flood events carry sediments and contaminants from land to sea, a process affecting the health of people and ecosystems along the way. Identifying and quantifying contaminant inputs to Winyah Bay has critical implications for coastal ecosystem management and public health. Findings will be communicated to local stakeholders and decision makers. The project will fund a multidisciplinary team that encompasses geoscientists, environmental scientists, and environmental engineers across a range of career stages. A diverse group of undergraduate and graduate students from Coastal Carolina University and Northeastern University will participate in the proposed activities to gain research experience and develop research activities that can be built into their academic programs.&lt;br/&gt;&lt;br/&gt;Landfalling hurricanes generating riverine flooding hazards on the Atlantic Coastal Plain affect millions of area residents. This project takes advantage of a rare extreme flood to observe how this type of event shapes the floodplain of an alluvial river system and transports sediment and contaminants from land and point sources to the coastal ocean. The PIs will collect floodwater sediment samples before other processes remove or erode the flood-born deposits. They will analyze sediment characteristics, conduct 7Be dating of sediment to confirm timing of deposition, and measure concentrations of organic (Polycyclic aromatic hydrocarbons; PAHs) and trace metal (V, Cr, Mn, Fe, Co, Ni, Cu, Zn, As, Se, Ag, Cd, Sn, Hg, Pb, and Bi) contaminants in the floodwater sediments. Like flood and contaminant research resulting from Hurricane Harvey (2017), the work is highly relevant and illustrative of the need to track contaminant dispersal as a public health issue. Using both PAHs and the selected trace metals will provide stronger source identification for PAH compounds, e.g., run-off from roads, parking lot sealcoat, or associated with coal combustion. The proposed activities build on an active NSF project (EAR-1804799) supporting PIs Munoz and Shen that develops sedimentary records of flooding on alluvial rivers (paleofloods) by providing a modern analogue of sediment deposition by an extreme flood. Data will aid in understanding landscape and ecosystem responses to extreme flooding and improve paleoflood and paleo-tempestological reconstructions of past storm activity and periodicity in heavily populated coastal regions.&lt;br/&gt;&lt;br/&gt;This award reflects NSF's statutory mission and has been deemed worthy of support through evaluation using the Foundation's intellectual merit and broader impacts review criteria.]]></AbstractNarration>
<MinAmdLetterDate>11/30/2018</MinAmdLetterDate>
<MaxAmdLetterDate>11/30/2018</MaxAmdLetterDate>
<ARRAAmount/>
<TRAN_TYPE>Grant</TRAN_TYPE>
<CFDA_NUM>47.050</CFDA_NUM>
<NSF_PAR_USE_FLAG>1</NSF_PAR_USE_FLAG>
<FUND_AGCY_CODE>4900</FUND_AGCY_CODE>
<AWDG_AGCY_CODE>4900</AWDG_AGCY_CODE>
<AwardID>1901818</AwardID>
<Investigator>
<FirstName>Zhixiong</FirstName>
<LastName>Shen</LastName>
<PI_MID_INIT/>
<PI_SUFX_NAME/>
<PI_FULL_NAME>Zhixiong Shen</PI_FULL_NAME>
<EmailAddress><![CDATA[zshen@coastal.edu]]></EmailAddress>
<NSF_ID>000508566</NSF_ID>
<StartDate>11/30/2018</StartDate>
<EndDate/>
<RoleCode>Principal Investigator</RoleCode>
</Investigator>
<Investigator>
<FirstName>Till</FirstName>
<LastName>Hanebuth</LastName>
<PI_MID_INIT>J</PI_MID_INIT>
<PI_SUFX_NAME/>
<PI_FULL_NAME>Till J Hanebuth</PI_FULL_NAME>
<EmailAddress><![CDATA[thanebuth@coastal.edu]]></EmailAddress>
<NSF_ID>000691706</NSF_ID>
<StartDate>11/30/2018</StartDate>
<EndDate/>
<RoleCode>Co-Principal Investigator</RoleCode>
</Investigator>
<Institution>
<Name><![CDATA[Coastal Carolina University]]></Name>
<CityName>CONWAY</CityName>
<ZipCode>295268428</ZipCode>
<PhoneNumber>8433495030</PhoneNumber>
<StreetAddress><![CDATA[755 HIGHWAY 544]]></StreetAddress>
<StreetAddress2/>
<CountryName>United States</CountryName>
<StateName>South Carolina</StateName>
<StateCode>SC</StateCode>
<CONGRESSDISTRICT>07</CONGRESSDISTRICT>
<CONGRESS_DISTRICT_ORG>SC07</CONGRESS_DISTRICT_ORG>
<ORG_UEI_NUM>D9KPSNLHD9J5</ORG_UEI_NUM>
<ORG_LGL_BUS_NAME>COASTAL CAROLINA UNIVERSITY</ORG_LGL_BUS_NAME>
<ORG_PRNT_UEI_NUM/>
</Institution>
<Performance_Institution>
<Name><![CDATA[Coastal Carolina University]]></Name>
<CityName>Conway</CityName>
<StateCode>SC</StateCode>
<ZipCode>295286054</ZipCode>
<StreetAddress><![CDATA[PO Box 261954]]></StreetAddress>
<CountryCode>US</CountryCode>
<CountryName>United States</CountryName>
<StateName>South Carolina</StateName>
<CountryFlag>1</CountryFlag>
<CONGRESSDISTRICT>07</CONGRESSDISTRICT>
<CONGRESS_DISTRICT_PERF>SC07</CONGRESS_DISTRICT_PERF>
</Performance_Institution>
<ProgramElement>
<Code>7222</Code>
<Text>XC-Crosscutting Activities Pro</Text>
</ProgramElement>
<ProgramElement>
<Code>7458</Code>
<Text>Geomorphology &amp; Land-use Dynam</Text>
</ProgramElement>
<ProgramReference>
<Code>080Z</Code>
<Text>Research related to Hurricane Florence</Text>
</ProgramReference>
<ProgramReference>
<Code>7914</Code>
<Text>RAPID</Text>
</ProgramReference>
<ProgramReference>
<Code>9150</Code>
<Text>EXP PROG TO STIM COMP RES</Text>
</ProgramReference>
<Appropriation>
<Code>0119</Code>
<Name>NSF RESEARCH &amp; RELATED ACTIVIT</Name>
<APP_SYMB_ID>040100</APP_SYMB_ID>
</Appropriation>
<Fund>
<Code>01001920DB</Code>
<Name><![CDATA[NSF RESEARCH & RELATED ACTIVIT]]></Name>
<FUND_SYMB_ID>040100</FUND_SYMB_ID>
</Fund>
<FUND_OBLG>2019~12000</FUND_OBLG>
<POR>
<DRECONTENT><![CDATA[<div class="porColContainerWBG"> <div class="porContentCol"><p>Extreme inland flooding is increasingly recognized as a key process shaping landscapes, mobilizing sediment and contaminants, and building stratigraphic records. Tropical cyclones are the dominant mechanism that delivers extreme precipitation and produces high magnitude riverine flooding</p> <p>across the Atlantic Coastal Plain. Heavy precipitation associated with Hurricane Florence in 2018 caused record flooding at many places of the Pee Dee River system (PDRS), the second-largest watershed in the eastern United States, providing an opportunity to investigate the geomorphic consequences and environmental effects of severe hurricane-induced flooding. By collecting and analyzing sediment deposited by the Florence flooding, we found that this record flooding did not produce distinct flood deposits in most of its floodplain except at a few floodplain lakes. We estimate that the total sediment accumulated in floodplain lakes of the lower PDRS as a result of Florence amounts to &lt;5% of the annual suspended sediment load of the river, implying modest floodplain storage even during the most extreme flooding. Therefore, the most extreme flooding is not necessarily the most effective natural process in shaping river floodplains. Concentrations of metal and organic contaminants in the Florence flood deposits are extremely high only in sediments collected at the uppermost reaches sampled of the GPDR and at some locations in Mud Bay, implying point sources and preferential depositional sinks of these contaminants in the system. The record Florence flooding is not efficient in dispersing contaminants through the PDRS.</p> <p>&nbsp;</p><br> <p>            Last Modified: 03/30/2021<br>      Modified by: Zhixiong&nbsp;Shen</p> </div> <div class="porSideCol"></div> </div>]]></DRECONTENT>
<POR_COPY_TXT><![CDATA[ Extreme inland flooding is increasingly recognized as a key process shaping landscapes, mobilizing sediment and contaminants, and building stratigraphic records. Tropical cyclones are the dominant mechanism that delivers extreme precipitation and produces high magnitude riverine flooding  across the Atlantic Coastal Plain. Heavy precipitation associated with Hurricane Florence in 2018 caused record flooding at many places of the Pee Dee River system (PDRS), the second-largest watershed in the eastern United States, providing an opportunity to investigate the geomorphic consequences and environmental effects of severe hurricane-induced flooding. By collecting and analyzing sediment deposited by the Florence flooding, we found that this record flooding did not produce distinct flood deposits in most of its floodplain except at a few floodplain lakes. We estimate that the total sediment accumulated in floodplain lakes of the lower PDRS as a result of Florence amounts to &lt;5% of the annual suspended sediment load of the river, implying modest floodplain storage even during the most extreme flooding. Therefore, the most extreme flooding is not necessarily the most effective natural process in shaping river floodplains. Concentrations of metal and organic contaminants in the Florence flood deposits are extremely high only in sediments collected at the uppermost reaches sampled of the GPDR and at some locations in Mud Bay, implying point sources and preferential depositional sinks of these contaminants in the system. The record Florence flooding is not efficient in dispersing contaminants through the PDRS.          Last Modified: 03/30/2021       Submitted by: Zhixiong Shen]]></POR_COPY_TXT>
</POR>
</Award>
</rootTag>
