<?xml version="1.0" encoding="UTF-8"?>
<rootTag>
<Award>
<AwardTitle><![CDATA[RI: Medium: Learning Disentangled Representations for Text to Aid Interpretability and Transfer]]></AwardTitle>
<AGENCY>NSF</AGENCY>
<AwardEffectiveDate>07/01/2019</AwardEffectiveDate>
<AwardExpirationDate>06/30/2024</AwardExpirationDate>
<AwardTotalIntnAmount>999990.00</AwardTotalIntnAmount>
<AwardAmount>999990</AwardAmount>
<AwardInstrument>
<Value>Standard Grant</Value>
</AwardInstrument>
<Organization>
<Code>05020000</Code>
<Directorate>
<Abbreviation>CSE</Abbreviation>
<LongName>Direct For Computer &amp; Info Scie &amp; Enginr</LongName>
</Directorate>
<Division>
<Abbreviation>IIS</Abbreviation>
<LongName>Div Of Information &amp; Intelligent Systems</LongName>
</Division>
</Organization>
<ProgramOfficer>
<SignBlockName>Tatiana Korelsky</SignBlockName>
<PO_EMAI>tkorelsk@nsf.gov</PO_EMAI>
<PO_PHON>7032928729</PO_PHON>
</ProgramOfficer>
<AbstractNarration><![CDATA[Machine learning methods for natural language processing power many technologies that we use on a day-to-day basis, such as spam filters and translation software. The models underlying these techniques have become increasingly sophisticated, yielding improved performance but also increasing complexity. In particular, "neural network" based approaches have re-emerged as the dominant class of machine learning models for language processing. These approaches often perform better than their non-neural counterparts, but also have key downsides. First, training these models requires human effort and time to generate a sufficiently large set of training data in the form of manually annotated text. Second, it is often not obvious whether a model trained on one dataset will generalize to another. Finally, it is hard to discern why such models make the specific predictions that they do, largely because predictions are made on the basis of learned representations of texts which do not naturally afford transparency. This project proposes technical innovations to address these interrelated issues using "disentanglement". The idea is to design models such that the learned representations used to make predictions have known meaning. This approach has the potential to enable re-use of models (increasing efficiency and reducing human costs), and aid interpretability, so that one can have a better idea of why a model made a given prediction.&lt;br/&gt;&lt;br/&gt;To realize the above goals of improved interpretability and transferability of models, this work will develop and evaluate new models that learn representations in which certain dimensions are imbued with explicit semantics. This is a departure from current approaches, which indiscriminately code all attributes into a single (entangled) representation. To achieve disentanglement, this project will explore deep generative models and sparse, gated neural encoders. These will use inductive biases and light supervision strategies that guide models toward disentangled representations. For example, models will be penalized if distances in learned embedding spaces do not reflect human judgments concerning the relative similarities of instances with respect to specific aspects of interest. In other cases, "weak" supervision (e.g., rules) may provide adequate guidance for disentanglement. Finally, "probing" tasks constitute a third supervision strategy to be explored: This will involve the use of auxiliary tasks to provide "supervision" that guides individual aspect-wise embeddings of input. The project will develop and evaluate such models for representative problems in natural language processing, specifically: classification, sequence tagging, and summarization. Models will be evaluated both for predictive performance (including their generalizability to new domains and the efficiency with which they do so), and the degree to which learned representations are disentangled and capture the intended aspects.&lt;br/&gt;&lt;br/&gt;This award reflects NSF's statutory mission and has been deemed worthy of support through evaluation using the Foundation's intellectual merit and broader impacts review criteria.]]></AbstractNarration>
<MinAmdLetterDate>06/21/2019</MinAmdLetterDate>
<MaxAmdLetterDate>06/21/2019</MaxAmdLetterDate>
<ARRAAmount/>
<TRAN_TYPE>Grant</TRAN_TYPE>
<CFDA_NUM>47.070</CFDA_NUM>
<NSF_PAR_USE_FLAG>1</NSF_PAR_USE_FLAG>
<FUND_AGCY_CODE>4900</FUND_AGCY_CODE>
<AWDG_AGCY_CODE>4900</AWDG_AGCY_CODE>
<AwardID>1901117</AwardID>
<Investigator>
<FirstName>Byron</FirstName>
<LastName>Wallace</LastName>
<PI_MID_INIT/>
<PI_SUFX_NAME/>
<PI_FULL_NAME>Byron Wallace</PI_FULL_NAME>
<EmailAddress><![CDATA[b.wallace@northeastern.edu]]></EmailAddress>
<NSF_ID>000627515</NSF_ID>
<StartDate>06/21/2019</StartDate>
<EndDate/>
<RoleCode>Principal Investigator</RoleCode>
</Investigator>
<Investigator>
<FirstName>Jan-Willem</FirstName>
<LastName>van de Meent</LastName>
<PI_MID_INIT/>
<PI_SUFX_NAME/>
<PI_FULL_NAME>Jan-Willem van de Meent</PI_FULL_NAME>
<EmailAddress><![CDATA[j.vandemeent@northeastern.edu]]></EmailAddress>
<NSF_ID>000757594</NSF_ID>
<StartDate>06/21/2019</StartDate>
<EndDate/>
<RoleCode>Co-Principal Investigator</RoleCode>
</Investigator>
<Institution>
<Name>Northeastern University</Name>
<CityName>BOSTON</CityName>
<ZipCode>021155005</ZipCode>
<PhoneNumber>6173733004</PhoneNumber>
<StreetAddress>360 HUNTINGTON AVE</StreetAddress>
<StreetAddress2/>
<CountryName>United States</CountryName>
<StateName>Massachusetts</StateName>
<StateCode>MA</StateCode>
<CONGRESSDISTRICT>07</CONGRESSDISTRICT>
<CONGRESS_DISTRICT_ORG>MA07</CONGRESS_DISTRICT_ORG>
<ORG_UEI_NUM>HLTMVS2JZBS6</ORG_UEI_NUM>
<ORG_LGL_BUS_NAME>NORTHEASTERN UNIVERSITY</ORG_LGL_BUS_NAME>
<ORG_PRNT_UEI_NUM/>
</Institution>
<Performance_Institution>
<Name><![CDATA[Northeastern University]]></Name>
<CityName>Boston</CityName>
<StateCode>MA</StateCode>
<ZipCode>021155005</ZipCode>
<StreetAddress><![CDATA[360 Huntington Avenue]]></StreetAddress>
<CountryCode>US</CountryCode>
<CountryName>United States</CountryName>
<StateName>Massachusetts</StateName>
<CountryFlag>1</CountryFlag>
<CONGRESSDISTRICT>07</CONGRESSDISTRICT>
<CONGRESS_DISTRICT_PERF>MA07</CONGRESS_DISTRICT_PERF>
</Performance_Institution>
<ProgramElement>
<Code>7495</Code>
<Text>Robust Intelligence</Text>
</ProgramElement>
<ProgramReference>
<Code>7495</Code>
<Text>ROBUST INTELLIGENCE</Text>
</ProgramReference>
<ProgramReference>
<Code>7924</Code>
<Text>MEDIUM PROJECT</Text>
</ProgramReference>
<Appropriation>
<Code>0119</Code>
<Name>NSF RESEARCH &amp; RELATED ACTIVIT</Name>
<APP_SYMB_ID>040100</APP_SYMB_ID>
</Appropriation>
<Fund>
<Code>01001920DB</Code>
<Name><![CDATA[NSF RESEARCH & RELATED ACTIVIT]]></Name>
<FUND_SYMB_ID>040100</FUND_SYMB_ID>
</Fund>
<FUND_OBLG>2019~999990</FUND_OBLG>
</Award>
</rootTag>
