<?xml version="1.0" encoding="UTF-8"?>
<rootTag>
<Award>
<AwardTitle><![CDATA[Noncommutative Algebras and Related Categorical Structures]]></AwardTitle>
<AGENCY>NSF</AGENCY>
<AwardEffectiveDate>06/01/2019</AwardEffectiveDate>
<AwardExpirationDate>05/31/2021</AwardExpirationDate>
<AwardTotalIntnAmount>345050.00</AwardTotalIntnAmount>
<AwardAmount>244554</AwardAmount>
<AwardInstrument>
<Value>Continuing Grant</Value>
</AwardInstrument>
<Organization>
<Code>03040000</Code>
<Directorate>
<Abbreviation>MPS</Abbreviation>
<LongName>Direct For Mathematical &amp; Physical Scien</LongName>
</Directorate>
<Division>
<Abbreviation>DMS</Abbreviation>
<LongName>Division Of Mathematical Sciences</LongName>
</Division>
</Organization>
<ProgramOfficer>
<SignBlockName>Sandra Spiroff</SignBlockName>
<PO_EMAI/>
<PO_PHON/>
</ProgramOfficer>
<AbstractNarration><![CDATA[Many models in the sciences and engineering lead to mathematical problems about solutions of equations in commuting variables. However, starting with quantum mechanics, a great number of models emerged that led to mathematical problems involving variables that no longer commute. Noncommutative Algebra is one of the areas of mathematics that studies those structures. The research projects that are funded by this award investigate the interrelations between the commutative and noncommutative settings, using a branch of geometry called Poisson geometry. Three other approaches are used to study the noncommutative setting:  a combinatorial approach based on intricate internal transformations of the objects, called cluster mutations;  an algebraic approach that investigates intrinsically defined structures called Calabi-Yau categories; and  a noncommutative geometric approach using quantum versions of symmetric spaces. The four approaches are simultaneously used to carry out a detailed study of the properties and symmetries of noncommutative objects. Further, the noncommutative objects are shown to exhibit various forms of rigidity. This is used to settle problems in algebra, geometry, combinators, and dynamical systems that were previously posed without any reference to the noncommutative setting. These research activities will be used as the foundation for the training of graduate and undergraduate students and for mentoring mathematics postdocs.&lt;br/&gt;&lt;br/&gt;The research projects funded under this awaard investigate problems in noncommutative algebra, quantum symmetric spaces, and noncommutative projective algebraic geometry and the relations of these problems to Poisson geometry, combinatorics, triangulated categories, and integrable systems. On the one hand, the program aims at using methods from the latter areas to describe the structure and representations of quantum cluster algebras at roots of unity, the Drinfeld doubles of Nichols algebras, the algebras that appear in the theory of quantum symmetric pairs, and the algebras that describe noncommutative projective spaces. In the opposite direction, previously posed problems in the latter areas are converted to problems for noncommutative algebras and their representation categories, and are then resolved within that setting. One of the directions of this program is the construction of universal K-matrices on the symmetric subalgebras of the Drinfeld doubles of Nichols algebras, and using this to study the ring theoretic properties of Nichols algebras. Another direction aims at the classification of irreducible representations of Nichols algebras of diagonal type using Poisson orders and noncommutative discriminants. A third direction develops a general setting for the study of finite dimensional representations of quantum cluster algebras at root of unity using Poisson geometry and Cayley-Hamilton algebras. Three additional directions investigate the geometry of noncommutative projective spaces modeled by higher dimensional elliptic algebras, the structure of 2-Calabi-Yau categories via categorical C-vectors and dynamical systems, and the construction of integral quantum cluster algebra structures on the canonical forms of quantized coordinate rings of varieties in theory of Lie groups.&lt;br/&gt;&lt;br/&gt;This award reflects NSF's statutory mission and has been deemed worthy of support through evaluation using the Foundation's intellectual merit and broader impacts review criteria.]]></AbstractNarration>
<MinAmdLetterDate>04/18/2019</MinAmdLetterDate>
<MaxAmdLetterDate>05/28/2020</MaxAmdLetterDate>
<ARRAAmount/>
<TRAN_TYPE>Grant</TRAN_TYPE>
<CFDA_NUM>47.049</CFDA_NUM>
<NSF_PAR_USE_FLAG>1</NSF_PAR_USE_FLAG>
<FUND_AGCY_CODE>4900</FUND_AGCY_CODE>
<AWDG_AGCY_CODE>4900</AWDG_AGCY_CODE>
<AwardID>1901830</AwardID>
<Investigator>
<FirstName>Milen</FirstName>
<LastName>Yakimov</LastName>
<PI_MID_INIT>T</PI_MID_INIT>
<PI_SUFX_NAME/>
<PI_FULL_NAME>Milen T Yakimov</PI_FULL_NAME>
<EmailAddress><![CDATA[m.yakimov@northeastern.edu]]></EmailAddress>
<NSF_ID>000487061</NSF_ID>
<StartDate>04/18/2019</StartDate>
<EndDate/>
<RoleCode>Principal Investigator</RoleCode>
</Investigator>
<Institution>
<Name>Louisiana State University</Name>
<CityName>BATON ROUGE</CityName>
<ZipCode>708030001</ZipCode>
<PhoneNumber>2255782760</PhoneNumber>
<StreetAddress>202 HIMES HALL</StreetAddress>
<StreetAddress2/>
<CountryName>United States</CountryName>
<StateName>Louisiana</StateName>
<StateCode>LA</StateCode>
<CONGRESSDISTRICT>06</CONGRESSDISTRICT>
<CONGRESS_DISTRICT_ORG>LA06</CONGRESS_DISTRICT_ORG>
<ORG_UEI_NUM>ECQEYCHRNKJ4</ORG_UEI_NUM>
<ORG_LGL_BUS_NAME>LOUISIANA STATE UNIVERSITY</ORG_LGL_BUS_NAME>
<ORG_PRNT_UEI_NUM/>
</Institution>
<Performance_Institution>
<Name><![CDATA[Louisiana State University & Agricultural and Mechanical College]]></Name>
<CityName>Baton Rouge</CityName>
<StateCode>LA</StateCode>
<ZipCode>708032701</ZipCode>
<StreetAddress><![CDATA[202 Himes Hall]]></StreetAddress>
<CountryCode>US</CountryCode>
<CountryName>United States</CountryName>
<StateName>Louisiana</StateName>
<CountryFlag>1</CountryFlag>
<CONGRESSDISTRICT>06</CONGRESSDISTRICT>
<CONGRESS_DISTRICT_PERF>LA06</CONGRESS_DISTRICT_PERF>
</Performance_Institution>
<ProgramElement>
<Code>1264</Code>
<Text>ALGEBRA,NUMBER THEORY,AND COM</Text>
</ProgramElement>
<ProgramReference>
<Code>9150</Code>
<Text>EXP PROG TO STIM COMP RES</Text>
</ProgramReference>
<Appropriation>
<Code>0119</Code>
<Name>NSF RESEARCH &amp; RELATED ACTIVIT</Name>
<APP_SYMB_ID>040100</APP_SYMB_ID>
</Appropriation>
<Appropriation>
<Code>0120</Code>
<Name>NSF RESEARCH &amp; RELATED ACTIVIT</Name>
<APP_SYMB_ID>040100</APP_SYMB_ID>
</Appropriation>
<Fund>
<Code>01001920DB</Code>
<Name><![CDATA[NSF RESEARCH & RELATED ACTIVIT]]></Name>
<FUND_SYMB_ID>040100</FUND_SYMB_ID>
</Fund>
<Fund>
<Code>01002021DB</Code>
<Name><![CDATA[NSF RESEARCH & RELATED ACTIVIT]]></Name>
<FUND_SYMB_ID>040100</FUND_SYMB_ID>
</Fund>
<FUND_OBLG>2019~146335</FUND_OBLG>
<FUND_OBLG>2020~43814</FUND_OBLG>
</Award>
</rootTag>
