<?xml version="1.0" encoding="UTF-8"?>
<rootTag>
<Award>
<AwardTitle><![CDATA[RAPID/Collaborative Research: Defining a Performance Measurement Framework for Spontaneous Volunteer Management Systems in Post-Disaster Relief]]></AwardTitle>
<AGENCY>NSF</AGENCY>
<AwardEffectiveDate>11/01/2018</AwardEffectiveDate>
<AwardExpirationDate>10/31/2020</AwardExpirationDate>
<AwardTotalIntnAmount>11383.00</AwardTotalIntnAmount>
<AwardAmount>11383</AwardAmount>
<AwardInstrument>
<Value>Standard Grant</Value>
</AwardInstrument>
<Organization>
<Code>07030000</Code>
<Directorate>
<Abbreviation>ENG</Abbreviation>
<LongName>Directorate For Engineering</LongName>
</Directorate>
<Division>
<Abbreviation>CMMI</Abbreviation>
<LongName>Div Of Civil, Mechanical, &amp; Manufact Inn</LongName>
</Division>
</Organization>
<ProgramOfficer>
<SignBlockName>Walter Peacock</SignBlockName>
<PO_EMAI/>
<PO_PHON/>
</ProgramOfficer>
<AbstractNarration><![CDATA[Disasters such as Hurricane Florence attract lay citizens who quickly mobilize in search of opportunities to contribute to the relief efforts. Individuals who are not affiliated with relief agencies prior to the disaster have been label 'spontaneous volunteers'. Spontaneous volunteers represent a tremendous asset and make valuable contributions towards relief efforts; however, they may also represent a potential source of substantial risk and uncertainty. These volunteers interact with beneficiaries, trained and affiliated volunteers, emergency management officials, and nonprofit organizations.  While managing spontaneous volunteers is challenging, it is worth finding ways to effectively integrate them into the formal emergency management infrastructure.  To do this we must understand what it means to be successful in the response effort. This Rapid Response Research (RAPID) project develops appropriate performance indicators that can be used to evaluate the effectiveness of volunteer management systems currently in practice. The results will improve practical management principles aimed at successfully incorporating spontaneous volunteers into organized relief efforts. This project provides an opportunity for experiential learning for students in emergency management, operations management, and industrial engineering. This scientific research contribution thus supports NSF's mission to promote the progress of science and to advance our national welfare. In this case, the benefits will be insights to improve volunteer management post-disasters which can save lives and reduce economic losses. &lt;br/&gt;&lt;br/&gt;This RAPID project collects data from volunteers in two cities in North Carolina during the response and recovery phases associated with Hurricane Florence. The collected data will support: (1) the development of key performance indicators associated with volunteer management systems, (2) insights into how well organizations perform based on these metrics during the ongoing relief efforts, and (3) an analysis of the decision making process of volunteer managers and their impact on performance. The team will collect both primary and secondary data. Primary data include semi-structured interviews and observations. Semi-structured interviews will be carried out with spontaneous volunteers, volunteer managers or coordinators of both local agencies and large relief organizations, and beneficiaries. Secondary data refers to data collected by relief organizations in the aftermath of a disaster such as volunteer logs (arrival and departure times), times between customer arrivals (requests for help); and geographic, temporal, and modal variation in volunteer arrivals; documents and newspaper articles.&lt;br/&gt;&lt;br/&gt;This award reflects NSF's statutory mission and has been deemed worthy of support through evaluation using the Foundation's intellectual merit and broader impacts review criteria.]]></AbstractNarration>
<MinAmdLetterDate>10/29/2018</MinAmdLetterDate>
<MaxAmdLetterDate>10/29/2018</MaxAmdLetterDate>
<ARRAAmount/>
<TRAN_TYPE>Grant</TRAN_TYPE>
<CFDA_NUM>47.041</CFDA_NUM>
<NSF_PAR_USE_FLAG>1</NSF_PAR_USE_FLAG>
<FUND_AGCY_CODE>4900</FUND_AGCY_CODE>
<AWDG_AGCY_CODE>4900</AWDG_AGCY_CODE>
<AwardID>1901699</AwardID>
<Investigator>
<FirstName>Maria</FirstName>
<LastName>Mayorga</LastName>
<PI_MID_INIT>E</PI_MID_INIT>
<PI_SUFX_NAME/>
<PI_FULL_NAME>Maria E Mayorga</PI_FULL_NAME>
<EmailAddress><![CDATA[memayorg@ncsu.edu]]></EmailAddress>
<NSF_ID>000243602</NSF_ID>
<StartDate>10/29/2018</StartDate>
<EndDate/>
<RoleCode>Principal Investigator</RoleCode>
</Investigator>
<Institution>
<Name>North Carolina State University</Name>
<CityName>RALEIGH</CityName>
<ZipCode>276950001</ZipCode>
<PhoneNumber>9195152444</PhoneNumber>
<StreetAddress>2601 WOLF VILLAGE WAY</StreetAddress>
<StreetAddress2/>
<CountryName>United States</CountryName>
<StateName>North Carolina</StateName>
<StateCode>NC</StateCode>
<CONGRESSDISTRICT>02</CONGRESSDISTRICT>
<CONGRESS_DISTRICT_ORG>NC02</CONGRESS_DISTRICT_ORG>
<ORG_UEI_NUM>U3NVH931QJJ3</ORG_UEI_NUM>
<ORG_LGL_BUS_NAME>NORTH CAROLINA STATE UNIVERSITY</ORG_LGL_BUS_NAME>
<ORG_PRNT_UEI_NUM/>
</Institution>
<Performance_Institution>
<Name><![CDATA[North Carolina State University]]></Name>
<CityName/>
<StateCode>NC</StateCode>
<ZipCode>276957003</ZipCode>
<StreetAddress/>
<CountryCode>US</CountryCode>
<CountryName>United States</CountryName>
<StateName>North Carolina</StateName>
<CountryFlag>1</CountryFlag>
<CONGRESSDISTRICT>02</CONGRESSDISTRICT>
<CONGRESS_DISTRICT_PERF>NC02</CONGRESS_DISTRICT_PERF>
</Performance_Institution>
<ProgramElement>
<Code>1638</Code>
<Text>HDBE-Humans, Disasters, and th</Text>
</ProgramElement>
<ProgramReference>
<Code>041E</Code>
<Text>HAZARD AND DISASTER REDUCTION</Text>
</ProgramReference>
<ProgramReference>
<Code>042E</Code>
<Text>HAZARD AND DISASTER RESPONSE</Text>
</ProgramReference>
<ProgramReference>
<Code>080Z</Code>
<Text>Research related to Hurricane Florence</Text>
</ProgramReference>
<ProgramReference>
<Code>7914</Code>
<Text>RAPID</Text>
</ProgramReference>
<ProgramReference>
<Code>9102</Code>
<Text>WOMEN, MINORITY, DISABLED, NEC</Text>
</ProgramReference>
<ProgramReference>
<Code>9178</Code>
<Text>UNDERGRADUATE EDUCATION</Text>
</ProgramReference>
<Appropriation>
<Code>0119</Code>
<Name>NSF RESEARCH &amp; RELATED ACTIVIT</Name>
<APP_SYMB_ID>040100</APP_SYMB_ID>
</Appropriation>
<Fund>
<Code>01001920DB</Code>
<Name><![CDATA[NSF RESEARCH & RELATED ACTIVIT]]></Name>
<FUND_SYMB_ID>040100</FUND_SYMB_ID>
</Fund>
<FUND_OBLG>2019~11383</FUND_OBLG>
<POR>
<DRECONTENT><![CDATA[<div class="porColContainerWBG"> <div class="porContentCol"><p><span id="docs-internal-guid-b13bab66-7fff-2632-09ab-37c861904833"> </span></p> <p dir="ltr"><span>During the aftermath of Hurricane Florence in 2018, the outpouring of support for the affected communities was tremendous. Citizens from all over the United States traveled to North Carolina looking for ways to help fellow Americans in any way they could. With the increasing frequency of "hundred year" events such as Hurricane Florence, more and more people in the United States and worldwide are likely to find themselves in need of assistance as a result of natural disasters. Therefore it is important for government, nongovernment, and business organizations to have collective, coordinated, and flexible disaster responses plans in place.</span></p> <p dir="ltr"><span>&nbsp;</span></p> <p dir="ltr"><span>The integration of spontaneous volunteers into organized relief efforts represents a critical aspect of managing post-disaster relief operations. Motivated by compassion, curiosity, and a host of other factors, spontaneous volunteers often self-deploy and converge to affected areas in such large numbers that makes it difficult for official responders to manage them. Thus emergency managers must be deliberate in their plans for incorporating spontaneous volunteers into organized relief efforts in order for the response to be successful.</span></p> <p dir="ltr"><span>&nbsp;</span></p> <p dir="ltr"><span>This project is motivated by the following question: "What exactly is a 'successful' or 'effective' response'? The answer depends on the role of the person asked as it relates to the overall response operation. As such, the main goal of this study is to gain insight into how stakeholders with different perspectives interpret "success" in terms of post-disaster response. The perspectives considered in this study are that of spontaneous volunteers, volunteer managers, and the beneficiaries they serve. We engage these stakeholders by serving as spontaneous volunteers during relief efforts that followed three different disaster events: Hurricane Florence in North Carolina, a tornado in Alabama, and a tornado in Mississippi.</span></p> <p dir="ltr"><span>&nbsp;</span></p> <p dir="ltr"><strong>Intellectual Merit:</strong></p> <p dir="ltr"><span>The intellectual merit of this project highlights the intersection of social science and engineering. We conducted in-person and phone interviews of 41 individuals encompassing 50 interview hours. We then transcribed the interviews and carried out qualitative analysis to identify emergent themes from the transcriptions. In addition to themes that pertain to performance measurement, we discovered more general themes that provided insights into stakeholder behaviors. These results along with our findings from the academic literature were used to represent volunteer behaviors in the initial form of an agent-based simulation (ABS) model, which was further refined iteratively based on feedback from practicing emergency managers. The ABS model, which bridges the social science and engineering aspects of this study, was then used to compare the effectiveness of various volunteer management plans.</span></p> <p dir="ltr"><span>&nbsp;</span></p> <p dir="ltr"><span>Apart from the ABS model and analysis, we also obtained and analyzed volunteer arrival and departure time data from a Volunteer Reception Center (VRC) that three of our team members engaged during their field work. We then created a discrete event simulation model of the VRC and used the data we collected to assess its performance. In this context, performance was measured as the average amount of time a volunteer was at the VRC, which included time spent at the registration, safety training, and site assignment stations as well as the time waiting in line at each of these stations.</span></p> <p dir="ltr"><span>&nbsp;</span></p> <p dir="ltr"><strong>&nbsp;Broader Impacts:</strong></p> <p dir="ltr"><span>The broader impacts of this project benefits society because it provides insights into volunteer behavior and then uses these insights to test the effectiveness of various spontaneous volunteer management plans in an ABS model in multiple contexts. Having the ability to test different management plans is beneficial for all of the stakeholders considered in this study: volunteer managers, volunteers, and the people that they serve. Results have been disseminated in both academic and practitioner venues, including conference presentations, conference papers, academic journal publications, and presentations to industry collaborators. In addition, this project has expanded educational opportunities by providing&nbsp; transdisciplinary service learning experiences for affiliated student researchers, and by incorporating elements of this study into a humanitarian logistics course taught by the Principal Investigator. This project involved nine student researchers, eight of whom were individuals historically underrepresented in Science, Technology, Engineering, and Mathematics (STEM) disciplines:&nbsp; seven women (two of whom were graduate students), one African American undergraduate student, and one Hispanic undergraduate student.&nbsp;</span></p><br> <p>            Last Modified: 02/27/2021<br>      Modified by: Maria&nbsp;E&nbsp;Mayorga</p> </div> <div class="porSideCol"> <div class="each-gallery"> <div class="galContent" id="gallery0"> <div class="photoCount" id="photoCount0">          Image         </div> <div class="galControls onePhoto" id="controls0"></div> <div class="galSlideshow" id="slideshow0"></div> <div class="galEmbox" id="embox"> <div class="image-title"></div> </div> </div> <div class="galNavigation onePhoto" id="navigation0"> <ul class="thumbs" id="thumbs0"> <li> <a href="/por/images/Reports/POR/2021/1901699/1901699_10585131_1614449555231_SummerResearchSymposium2019--rgov-214x142.jpg" original="/por/images/Reports/POR/2021/1901699/1901699_10585131_1614449555231_SummerResearchSymposium2019--rgov-800width.jpg" title="Summer REU Presentation"><img src="/por/images/Reports/POR/2021/1901699/1901699_10585131_1614449555231_SummerResearchSymposium2019--rgov-66x44.jpg" alt="Summer REU Presentation"></a> <div class="imageCaptionContainer"> <div class="imageCaption">Left to right (Maria Mayorga (PI), Connie Feinberg, Amrita Malur, Kyle Paret).  CF and AM presented at NCSU Summer Research Symposium</div> <div class="imageCredit">unknown</div> <div class="imagePermisssions">Public Domain</div> <div class="imageSubmitted">Maria&nbsp;E&nbsp;Mayorga</div> <div class="imageTitle">Summer REU Presentation</div> </div> </li> </ul> </div> </div> </div> </div>]]></DRECONTENT>
<POR_COPY_TXT><![CDATA[   During the aftermath of Hurricane Florence in 2018, the outpouring of support for the affected communities was tremendous. Citizens from all over the United States traveled to North Carolina looking for ways to help fellow Americans in any way they could. With the increasing frequency of "hundred year" events such as Hurricane Florence, more and more people in the United States and worldwide are likely to find themselves in need of assistance as a result of natural disasters. Therefore it is important for government, nongovernment, and business organizations to have collective, coordinated, and flexible disaster responses plans in place.   The integration of spontaneous volunteers into organized relief efforts represents a critical aspect of managing post-disaster relief operations. Motivated by compassion, curiosity, and a host of other factors, spontaneous volunteers often self-deploy and converge to affected areas in such large numbers that makes it difficult for official responders to manage them. Thus emergency managers must be deliberate in their plans for incorporating spontaneous volunteers into organized relief efforts in order for the response to be successful.   This project is motivated by the following question: "What exactly is a 'successful' or 'effective' response'? The answer depends on the role of the person asked as it relates to the overall response operation. As such, the main goal of this study is to gain insight into how stakeholders with different perspectives interpret "success" in terms of post-disaster response. The perspectives considered in this study are that of spontaneous volunteers, volunteer managers, and the beneficiaries they serve. We engage these stakeholders by serving as spontaneous volunteers during relief efforts that followed three different disaster events: Hurricane Florence in North Carolina, a tornado in Alabama, and a tornado in Mississippi.   Intellectual Merit: The intellectual merit of this project highlights the intersection of social science and engineering. We conducted in-person and phone interviews of 41 individuals encompassing 50 interview hours. We then transcribed the interviews and carried out qualitative analysis to identify emergent themes from the transcriptions. In addition to themes that pertain to performance measurement, we discovered more general themes that provided insights into stakeholder behaviors. These results along with our findings from the academic literature were used to represent volunteer behaviors in the initial form of an agent-based simulation (ABS) model, which was further refined iteratively based on feedback from practicing emergency managers. The ABS model, which bridges the social science and engineering aspects of this study, was then used to compare the effectiveness of various volunteer management plans.   Apart from the ABS model and analysis, we also obtained and analyzed volunteer arrival and departure time data from a Volunteer Reception Center (VRC) that three of our team members engaged during their field work. We then created a discrete event simulation model of the VRC and used the data we collected to assess its performance. In this context, performance was measured as the average amount of time a volunteer was at the VRC, which included time spent at the registration, safety training, and site assignment stations as well as the time waiting in line at each of these stations.    Broader Impacts: The broader impacts of this project benefits society because it provides insights into volunteer behavior and then uses these insights to test the effectiveness of various spontaneous volunteer management plans in an ABS model in multiple contexts. Having the ability to test different management plans is beneficial for all of the stakeholders considered in this study: volunteer managers, volunteers, and the people that they serve. Results have been disseminated in both academic and practitioner venues, including conference presentations, conference papers, academic journal publications, and presentations to industry collaborators. In addition, this project has expanded educational opportunities by providing  transdisciplinary service learning experiences for affiliated student researchers, and by incorporating elements of this study into a humanitarian logistics course taught by the Principal Investigator. This project involved nine student researchers, eight of whom were individuals historically underrepresented in Science, Technology, Engineering, and Mathematics (STEM) disciplines:  seven women (two of whom were graduate students), one African American undergraduate student, and one Hispanic undergraduate student.        Last Modified: 02/27/2021       Submitted by: Maria E Mayorga]]></POR_COPY_TXT>
</POR>
</Award>
</rootTag>
