<?xml version="1.0" encoding="UTF-8"?>
<rootTag>
<Award>
<AwardTitle><![CDATA[CONFERENCE: 2019 Gordon Research Seminar on RNA Editing to be held March 23-24, 2019 at the Renaissance Tuscany Il Ciocco in Lucca, Italy]]></AwardTitle>
<AGENCY>NSF</AGENCY>
<AwardEffectiveDate>11/15/2018</AwardEffectiveDate>
<AwardExpirationDate>10/31/2019</AwardExpirationDate>
<AwardTotalIntnAmount>7150.00</AwardTotalIntnAmount>
<AwardAmount>7150</AwardAmount>
<AwardInstrument>
<Value>Standard Grant</Value>
</AwardInstrument>
<Organization>
<Code>08070000</Code>
<Directorate>
<Abbreviation>BIO</Abbreviation>
<LongName>Direct For Biological Sciences</LongName>
</Directorate>
<Division>
<Abbreviation>MCB</Abbreviation>
<LongName>Div Of Molecular and Cellular Bioscience</LongName>
</Division>
</Organization>
<ProgramOfficer>
<SignBlockName>Karen Cone</SignBlockName>
<PO_EMAI>kccone@nsf.gov</PO_EMAI>
<PO_PHON>7032924967</PO_PHON>
</ProgramOfficer>
<AbstractNarration><![CDATA[This award will support attendance by graduate students and postdoctoral researchers at the 2019 Gordon Research Conference on RNA Editing to be held in Lucca, Italy on March 23-24, 2019, just prior to the associated Gordon Research Conference. The meeting is organized and chaired by two postdoctoral scientists.  The format of the meeting is a combination of talks and posters, which will promote scientific exchange in both formal and informal settings.  Participants will also benefit from dedicated career-specific events, including a keynote lecture from a leader in the field and a panel discussion on careers in science by three individuals who have taken different career tracks, e.g., academia, scientific publishing, and industry.  &lt;br/&gt;&lt;br/&gt;Modification and editing of nucleic acid molecules play important roles in regulating gene expression.  The scientific focus of this meeting (and the accompanying Gordon Research Conference) will be on "Next Generation" aspects of research in this field.  This will have dual benefits in terms of emphasizing the cutting-edge nature of latest findings and promoting the career development of early-career scientists in the field.  The meeting will provide an excellent forum for junior investigators, including those from underrepresented groups, to learn about new scientific discoveries and challenges, to meet and talk with leaders in the field, and to have an opportunity to present and receive feedback on their own research.&lt;br/&gt;&lt;br/&gt;This award reflects NSF's statutory mission and has been deemed worthy of support through evaluation using the Foundation's intellectual merit and broader impacts review criteria.]]></AbstractNarration>
<MinAmdLetterDate>10/26/2018</MinAmdLetterDate>
<MaxAmdLetterDate>10/26/2018</MaxAmdLetterDate>
<ARRAAmount/>
<TRAN_TYPE>Grant</TRAN_TYPE>
<CFDA_NUM>47.074</CFDA_NUM>
<NSF_PAR_USE_FLAG>1</NSF_PAR_USE_FLAG>
<FUND_AGCY_CODE>4900</FUND_AGCY_CODE>
<AWDG_AGCY_CODE>4900</AWDG_AGCY_CODE>
<AwardID>1901541</AwardID>
<Investigator>
<FirstName>Xin</FirstName>
<LastName>Liu</LastName>
<PI_MID_INIT/>
<PI_SUFX_NAME/>
<PI_FULL_NAME>Xin Liu</PI_FULL_NAME>
<EmailAddress><![CDATA[chemxliu@stanford.edu]]></EmailAddress>
<NSF_ID>000788351</NSF_ID>
<StartDate>10/26/2018</StartDate>
<EndDate/>
<RoleCode>Principal Investigator</RoleCode>
</Investigator>
<Institution>
<Name><![CDATA[Gordon Research Conferences]]></Name>
<CityName>EAST GREENWICH</CityName>
<ZipCode>028183454</ZipCode>
<PhoneNumber>4017834011</PhoneNumber>
<StreetAddress><![CDATA[5586 POST RD UNIT 2]]></StreetAddress>
<StreetAddress2/>
<CountryName>United States</CountryName>
<StateName>Rhode Island</StateName>
<StateCode>RI</StateCode>
<CONGRESSDISTRICT>02</CONGRESSDISTRICT>
<CONGRESS_DISTRICT_ORG>RI02</CONGRESS_DISTRICT_ORG>
<ORG_UEI_NUM>XL5ANMKWN557</ORG_UEI_NUM>
<ORG_LGL_BUS_NAME>GORDON RESEARCH CONFERENCES</ORG_LGL_BUS_NAME>
<ORG_PRNT_UEI_NUM/>
</Institution>
<Performance_Institution>
<Name><![CDATA[Gordon Research Conferences]]></Name>
<CityName/>
<StateCode>RI</StateCode>
<ZipCode>028921502</ZipCode>
<StreetAddress/>
<CountryCode>US</CountryCode>
<CountryName>United States</CountryName>
<StateName>Rhode Island</StateName>
<CountryFlag>1</CountryFlag>
<CONGRESSDISTRICT>02</CONGRESSDISTRICT>
<CONGRESS_DISTRICT_PERF>RI02</CONGRESS_DISTRICT_PERF>
</Performance_Institution>
<ProgramElement>
<Code>1112</Code>
<Text>Genetic Mechanisms</Text>
</ProgramElement>
<ProgramReference>
<Code>7465</Code>
<Text>NANOSCALE BIO CORE</Text>
</ProgramReference>
<ProgramReference>
<Code>9150</Code>
<Text>EXP PROG TO STIM COMP RES</Text>
</ProgramReference>
<Appropriation>
<Code>0119</Code>
<Name>NSF RESEARCH &amp; RELATED ACTIVIT</Name>
<APP_SYMB_ID>040100</APP_SYMB_ID>
</Appropriation>
<Fund>
<Code>01001920DB</Code>
<Name><![CDATA[NSF RESEARCH & RELATED ACTIVIT]]></Name>
<FUND_SYMB_ID>040100</FUND_SYMB_ID>
</Fund>
<FUND_OBLG>2019~7150</FUND_OBLG>
<POR>
<DRECONTENT><![CDATA[<div class="porColContainerWBG"> <div class="porContentCol"><p>The Gordon Research Seminar (GRS) on RNA Editing was a unique forum for graduate students, post-docs and other scientists with comparable levels of experience and education to present and exchange new data and cutting edge ideas. This meeting provided the setting for small group interactions among participant the invited speakers, and significant opportunity for enhance interactions at the associated RNA Editing Gordon Research Conference, which featured many talks by leaders in the RNA modification/editing field..</p> <p>&nbsp;</p> <p>The theme of the2019 RNA Editing GRS was &ldquo;Next-Generation Epitranscriptomics in Health and Disease. The focus of this seminar was the biology of RNA and DNA editing and modification with a keynote talk from Dr. Eric Phizicky (University of Rochester Medical Center). The GRS had two science sessions titled "Function and Mechanism of Nucleic Acids Modifications" and "From Mechanism to Cutting Edge Nucleic Acids Technologies". There were talks selected from abstracts and two poster sessions. Sessions were chaired by selected students/postdocs. The sessions aimed to connect fundamental mechanisms with the emerging therapeutic applications of the editing technologies. In addition, the GRS concluded with a panel discussion titled "Diverse Career Pathways for PhDs" aimed at providing a platform for students and post-docs to discuss career development with professionals working in diverse careers.</p> <p>&nbsp;</p><br> <p>            Last Modified: 10/31/2019<br>      Modified by: Xin&nbsp;Liu</p> </div> <div class="porSideCol"></div> </div>]]></DRECONTENT>
<POR_COPY_TXT><![CDATA[ The Gordon Research Seminar (GRS) on RNA Editing was a unique forum for graduate students, post-docs and other scientists with comparable levels of experience and education to present and exchange new data and cutting edge ideas. This meeting provided the setting for small group interactions among participant the invited speakers, and significant opportunity for enhance interactions at the associated RNA Editing Gordon Research Conference, which featured many talks by leaders in the RNA modification/editing field..     The theme of the2019 RNA Editing GRS was "Next-Generation Epitranscriptomics in Health and Disease. The focus of this seminar was the biology of RNA and DNA editing and modification with a keynote talk from Dr. Eric Phizicky (University of Rochester Medical Center). The GRS had two science sessions titled "Function and Mechanism of Nucleic Acids Modifications" and "From Mechanism to Cutting Edge Nucleic Acids Technologies". There were talks selected from abstracts and two poster sessions. Sessions were chaired by selected students/postdocs. The sessions aimed to connect fundamental mechanisms with the emerging therapeutic applications of the editing technologies. In addition, the GRS concluded with a panel discussion titled "Diverse Career Pathways for PhDs" aimed at providing a platform for students and post-docs to discuss career development with professionals working in diverse careers.          Last Modified: 10/31/2019       Submitted by: Xin Liu]]></POR_COPY_TXT>
</POR>
</Award>
</rootTag>
