<?xml version="1.0" encoding="UTF-8"?>
<rootTag>
<Award>
<AwardTitle><![CDATA[NeuroNex Research Program Workshop, San Diego, California, November 7-8, 2018]]></AwardTitle>
<AGENCY>NSF</AGENCY>
<AwardEffectiveDate>04/01/2019</AwardEffectiveDate>
<AwardExpirationDate>03/31/2020</AwardExpirationDate>
<AwardTotalIntnAmount>34700.00</AwardTotalIntnAmount>
<AwardAmount>34700</AwardAmount>
<AwardInstrument>
<Value>Standard Grant</Value>
</AwardInstrument>
<Organization>
<Code>08090200</Code>
<Directorate>
<Abbreviation>BIO</Abbreviation>
<LongName>Direct For Biological Sciences</LongName>
</Directorate>
<Division>
<Abbreviation>IOS</Abbreviation>
<LongName>Division Of Integrative Organismal Systems</LongName>
</Division>
</Organization>
<ProgramOfficer>
<SignBlockName>Sridhar Raghavachari</SignBlockName>
<PO_EMAI>sraghava@nsf.gov</PO_EMAI>
<PO_PHON>7032924845</PO_PHON>
</ProgramOfficer>
<AbstractNarration><![CDATA[One of the explicit goals of the NeuroNex Program is to provide added value to NSF investments in the BRAIN Initiative by building a community of researchers who are committed to the continued development and dissemination of neurotechnologies and theoretical approaches to the broad neuroscience community. Such community building/expansion ensures that the innovative imaging, recording and genetic manipulation methods that are being developed as part of the BRAIN Initiative are accessible to the broadest possible spectrum of neuroscientists. Furthermore, it allows the neurotechnology developers to expand the repertoire of tools to interrogate brain and behavior in organisms more diverse than the limited set of model organisms that the tools were developed originally. The organizers are making a strong effort to invite women and members of underrepresented groups as participants. Further, the meeting entails extensive cross-disciplinary interactions, which will be aided greatly by the face-to-face nature of this meeting. Importantly, this workshop is part of a concerted effort to coordinate and align interagency priorities to capitalize on cross-disciplinary technology developments to approach perhaps the greatest scientific challenge of the time ? understanding the brain.&lt;br/&gt;&lt;br/&gt;Understanding how behavior emerges from the dynamic patterns of electrical and chemical activity of brain circuits is universally recognized as a fundamental mystery in science. The BRAIN Initiative was created in 2014 to catalyze national efforts towards the development of neurotechnologies that are aimed at a fuller understanding of the brain. To support for research activities related to interagency BRAIN Initiative as directed by the American Innovation and Competitiveness Act (Public Law 114-329), NSF created the NeuroNex activity to ensure the continued development and broad dissemination of these innovative neurotechnologies. As part of this activity, 9 Neurotechnology Hubs, 2 Neurotheory teams and six Innovation awards were funded in FY2017. This workshop aims to bring together the principal investigators and their trainees for an inaugural awardees meeting. Funds are requested for a one-and-half day meeting to coincide with the Annual Society for Neuroscience Meeting with the following goals: 1) Present updates and highlights of progress into tools, technologies and theories, 2) Identify key issues and bottlenecks in technology development, 3) Discuss opportunities, barriers and challenges for widespread dissemination and community engagement 4) Leverage synergies between the different projects to push forward new and emerging areas and 5) Continue to build a national research infrastructure that allows teams to quickly re-configure in response to research challenges/opportunities. The participants will discuss these issues in small thematic groups, and will use their insights to generate a coherent set of strategies and obectives towards the goals of the NeuroNex program and the BRAIN Initiative.&lt;br/&gt;&lt;br/&gt;This award reflects NSF's statutory mission and has been deemed worthy of support through evaluation using the Foundation's intellectual merit and broader impacts review criteria.]]></AbstractNarration>
<MinAmdLetterDate>03/25/2019</MinAmdLetterDate>
<MaxAmdLetterDate>03/25/2019</MaxAmdLetterDate>
<ARRAAmount/>
<TRAN_TYPE>Grant</TRAN_TYPE>
<CFDA_NUM>47.074</CFDA_NUM>
<NSF_PAR_USE_FLAG>1</NSF_PAR_USE_FLAG>
<FUND_AGCY_CODE>4900</FUND_AGCY_CODE>
<AWDG_AGCY_CODE>4900</AWDG_AGCY_CODE>
<AwardID>1901715</AwardID>
<Investigator>
<FirstName>Terrence</FirstName>
<LastName>Sejnowski</LastName>
<PI_MID_INIT>J</PI_MID_INIT>
<PI_SUFX_NAME/>
<PI_FULL_NAME>Terrence J Sejnowski</PI_FULL_NAME>
<EmailAddress><![CDATA[terry@salk.edu]]></EmailAddress>
<NSF_ID>000273216</NSF_ID>
<StartDate>03/25/2019</StartDate>
<EndDate/>
<RoleCode>Principal Investigator</RoleCode>
</Investigator>
<Institution>
<Name><![CDATA[The Salk Institute for Biological Studies]]></Name>
<CityName>LA JOLLA</CityName>
<ZipCode>920371002</ZipCode>
<PhoneNumber>8584534100</PhoneNumber>
<StreetAddress><![CDATA[10010 N TORREY PINES RD]]></StreetAddress>
<StreetAddress2/>
<CountryName>United States</CountryName>
<StateName>California</StateName>
<StateCode>CA</StateCode>
<CONGRESSDISTRICT>50</CONGRESSDISTRICT>
<CONGRESS_DISTRICT_ORG>CA50</CONGRESS_DISTRICT_ORG>
<ORG_UEI_NUM>NNJ6BMBTFGN5</ORG_UEI_NUM>
<ORG_LGL_BUS_NAME>SALK INSTITUTE FOR BIOLOGICAL STUDIES, SAN DIEGO, CALIFORNIA, THE</ORG_LGL_BUS_NAME>
<ORG_PRNT_UEI_NUM/>
</Institution>
<Performance_Institution>
<Name><![CDATA[The Salk Institute for Biological Studies]]></Name>
<CityName>La Jolla</CityName>
<StateCode>CA</StateCode>
<ZipCode>920371002</ZipCode>
<StreetAddress><![CDATA[10010 North Torrey Pines Road]]></StreetAddress>
<CountryCode>US</CountryCode>
<CountryName>United States</CountryName>
<StateName>California</StateName>
<CountryFlag>1</CountryFlag>
<CONGRESSDISTRICT>50</CONGRESSDISTRICT>
<CONGRESS_DISTRICT_PERF>CA50</CONGRESS_DISTRICT_PERF>
</Performance_Institution>
<ProgramElement>
<Code>7275</Code>
<Text>Cross-BIO Activities</Text>
</ProgramElement>
<ProgramReference>
<Code>1096</Code>
<Text>NEURAL SYSTEMS</Text>
</ProgramReference>
<ProgramReference>
<Code>7556</Code>
<Text>CONFERENCE AND WORKSHOPS</Text>
</ProgramReference>
<ProgramReference>
<Code>8091</Code>
<Text>BRAIN Initiative Res Support</Text>
</ProgramReference>
<Appropriation>
<Code>0119</Code>
<Name>NSF RESEARCH &amp; RELATED ACTIVIT</Name>
<APP_SYMB_ID>040100</APP_SYMB_ID>
</Appropriation>
<Fund>
<Code>01001920DB</Code>
<Name><![CDATA[NSF RESEARCH & RELATED ACTIVIT]]></Name>
<FUND_SYMB_ID>040100</FUND_SYMB_ID>
</Fund>
<FUND_OBLG>2019~34700</FUND_OBLG>
<POR>
<DRECONTENT><![CDATA[<div class="porColContainerWBG"> <div class="porContentCol"><p><strong>Outcomes</strong></p> <p><strong>&nbsp;</strong>The increasing complexity and power of cutting-edge neuroscience tools and theory creates challenges that require cooperation across disciplines and laboratories. No individual or even a single lab can have sufficient knowledge, expertise and resources to both envision and create the future and to also understand and implement the transition from bleeding-edge technology to a routine and widely impactful laboratory procedure.</p> <p>The primary objective of the workshop was to capitalize on the opportunity to bring together NeuroNex funded labs to foster creative interactions and identify opportunities for further collaboration. Because each funded group included diverse team members working on a range of projects including dissemination, refinement and invention of high-level neuroscience technologies, interactions across teams will allow sharing of methodologies and experience across each of these levels.</p> <p>The organization of the meeting mirrored these diverse goals by including sessions focusing on selected topics that include: Dissemination Strategies, Novel Tool Development, Integration of Experiments and Theory, and Cross-Project Integration. The program also included less structured time in order to allow follow-up on synergies that are identified as the participants learn more about the activities of other groups.</p> <p>The NeuroNex program foresaw the need to fund collaborative groups to overcome these challenges; this workshop furthered those goals by extending the concept across the NeuroNex groups.&nbsp; The successful generation and dissemination of high-impact neurotechnologies will benefit society by generating resources that impact both basic and translational neuroscience. Studies using these technologies will provide insight into the neural mechanisms that go awry in brain disorders as well as the means to potentially treat those disorders.&nbsp;</p><br> <p>            Last Modified: 05/28/2020<br>      Modified by: Terrence&nbsp;J&nbsp;Sejnowski</p> </div> <div class="porSideCol"></div> </div>]]></DRECONTENT>
<POR_COPY_TXT><![CDATA[ Outcomes   The increasing complexity and power of cutting-edge neuroscience tools and theory creates challenges that require cooperation across disciplines and laboratories. No individual or even a single lab can have sufficient knowledge, expertise and resources to both envision and create the future and to also understand and implement the transition from bleeding-edge technology to a routine and widely impactful laboratory procedure.  The primary objective of the workshop was to capitalize on the opportunity to bring together NeuroNex funded labs to foster creative interactions and identify opportunities for further collaboration. Because each funded group included diverse team members working on a range of projects including dissemination, refinement and invention of high-level neuroscience technologies, interactions across teams will allow sharing of methodologies and experience across each of these levels.  The organization of the meeting mirrored these diverse goals by including sessions focusing on selected topics that include: Dissemination Strategies, Novel Tool Development, Integration of Experiments and Theory, and Cross-Project Integration. The program also included less structured time in order to allow follow-up on synergies that are identified as the participants learn more about the activities of other groups.  The NeuroNex program foresaw the need to fund collaborative groups to overcome these challenges; this workshop furthered those goals by extending the concept across the NeuroNex groups.  The successful generation and dissemination of high-impact neurotechnologies will benefit society by generating resources that impact both basic and translational neuroscience. Studies using these technologies will provide insight into the neural mechanisms that go awry in brain disorders as well as the means to potentially treat those disorders.        Last Modified: 05/28/2020       Submitted by: Terrence J Sejnowski]]></POR_COPY_TXT>
</POR>
</Award>
</rootTag>
