<?xml version="1.0" encoding="UTF-8"?>
<rootTag>
<Award>
<AwardTitle><![CDATA[CPS: Synergy: Real-Time Cyber-Human-Vehicle Systems for Driving Safety Enhancement]]></AwardTitle>
<AGENCY>NSF</AGENCY>
<AwardEffectiveDate>09/08/2018</AwardEffectiveDate>
<AwardExpirationDate>09/30/2021</AwardExpirationDate>
<AwardTotalIntnAmount>509133.00</AwardTotalIntnAmount>
<AwardAmount>521133</AwardAmount>
<AwardInstrument>
<Value>Standard Grant</Value>
</AwardInstrument>
<Organization>
<Code>05050000</Code>
<Directorate>
<Abbreviation>CSE</Abbreviation>
<LongName>Direct For Computer &amp; Info Scie &amp; Enginr</LongName>
</Directorate>
<Division>
<Abbreviation>CNS</Abbreviation>
<LongName>Division Of Computer and Network Systems</LongName>
</Division>
</Organization>
<ProgramOfficer>
<SignBlockName>Ralph Wachter</SignBlockName>
<PO_EMAI>rwachter@nsf.gov</PO_EMAI>
<PO_PHON>7032928950</PO_PHON>
</ProgramOfficer>
<AbstractNarration><![CDATA[Modern ground vehicles are complex cyber-physical systems (CPS) in which many functions are achieved by collaborative interactions between mechanical systems and electronic control units.  In addition, human drivers also play important roles on the vehicle driving. For such cyber-human-vehicle systems (CHVS), the synergistic collaborations and integrations among human drivers, vehicle active motion control, and onboard real-time computation and communication are critical for enhancing vehicle driving safety.  &lt;br/&gt;&lt;br/&gt;With the recent advances on vehicle onboard computation and communication technologies, this project aims to develop onboard-adaptable and personalizable human driver models, create driver-specific vehicle active motion control systems, design dynamic onboard real-time computation task scheduling methods that can effectively synthesize with the personalized vehicle motion control methods, and integrate the vehicle-to-vehicle communications for driver-specific, inter-vehicle motion control. The research, upon successful completion, can create methodologies for optimally synthesizing onboard computation and communications, individual human driving characteristics, and vehicle dynamics and active motion control to form a novel CHVS that can enhance the driving safety and increase the likelihood of collision-avoidance. The research objectives will be pursued through analytical, computational, and experimental studies. Driving simulator and real vehicle experiments together with high-fidelity simulations will assist the investigations.&lt;br/&gt;&lt;br/&gt;The research results from this project will be disseminated through usual academic publications, CPS meetings, and visits to relevant companies for industrial collaborations. Some of the research findings will be used to enrich several undergraduate and graduate courses in different disciplines. High-school summer camp and undergraduate student research opportunities will be generated through this project to attract students to engage in the research and to pursue higher education in science and engineering.]]></AbstractNarration>
<MinAmdLetterDate>11/15/2018</MinAmdLetterDate>
<MaxAmdLetterDate>11/15/2018</MaxAmdLetterDate>
<ARRAAmount/>
<TRAN_TYPE>Grant</TRAN_TYPE>
<CFDA_NUM>47.070</CFDA_NUM>
<NSF_PAR_USE_FLAG>1</NSF_PAR_USE_FLAG>
<FUND_AGCY_CODE>4900</FUND_AGCY_CODE>
<AWDG_AGCY_CODE>4900</AWDG_AGCY_CODE>
<AwardID>1901632</AwardID>
<Investigator>
<FirstName>Junmin</FirstName>
<LastName>Wang</LastName>
<PI_MID_INIT/>
<PI_SUFX_NAME/>
<PI_FULL_NAME>Junmin Wang</PI_FULL_NAME>
<EmailAddress><![CDATA[jwang@austin.utexas.edu]]></EmailAddress>
<NSF_ID>000514527</NSF_ID>
<StartDate>11/15/2018</StartDate>
<EndDate/>
<RoleCode>Principal Investigator</RoleCode>
</Investigator>
<Institution>
<Name><![CDATA[University of Texas at Austin]]></Name>
<CityName>AUSTIN</CityName>
<ZipCode>787121139</ZipCode>
<PhoneNumber>5124716424</PhoneNumber>
<StreetAddress><![CDATA[110 INNER CAMPUS DR]]></StreetAddress>
<StreetAddress2/>
<CountryName>United States</CountryName>
<StateName>Texas</StateName>
<StateCode>TX</StateCode>
<CONGRESSDISTRICT>25</CONGRESSDISTRICT>
<CONGRESS_DISTRICT_ORG>TX25</CONGRESS_DISTRICT_ORG>
<ORG_UEI_NUM>V6AFQPN18437</ORG_UEI_NUM>
<ORG_LGL_BUS_NAME>UNIVERSITY OF TEXAS AT AUSTIN</ORG_LGL_BUS_NAME>
<ORG_PRNT_UEI_NUM>X5NKD2NFF2V3</ORG_PRNT_UEI_NUM>
</Institution>
<Performance_Institution>
<Name><![CDATA[University of Texas at Austin]]></Name>
<CityName>Austin</CityName>
<StateCode>TX</StateCode>
<ZipCode>787595316</ZipCode>
<StreetAddress><![CDATA[3925 West Braker Lan]]></StreetAddress>
<CountryCode>US</CountryCode>
<CountryName>United States</CountryName>
<StateName>Texas</StateName>
<CountryFlag>1</CountryFlag>
<CONGRESSDISTRICT>37</CONGRESSDISTRICT>
<CONGRESS_DISTRICT_PERF>TX37</CONGRESS_DISTRICT_PERF>
</Performance_Institution>
<ProgramElement>
<Code>1714</Code>
<Text>Special Projects - CNS</Text>
</ProgramElement>
<ProgramElement>
<Code>7918</Code>
<Text>CPS-Cyber-Physical Systems</Text>
</ProgramElement>
<ProgramReference>
<Code>1714</Code>
<Text>SPECIAL PROJECTS - CISE</Text>
</ProgramReference>
<ProgramReference>
<Code>7918</Code>
<Text>CYBER-PHYSICAL SYSTEMS (CPS)</Text>
</ProgramReference>
<ProgramReference>
<Code>9251</Code>
<Text>REU SUPP-Res Exp for Ugrd Supp</Text>
</ProgramReference>
<Appropriation>
<Code>0116</Code>
<Name>NSF RESEARCH &amp; RELATED ACTIVIT</Name>
<APP_SYMB_ID>040100</APP_SYMB_ID>
</Appropriation>
<Appropriation>
<Code>0117</Code>
<Name>NSF RESEARCH &amp; RELATED ACTIVIT</Name>
<APP_SYMB_ID>040100</APP_SYMB_ID>
</Appropriation>
<Fund>
<Code>01001617DB</Code>
<Name><![CDATA[NSF RESEARCH & RELATED ACTIVIT]]></Name>
<FUND_SYMB_ID>040100</FUND_SYMB_ID>
</Fund>
<Fund>
<Code>01001718DB</Code>
<Name><![CDATA[NSF RESEARCH & RELATED ACTIVIT]]></Name>
<FUND_SYMB_ID>040100</FUND_SYMB_ID>
</Fund>
<FUND_OBLG>2016~509133</FUND_OBLG>
<FUND_OBLG>2017~12000</FUND_OBLG>
<POR>
<DRECONTENT><![CDATA[<div class="porColContainerWBG"> <div class="porContentCol"><p>This multidisciplinary project achieved the following research outcomes. We develop personalizable driver models that can be customized based on individual human drivers&rsquo; historical driving data and then predict his/her behavior in emergency driving situations.&nbsp; We generated a method to estimate a driver&rsquo;s attentional distribution to preview. We designed driver-specific and driver-adaptive vehicle active assistive control systems to achieve personalized vehicle motion control and driver assistance. We created onboard resource-aware and prioritized real-time computational task scheduling methods for driver-specific vehicle control algorithms. We devised multi-channel, vehicle-to-vehicle communication frameworks that monitor all the available channels and dynamically select the best one for real-time safety message transmission between vehicles. The research findings and results have been published in 25 peer-reviewed papers including 13 journal articles and 12 conference papers.</p> <p>On the broader impacts, we have incorporated the research findings into teaching modules for curriculum enrichment. We have trained 3 Ph.D. students to graduation and 2 additional Ph.D. students close to graduation in this project. We have recruited and trained 2 undergraduate students for Research Experience for Undergraduate (REU) to gain multidisciplinary research experience. We hosted multiple K-12 Summer Camp activities with Ohio State University Women-in-Engineering Program. We delivered more than 15 invited talks relevant to this project in industry and academia to facilitate the technology transfer and to benefit the industry.</p> <p>&nbsp;</p><br> <p>            Last Modified: 12/16/2021<br>      Modified by: Junmin&nbsp;Wang</p> </div> <div class="porSideCol"></div> </div>]]></DRECONTENT>
<POR_COPY_TXT><![CDATA[ This multidisciplinary project achieved the following research outcomes. We develop personalizable driver models that can be customized based on individual human drivers’ historical driving data and then predict his/her behavior in emergency driving situations.  We generated a method to estimate a driver’s attentional distribution to preview. We designed driver-specific and driver-adaptive vehicle active assistive control systems to achieve personalized vehicle motion control and driver assistance. We created onboard resource-aware and prioritized real-time computational task scheduling methods for driver-specific vehicle control algorithms. We devised multi-channel, vehicle-to-vehicle communication frameworks that monitor all the available channels and dynamically select the best one for real-time safety message transmission between vehicles. The research findings and results have been published in 25 peer-reviewed papers including 13 journal articles and 12 conference papers.  On the broader impacts, we have incorporated the research findings into teaching modules for curriculum enrichment. We have trained 3 Ph.D. students to graduation and 2 additional Ph.D. students close to graduation in this project. We have recruited and trained 2 undergraduate students for Research Experience for Undergraduate (REU) to gain multidisciplinary research experience. We hosted multiple K-12 Summer Camp activities with Ohio State University Women-in-Engineering Program. We delivered more than 15 invited talks relevant to this project in industry and academia to facilitate the technology transfer and to benefit the industry.          Last Modified: 12/16/2021       Submitted by: Junmin Wang]]></POR_COPY_TXT>
</POR>
</Award>
</rootTag>
