<?xml version="1.0" encoding="UTF-8"?>
<rootTag>
<Award>
<AwardTitle><![CDATA[Dynamics, Measures, and Dimensions]]></AwardTitle>
<AGENCY>NSF</AGENCY>
<AwardEffectiveDate>02/01/2019</AwardEffectiveDate>
<AwardExpirationDate>01/31/2020</AwardExpirationDate>
<AwardTotalIntnAmount>25000.00</AwardTotalIntnAmount>
<AwardAmount>25000</AwardAmount>
<AwardInstrument>
<Value>Standard Grant</Value>
</AwardInstrument>
<Organization>
<Code>03040000</Code>
<Directorate>
<Abbreviation>MPS</Abbreviation>
<LongName>Direct For Mathematical &amp; Physical Scien</LongName>
</Directorate>
<Division>
<Abbreviation>DMS</Abbreviation>
<LongName>Division Of Mathematical Sciences</LongName>
</Division>
</Organization>
<ProgramOfficer>
<SignBlockName>Marian Bocea</SignBlockName>
<PO_EMAI>mbocea@nsf.gov</PO_EMAI>
<PO_PHON>7032922595</PO_PHON>
</ProgramOfficer>
<AbstractNarration><![CDATA[This award supports participation of US-based researchers in the international conference "Dynamics, Measures, and Dimensions" held at the Stefan Banach International Mathematical Center in Bedlewo, Poland, April 7-12, 2019.  The conference focuses on recent developments and breakthroughs in dynamical systems, ergodic theory, and geometric measure theory.  The goal is to bring together international experts in these fields, to foster exchange of ideas and collaborations, and to introduce junior scientists to very active areas of research. &lt;br/&gt;&lt;br/&gt;The conference aims to continue the tradition of US-Polish collaboration in dynamical systems and neighboring areas, as it will allow the fostering of face-to-face collaborations that might not occur as readily otherwise. The topics will include but are not limited to: conformal and holomorphic dynamical systems, rational functions and transcendental iteration, thermodynamic formalism, fractal geometry, random dynamical systems, infinite ergodic theory, one dimensional dynamics, orbit counting and Diophantine approximation. The versatile program of plenary talks is complemented by several shorter talks by young researchers, a poster session, a panel for advancing women's career in dynamics, and two crash courses, intended for graduate students and postdocs, that will take place the weekend before the conference. More information is available at: www.impan.pl/en/activities/banach-center/conferences/19-dynamics&lt;br/&gt;&lt;br/&gt;This award reflects NSF's statutory mission and has been deemed worthy of support through evaluation using the Foundation's intellectual merit and broader impacts review criteria.]]></AbstractNarration>
<MinAmdLetterDate>12/10/2018</MinAmdLetterDate>
<MaxAmdLetterDate>12/10/2018</MaxAmdLetterDate>
<ARRAAmount/>
<TRAN_TYPE>Grant</TRAN_TYPE>
<CFDA_NUM>47.049</CFDA_NUM>
<NSF_PAR_USE_FLAG>1</NSF_PAR_USE_FLAG>
<FUND_AGCY_CODE>4900</FUND_AGCY_CODE>
<AWDG_AGCY_CODE>4900</AWDG_AGCY_CODE>
<AwardID>1901364</AwardID>
<Investigator>
<FirstName>Vasileios</FirstName>
<LastName>Chousionis</LastName>
<PI_MID_INIT/>
<PI_SUFX_NAME/>
<PI_FULL_NAME>Vasileios Chousionis</PI_FULL_NAME>
<EmailAddress><![CDATA[vasileios.chousionis@uconn.edu]]></EmailAddress>
<NSF_ID>000628904</NSF_ID>
<StartDate>12/10/2018</StartDate>
<EndDate/>
<RoleCode>Principal Investigator</RoleCode>
</Investigator>
<Institution>
<Name>University of Connecticut</Name>
<CityName>STORRS</CityName>
<ZipCode>062699018</ZipCode>
<PhoneNumber>8604863622</PhoneNumber>
<StreetAddress>438 WHITNEY RD EXTENSION UNIT 11</StreetAddress>
<StreetAddress2/>
<CountryName>United States</CountryName>
<StateName>Connecticut</StateName>
<StateCode>CT</StateCode>
<CONGRESSDISTRICT>02</CONGRESSDISTRICT>
<CONGRESS_DISTRICT_ORG>CT02</CONGRESS_DISTRICT_ORG>
<ORG_UEI_NUM>WNTPS995QBM7</ORG_UEI_NUM>
<ORG_LGL_BUS_NAME>UNIVERSITY OF CONNECTICUT</ORG_LGL_BUS_NAME>
<ORG_PRNT_UEI_NUM/>
</Institution>
<Performance_Institution>
<Name><![CDATA[University of Connecticut]]></Name>
<CityName>Storrs</CityName>
<StateCode>CT</StateCode>
<ZipCode>062691133</ZipCode>
<StreetAddress><![CDATA[341 Mansfield Road]]></StreetAddress>
<CountryCode>US</CountryCode>
<CountryName>United States</CountryName>
<StateName>Connecticut</StateName>
<CountryFlag>1</CountryFlag>
<CONGRESSDISTRICT>02</CONGRESSDISTRICT>
<CONGRESS_DISTRICT_PERF>CT02</CONGRESS_DISTRICT_PERF>
</Performance_Institution>
<ProgramElement>
<Code>1281</Code>
<Text>ANALYSIS PROGRAM</Text>
</ProgramElement>
<ProgramReference>
<Code>7556</Code>
<Text>CONFERENCE AND WORKSHOPS</Text>
</ProgramReference>
<Appropriation>
<Code>0119</Code>
<Name>NSF RESEARCH &amp; RELATED ACTIVIT</Name>
<APP_SYMB_ID>040100</APP_SYMB_ID>
</Appropriation>
<Fund>
<Code>01001920DB</Code>
<Name><![CDATA[NSF RESEARCH & RELATED ACTIVIT]]></Name>
<FUND_SYMB_ID>040100</FUND_SYMB_ID>
</Fund>
<FUND_OBLG>2019~25000</FUND_OBLG>
<POR>
<DRECONTENT><![CDATA[<div class="porColContainerWBG"> <div class="porContentCol"><p>The grant supported the participation of 14 mathematicians from US institutions in the conference&nbsp;&nbsp;&ldquo;<a href="https://www.impan.pl/en/activities/banach-center/conferences/19-dynamics"><span>Dynamics, Measures and Dimensions</span></a>", which took place at the Stefan Banach International Mathematical Center in Bedlewo, Poland, April 7&ndash;12, 2019.&nbsp;The conference was a major international event with 83 participants from 14 countries, and featured a rich and diverse scientific program focusing on recent developments in Dynamical Systems,&nbsp;Ergodic Theory, and Geometric Measure Theory.&nbsp;&nbsp;</p> <p>Thanks to the grant, the, primarily junior, US based participants were able to interact in a vibrant research environment with leading experts in their fields and junior researchers from other countries. Moreover, they had the opportunity to attend three minicourses which preceded the conference and&nbsp;were&nbsp;designed for graduate students and postdocs. These courses were&nbsp;attended approximately 40 early career researchers and they provided a great opportunity for junior researchers to attend introductory lectures related to the themes of the conference by leading dynamicists (and great lecturers) and interact with each other in a more relaxed setting.</p> <p>Emphasis was given on inviting and supporting female researchers as well as members of other under-represented groups. In particular, the young female researchers who travelled to Poland supported by the grant had inspiring conversations with several senior female Dynamicists from Europe (some of them are well known proponents&nbsp;for the career progression of women in mathematics) &nbsp;who were plenary speakers in the conference.&nbsp;</p> <p>Finally, the project maintained the long standing tradition of US-Polish collaboration in dynamical systems and neighboring areas, by allowing the US based participants to foster face-to-face collaborations with Polish Dynamicists that might not have occurred as readily otherwise.</p> <p>&nbsp;</p><br> <p>            Last Modified: 05/28/2020<br>      Modified by: Vasileios&nbsp;Chousionis</p> </div> <div class="porSideCol"></div> </div>]]></DRECONTENT>
<POR_COPY_TXT><![CDATA[ The grant supported the participation of 14 mathematicians from US institutions in the conference  "Dynamics, Measures and Dimensions", which took place at the Stefan Banach International Mathematical Center in Bedlewo, Poland, April 7&ndash;12, 2019. The conference was a major international event with 83 participants from 14 countries, and featured a rich and diverse scientific program focusing on recent developments in Dynamical Systems, Ergodic Theory, and Geometric Measure Theory.    Thanks to the grant, the, primarily junior, US based participants were able to interact in a vibrant research environment with leading experts in their fields and junior researchers from other countries. Moreover, they had the opportunity to attend three minicourses which preceded the conference and were designed for graduate students and postdocs. These courses were attended approximately 40 early career researchers and they provided a great opportunity for junior researchers to attend introductory lectures related to the themes of the conference by leading dynamicists (and great lecturers) and interact with each other in a more relaxed setting.  Emphasis was given on inviting and supporting female researchers as well as members of other under-represented groups. In particular, the young female researchers who travelled to Poland supported by the grant had inspiring conversations with several senior female Dynamicists from Europe (some of them are well known proponents for the career progression of women in mathematics)  who were plenary speakers in the conference.   Finally, the project maintained the long standing tradition of US-Polish collaboration in dynamical systems and neighboring areas, by allowing the US based participants to foster face-to-face collaborations with Polish Dynamicists that might not have occurred as readily otherwise.          Last Modified: 05/28/2020       Submitted by: Vasileios Chousionis]]></POR_COPY_TXT>
</POR>
</Award>
</rootTag>
