<?xml version="1.0" encoding="UTF-8"?>
<rootTag>
<Award>
<AwardTitle><![CDATA[Excellence in Research:  Upstream and Downstream Analysis of Hoxa1 Gene Expression]]></AwardTitle>
<AGENCY>NSF</AGENCY>
<AwardEffectiveDate>08/01/2019</AwardEffectiveDate>
<AwardExpirationDate>07/31/2023</AwardExpirationDate>
<AwardTotalIntnAmount>497579.00</AwardTotalIntnAmount>
<AwardAmount>607801</AwardAmount>
<AwardInstrument>
<Value>Standard Grant</Value>
</AwardInstrument>
<Organization>
<Code>08090100</Code>
<Directorate>
<Abbreviation>BIO</Abbreviation>
<LongName>Direct For Biological Sciences</LongName>
</Directorate>
<Division>
<Abbreviation>IOS</Abbreviation>
<LongName>Division Of Integrative Organismal Systems</LongName>
</Division>
</Organization>
<ProgramOfficer>
<SignBlockName>Anna Allen</SignBlockName>
<PO_EMAI>akallen@nsf.gov</PO_EMAI>
<PO_PHON>7032928011</PO_PHON>
</ProgramOfficer>
<AbstractNarration><![CDATA[Hoxa1 is an important regulator of embryonic development in vertebrates. Studies have indicated that the lack of Hoxa1 in mouse embryos results in developmental defects, including hindbrain deficiencies, abnormal bone growth in the skull and, ultimately, in death. In humans, mutations in this gene result in neurological disorders and autism susceptibility. Conversely, elevated levels of Hoxa1 promote cell proliferation and cancer. These observations highlight the importance of Hoxa1 but little is known about the mechanism by which a precise control of Hoxa1 gene expression is achieved in cells. To shed light on this problem, this project will employ mouse Embryonic Stem cells in order to understand how the levels of Hoxa1 are controlled in cells. The project is an extension of preliminary findings in the Principal Investigator's laboratory which indicate that the Hoxa1 protein plays a role in controlling its own gene expression. Thus, the results from this project will lead to the elucidation of the specific roles played by Hoxa1 on the differentiation of ES cells, which will represent a significant contribution to the area of stem cell biology.  In addition, a number of different sectors (research, industry, and education) will benefit from this study for more effective development of novel stem cell applications. The work includes a mentoring program for undergraduate students and therefore, will have broader impacts on the preparation of traditionally underrepresented students who wish to follow a scientific career in Biological Sciences.&lt;br/&gt; &lt;br/&gt;Hoxa1 is a transcription factor (TF) that plays an important role during development of the early brain and neural crest-derived structures in vertebrates. In humans, mutations in this gene are associated with various Central Nervous System (CNS) disorders and overexpression has been associated with cancer development. These observations highlight the importance of Hoxa1 for correct embryonic development and as a causative factor in human disorders and cancer. However, in spite of the recognized importance of Hoxa1 during vertebrate development, little is known about its molecular mechanism of action in cells and tissues. The goal of this work is to shed light on the molecular mechanisms of Hoxa1 transcriptional gene regulation and function. This will be accomplished by investigating a novel autoregulatory feedback mechanism uncovered by our laboratory and by examining the expression of putative Hoxa1 direct target genes during mouse ES cell differentiation both under two-dimensional (2D) and tri-dimensional (3D) culture conditions. The results from these studies will improve understanding of basic molecular mechanisms relevant to Developmental Biology, Organ and Tissue Replacement and Cancer Research, among others.&lt;br/&gt;&lt;br/&gt;This project is jointly funded by Historically Black Colleges and Universities Undergraduate Program and the Established Program to Stimulate Competitive Research (EPSCoR).&lt;br/&gt;&lt;br/&gt;This award reflects NSF's statutory mission and has been deemed worthy of support through evaluation using the Foundation's intellectual merit and broader impacts review criteria.]]></AbstractNarration>
<MinAmdLetterDate>07/18/2019</MinAmdLetterDate>
<MaxAmdLetterDate>07/18/2021</MaxAmdLetterDate>
<ARRAAmount/>
<TRAN_TYPE>Grant</TRAN_TYPE>
<CFDA_NUM>47.074</CFDA_NUM>
<NSF_PAR_USE_FLAG>1</NSF_PAR_USE_FLAG>
<FUND_AGCY_CODE>4900</FUND_AGCY_CODE>
<AWDG_AGCY_CODE>4900</AWDG_AGCY_CODE>
<AwardID>1901346</AwardID>
<Investigator>
<FirstName>Eduardo</FirstName>
<LastName>Martinez-Ceballos</LastName>
<PI_MID_INIT/>
<PI_SUFX_NAME/>
<PI_FULL_NAME>Eduardo Martinez-Ceballos</PI_FULL_NAME>
<EmailAddress><![CDATA[eduardo_martinez@subr.edu]]></EmailAddress>
<NSF_ID>000359761</NSF_ID>
<StartDate>07/18/2019</StartDate>
<EndDate/>
<RoleCode>Principal Investigator</RoleCode>
</Investigator>
<Institution>
<Name><![CDATA[Southern University]]></Name>
<CityName>BATON ROUGE</CityName>
<ZipCode>708075304</ZipCode>
<PhoneNumber>2257712809</PhoneNumber>
<StreetAddress><![CDATA[730 HARDING BLVD]]></StreetAddress>
<StreetAddress2/>
<CountryName>United States</CountryName>
<StateName>Louisiana</StateName>
<StateCode>LA</StateCode>
<CONGRESSDISTRICT>02</CONGRESSDISTRICT>
<CONGRESS_DISTRICT_ORG>LA02</CONGRESS_DISTRICT_ORG>
<ORG_UEI_NUM>H7CJA7NX9WN3</ORG_UEI_NUM>
<ORG_LGL_BUS_NAME>SOUTHERN UNIVERSITY AND A &amp; M COLLEGE</ORG_LGL_BUS_NAME>
<ORG_PRNT_UEI_NUM/>
</Institution>
<Performance_Institution>
<Name><![CDATA[Southern University]]></Name>
<CityName>Baton Rouge</CityName>
<StateCode>LA</StateCode>
<ZipCode>708075304</ZipCode>
<StreetAddress><![CDATA[730 Harding Boulevard]]></StreetAddress>
<CountryCode>US</CountryCode>
<CountryName>United States</CountryName>
<StateName>Louisiana</StateName>
<CountryFlag>1</CountryFlag>
<CONGRESSDISTRICT>02</CONGRESSDISTRICT>
<CONGRESS_DISTRICT_PERF>LA02</CONGRESS_DISTRICT_PERF>
</Performance_Institution>
<ProgramElement>
<Code>070Y</Code>
<Text>HBCU-EiR - HBCU-Excellence in</Text>
</ProgramElement>
<ProgramElement>
<Code>9150</Code>
<Text>EPSCoR Co-Funding</Text>
</ProgramElement>
<ProgramReference>
<Code>102Z</Code>
<Text>COVID-Disproportionate Impcts Inst-Indiv</Text>
</ProgramReference>
<ProgramReference>
<Code>1228</Code>
<Text>MINORITY INVOLVEMENT -- BIO</Text>
</ProgramReference>
<ProgramReference>
<Code>1594</Code>
<Text>HIST BLACK COLLEGES AND UNIV</Text>
</ProgramReference>
<ProgramReference>
<Code>2886</Code>
<Text>MINORITY INSTITUTIONS PROGRAM</Text>
</ProgramReference>
<ProgramReference>
<Code>9150</Code>
<Text>EXP PROG TO STIM COMP RES</Text>
</ProgramReference>
<ProgramReference>
<Code>9178</Code>
<Text>UNDERGRADUATE EDUCATION</Text>
</ProgramReference>
<ProgramReference>
<Code>9179</Code>
<Text>GRADUATE INVOLVEMENT</Text>
</ProgramReference>
<Appropriation>
<Code>0119</Code>
<Name>NSF RESEARCH &amp; RELATED ACTIVIT</Name>
<APP_SYMB_ID>040100</APP_SYMB_ID>
</Appropriation>
<Appropriation>
<Code>0121</Code>
<Name>NSF RESEARCH &amp; RELATED ACTIVIT</Name>
<APP_SYMB_ID>040100</APP_SYMB_ID>
</Appropriation>
<Fund>
<Code>01001920DB</Code>
<Name><![CDATA[NSF RESEARCH & RELATED ACTIVIT]]></Name>
<FUND_SYMB_ID>040100</FUND_SYMB_ID>
</Fund>
<Fund>
<Code>01002122DB</Code>
<Name><![CDATA[NSF RESEARCH & RELATED ACTIVIT]]></Name>
<FUND_SYMB_ID>040100</FUND_SYMB_ID>
</Fund>
<FUND_OBLG>2019~497579</FUND_OBLG>
<FUND_OBLG>2021~110222</FUND_OBLG>
<POR>
<DRECONTENT><![CDATA[<div class="porColContainerWBG"> <div class="porContentCol"><p>Understanding the Hoxa1 Gene: Insights into Development and Disease</p> <p>In recent years, significant progress has been made in unraveling the mysteries surrounding the Hoxa1 gene and its multifaceted role in embryonic development and adult human health. This report aims to present key findings from ongoing research on the Hoxa1 gene, shedding light on its pivotal role in vertebrate embryonic development and its association with cancer in adults. We will also discuss the ongoing efforts to understand the gene's mechanism of action at the cellular level.</p> <p>The Hoxa1 gene, a member of the Hox gene family, has long been recognized as a crucial regulator of embryonic development in vertebrates. It plays a fundamental role in specifying the identity of body segments along the anterior-posterior axis during early embryogenesis. Without the proper functioning of Hoxa1, the development of vital structures in the head and neck region is compromised.</p> <p>Beyond its role in embryonic development, Hoxa1 has also been implicated in adult health, particularly in the context of cancer. Several laboratories have independently identified Hoxa1 as a promoter of cancer in humans. This discovery has raised important questions about the dual role of this gene in development and disease.</p> <p>Due to its complexity, unlocking the mechanism of Hoxa1 action is a research project in progress in many laboratories. In our laboratory, a research project is currently underway to gain deeper insights into how the Hoxa1 gene operates at the cellular level to induce cell differentiation. This project utilizes cutting-edge sequencing data and employs a sophisticated computer algorithm to decipher the intricate network of Hoxa1 targets and their time-dependent interactions. Preliminary findings have been published as a pre-print, and the results are currently under peer review for publication in a scientific journal. However, one of the most exciting and unexpected findings of this research project is the revelation that the Hoxa1 gene has the capacity to regulate itself. This novel discovery provides a unique opportunity to gain a deeper understanding of how Hoxa1 is controlled within cells, shedding new light on the intricate regulatory networks that govern gene expression.</p> <p>In summary, the Hoxa1 gene is a pivotal player in vertebrate embryonic development, responsible for guiding the formation of essential structures in the head and neck. However, its involvement in promoting cancer in adults underscores the complexity of its functions. Ongoing research is delving into the intricate cellular mechanisms by which Hoxa1 induces cell differentiation, with promising preliminary results. Furthermore, the surprising ability of Hoxa1 to regulate itself opens new avenues for understanding its control within cells.</p> <p>As this research progresses and additional discoveries are made, we anticipate that our understanding of the Hoxa1 gene will continue to expand, potentially leading to novel therapeutic approaches in the fields of developmental biology and cancer research.</p> <p>&nbsp;</p><br> <p>            Last Modified: 10/02/2023<br>      Modified by: Eduardo&nbsp;Martinez-Ceballos</p> </div> <div class="porSideCol"></div> </div>]]></DRECONTENT>
<POR_COPY_TXT><![CDATA[ Understanding the Hoxa1 Gene: Insights into Development and Disease  In recent years, significant progress has been made in unraveling the mysteries surrounding the Hoxa1 gene and its multifaceted role in embryonic development and adult human health. This report aims to present key findings from ongoing research on the Hoxa1 gene, shedding light on its pivotal role in vertebrate embryonic development and its association with cancer in adults. We will also discuss the ongoing efforts to understand the gene's mechanism of action at the cellular level.  The Hoxa1 gene, a member of the Hox gene family, has long been recognized as a crucial regulator of embryonic development in vertebrates. It plays a fundamental role in specifying the identity of body segments along the anterior-posterior axis during early embryogenesis. Without the proper functioning of Hoxa1, the development of vital structures in the head and neck region is compromised.  Beyond its role in embryonic development, Hoxa1 has also been implicated in adult health, particularly in the context of cancer. Several laboratories have independently identified Hoxa1 as a promoter of cancer in humans. This discovery has raised important questions about the dual role of this gene in development and disease.  Due to its complexity, unlocking the mechanism of Hoxa1 action is a research project in progress in many laboratories. In our laboratory, a research project is currently underway to gain deeper insights into how the Hoxa1 gene operates at the cellular level to induce cell differentiation. This project utilizes cutting-edge sequencing data and employs a sophisticated computer algorithm to decipher the intricate network of Hoxa1 targets and their time-dependent interactions. Preliminary findings have been published as a pre-print, and the results are currently under peer review for publication in a scientific journal. However, one of the most exciting and unexpected findings of this research project is the revelation that the Hoxa1 gene has the capacity to regulate itself. This novel discovery provides a unique opportunity to gain a deeper understanding of how Hoxa1 is controlled within cells, shedding new light on the intricate regulatory networks that govern gene expression.  In summary, the Hoxa1 gene is a pivotal player in vertebrate embryonic development, responsible for guiding the formation of essential structures in the head and neck. However, its involvement in promoting cancer in adults underscores the complexity of its functions. Ongoing research is delving into the intricate cellular mechanisms by which Hoxa1 induces cell differentiation, with promising preliminary results. Furthermore, the surprising ability of Hoxa1 to regulate itself opens new avenues for understanding its control within cells.  As this research progresses and additional discoveries are made, we anticipate that our understanding of the Hoxa1 gene will continue to expand, potentially leading to novel therapeutic approaches in the fields of developmental biology and cancer research.          Last Modified: 10/02/2023       Submitted by: Eduardo Martinez-Ceballos]]></POR_COPY_TXT>
</POR>
</Award>
</rootTag>
