<?xml version="1.0" encoding="UTF-8"?>
<rootTag>
<Award>
<AwardTitle><![CDATA[AF: Medium: Collaborative Research: Theoretical Foundations of Deep  Generative Models and High-Dimensional Distributions]]></AwardTitle>
<AGENCY>NSF</AGENCY>
<AwardEffectiveDate>07/01/2019</AwardEffectiveDate>
<AwardExpirationDate>06/30/2024</AwardExpirationDate>
<AwardTotalIntnAmount>600000.00</AwardTotalIntnAmount>
<AwardAmount>600000</AwardAmount>
<AwardInstrument>
<Value>Continuing Grant</Value>
</AwardInstrument>
<Organization>
<Code>05010000</Code>
<Directorate>
<Abbreviation>CSE</Abbreviation>
<LongName>Direct For Computer &amp; Info Scie &amp; Enginr</LongName>
</Directorate>
<Division>
<Abbreviation>CCF</Abbreviation>
<LongName>Division of Computing and Communication Foundations</LongName>
</Division>
</Organization>
<ProgramOfficer>
<SignBlockName>Peter Brass</SignBlockName>
<PO_EMAI>pbrass@nsf.gov</PO_EMAI>
<PO_PHON>7032922182</PO_PHON>
</ProgramOfficer>
<AbstractNarration><![CDATA[Current technology is driving our ability to collect, store and process data at an unprecedented scale. Ranging from image, audio and video to social-network, medical and biological datasets, modern applications require us to model and reason about complex data over extremely large domains. It is well-known, however, that this cannot be done in a rigorous manner unless simplifying assumptions can be made about how the data of interest are generated. Accordingly, a long line of investigation in Probability Theory, Statistical Physics, Information Theory and Machine Learning has been preoccupied with developing mathematical and algorithmic frameworks that allow for succinct representation and inference of high-dimensional distributions with simplifying structure. This project will go beyond the standard frameworks in these fields to advance the theoretical foundations of a research frontier that has recently emerged as a promising approach towards a more accurate modeling of high-dimensional data. In particular, this project will study the theoretical foundations of learning, testing and statistical inference of high-dimensional data that are generated by deep neural network-based generative models, developing mathematically rigorous quality guarantees, which is a big desideratum in the field of deep learning. On the practical front, this work has the potential to significantly improve the performance of image-reconstruction algorithms compared to state-of-the-art, and therefore to have significant impact on various applications of image reconstruction such as rapid magnetic resonance imaging (MRI).&lt;br/&gt;&lt;br/&gt;Since the introduction of deep neural network-based generative models, there have been numerous approaches for how to architect them, how to train them using samples from a distribution of interest, and how to use them for downstream inference tasks; these have delivered impressive practical results. On the other hand, there has also been a lot of debate around the quality of deep generative models that are trained via current techniques, and it has been recognized that there are significant challenges in optimizing, evaluating and scaling the dimensionality of deep generative models, as well as in using them for data recovery. This project develops three research thrusts targeting these challenges, namely: (i) developing better algorithms for training deep generative models, and for using these models as "regularizers" in signal-processing applications; (ii) developing statistical techniques for evaluating the quality of a deep generative model against the distribution whose samples it was trained on; (iii) proposing architectures and algorithms for scaling up the dimensionality of deep generating models while providing statistical accuracy guarantees. This work will rely on techniques from non-convex and combinatorial optimization, signal processing, game theory, high-dimensional statistics, and statistical physics, and build connections between these fields and deep learning.&lt;br/&gt;&lt;br/&gt;This award reflects NSF's statutory mission and has been deemed worthy of support through evaluation using the Foundation's intellectual merit and broader impacts review criteria.]]></AbstractNarration>
<MinAmdLetterDate>04/25/2019</MinAmdLetterDate>
<MaxAmdLetterDate>09/11/2021</MaxAmdLetterDate>
<ARRAAmount/>
<TRAN_TYPE>Grant</TRAN_TYPE>
<CFDA_NUM>47.070</CFDA_NUM>
<NSF_PAR_USE_FLAG>1</NSF_PAR_USE_FLAG>
<FUND_AGCY_CODE>4900</FUND_AGCY_CODE>
<AWDG_AGCY_CODE>4900</AWDG_AGCY_CODE>
<AwardID>1901292</AwardID>
<Investigator>
<FirstName>Constantinos</FirstName>
<LastName>Daskalakis</LastName>
<PI_MID_INIT/>
<PI_SUFX_NAME/>
<PI_FULL_NAME>Constantinos Daskalakis</PI_FULL_NAME>
<EmailAddress><![CDATA[costis@csail.mit.edu]]></EmailAddress>
<NSF_ID>000537704</NSF_ID>
<StartDate>04/25/2019</StartDate>
<EndDate/>
<RoleCode>Principal Investigator</RoleCode>
</Investigator>
<Institution>
<Name><![CDATA[Massachusetts Institute of Technology]]></Name>
<CityName>CAMBRIDGE</CityName>
<ZipCode>021394301</ZipCode>
<PhoneNumber>6172531000</PhoneNumber>
<StreetAddress><![CDATA[77 MASSACHUSETTS AVE]]></StreetAddress>
<StreetAddress2/>
<CountryName>United States</CountryName>
<StateName>Massachusetts</StateName>
<StateCode>MA</StateCode>
<CONGRESSDISTRICT>07</CONGRESSDISTRICT>
<CONGRESS_DISTRICT_ORG>MA07</CONGRESS_DISTRICT_ORG>
<ORG_UEI_NUM>E2NYLCDML6V1</ORG_UEI_NUM>
<ORG_LGL_BUS_NAME>MASSACHUSETTS INSTITUTE OF TECHNOLOGY</ORG_LGL_BUS_NAME>
<ORG_PRNT_UEI_NUM>E2NYLCDML6V1</ORG_PRNT_UEI_NUM>
</Institution>
<Performance_Institution>
<Name><![CDATA[Massachusetts Institute of Technology]]></Name>
<CityName/>
<StateCode>MA</StateCode>
<ZipCode>021394307</ZipCode>
<StreetAddress/>
<CountryCode>US</CountryCode>
<CountryName>United States</CountryName>
<StateName>Massachusetts</StateName>
<CountryFlag>1</CountryFlag>
<CONGRESSDISTRICT>07</CONGRESSDISTRICT>
<CONGRESS_DISTRICT_PERF>MA07</CONGRESS_DISTRICT_PERF>
</Performance_Institution>
<ProgramElement>
<Code>2878</Code>
<Text>Special Projects - CCF</Text>
</ProgramElement>
<ProgramElement>
<Code>7796</Code>
<Text>Algorithmic Foundations</Text>
</ProgramElement>
<ProgramReference>
<Code>079Z</Code>
<Text>Machine Learning Theory</Text>
</ProgramReference>
<ProgramReference>
<Code>7924</Code>
<Text>MEDIUM PROJECT</Text>
</ProgramReference>
<ProgramReference>
<Code>7926</Code>
<Text>ALGORITHMS</Text>
</ProgramReference>
<Appropriation>
<Code>0119</Code>
<Name>NSF RESEARCH &amp; RELATED ACTIVIT</Name>
<APP_SYMB_ID>040100</APP_SYMB_ID>
</Appropriation>
<Appropriation>
<Code>0120</Code>
<Name>NSF RESEARCH &amp; RELATED ACTIVIT</Name>
<APP_SYMB_ID>040100</APP_SYMB_ID>
</Appropriation>
<Appropriation>
<Code>0121</Code>
<Name>NSF RESEARCH &amp; RELATED ACTIVIT</Name>
<APP_SYMB_ID>040100</APP_SYMB_ID>
</Appropriation>
<Fund>
<Code>01001920DB</Code>
<Name><![CDATA[NSF RESEARCH & RELATED ACTIVIT]]></Name>
<FUND_SYMB_ID>040100</FUND_SYMB_ID>
</Fund>
<Fund>
<Code>01002021DB</Code>
<Name><![CDATA[NSF RESEARCH & RELATED ACTIVIT]]></Name>
<FUND_SYMB_ID>040100</FUND_SYMB_ID>
</Fund>
<Fund>
<Code>01002122DB</Code>
<Name><![CDATA[NSF RESEARCH & RELATED ACTIVIT]]></Name>
<FUND_SYMB_ID>040100</FUND_SYMB_ID>
</Fund>
<FUND_OBLG>2019~149158</FUND_OBLG>
<FUND_OBLG>2020~296180</FUND_OBLG>
<FUND_OBLG>2021~154662</FUND_OBLG>
</Award>
</rootTag>
