<?xml version="1.0" encoding="UTF-8"?>
<rootTag>
<Award>
<AwardTitle><![CDATA[SHF: Medium: Algorithmic lambda-Calculus for the Design, Analysis, and Implementation of Parallel Algorithms]]></AwardTitle>
<AGENCY>NSF</AGENCY>
<AwardEffectiveDate>07/01/2019</AwardEffectiveDate>
<AwardExpirationDate>06/30/2024</AwardExpirationDate>
<AwardTotalIntnAmount>1199773.00</AwardTotalIntnAmount>
<AwardAmount>1399291</AwardAmount>
<AwardInstrument>
<Value>Continuing Grant</Value>
</AwardInstrument>
<Organization>
<Code>05010000</Code>
<Directorate>
<Abbreviation>CSE</Abbreviation>
<LongName>Direct For Computer &amp; Info Scie &amp; Enginr</LongName>
</Directorate>
<Division>
<Abbreviation>CCF</Abbreviation>
<LongName>Division of Computing and Communication Foundations</LongName>
</Division>
</Organization>
<ProgramOfficer>
<SignBlockName>Anindya Banerjee</SignBlockName>
<PO_EMAI>abanerje@nsf.gov</PO_EMAI>
<PO_PHON>7032927885</PO_PHON>
</ProgramOfficer>
<AbstractNarration><![CDATA[The hardware advances of recent years have brought multicore chips and parallel computing to the mainstream.  While there have been many advances in parallel software for such multicore chips over the past decade, there is still no satisfactory model for analyzing the performance of parallel algorithms.  In particular, and unlike the case for sequential algorithms, there is a gap between cost models for estimating performance of algorithms and easy to use programming models for implementing the algorithms.  This project is developing a practical approach to parallel algorithms by bringing together two fundamental but distinct theories of computing---one based on machine models and following the work that dates back to Dr. Alan Turing, and the other based on language models and following the work that dates back to Dr. Alonzo Church.  The novelty of the project is in combining these two theories, for which there is currently a large rift.  The impact of the project is in making significant steps in simplifying the design and analysis of parallel algorithms, and better understanding of the relationship between the two theories of computing. The educational component of this project involves teaching undergraduates parallel algorithms and creates ample opportunities to test the practical effectiveness of the proposed approach, along with concrete efforts to broaden participation in computing through programs at Carnegie-Mellon University.&lt;br/&gt;&lt;br/&gt;The work is following an end-to-end methodology bridging Church and Turing's theories along with practice.  On the theory side, the project is developing a calculus called the ``algorithmic lambda-calculus,'' that equips Church's lambda-calculus with a cost semantics, making it possible to reason about the total work and parallel span (time) of programs, which in turn can be used to understand the performance of algorithms, at least asymptotically.  To show that this calculus is realizable, the project is theoretically establishing that the calculus is faithful to a transition semantics, which can then be efficiently realized on an abstract machine such as the Parallel-RAM.  On the practical side, the project is developing a programming language and a compiler that faithfully implements this theory.  The project is also extending the algorithmic lambda-calculus, the realizability theorems, and the implementation to support important features such as aggregate parallel data structures, interaction, and different forms of parallelism.&lt;br/&gt;&lt;br/&gt;This award reflects NSF's statutory mission and has been deemed worthy of support through evaluation using the Foundation's intellectual merit and broader impacts review criteria.]]></AbstractNarration>
<MinAmdLetterDate>05/31/2019</MinAmdLetterDate>
<MaxAmdLetterDate>07/16/2022</MaxAmdLetterDate>
<ARRAAmount/>
<TRAN_TYPE>Grant</TRAN_TYPE>
<CFDA_NUM>47.070</CFDA_NUM>
<NSF_PAR_USE_FLAG>1</NSF_PAR_USE_FLAG>
<FUND_AGCY_CODE>4900</FUND_AGCY_CODE>
<AWDG_AGCY_CODE>4900</AWDG_AGCY_CODE>
<AwardID>1901381</AwardID>
<Investigator>
<FirstName>Umut</FirstName>
<LastName>Acar</LastName>
<PI_MID_INIT/>
<PI_SUFX_NAME/>
<PI_FULL_NAME>Umut Acar</PI_FULL_NAME>
<EmailAddress><![CDATA[umut@cs.cmu.edu]]></EmailAddress>
<NSF_ID>000636864</NSF_ID>
<StartDate>05/31/2019</StartDate>
<EndDate/>
<RoleCode>Co-Principal Investigator</RoleCode>
</Investigator>
<Investigator>
<FirstName>Robert</FirstName>
<LastName>Harper</LastName>
<PI_MID_INIT>W</PI_MID_INIT>
<PI_SUFX_NAME/>
<PI_FULL_NAME>Robert W Harper</PI_FULL_NAME>
<EmailAddress><![CDATA[rwh@cs.cmu.edu]]></EmailAddress>
<NSF_ID>000113062</NSF_ID>
<StartDate>05/31/2019</StartDate>
<EndDate/>
<RoleCode>Co-Principal Investigator</RoleCode>
</Investigator>
<Investigator>
<FirstName>Guy</FirstName>
<LastName>Blelloch</LastName>
<PI_MID_INIT>E</PI_MID_INIT>
<PI_SUFX_NAME/>
<PI_FULL_NAME>Guy E Blelloch</PI_FULL_NAME>
<EmailAddress><![CDATA[guyb@cs.cmu.edu]]></EmailAddress>
<NSF_ID>000196851</NSF_ID>
<StartDate>05/31/2019</StartDate>
<EndDate/>
<RoleCode>Principal Investigator</RoleCode>
</Investigator>
<Institution>
<Name><![CDATA[Carnegie-Mellon University]]></Name>
<CityName>PITTSBURGH</CityName>
<ZipCode>152133815</ZipCode>
<PhoneNumber>4122688746</PhoneNumber>
<StreetAddress><![CDATA[5000 FORBES AVE]]></StreetAddress>
<StreetAddress2/>
<CountryName>United States</CountryName>
<StateName>Pennsylvania</StateName>
<StateCode>PA</StateCode>
<CONGRESSDISTRICT>12</CONGRESSDISTRICT>
<CONGRESS_DISTRICT_ORG>PA12</CONGRESS_DISTRICT_ORG>
<ORG_UEI_NUM>U3NKNFLNQ613</ORG_UEI_NUM>
<ORG_LGL_BUS_NAME>CARNEGIE MELLON UNIVERSITY</ORG_LGL_BUS_NAME>
<ORG_PRNT_UEI_NUM>U3NKNFLNQ613</ORG_PRNT_UEI_NUM>
</Institution>
<Performance_Institution>
<Name><![CDATA[Carnegie-Mellon University]]></Name>
<CityName/>
<StateCode>PA</StateCode>
<ZipCode>152133890</ZipCode>
<StreetAddress/>
<CountryCode>US</CountryCode>
<CountryName>United States</CountryName>
<StateName>Pennsylvania</StateName>
<CountryFlag>1</CountryFlag>
<CONGRESSDISTRICT>12</CONGRESSDISTRICT>
<CONGRESS_DISTRICT_PERF>PA12</CONGRESS_DISTRICT_PERF>
</Performance_Institution>
<ProgramElement>
<Code>2878</Code>
<Text>Special Projects - CCF</Text>
</ProgramElement>
<ProgramElement>
<Code>7798</Code>
<Text>Software &amp; Hardware Foundation</Text>
</ProgramElement>
<ProgramReference>
<Code>7924</Code>
<Text>MEDIUM PROJECT</Text>
</ProgramReference>
<ProgramReference>
<Code>7943</Code>
<Text>PROGRAMMING LANGUAGES</Text>
</ProgramReference>
<ProgramReference>
<Code>8206</Code>
<Text>Formal Methods and Verification</Text>
</ProgramReference>
<Appropriation>
<Code/>
<Name/>
<APP_SYMB_ID/>
</Appropriation>
<Appropriation>
<Code/>
<Name/>
<APP_SYMB_ID/>
</Appropriation>
<Appropriation>
<Code>0120</Code>
<Name>NSF RESEARCH &amp; RELATED ACTIVIT</Name>
<APP_SYMB_ID>040100</APP_SYMB_ID>
</Appropriation>
<Fund>
<Code>01001920DB</Code>
<Name><![CDATA[NSF RESEARCH & RELATED ACTIVIT]]></Name>
<FUND_SYMB_ID>040100</FUND_SYMB_ID>
</Fund>
<Fund>
<Code>01002223DB</Code>
<Name><![CDATA[NSF RESEARCH & RELATED ACTIVIT]]></Name>
<FUND_SYMB_ID>040100</FUND_SYMB_ID>
</Fund>
<Fund>
<Code>01002021DB</Code>
<Name><![CDATA[NSF RESEARCH & RELATED ACTIVIT]]></Name>
<FUND_SYMB_ID>040100</FUND_SYMB_ID>
</Fund>
<FUND_OBLG>2019~894377</FUND_OBLG>
<FUND_OBLG>2020~199518</FUND_OBLG>
<FUND_OBLG>2022~305396</FUND_OBLG>
</Award>
</rootTag>
