<?xml version="1.0" encoding="UTF-8"?>
<rootTag>
<Award>
<AwardTitle><![CDATA[NSF Student Travel Grant for 2019 IEEE Computer Security Foundations Symposium (CSF19)]]></AwardTitle>
<AGENCY>NSF</AGENCY>
<AwardEffectiveDate>04/01/2019</AwardEffectiveDate>
<AwardExpirationDate>09/30/2022</AwardExpirationDate>
<AwardTotalIntnAmount>12000.00</AwardTotalIntnAmount>
<AwardAmount>12000</AwardAmount>
<AwardInstrument>
<Value>Standard Grant</Value>
</AwardInstrument>
<Organization>
<Code>05050000</Code>
<Directorate>
<Abbreviation>CSE</Abbreviation>
<LongName>Direct For Computer &amp; Info Scie &amp; Enginr</LongName>
</Directorate>
<Division>
<Abbreviation>CNS</Abbreviation>
<LongName>Division Of Computer and Network Systems</LongName>
</Division>
</Organization>
<ProgramOfficer>
<SignBlockName>Sol Greenspan</SignBlockName>
<PO_EMAI>sgreensp@nsf.gov</PO_EMAI>
<PO_PHON>7032927841</PO_PHON>
</ProgramOfficer>
<AbstractNarration><![CDATA[This proposal supports student travel to attend the 2018 Computer Security Foundations Symposium (CSF) to be held in Hoboken, New Jersey in Summer 2018. CSF is an annual conference for researchers in computer security, to examine current theories of security, the formal models that provide a context for those theories, and techniques for verifying security. This travel grant will enable career development and learning opportunities for US-based and/or US citizen graduate students. Attending conferences is an important component of graduate school education for our society's future computer security researchers. Students have the opportunity to discuss leading edge research with world-class computer security researchers, and establish networks, connections, and mentoring relationships that will serve them well during their research careers.&lt;br/&gt;&lt;br/&gt;This award reflects NSF's statutory mission and has been deemed worthy of support through evaluation using the Foundation's intellectual merit and broader impacts review criteria.]]></AbstractNarration>
<MinAmdLetterDate>11/01/2018</MinAmdLetterDate>
<MaxAmdLetterDate>03/15/2021</MaxAmdLetterDate>
<ARRAAmount/>
<TRAN_TYPE>Grant</TRAN_TYPE>
<CFDA_NUM>47.070</CFDA_NUM>
<NSF_PAR_USE_FLAG>1</NSF_PAR_USE_FLAG>
<FUND_AGCY_CODE>4900</FUND_AGCY_CODE>
<AWDG_AGCY_CODE>4900</AWDG_AGCY_CODE>
<AwardID>1901636</AwardID>
<Investigator>
<FirstName>Limin</FirstName>
<LastName>Jia</LastName>
<PI_MID_INIT/>
<PI_SUFX_NAME/>
<PI_FULL_NAME>Limin Jia</PI_FULL_NAME>
<EmailAddress><![CDATA[liminjia@cmu.edu]]></EmailAddress>
<NSF_ID>000555265</NSF_ID>
<StartDate>11/01/2018</StartDate>
<EndDate/>
<RoleCode>Principal Investigator</RoleCode>
</Investigator>
<Institution>
<Name><![CDATA[Carnegie-Mellon University]]></Name>
<CityName>PITTSBURGH</CityName>
<ZipCode>152133815</ZipCode>
<PhoneNumber>4122688746</PhoneNumber>
<StreetAddress><![CDATA[5000 FORBES AVE]]></StreetAddress>
<StreetAddress2/>
<CountryName>United States</CountryName>
<StateName>Pennsylvania</StateName>
<StateCode>PA</StateCode>
<CONGRESSDISTRICT>12</CONGRESSDISTRICT>
<CONGRESS_DISTRICT_ORG>PA12</CONGRESS_DISTRICT_ORG>
<ORG_UEI_NUM>U3NKNFLNQ613</ORG_UEI_NUM>
<ORG_LGL_BUS_NAME>CARNEGIE MELLON UNIVERSITY</ORG_LGL_BUS_NAME>
<ORG_PRNT_UEI_NUM>U3NKNFLNQ613</ORG_PRNT_UEI_NUM>
</Institution>
<Performance_Institution>
<Name><![CDATA[Carnegie Mellon University]]></Name>
<CityName>Pittsburgh</CityName>
<StateCode>PA</StateCode>
<ZipCode>152133890</ZipCode>
<StreetAddress><![CDATA[5000 Forbes Ave]]></StreetAddress>
<CountryCode>US</CountryCode>
<CountryName>United States</CountryName>
<StateName>Pennsylvania</StateName>
<CountryFlag>1</CountryFlag>
<CONGRESSDISTRICT>12</CONGRESSDISTRICT>
<CONGRESS_DISTRICT_PERF>PA12</CONGRESS_DISTRICT_PERF>
</Performance_Institution>
<ProgramElement>
<Code>8060</Code>
<Text>Secure &amp;Trustworthy Cyberspace</Text>
</ProgramElement>
<ProgramReference>
<Code>025Z</Code>
<Text>SaTC: Secure and Trustworthy Cyberspace</Text>
</ProgramReference>
<ProgramReference>
<Code>7434</Code>
<Text>CNCI</Text>
</ProgramReference>
<ProgramReference>
<Code>7556</Code>
<Text>CONFERENCE AND WORKSHOPS</Text>
</ProgramReference>
<ProgramReference>
<Code>9102</Code>
<Text>WOMEN, MINORITY, DISABLED, NEC</Text>
</ProgramReference>
<Appropriation>
<Code>0119</Code>
<Name>NSF RESEARCH &amp; RELATED ACTIVIT</Name>
<APP_SYMB_ID>040100</APP_SYMB_ID>
</Appropriation>
<Fund>
<Code>01001920DB</Code>
<Name><![CDATA[NSF RESEARCH & RELATED ACTIVIT]]></Name>
<FUND_SYMB_ID>040100</FUND_SYMB_ID>
</Fund>
<FUND_OBLG>2019~12000</FUND_OBLG>
<POR>
<DRECONTENT><![CDATA[<div class="porColContainerWBG"> <div class="porContentCol"><p><span><span>The IEEE Computer Security Foundations Symposium (CSF) is an annual conference for researchers in computer security, to examine current theories of security, the formal models that provide a context for those theories, and techniques for verifying security.&nbsp;</span>This travel grant supported 8 US-based graduate students to attend CSF 2019.</span></p> <p>We received a total of 9 US-based applications, 1 without advisor support letter. Of the total of 9 applications, 4 were female.&nbsp;</p> <p>Travel scholarships were awarded to the 8 applications (which included the 4 female applicants).&nbsp; These eight students were able to attend CSF 2019 thanks to the financial support of the NSF travel scholarships. Of these students, 4 were female. Key beneficial outcomes for the students include the learning opportunity of presentations and discussions with worldclass security researchers, and the career development opportunities afforded by networking with computer security researchers and students. A key benefit for the CSF community, and more broadly for the computer security research community, is that the education and generation of generation of enthusiasm in a new generation of researchers that will address important and foundational problems in computer security.</p> <p>In the exit survey, 5 out of the 8 awardees strongly agree that "<span>CSF2019 helps me to connect with other researchers"; and 5 out of 8 awardees strongly agree that "<span>CSF2019 helps me to identify new research directions".&nbsp;</span></span></p> <p>&nbsp;</p><br> <p>            Last Modified: 12/14/2022<br>      Modified by: Limin&nbsp;Jia</p> </div> <div class="porSideCol"></div> </div>]]></DRECONTENT>
<POR_COPY_TXT><![CDATA[ The IEEE Computer Security Foundations Symposium (CSF) is an annual conference for researchers in computer security, to examine current theories of security, the formal models that provide a context for those theories, and techniques for verifying security. This travel grant supported 8 US-based graduate students to attend CSF 2019.  We received a total of 9 US-based applications, 1 without advisor support letter. Of the total of 9 applications, 4 were female.   Travel scholarships were awarded to the 8 applications (which included the 4 female applicants).  These eight students were able to attend CSF 2019 thanks to the financial support of the NSF travel scholarships. Of these students, 4 were female. Key beneficial outcomes for the students include the learning opportunity of presentations and discussions with worldclass security researchers, and the career development opportunities afforded by networking with computer security researchers and students. A key benefit for the CSF community, and more broadly for the computer security research community, is that the education and generation of generation of enthusiasm in a new generation of researchers that will address important and foundational problems in computer security.  In the exit survey, 5 out of the 8 awardees strongly agree that "CSF2019 helps me to connect with other researchers"; and 5 out of 8 awardees strongly agree that "CSF2019 helps me to identify new research directions".           Last Modified: 12/14/2022       Submitted by: Limin Jia]]></POR_COPY_TXT>
</POR>
</Award>
</rootTag>
