<?xml version="1.0" encoding="UTF-8"?>
<rootTag>
<Award>
<AwardTitle><![CDATA[Single Crystal Metal Nanorods by Thermomechanical Nanomolding]]></AwardTitle>
<AGENCY>NSF</AGENCY>
<AwardEffectiveDate>07/01/2019</AwardEffectiveDate>
<AwardExpirationDate>06/30/2022</AwardExpirationDate>
<AwardTotalIntnAmount>418308.00</AwardTotalIntnAmount>
<AwardAmount>488308</AwardAmount>
<AwardInstrument>
<Value>Standard Grant</Value>
</AwardInstrument>
<Organization>
<Code>07030000</Code>
<Directorate>
<Abbreviation>ENG</Abbreviation>
<LongName>Directorate For Engineering</LongName>
</Directorate>
<Division>
<Abbreviation>CMMI</Abbreviation>
<LongName>Div Of Civil, Mechanical, &amp; Manufact Inn</LongName>
</Division>
</Organization>
<ProgramOfficer>
<SignBlockName>Kevin Chou</SignBlockName>
<PO_EMAI>ychou@nsf.gov</PO_EMAI>
<PO_PHON>7032927932</PO_PHON>
</ProgramOfficer>
<AbstractNarration><![CDATA[Making very small things is very hard to do.  Think of nanoscale devices ??these are devices that are smaller in size than the width of a human hair (a human hair is about 80,000 nanometers wide) ? that need to be manufactured in large numbers, how can it be done?.  This project supports research in the mass manufacture of nanostructures for nanoscale devices and systems though a manufacturing process known as nanomolding.  Molding, at any scale, places a soft, liquid-like state of a material into a mold to solidify.  Crystalline metals, despite their wide range of potential applications in nano and quantum devices, are currently unsuited for nanomolding.  However, technologies such as energy, environment, and information hinge on the effective, precise, and versatile nanofabrication of metals.  A recent, potential solution to the limited nanomoldability of metals is thermomechanical nanomolding and it has been used to fabricate gold and copper nanorods that are up to a thousand times longer than their diameter.  The process, based on atomic diffusion, enables nanomolding with essentially all metals and alloys.  This project explores the nanomolding process and its scalability and determines nanomoldability of different classes of metals and alloys.  Technologically, the ability to fabricate very large surface area nanostructures, such as, high aspect ratio single crystal nanorods, of a broad range of metals and alloys impacts several technologies, for example, catalysis, photovoltaics, plasmonics, and tunable material cell interaction for implants and sensors.  Therefore, results from this research benefits national health, prosperity, and defense, and hence, have a broad impact on U.S. economy and society. This project exposes students to state-of-the-art nanofabrication techniques, thus contributing to the training of the next generation of scientists and engineers.&lt;br/&gt;&lt;br/&gt;This project investigates the thermomechanical nanomolding process to form an array of high aspect ratio metallic nanorods over a large area.  It studies deformation based on atomic diffusion as the underlying mechanism.  The research involves determining processing parameters, such as time, temperature and pressure, on the nano-scale moldability of various metals and alloys, such as FCC and BCC metals and solid-solution and intermetallic alloys.  Metal nanorod arrays are characterized in terms of their length and length uniformity over macroscopic dimensions.  Furthermore, crystallographic orientation and potential grain boundaries are identified as a function of processing conditions and mold diameter to explore possibilities of the formation of single crystal nanorods with preferred orientation.  A theoretical understanding of thermomechanical nanomolding is used to explore novel nanofabrication methods.  These include the potential to add an additional dimension to nanomolding by using a multi-layered feedstock with combinations of miscible and immiscible metals.  This allows for the possibility of varying, controlling, and manipulating the crystal structure and composition within one nanorod over the smallest dimensions.&lt;br/&gt;&lt;br/&gt;This award reflects NSF's statutory mission and has been deemed worthy of support through evaluation using the Foundation's intellectual merit and broader impacts review criteria.]]></AbstractNarration>
<MinAmdLetterDate>06/21/2019</MinAmdLetterDate>
<MaxAmdLetterDate>06/09/2020</MaxAmdLetterDate>
<ARRAAmount/>
<TRAN_TYPE>Grant</TRAN_TYPE>
<CFDA_NUM>47.041</CFDA_NUM>
<NSF_PAR_USE_FLAG>1</NSF_PAR_USE_FLAG>
<FUND_AGCY_CODE>4900</FUND_AGCY_CODE>
<AWDG_AGCY_CODE>4900</AWDG_AGCY_CODE>
<AwardID>1901613</AwardID>
<Investigator>
<FirstName>Jan</FirstName>
<LastName>Schroers</LastName>
<PI_MID_INIT/>
<PI_SUFX_NAME/>
<PI_FULL_NAME>Jan Schroers</PI_FULL_NAME>
<EmailAddress><![CDATA[jan.schroers@yale.edu]]></EmailAddress>
<NSF_ID>000491081</NSF_ID>
<StartDate>06/21/2019</StartDate>
<EndDate/>
<RoleCode>Principal Investigator</RoleCode>
</Investigator>
<Institution>
<Name>Yale University</Name>
<CityName>NEW HAVEN</CityName>
<ZipCode>065118917</ZipCode>
<PhoneNumber>2037854689</PhoneNumber>
<StreetAddress>105 WALL ST</StreetAddress>
<StreetAddress2/>
<CountryName>United States</CountryName>
<StateName>Connecticut</StateName>
<StateCode>CT</StateCode>
<CONGRESSDISTRICT>03</CONGRESSDISTRICT>
<CONGRESS_DISTRICT_ORG>CT03</CONGRESS_DISTRICT_ORG>
<ORG_UEI_NUM>FL6GV84CKN57</ORG_UEI_NUM>
<ORG_LGL_BUS_NAME>YALE UNIVERSITY</ORG_LGL_BUS_NAME>
<ORG_PRNT_UEI_NUM>FL6GV84CKN57</ORG_PRNT_UEI_NUM>
</Institution>
<Performance_Institution>
<Name><![CDATA[Yale University]]></Name>
<CityName>New Haven</CityName>
<StateCode>CT</StateCode>
<ZipCode>065208284</ZipCode>
<StreetAddress><![CDATA[15 Prospect Street]]></StreetAddress>
<CountryCode>US</CountryCode>
<CountryName>United States</CountryName>
<StateName>Connecticut</StateName>
<CountryFlag>1</CountryFlag>
<CONGRESSDISTRICT>03</CONGRESSDISTRICT>
<CONGRESS_DISTRICT_PERF>CT03</CONGRESS_DISTRICT_PERF>
</Performance_Institution>
<ProgramElement>
<Code>088Y</Code>
<Text>AM-Advanced Manufacturing</Text>
</ProgramElement>
<ProgramElement>
<Code>1642</Code>
<Text>Special Initiatives</Text>
</ProgramElement>
<ProgramReference>
<Code>081E</Code>
<Text>NANO SCALE ASSEMBLY</Text>
</ProgramReference>
<ProgramReference>
<Code>083E</Code>
<Text>MATERIAL TRANSFORMATION PROC</Text>
</ProgramReference>
<ProgramReference>
<Code>084E</Code>
<Text>NANOMANUFACTURING</Text>
</ProgramReference>
<ProgramReference>
<Code>091Z</Code>
<Text>Data Initiatives</Text>
</ProgramReference>
<Appropriation>
<Code>0119</Code>
<Name>NSF RESEARCH &amp; RELATED ACTIVIT</Name>
<APP_SYMB_ID>040100</APP_SYMB_ID>
</Appropriation>
<Appropriation>
<Code>0120</Code>
<Name>NSF RESEARCH &amp; RELATED ACTIVIT</Name>
<APP_SYMB_ID>040100</APP_SYMB_ID>
</Appropriation>
<Fund>
<Code>01001920DB</Code>
<Name><![CDATA[NSF RESEARCH & RELATED ACTIVIT]]></Name>
<FUND_SYMB_ID>040100</FUND_SYMB_ID>
</Fund>
<Fund>
<Code>01002021DB</Code>
<Name><![CDATA[NSF RESEARCH & RELATED ACTIVIT]]></Name>
<FUND_SYMB_ID>040100</FUND_SYMB_ID>
</Fund>
<FUND_OBLG>2019~418308</FUND_OBLG>
<FUND_OBLG>2020~70000</FUND_OBLG>
<POR>
<DRECONTENT><![CDATA[<div class="porColContainerWBG"> <div class="porContentCol"><p>This proposal researched a novel nanomanufacturing method based on molding. Based on atomic diffusion and motivated by pressure gradients that form at the nanomold cavity, essentially any material can be formed with this technique that we call thermomechanical nanomolding (TMNM). We developed models based on atomic diffusion or on dislocation slip that can describe the experimentally determined results through TMNM. For high temperatures TMNM is controlled by atomic diffusion, for low temperature below about 50% of the melting temperature, TMNM is realized by dislocation sliding. Using this knowledge, one can control the chemical composition of the nanowire to an extend that even deliberate variations of the chemical composition within the nanowire can be realized and controlled. For high temperatures, generally the faster diffuser dominates the composition of the nanowire. However, for some alloys, alloys that bear a eutectic pair within its alloy system, fastest diffusion is realized when the composition of the diffusing material is that of the eutectic composition. This is even the case, when the composition of the alloy is very different from the eutectic composition in the alloy system.</p> <p>Here developed TMNM based nanomanufacturing offers itself as a widely usable nanomanufacturing method. It allows to essentially nano mold any material, the geometry of the nanostructure is precisely defined by the mold cavity, and the process is scalable, economic, and required infrastructure relies on widely used rolling mills, heating systems, and techniques to fabricate nanomold cavity arrays. Hence, the here carried out research has changed the paradigm in nanotechnology from what materials and shapes can be nanofabricated to essentially all materials and a wide range of material combination one can choose from, thereby drastically enlarged the toolbox available for nanodesigners. &nbsp;</p> <p>&nbsp;</p><br> <p>            Last Modified: 11/13/2022<br>      Modified by: Jan&nbsp;Schroers</p> </div> <div class="porSideCol"> <div class="each-gallery"> <div class="galContent" id="gallery0"> <div class="photoCount" id="photoCount0">          Image         </div> <div class="galControls onePhoto" id="controls0"></div> <div class="galSlideshow" id="slideshow0"></div> <div class="galEmbox" id="embox"> <div class="image-title"></div> </div> </div> <div class="galNavigation onePhoto" id="navigation0"> <ul class="thumbs" id="thumbs0"> <li> <a href="/por/images/Reports/POR/2022/1901613/1901613_10613243_1668367003213_sciadv.abi4567-f2--rgov-214x142.jpg" original="/por/images/Reports/POR/2022/1901613/1901613_10613243_1668367003213_sciadv.abi4567-f2--rgov-800width.jpg" title="Materials and length scales that can be realized through TMNM."><img src="/por/images/Reports/POR/2022/1901613/1901613_10613243_1668367003213_sciadv.abi4567-f2--rgov-66x44.jpg" alt="Materials and length scales that can be realized through TMNM."></a> <div class="imageCaptionContainer"> <div class="imageCaption">A: Length scales that can be realized through TMNM. At moderate temperatures the underlying mechanism changes with the size of the molded features.B: Nano, micro and combinations of nano and micro can be realizedC: Estimation of the achievable aspect ratio for a wide range of materials.</div> <div class="imageCredit">jan schroers</div> <div class="imagePermisssions">Copyrighted</div> <div class="imageSubmitted">Jan&nbsp;Schroers</div> <div class="imageTitle">Materials and length scales that can be realized through TMNM.</div> </div> </li> </ul> </div> </div> </div> </div>]]></DRECONTENT>
<POR_COPY_TXT><![CDATA[ This proposal researched a novel nanomanufacturing method based on molding. Based on atomic diffusion and motivated by pressure gradients that form at the nanomold cavity, essentially any material can be formed with this technique that we call thermomechanical nanomolding (TMNM). We developed models based on atomic diffusion or on dislocation slip that can describe the experimentally determined results through TMNM. For high temperatures TMNM is controlled by atomic diffusion, for low temperature below about 50% of the melting temperature, TMNM is realized by dislocation sliding. Using this knowledge, one can control the chemical composition of the nanowire to an extend that even deliberate variations of the chemical composition within the nanowire can be realized and controlled. For high temperatures, generally the faster diffuser dominates the composition of the nanowire. However, for some alloys, alloys that bear a eutectic pair within its alloy system, fastest diffusion is realized when the composition of the diffusing material is that of the eutectic composition. This is even the case, when the composition of the alloy is very different from the eutectic composition in the alloy system.  Here developed TMNM based nanomanufacturing offers itself as a widely usable nanomanufacturing method. It allows to essentially nano mold any material, the geometry of the nanostructure is precisely defined by the mold cavity, and the process is scalable, economic, and required infrastructure relies on widely used rolling mills, heating systems, and techniques to fabricate nanomold cavity arrays. Hence, the here carried out research has changed the paradigm in nanotechnology from what materials and shapes can be nanofabricated to essentially all materials and a wide range of material combination one can choose from, thereby drastically enlarged the toolbox available for nanodesigners.            Last Modified: 11/13/2022       Submitted by: Jan Schroers]]></POR_COPY_TXT>
</POR>
</Award>
</rootTag>
