<?xml version="1.0" encoding="UTF-8"?>
<rootTag>
<Award>
<AwardTitle><![CDATA[DDRIG: Exploring Monumental Mound Construction in the Rat Islands, Alaska]]></AwardTitle>
<AGENCY>NSF</AGENCY>
<AwardEffectiveDate>05/01/2019</AwardEffectiveDate>
<AwardExpirationDate>04/30/2020</AwardExpirationDate>
<AwardTotalIntnAmount>19067.00</AwardTotalIntnAmount>
<AwardAmount>19067</AwardAmount>
<AwardInstrument>
<Value>Standard Grant</Value>
</AwardInstrument>
<Organization>
<Code>06090100</Code>
<Directorate>
<Abbreviation>GEO</Abbreviation>
<LongName>Directorate For Geosciences</LongName>
</Directorate>
<Division>
<Abbreviation>OPP</Abbreviation>
<LongName>Office of Polar Programs (OPP)</LongName>
</Division>
</Organization>
<ProgramOfficer>
<SignBlockName>Erica Hill</SignBlockName>
<PO_EMAI>erhill@nsf.gov</PO_EMAI>
<PO_PHON>7032920000</PO_PHON>
</ProgramOfficer>
<AbstractNarration><![CDATA[More than 114 earth mounds have been documented across five locations within the Rat Islands group of the western Aleutian Islands of Alaska. Common understanding is that these mounds were created by the accumulation of bird guano, but archaeological research has revealed that prehistoric Aleutians constructed at least one of these earth mounds, highlighting the need to more thoroughly research the origins of these mounds. This project investigates these earth mounds to better understand their construction history, then linking to established discussions of Aleut monumentality in the eastern Aleutian Islands and potentially bringing to light a pan-Aleutian tradition of monumental construction spanning at least three millennia. This research will dovetail with regional and global data sets to expand the theoretical understanding of the form and function of monuments and their relationship to human behavior. Better understanding these earth mounds will also advance socioenvironmental theories about the impacts of small-scale societies on their landscapes and will contribute to global anthropological debates regarding group-identity amongst hunter-fisher-gatherer communities.&lt;br/&gt;&lt;br/&gt;This archaeological research project investigates how earthen mound constructions can signal and reinforce expressions of perceived group identity among prehistoric hunter-fisher-gatherer communities in the Aleutian Islands, Alaska. The project has four objectives, (1) examine the depositional history of the Rat Islands mound clusters; (2) examine the role of the mound clusters within Rat Islands Aleut archaeological settlement patterns; (3) contribute knowledge about the human occupation of the Rat Islands; (4) contribute to a global discourse about the archaeological identification of hunter-fisher-gatherer group identity. Stratigraphic analyses, lithic artifact analyses, spatial analyses, and radiometric dating will be employed in the examination of the depositional history of the earth mounds and their role within Aleut prehistoric settlement patterns. The project will also produce unprecedented high-resolution drone imagery of the Rat Islands, which will be an invaluable resource for future researchers, wildlife management, and environmental monitoring. This research is especially pressing, as these cultural sites are threatened by climate change because they occur along coastlines that have already begun to face the effects of erosion.&lt;br/&gt;&lt;br/&gt;This award reflects NSF's statutory mission and has been deemed worthy of support through evaluation using the Foundation's intellectual merit and broader impacts review criteria.]]></AbstractNarration>
<MinAmdLetterDate>04/26/2019</MinAmdLetterDate>
<MaxAmdLetterDate>04/26/2019</MaxAmdLetterDate>
<ARRAAmount/>
<TRAN_TYPE>Grant</TRAN_TYPE>
<CFDA_NUM>47.050</CFDA_NUM>
<NSF_PAR_USE_FLAG>1</NSF_PAR_USE_FLAG>
<FUND_AGCY_CODE>4900</FUND_AGCY_CODE>
<AWDG_AGCY_CODE>4900</AWDG_AGCY_CODE>
<AwardID>1901720</AwardID>
<Investigator>
<FirstName>Caroline</FirstName>
<LastName>Funk</LastName>
<PI_MID_INIT>L</PI_MID_INIT>
<PI_SUFX_NAME/>
<PI_FULL_NAME>Caroline L Funk</PI_FULL_NAME>
<EmailAddress><![CDATA[cfunk@buffalo.edu]]></EmailAddress>
<NSF_ID>000542159</NSF_ID>
<StartDate>04/26/2019</StartDate>
<EndDate/>
<RoleCode>Principal Investigator</RoleCode>
</Investigator>
<Investigator>
<FirstName>Bobbi</FirstName>
<LastName>Hornbeck</LastName>
<PI_MID_INIT/>
<PI_SUFX_NAME/>
<PI_FULL_NAME>Bobbi Hornbeck</PI_FULL_NAME>
<EmailAddress><![CDATA[bobbigry@buffalo.edu]]></EmailAddress>
<NSF_ID>000693310</NSF_ID>
<StartDate>04/26/2019</StartDate>
<EndDate/>
<RoleCode>Co-Principal Investigator</RoleCode>
</Investigator>
<Institution>
<Name><![CDATA[SUNY at Buffalo]]></Name>
<CityName>AMHERST</CityName>
<ZipCode>142282577</ZipCode>
<PhoneNumber>7166452634</PhoneNumber>
<StreetAddress><![CDATA[520 LEE ENTRANCE STE 211]]></StreetAddress>
<StreetAddress2/>
<CountryName>United States</CountryName>
<StateName>New York</StateName>
<StateCode>NY</StateCode>
<CONGRESSDISTRICT>26</CONGRESSDISTRICT>
<CONGRESS_DISTRICT_ORG>NY26</CONGRESS_DISTRICT_ORG>
<ORG_UEI_NUM>LMCJKRFW5R81</ORG_UEI_NUM>
<ORG_LGL_BUS_NAME>RESEARCH FOUNDATION FOR THE STATE UNIVERSITY OF NEW YORK, THE</ORG_LGL_BUS_NAME>
<ORG_PRNT_UEI_NUM>GMZUKXFDJMA9</ORG_PRNT_UEI_NUM>
</Institution>
<Performance_Institution>
<Name><![CDATA[SUNY at Buffalo]]></Name>
<CityName>Amherst</CityName>
<StateCode>NY</StateCode>
<ZipCode>142282567</ZipCode>
<StreetAddress><![CDATA[520 Lee Entrance]]></StreetAddress>
<CountryCode>US</CountryCode>
<CountryName>United States</CountryName>
<StateName>New York</StateName>
<CountryFlag>1</CountryFlag>
<CONGRESSDISTRICT>26</CONGRESSDISTRICT>
<CONGRESS_DISTRICT_PERF>NY26</CONGRESS_DISTRICT_PERF>
</Performance_Institution>
<ProgramElement>
<Code>5221</Code>
<Text>ASSP-Arctic Social Science</Text>
</ProgramElement>
<ProgramReference>
<Code>1079</Code>
<Text>ARCTIC RESEARCH</Text>
</ProgramReference>
<ProgramReference>
<Code>5221</Code>
<Text>ARCTIC SOCIAL SCIENCES</Text>
</ProgramReference>
<ProgramReference>
<Code>9179</Code>
<Text>GRADUATE INVOLVEMENT</Text>
</ProgramReference>
<Appropriation>
<Code>02XX</Code>
<Name>NSF RESEARCH &amp; RELATED ACTIVIT</Name>
<APP_SYMB_ID>040100</APP_SYMB_ID>
</Appropriation>
<Fund>
<Code>0100XXXXDB</Code>
<Name><![CDATA[NSF RESEARCH & RELATED ACTIVIT]]></Name>
<FUND_SYMB_ID>040100</FUND_SYMB_ID>
</Fund>
<FUND_OBLG>2019~19067</FUND_OBLG>
<POR>
<DRECONTENT><![CDATA[<div class="porColContainerWBG"> <div class="porContentCol"><p>The "Exploring Monumental Mound Construction in the Rat Islands, Alaska" project tested hypotheses about the relationships between hunter-fisher-gatherers and the landscape through an archaeological investigation of earth mounds in the western Aleutian Islands. These mounds were historically believed to be natural places of plant overgrowth that occurred in response to accumulations of bird guano. This project was developed after preliminary studies indicated that these earth mounds had cultural origins and that at least one earth mound was constructed by humans rather than birds. The goal of this project was to further explore the depositional history of the earth mounds and to investigate their relationship with known monumental construction in the eastern Aleutian Islands. The research focused on an &nbsp;investigation of how monumental earth mound constructions can signal and reinforce expressions of group-identity among prehistoric hunter-fisher-gatherer communities.</p> <p>An all-female team of research scientists completed three weeks of field research in Summer 2019. The team identified five new cultural earth mound sites in the Rat Islands and captured unprecedented high-resolution aerial imagery of two of these sites by drone. Archaeological subsurface testing confirmed a cultural origin for at least three additional earth mounds. Project analyses were completed in Fall 2019. Four undergraduate anthropology students at Stockton University were engaged in the manual analysis of earth mound soils as well as the preparation of materials for submission to other research facilities. Two earth mound soil columns were sent to the Rutgers Soil Testing Laboratory and analyzed for available nutrients. The results revealed significant spikes in phosphorus which may further signal human activity. Organic materials were sent to the KECKS-CCAMS facility for radiocarbon dating which resulted in a project contribution of five new radiocarbon dates for the Rat Islands.</p> <p>Results indicate that monumental earth mound construction is a pan-Aleutian tradition dating back to at least 3,700 years ago. The distribution of internal materials and the overall size and shape of the earth mounds were compared with data from eastern Aleutian monumental mounds. This comparative analysis highlighted regional trends in mound variation that align with the known proto-historic territorial boundaries of distinct identity-groups. The variations in earth mound style across the Aleutians may be reflective of localized expressions of a broad trend. Broad but variable monumental earth mound construction is a well-known Indigenous American practice found spanning the mid-continental United States. This project extends the discussion of socionatural theories about hunter-fisher-gatherer impacts and monumental manipulations of the landscape into the western Aleutian Islands.</p> <p>A project website has been developed and linked with the University at Buffalo's Social Systems G.I.S. Laboratory website for public outreach. The website, www.ratislandsearthmounds.com, will continue to be updated with research outputs, imagery, and blog style posts that detail the processes associated with carrying out archaeological investigations in the remote western Aleutians. This project contributed to the development of future social science research in Alaska by supporting the co-PI's University at Buffalo PhD dissertation, entitled "Unangax^ Monumentality: Hunter-Fisher-Gatherer Transformations of the Rat Islands, Alaska, c. 4,000 BP - 1,000 BP". This project provided the co-PI with critical training for work in remote field locations and with leading field crews.</p><br> <p>            Last Modified: 04/20/2020<br>      Modified by: Bobbi&nbsp;Hornbeck</p> </div> <div class="porSideCol"> <div class="each-gallery"> <div class="galContent" id="gallery0"> <div class="photoCount" id="photoCount0">          Images (<span id="selectedPhoto0">1</span> of <span class="totalNumber"></span>)           </div> <div class="galControls" id="controls0"></div> <div class="galSlideshow" id="slideshow0"></div> <div class="galEmbox" id="embox"> <div class="image-title"></div> </div> </div> <div class="galNavigation" id="navigation0"> <ul class="thumbs" id="thumbs0"> <li> <a href="/por/images/Reports/POR/2020/1901720/1901720_10602387_1587138297803_DJI_0034--rgov-214x142.jpg" original="/por/images/Reports/POR/2020/1901720/1901720_10602387_1587138297803_DJI_0034--rgov-800width.jpg" title="Kiska Earth Mounds"><img src="/por/images/Reports/POR/2020/1901720/1901720_10602387_1587138297803_DJI_0034--rgov-66x44.jpg" alt="Kiska Earth Mounds"></a> <div class="imageCaptionContainer"> <div class="imageCaption">Earth mounds along the perimeter of a raised terrace; northeast Kiska.</div> <div class="imageCredit">Bobbi Hornbeck</div> <div class="imagePermisssions">Copyrighted</div> <div class="imageSubmitted">Bobbi&nbsp;Hornbeck</div> <div class="imageTitle">Kiska Earth Mounds</div> </div> </li> <li> <a href="/por/images/Reports/POR/2020/1901720/1901720_10602387_1587137669109_IMG_7240--rgov-214x142.jpg" original="/por/images/Reports/POR/2020/1901720/1901720_10602387_1587137669109_IMG_7240--rgov-800width.jpg" title="Amchitka Earth Mounds"><img src="/por/images/Reports/POR/2020/1901720/1901720_10602387_1587137669109_IMG_7240--rgov-66x44.jpg" alt="Amchitka Earth Mounds"></a> <div class="imageCaptionContainer"> <div class="imageCaption">Ring style cluster of earth mounds on the northern coast of Amchitka.</div> <div class="imageCredit">Bobbi Hornbeck</div> <div class="imageSubmitted">Bobbi&nbsp;Hornbeck</div> <div class="imageTitle">Amchitka Earth Mounds</div> </div> </li> </ul> </div> </div> </div> </div>]]></DRECONTENT>
<POR_COPY_TXT><![CDATA[ The "Exploring Monumental Mound Construction in the Rat Islands, Alaska" project tested hypotheses about the relationships between hunter-fisher-gatherers and the landscape through an archaeological investigation of earth mounds in the western Aleutian Islands. These mounds were historically believed to be natural places of plant overgrowth that occurred in response to accumulations of bird guano. This project was developed after preliminary studies indicated that these earth mounds had cultural origins and that at least one earth mound was constructed by humans rather than birds. The goal of this project was to further explore the depositional history of the earth mounds and to investigate their relationship with known monumental construction in the eastern Aleutian Islands. The research focused on an  investigation of how monumental earth mound constructions can signal and reinforce expressions of group-identity among prehistoric hunter-fisher-gatherer communities.  An all-female team of research scientists completed three weeks of field research in Summer 2019. The team identified five new cultural earth mound sites in the Rat Islands and captured unprecedented high-resolution aerial imagery of two of these sites by drone. Archaeological subsurface testing confirmed a cultural origin for at least three additional earth mounds. Project analyses were completed in Fall 2019. Four undergraduate anthropology students at Stockton University were engaged in the manual analysis of earth mound soils as well as the preparation of materials for submission to other research facilities. Two earth mound soil columns were sent to the Rutgers Soil Testing Laboratory and analyzed for available nutrients. The results revealed significant spikes in phosphorus which may further signal human activity. Organic materials were sent to the KECKS-CCAMS facility for radiocarbon dating which resulted in a project contribution of five new radiocarbon dates for the Rat Islands.  Results indicate that monumental earth mound construction is a pan-Aleutian tradition dating back to at least 3,700 years ago. The distribution of internal materials and the overall size and shape of the earth mounds were compared with data from eastern Aleutian monumental mounds. This comparative analysis highlighted regional trends in mound variation that align with the known proto-historic territorial boundaries of distinct identity-groups. The variations in earth mound style across the Aleutians may be reflective of localized expressions of a broad trend. Broad but variable monumental earth mound construction is a well-known Indigenous American practice found spanning the mid-continental United States. This project extends the discussion of socionatural theories about hunter-fisher-gatherer impacts and monumental manipulations of the landscape into the western Aleutian Islands.  A project website has been developed and linked with the University at Buffalo's Social Systems G.I.S. Laboratory website for public outreach. The website, www.ratislandsearthmounds.com, will continue to be updated with research outputs, imagery, and blog style posts that detail the processes associated with carrying out archaeological investigations in the remote western Aleutians. This project contributed to the development of future social science research in Alaska by supporting the co-PI's University at Buffalo PhD dissertation, entitled "Unangax^ Monumentality: Hunter-Fisher-Gatherer Transformations of the Rat Islands, Alaska, c. 4,000 BP - 1,000 BP". This project provided the co-PI with critical training for work in remote field locations and with leading field crews.       Last Modified: 04/20/2020       Submitted by: Bobbi Hornbeck]]></POR_COPY_TXT>
</POR>
</Award>
</rootTag>
