<?xml version="1.0" encoding="UTF-8"?>
<rootTag>
<Award>
<AwardTitle><![CDATA[SHF: Medium: Simulation-Based Analysis of EM Side Channels in Embedded Systems: From Software to Fields]]></AwardTitle>
<AGENCY>NSF</AGENCY>
<AwardEffectiveDate>07/01/2019</AwardEffectiveDate>
<AwardExpirationDate>06/30/2024</AwardExpirationDate>
<AwardTotalIntnAmount>1200000.00</AwardTotalIntnAmount>
<AwardAmount>1200000</AwardAmount>
<AwardInstrument>
<Value>Continuing Grant</Value>
</AwardInstrument>
<Organization>
<Code>05010000</Code>
<Directorate>
<Abbreviation>CSE</Abbreviation>
<LongName>Direct For Computer &amp; Info Scie &amp; Enginr</LongName>
</Directorate>
<Division>
<Abbreviation>CCF</Abbreviation>
<LongName>Division of Computing and Communication Foundations</LongName>
</Division>
</Organization>
<ProgramOfficer>
<SignBlockName>Sankar Basu</SignBlockName>
<PO_EMAI>sabasu@nsf.gov</PO_EMAI>
<PO_PHON>7032927843</PO_PHON>
</ProgramOfficer>
<AbstractNarration><![CDATA[Embedded computing systems represent a critical backbone of infrastructure that society relies on in daily life. They often operate on sensitive data in safety-critical environments, such as transportation, health care, and industrial control. An important aspect of securing embedded electronic systems is to prevent information leakage at the level of system behavior. There exist multiple venues by which an attacker can get such information even without having complete access to the internal system components. Specifically, electromagnetic (EM) fields emanated during software activity in electronic systems contain important information about the underlying system behavior. This project will develop tools that system designers can use to ensure resilience against information being leaked through EM side channels. As part of outreach and education components, this project will develop a short course on physical and IoT security that will use interdisciplinary cybersecurity challenges spanning cryptography, electromagnetics, embedded system, and hardware/software design topics to generate interest in pursuing careers in science and technology.&lt;br/&gt;&lt;br/&gt;The only existing capability for EM side-channel analysis is based on cumbersome laboratory measurements. This is a fundamental problem, as most embedded software developers are not in a position to carry out lab-based characterization of EM vulnerabilities. Such characterizations require instrumentation expertise that a typical software engineer lacks, are expensive, provide limited observability, and are slow compared to what a computational tool flow enables. This project will develop novel simulation-based approaches for characterization of EM fields emanated by software running on complex embedded processors. This will require fast yet accurate tracking of spatio-temporal EM emanations all the way from circuits to processor micro-architectures to software running on them. The simulation tool flow to be developed will permit design of improved system-level defenses against malware as well as minimization of side-channel leakage through embedded HW/SW co-design at both compiler and micro-architecture levels.&lt;br/&gt;&lt;br/&gt;This award reflects NSF's statutory mission and has been deemed worthy of support through evaluation using the Foundation's intellectual merit and broader impacts review criteria.]]></AbstractNarration>
<MinAmdLetterDate>06/06/2019</MinAmdLetterDate>
<MaxAmdLetterDate>09/11/2021</MaxAmdLetterDate>
<ARRAAmount/>
<TRAN_TYPE>Grant</TRAN_TYPE>
<CFDA_NUM>47.070</CFDA_NUM>
<NSF_PAR_USE_FLAG>1</NSF_PAR_USE_FLAG>
<FUND_AGCY_CODE>4900</FUND_AGCY_CODE>
<AWDG_AGCY_CODE>4900</AWDG_AGCY_CODE>
<AwardID>1901446</AwardID>
<Investigator>
<FirstName>Ali</FirstName>
<LastName>Yilmaz</LastName>
<PI_MID_INIT/>
<PI_SUFX_NAME/>
<PI_FULL_NAME>Ali Yilmaz</PI_FULL_NAME>
<EmailAddress><![CDATA[ayilmaz@mail.utexas.edu]]></EmailAddress>
<NSF_ID>000302241</NSF_ID>
<StartDate>06/06/2019</StartDate>
<EndDate/>
<RoleCode>Co-Principal Investigator</RoleCode>
</Investigator>
<Investigator>
<FirstName>Andreas</FirstName>
<LastName>Gerstlauer</LastName>
<PI_MID_INIT/>
<PI_SUFX_NAME/>
<PI_FULL_NAME>Andreas Gerstlauer</PI_FULL_NAME>
<EmailAddress><![CDATA[gerstl@ece.utexas.edu]]></EmailAddress>
<NSF_ID>000520598</NSF_ID>
<StartDate>06/06/2019</StartDate>
<EndDate/>
<RoleCode>Co-Principal Investigator</RoleCode>
</Investigator>
<Investigator>
<FirstName>Michael</FirstName>
<LastName>Orshansky</LastName>
<PI_MID_INIT/>
<PI_SUFX_NAME/>
<PI_FULL_NAME>Michael Orshansky</PI_FULL_NAME>
<EmailAddress><![CDATA[orshansky@mail.utexas.edu]]></EmailAddress>
<NSF_ID>000489748</NSF_ID>
<StartDate>06/06/2019</StartDate>
<EndDate/>
<RoleCode>Principal Investigator</RoleCode>
</Investigator>
<Institution>
<Name>University of Texas at Austin</Name>
<CityName>AUSTIN</CityName>
<ZipCode>787121139</ZipCode>
<PhoneNumber>5124716424</PhoneNumber>
<StreetAddress>110 INNER CAMPUS DR</StreetAddress>
<StreetAddress2/>
<CountryName>United States</CountryName>
<StateName>Texas</StateName>
<StateCode>TX</StateCode>
<CONGRESSDISTRICT>25</CONGRESSDISTRICT>
<CONGRESS_DISTRICT_ORG>TX25</CONGRESS_DISTRICT_ORG>
<ORG_UEI_NUM>V6AFQPN18437</ORG_UEI_NUM>
<ORG_LGL_BUS_NAME>UNIVERSITY OF TEXAS AT AUSTIN</ORG_LGL_BUS_NAME>
<ORG_PRNT_UEI_NUM>X5NKD2NFF2V3</ORG_PRNT_UEI_NUM>
</Institution>
<Performance_Institution>
<Name><![CDATA[University of Texas at Austin]]></Name>
<CityName>Austin</CityName>
<StateCode>TX</StateCode>
<ZipCode>787121077</ZipCode>
<StreetAddress/>
<CountryCode>US</CountryCode>
<CountryName>United States</CountryName>
<StateName>Texas</StateName>
<CountryFlag>1</CountryFlag>
<CONGRESSDISTRICT>25</CONGRESSDISTRICT>
<CONGRESS_DISTRICT_PERF>TX25</CONGRESS_DISTRICT_PERF>
</Performance_Institution>
<ProgramElement>
<Code>7798</Code>
<Text>Software &amp; Hardware Foundation</Text>
</ProgramElement>
<ProgramElement>
<Code>8060</Code>
<Text>Secure &amp;Trustworthy Cyberspace</Text>
</ProgramElement>
<ProgramReference>
<Code>7924</Code>
<Text>MEDIUM PROJECT</Text>
</ProgramReference>
<ProgramReference>
<Code>7945</Code>
<Text>DES AUTO FOR MICRO &amp; NANO SYST</Text>
</ProgramReference>
<Appropriation>
<Code>0119</Code>
<Name>NSF RESEARCH &amp; RELATED ACTIVIT</Name>
<APP_SYMB_ID>040100</APP_SYMB_ID>
</Appropriation>
<Appropriation>
<Code>0121</Code>
<Name>NSF RESEARCH &amp; RELATED ACTIVIT</Name>
<APP_SYMB_ID>040100</APP_SYMB_ID>
</Appropriation>
<Fund>
<Code>01001920DB</Code>
<Name><![CDATA[NSF RESEARCH & RELATED ACTIVIT]]></Name>
<FUND_SYMB_ID>040100</FUND_SYMB_ID>
</Fund>
<Fund>
<Code>01002122DB</Code>
<Name><![CDATA[NSF RESEARCH & RELATED ACTIVIT]]></Name>
<FUND_SYMB_ID>040100</FUND_SYMB_ID>
</Fund>
<FUND_OBLG>2019~597379</FUND_OBLG>
<FUND_OBLG>2021~602621</FUND_OBLG>
</Award>
</rootTag>
