<?xml version="1.0" encoding="UTF-8"?>
<rootTag>
<Award>
<AwardTitle><![CDATA[RAPID: Reconstruction of Hurricane Florence Flood Hydrographs (HF2Hs) for South Carolina's Critical Infrastructures Using Data Analytics Algorithms and In-situ Field Measurements]]></AwardTitle>
<AGENCY>NSF</AGENCY>
<AwardEffectiveDate>10/15/2018</AwardEffectiveDate>
<AwardExpirationDate>07/31/2020</AwardExpirationDate>
<AwardTotalIntnAmount>115000.00</AwardTotalIntnAmount>
<AwardAmount>145999</AwardAmount>
<AwardInstrument>
<Value>Standard Grant</Value>
</AwardInstrument>
<Organization>
<Code>07020000</Code>
<Directorate>
<Abbreviation>ENG</Abbreviation>
<LongName>Directorate For Engineering</LongName>
</Directorate>
<Division>
<Abbreviation>CBET</Abbreviation>
<LongName>Div Of Chem, Bioeng, Env, &amp; Transp Sys</LongName>
</Division>
</Organization>
<ProgramOfficer>
<SignBlockName>Bruce Hamilton</SignBlockName>
<PO_EMAI>bhamilto@nsf.gov</PO_EMAI>
<PO_PHON>7032920000</PO_PHON>
</ProgramOfficer>
<AbstractNarration><![CDATA[In the wake of Hurricane Florence in South Carolina, this research aims to collect high water marks (HWMs) data across flooded/damaged critical infrastructures, and perishable images and video footage from traffic cameras and social media outlets. The investigators will then reconstruct Hurricane Florence flood hydrographs (HF2Hs) using data analytics algorithms as well as HWMs data to estimate flood elevation and inundation extent over overtopped roads and bridges. Using the eastern portion of South Carolina (SC) as a case study, this RAPID project will address the following questions: Do reconstructed flood hydrographs over critical infrastructures provide valuable insight into flooding thresholds and frequencies? If so, how? To address these questions, the team consists of members with expertise in engineering hydrology and computer sciences and engineering who are positioned to deliver the needed collecting, examining, and archiving of perishable datasets. &lt;br/&gt;&lt;br/&gt;The methodology for collecting perishable data merges the broader objectives of enhancing perishable data collection through the use of traditional (tape measure, engineer's rule, etc.) and data analytics techniques, both of which depend on the timely collection of data. The reconstructed flood hydrographs for overtopped routes/roads and bridges will help understanding of how critical infrastructures respond to hurricane-induced flooding that presents persistent widespread challenges in many regions worldwide. The collected data will benefit the development of new numerical models for flood prediction that will deal with the unique needs and concepts of the U.S.'s southeast catchments (shallow aquifer parameterization). The data analytics algorithm is targeted be flexible and scalable to collect and analyze large sets of data which will be disseminated through open-source public repositories (e.g., GitHub). The collection and integration of data is targeted to facilitate communication/ collaboration between decision makers and technically-focused institutions. This project is intended to have an immediate impact on South Carolina, a state which is very vulnerable to repeated hurricane events and is under the threat of increasing floods.&lt;br/&gt;&lt;br/&gt;This award reflects NSF's statutory mission and has been deemed worthy of support through evaluation using the Foundation's intellectual merit and broader impacts review criteria.]]></AbstractNarration>
<MinAmdLetterDate>10/22/2018</MinAmdLetterDate>
<MaxAmdLetterDate>05/23/2019</MaxAmdLetterDate>
<ARRAAmount/>
<TRAN_TYPE>Grant</TRAN_TYPE>
<CFDA_NUM>47.041</CFDA_NUM>
<NSF_PAR_USE_FLAG>1</NSF_PAR_USE_FLAG>
<FUND_AGCY_CODE>4900</FUND_AGCY_CODE>
<AWDG_AGCY_CODE>4900</AWDG_AGCY_CODE>
<AwardID>1901646</AwardID>
<Investigator>
<FirstName>Vidya</FirstName>
<LastName>Samadi</LastName>
<PI_MID_INIT/>
<PI_SUFX_NAME/>
<PI_FULL_NAME>Vidya Samadi</PI_FULL_NAME>
<EmailAddress><![CDATA[SAMADI@clemson.edu]]></EmailAddress>
<NSF_ID>000651827</NSF_ID>
<StartDate>10/22/2018</StartDate>
<EndDate/>
<RoleCode>Principal Investigator</RoleCode>
</Investigator>
<Investigator>
<FirstName>Jose</FirstName>
<LastName>Vidal</LastName>
<PI_MID_INIT>M</PI_MID_INIT>
<PI_SUFX_NAME/>
<PI_FULL_NAME>Jose M Vidal</PI_FULL_NAME>
<EmailAddress><![CDATA[vidal@sc.edu]]></EmailAddress>
<NSF_ID>000484696</NSF_ID>
<StartDate>10/22/2018</StartDate>
<EndDate/>
<RoleCode>Co-Principal Investigator</RoleCode>
</Investigator>
<Institution>
<Name>University of South Carolina at Columbia</Name>
<CityName>COLUMBIA</CityName>
<ZipCode>292083403</ZipCode>
<PhoneNumber>8037777093</PhoneNumber>
<StreetAddress>1600 HAMPTON ST # 414</StreetAddress>
<StreetAddress2/>
<CountryName>United States</CountryName>
<StateName>South Carolina</StateName>
<StateCode>SC</StateCode>
<CONGRESSDISTRICT>06</CONGRESSDISTRICT>
<CONGRESS_DISTRICT_ORG>SC06</CONGRESS_DISTRICT_ORG>
<ORG_UEI_NUM>J22LNTMEDP73</ORG_UEI_NUM>
<ORG_LGL_BUS_NAME>UNIVERSITY OF SOUTH CAROLINA</ORG_LGL_BUS_NAME>
<ORG_PRNT_UEI_NUM>J22LNTMEDP73</ORG_PRNT_UEI_NUM>
</Institution>
<Performance_Institution>
<Name><![CDATA[University of South Carolina]]></Name>
<CityName>Columbia</CityName>
<StateCode>SC</StateCode>
<ZipCode>292080001</ZipCode>
<StreetAddress><![CDATA[300 Main Street]]></StreetAddress>
<CountryCode>US</CountryCode>
<CountryName>United States</CountryName>
<StateName>South Carolina</StateName>
<CountryFlag>1</CountryFlag>
<CONGRESSDISTRICT>06</CONGRESSDISTRICT>
<CONGRESS_DISTRICT_PERF>SC06</CONGRESS_DISTRICT_PERF>
</Performance_Institution>
<ProgramElement>
<Code>1642</Code>
<Text>Special Initiatives</Text>
</ProgramElement>
<ProgramElement>
<Code>7643</Code>
<Text>EnvS-Environmtl Sustainability</Text>
</ProgramElement>
<ProgramReference>
<Code>080Z</Code>
<Text>Research related to Hurricane Florence</Text>
</ProgramReference>
<ProgramReference>
<Code>7914</Code>
<Text>RAPID</Text>
</ProgramReference>
<ProgramReference>
<Code>9150</Code>
<Text>EXP PROG TO STIM COMP RES</Text>
</ProgramReference>
<ProgramReference>
<Code>9251</Code>
<Text>REU SUPP-Res Exp for Ugrd Supp</Text>
</ProgramReference>
<Appropriation>
<Code>0119</Code>
<Name>NSF RESEARCH &amp; RELATED ACTIVIT</Name>
<APP_SYMB_ID>040100</APP_SYMB_ID>
</Appropriation>
<Fund>
<Code>01001920DB</Code>
<Name><![CDATA[NSF RESEARCH & RELATED ACTIVIT]]></Name>
<FUND_SYMB_ID>040100</FUND_SYMB_ID>
</Fund>
<FUND_OBLG>2019~115567</FUND_OBLG>
</Award>
</rootTag>
