<?xml version="1.0" encoding="UTF-8"?>
<rootTag>
<Award>
<AwardTitle><![CDATA[III: Medium: Collaborative Research: Counterfactual Learning and Evaluation for Interactive Information Systems]]></AwardTitle>
<AGENCY>NSF</AGENCY>
<AwardEffectiveDate>08/15/2019</AwardEffectiveDate>
<AwardExpirationDate>07/31/2024</AwardExpirationDate>
<AwardTotalIntnAmount>980000.00</AwardTotalIntnAmount>
<AwardAmount>980000</AwardAmount>
<AwardInstrument>
<Value>Continuing Grant</Value>
</AwardInstrument>
<Organization>
<Code>05020000</Code>
<Directorate>
<Abbreviation>CSE</Abbreviation>
<LongName>Direct For Computer &amp; Info Scie &amp; Enginr</LongName>
</Directorate>
<Division>
<Abbreviation>IIS</Abbreviation>
<LongName>Div Of Information &amp; Intelligent Systems</LongName>
</Division>
</Organization>
<ProgramOfficer>
<SignBlockName>Sylvia Spengler</SignBlockName>
<PO_EMAI>sspengle@nsf.gov</PO_EMAI>
<PO_PHON>7032927347</PO_PHON>
</ProgramOfficer>
<AbstractNarration><![CDATA[Many information systems engage with their users through the following loop of interactions: the system receives a context as input (e.g. query, user profile), responds with a context-dependent action (e.g. ranking, recommendation, ad), and then receives some explicit or implicit feedback on the quality of the action (e.g. star rating, following a search result, clicking on an ad). While ubiquitous and plentiful, log data from this interaction loop does not fit the standard mold of supervised learning, since the feedback is both biased and partial -- the system determines through its actions where it gets feedback, and even for the chosen actions it typically doesn't observe all feedback (e.g. missing clicks on relevant results in ranking). This project will address the question of how this logged data can nevertheless be used for evaluating and learning new systems. The potential upsides of reusing the existing log data are evident. For evaluation, the use of historic log data enables engineers to rapidly evaluate many new systems offline (e.g. new ranking functions, recommendation policies), without the weeks of delay and the potential negative impact on user experience implied by online A/B testing. For learning, it similarly enables offline reuse of existing data instead of slowly collecting new data through an online learning algorithm. This can greatly speed up the machine-learning development cycle, since model selection, feature selection, and eventual quality control can happen offline before any learned policy gets deployed to the users. Reusing existing log data is particularly important for small-scale information systems (e.g. scholarly search), where it is often the only type of potential training data that is readily available in sufficient quantity.&lt;br/&gt;&lt;br/&gt;The intellectual merit of the project will lie in the development of principled machine learning methods that enable information systems to reliably learn from logs of the partial and biased feedback they produce. The theoretical basis for the research lies in deep connections to counterfactual and causal inference, exploiting the analogy between logs and controlled experiments with actions as treatments and the current system as the assignment mechanism. The research builds upon recent advances in counterfactual estimators, answering the question of how a new system would have performed, if it had been used instead of the system that logged the data. The project will develop new counterfactual estimators specifically designed for the action spaces typically encountered in information systems (e.g. rankings), new propensity models, and new counterfactual policy learning algorithms that incorporate both. Finally, to validate the real-world effectiveness of the research, the project will build the Localify system, which provides local music-event recommendations and personalized playlists.&lt;br/&gt;&lt;br/&gt;This award reflects NSF's statutory mission and has been deemed worthy of support through evaluation using the Foundation's intellectual merit and broader impacts review criteria.]]></AbstractNarration>
<MinAmdLetterDate>08/07/2019</MinAmdLetterDate>
<MaxAmdLetterDate>12/22/2020</MaxAmdLetterDate>
<ARRAAmount/>
<TRAN_TYPE>Grant</TRAN_TYPE>
<CFDA_NUM>47.070</CFDA_NUM>
<NSF_PAR_USE_FLAG>1</NSF_PAR_USE_FLAG>
<FUND_AGCY_CODE>4900</FUND_AGCY_CODE>
<AWDG_AGCY_CODE>4900</AWDG_AGCY_CODE>
<AwardID>1901168</AwardID>
<Investigator>
<FirstName>Thorsten</FirstName>
<LastName>Joachims</LastName>
<PI_MID_INIT/>
<PI_SUFX_NAME/>
<PI_FULL_NAME>Thorsten Joachims</PI_FULL_NAME>
<EmailAddress><![CDATA[tj@cs.cornell.edu]]></EmailAddress>
<NSF_ID>000224646</NSF_ID>
<StartDate>08/07/2019</StartDate>
<EndDate/>
<RoleCode>Principal Investigator</RoleCode>
</Investigator>
<Institution>
<Name><![CDATA[Cornell University]]></Name>
<CityName>ITHACA</CityName>
<ZipCode>148502820</ZipCode>
<PhoneNumber>6072555014</PhoneNumber>
<StreetAddress><![CDATA[341 PINE TREE RD]]></StreetAddress>
<StreetAddress2/>
<CountryName>United States</CountryName>
<StateName>New York</StateName>
<StateCode>NY</StateCode>
<CONGRESSDISTRICT>19</CONGRESSDISTRICT>
<CONGRESS_DISTRICT_ORG>NY19</CONGRESS_DISTRICT_ORG>
<ORG_UEI_NUM>G56PUALJ3KT5</ORG_UEI_NUM>
<ORG_LGL_BUS_NAME>CORNELL UNIVERSITY</ORG_LGL_BUS_NAME>
<ORG_PRNT_UEI_NUM/>
</Institution>
<Performance_Institution>
<Name><![CDATA[Cornell University]]></Name>
<CityName>Ithaca</CityName>
<StateCode>NY</StateCode>
<ZipCode>148537501</ZipCode>
<StreetAddress><![CDATA[107 Hoy Road]]></StreetAddress>
<CountryCode>US</CountryCode>
<CountryName>United States</CountryName>
<StateName>New York</StateName>
<CountryFlag>1</CountryFlag>
<CONGRESSDISTRICT>19</CONGRESSDISTRICT>
<CONGRESS_DISTRICT_PERF>NY19</CONGRESS_DISTRICT_PERF>
</Performance_Institution>
<ProgramElement>
<Code>7364</Code>
<Text>Info Integration &amp; Informatics</Text>
</ProgramElement>
<ProgramReference>
<Code>7364</Code>
<Text>INFO INTEGRATION &amp; INFORMATICS</Text>
</ProgramReference>
<ProgramReference>
<Code>7924</Code>
<Text>MEDIUM PROJECT</Text>
</ProgramReference>
<Appropriation>
<Code>0119</Code>
<Name>NSF RESEARCH &amp; RELATED ACTIVIT</Name>
<APP_SYMB_ID>040100</APP_SYMB_ID>
</Appropriation>
<Appropriation>
<Code>0120</Code>
<Name>NSF RESEARCH &amp; RELATED ACTIVIT</Name>
<APP_SYMB_ID>040100</APP_SYMB_ID>
</Appropriation>
<Fund>
<Code>01001920DB</Code>
<Name><![CDATA[NSF RESEARCH & RELATED ACTIVIT]]></Name>
<FUND_SYMB_ID>040100</FUND_SYMB_ID>
</Fund>
<Fund>
<Code>01002021DB</Code>
<Name><![CDATA[NSF RESEARCH & RELATED ACTIVIT]]></Name>
<FUND_SYMB_ID>040100</FUND_SYMB_ID>
</Fund>
<FUND_OBLG>2019~478857</FUND_OBLG>
<FUND_OBLG>2020~501143</FUND_OBLG>
</Award>
</rootTag>
