<?xml version="1.0" encoding="UTF-8"?>
<rootTag>
<Award>
<AwardTitle><![CDATA[Finding Your Inner Modeler-year 3]]></AwardTitle>
<AGENCY>NSF</AGENCY>
<AwardEffectiveDate>01/01/2019</AwardEffectiveDate>
<AwardExpirationDate>12/31/2019</AwardExpirationDate>
<AwardTotalIntnAmount>52272.00</AwardTotalIntnAmount>
<AwardAmount>52272</AwardAmount>
<AwardInstrument>
<Value>Standard Grant</Value>
</AwardInstrument>
<Organization>
<Code>08070000</Code>
<Directorate>
<Abbreviation>BIO</Abbreviation>
<LongName>Direct For Biological Sciences</LongName>
</Directorate>
<Division>
<Abbreviation>MCB</Abbreviation>
<LongName>Div Of Molecular and Cellular Bioscience</LongName>
</Division>
</Organization>
<ProgramOfficer>
<SignBlockName>Richard Cyr</SignBlockName>
<PO_EMAI>rcyr@nsf.gov</PO_EMAI>
<PO_PHON>7032928440</PO_PHON>
</ProgramOfficer>
<AbstractNarration><![CDATA[One of the major problems in Cell Biology is that detailed knowledge of specific molecular or cellular events is not integrated across time and space, and investigators lack the understanding of how one event relates to or influences another to result in the totality of cellular responses. Understanding how a specific atomic or molecular reaction results in the overall cellular behavior is extremely difficult by experimentation alone, and computational modeling is required to significantly advance our understanding. The main goals of the workshop funded by this award are to promote the discovery of biophysical laws that govern cellular differentiation and homeostasis by promoting the interdisciplinary collaborations between experimental cell biologists and computational modelers. The workshop aims to provide unique opportunities for cell biologists and computational modelers to work together to develop predictive understanding of the cell.  The workshop also provides a unique educational experience for researchers who participate.  Organizers will work with professional societies to ensure the recruitment of faculty from underrepresented groups as well as graduate students and postdocs and other early career professionals.&lt;br/&gt;&lt;br/&gt;This award will provide funding for a 3rd year extension of the extremely successful "Finding your Inner Modeler (FYIM)" workshops supported by the NSF MCB Award 1649160 during 2017 and 2018. The vision for the 3rd year workshop is to use the 2-day format to continue the goals articulated in the original proposal to: 1) stimulate interest in computational modeling among scientists currently not using this approach; 2) promote the formation of interdisciplinary collaborations between cell biologists and computational modelers; and 3) develop an information and guidance network to provide advice to cell biologists and computational scientists on how to start a collaboration, who to contact, and what resources are available to support collaborations.&lt;br/&gt;&lt;br/&gt;This award reflects NSF's statutory mission and has been deemed worthy of support through evaluation using the Foundation's intellectual merit and broader impacts review criteria.]]></AbstractNarration>
<MinAmdLetterDate>12/13/2018</MinAmdLetterDate>
<MaxAmdLetterDate>12/13/2018</MaxAmdLetterDate>
<ARRAAmount/>
<TRAN_TYPE>Grant</TRAN_TYPE>
<CFDA_NUM>47.074</CFDA_NUM>
<NSF_PAR_USE_FLAG>1</NSF_PAR_USE_FLAG>
<FUND_AGCY_CODE>4900</FUND_AGCY_CODE>
<AWDG_AGCY_CODE>4900</AWDG_AGCY_CODE>
<AwardID>1901738</AwardID>
<Investigator>
<FirstName>Elizabeth</FirstName>
<LastName>Sztul</LastName>
<PI_MID_INIT>S</PI_MID_INIT>
<PI_SUFX_NAME/>
<PI_FULL_NAME>Elizabeth S Sztul</PI_FULL_NAME>
<EmailAddress><![CDATA[esztul@uab.edu]]></EmailAddress>
<NSF_ID>000185931</NSF_ID>
<StartDate>12/13/2018</StartDate>
<EndDate/>
<RoleCode>Principal Investigator</RoleCode>
</Investigator>
<Institution>
<Name><![CDATA[University of Alabama at Birmingham]]></Name>
<CityName>BIRMINGHAM</CityName>
<ZipCode>352940001</ZipCode>
<PhoneNumber>2059345266</PhoneNumber>
<StreetAddress><![CDATA[701 S 20TH STREET]]></StreetAddress>
<StreetAddress2/>
<CountryName>United States</CountryName>
<StateName>Alabama</StateName>
<StateCode>AL</StateCode>
<CONGRESSDISTRICT>07</CONGRESSDISTRICT>
<CONGRESS_DISTRICT_ORG>AL07</CONGRESS_DISTRICT_ORG>
<ORG_UEI_NUM>YND4PLMC9AN7</ORG_UEI_NUM>
<ORG_LGL_BUS_NAME>UNIVERSITY OF ALABAMA AT BIRMINGHAM</ORG_LGL_BUS_NAME>
<ORG_PRNT_UEI_NUM/>
</Institution>
<Performance_Institution>
<Name><![CDATA[University of Alabama at Birmingham]]></Name>
<CityName>Birmingham</CityName>
<StateCode>AL</StateCode>
<ZipCode>352940001</ZipCode>
<StreetAddress><![CDATA[1720 2nd Avenue South]]></StreetAddress>
<CountryCode>US</CountryCode>
<CountryName>United States</CountryName>
<StateName>Alabama</StateName>
<CountryFlag>1</CountryFlag>
<CONGRESSDISTRICT>07</CONGRESSDISTRICT>
<CONGRESS_DISTRICT_PERF>AL07</CONGRESS_DISTRICT_PERF>
</Performance_Institution>
<ProgramElement>
<Code>1114</Code>
<Text>Cellular Dynamics and Function</Text>
</ProgramElement>
<ProgramReference>
<Code>7465</Code>
<Text>NANOSCALE BIO CORE</Text>
</ProgramReference>
<ProgramReference>
<Code>7556</Code>
<Text>CONFERENCE AND WORKSHOPS</Text>
</ProgramReference>
<ProgramReference>
<Code>9150</Code>
<Text>EXP PROG TO STIM COMP RES</Text>
</ProgramReference>
<Appropriation>
<Code>0119</Code>
<Name>NSF RESEARCH &amp; RELATED ACTIVIT</Name>
<APP_SYMB_ID>040100</APP_SYMB_ID>
</Appropriation>
<Fund>
<Code>01001920DB</Code>
<Name><![CDATA[NSF RESEARCH & RELATED ACTIVIT]]></Name>
<FUND_SYMB_ID>040100</FUND_SYMB_ID>
</Fund>
<FUND_OBLG>2019~52272</FUND_OBLG>
<POR>
<DRECONTENT><![CDATA[<div class="porColContainerWBG"> <div class="porContentCol"><p>Biological processes are mediated by a multitude of proteins whose interactions and activities must be coordinated in both time and space. Traditionally, scientists have examined these processes by looking at a single sub-event through experimentation. However, such empirical examination often misses the underlying biophysical principles that govern biological systems. To extract the principles underlying a specific process, it is necessary to combine molecular/genetic/biochemical experiments with computational modeling, which uses mathematical tools and computer algorithms to test specific hypotheses.</p> <p>Unfortunately, the majority of traditional experimentalists do not know the utility of modeling approaches and/or are resistant to incorporating such approaches into their projects. Generally, these scientists fall into 3 classes: (1) those that question the value of computational modeling in research; (2) those that are interested, but do not think they have the right type of data to benefit from modeling; and (3) those that simply do not know how to start or where to get advice.</p> <p>To educate traditional cell biologists as to why, when, and how to incorporate computational modeling in their research, three annual workshops were designed to: (1) demonstrate the utility of computational modeling in advancing understanding of biological processes; (2) illustrate how computational models are built and how their output is appropriately interpreted; (3) debunk widespread misconceptions about the difficulty of modeling and related topics; and (4) catalyze the formation of<strong> </strong>interdisciplinary<strong> </strong>collaborations between traditional cell biologists and expert modelers interested in working on biological problems.</p> <p>The three &ldquo;Finding Your Inner Modeler&rdquo; (FYIM) workshops were unique in that they brought together traditional cell biologists and computational modelers for in-person opportunities to form collaborations. The vast majority of scientific meeting are attended by scientists within the same narrow discipline, and our workshops were purposefully designed to cross disciplines to facilitate interdisciplinary approaches to biological questions.</p> <p>The first two workshops (FYIM1-2) were held at the University of Illinois at Chicago in the summers of 2017 and 2018. The last workshop in the series (FYIM3) was held on the campus of the University of Alabama at Birmingham in the summer of 2019. Approximately 300 scientists, representing all career stages and all demographics, participated in the three workshops. In post-meeting surveys, over 95% of the attendees indicated that they considered the workshops a valuable use of their time and would recommend future such events to their colleagues. Equally important, the workshops achieved the goal of educating and promoting collaborations. Specifically, more than 80% of the survey responders said that the workshop helped them to appreciate the utility of computational modeling, and more than 85% reported that the workshop provided them with concrete advice, contacts and/or resources that will help them to use modeling in their research. Notably and most encouragingly, more than 85% of the respondents who were seeking an interdisciplinary collaboration reported that they met a potential collaborator at the workshop. Thus, the three workshops fulfilled their goals of promoting productive interdisciplinary collaborations to combine experimental and modeling approaches to increase the depth of our understanding of biological processes and the principles that govern the biological world.</p><br> <p>            Last Modified: 02/11/2020<br>      Modified by: Elizabeth&nbsp;S&nbsp;Sztul</p> </div> <div class="porSideCol"></div> </div>]]></DRECONTENT>
<POR_COPY_TXT><![CDATA[ Biological processes are mediated by a multitude of proteins whose interactions and activities must be coordinated in both time and space. Traditionally, scientists have examined these processes by looking at a single sub-event through experimentation. However, such empirical examination often misses the underlying biophysical principles that govern biological systems. To extract the principles underlying a specific process, it is necessary to combine molecular/genetic/biochemical experiments with computational modeling, which uses mathematical tools and computer algorithms to test specific hypotheses.  Unfortunately, the majority of traditional experimentalists do not know the utility of modeling approaches and/or are resistant to incorporating such approaches into their projects. Generally, these scientists fall into 3 classes: (1) those that question the value of computational modeling in research; (2) those that are interested, but do not think they have the right type of data to benefit from modeling; and (3) those that simply do not know how to start or where to get advice.  To educate traditional cell biologists as to why, when, and how to incorporate computational modeling in their research, three annual workshops were designed to: (1) demonstrate the utility of computational modeling in advancing understanding of biological processes; (2) illustrate how computational models are built and how their output is appropriately interpreted; (3) debunk widespread misconceptions about the difficulty of modeling and related topics; and (4) catalyze the formation of interdisciplinary collaborations between traditional cell biologists and expert modelers interested in working on biological problems.  The three "Finding Your Inner Modeler" (FYIM) workshops were unique in that they brought together traditional cell biologists and computational modelers for in-person opportunities to form collaborations. The vast majority of scientific meeting are attended by scientists within the same narrow discipline, and our workshops were purposefully designed to cross disciplines to facilitate interdisciplinary approaches to biological questions.  The first two workshops (FYIM1-2) were held at the University of Illinois at Chicago in the summers of 2017 and 2018. The last workshop in the series (FYIM3) was held on the campus of the University of Alabama at Birmingham in the summer of 2019. Approximately 300 scientists, representing all career stages and all demographics, participated in the three workshops. In post-meeting surveys, over 95% of the attendees indicated that they considered the workshops a valuable use of their time and would recommend future such events to their colleagues. Equally important, the workshops achieved the goal of educating and promoting collaborations. Specifically, more than 80% of the survey responders said that the workshop helped them to appreciate the utility of computational modeling, and more than 85% reported that the workshop provided them with concrete advice, contacts and/or resources that will help them to use modeling in their research. Notably and most encouragingly, more than 85% of the respondents who were seeking an interdisciplinary collaboration reported that they met a potential collaborator at the workshop. Thus, the three workshops fulfilled their goals of promoting productive interdisciplinary collaborations to combine experimental and modeling approaches to increase the depth of our understanding of biological processes and the principles that govern the biological world.       Last Modified: 02/11/2020       Submitted by: Elizabeth S Sztul]]></POR_COPY_TXT>
</POR>
</Award>
</rootTag>
