<?xml version="1.0" encoding="UTF-8"?>
<rootTag>
<Award>
<AwardTitle><![CDATA[SHF: Medium: Gradual Verification]]></AwardTitle>
<AGENCY>NSF</AGENCY>
<AwardEffectiveDate>07/01/2019</AwardEffectiveDate>
<AwardExpirationDate>06/30/2024</AwardExpirationDate>
<AwardTotalIntnAmount>1017511.00</AwardTotalIntnAmount>
<AwardAmount>1065511</AwardAmount>
<AwardInstrument>
<Value>Continuing Grant</Value>
</AwardInstrument>
<Organization>
<Code>05010000</Code>
<Directorate>
<Abbreviation>CSE</Abbreviation>
<LongName>Direct For Computer &amp; Info Scie &amp; Enginr</LongName>
</Directorate>
<Division>
<Abbreviation>CCF</Abbreviation>
<LongName>Division of Computing and Communication Foundations</LongName>
</Division>
</Organization>
<ProgramOfficer>
<SignBlockName>Anindya Banerjee</SignBlockName>
<PO_EMAI>abanerje@nsf.gov</PO_EMAI>
<PO_PHON>7032927885</PO_PHON>
</ProgramOfficer>
<AbstractNarration><![CDATA[Software is becoming ever more essential to society, yet the apps we use continue to be plagued by errors (bugs) that range from inconveniences to severe security threats.  Verification is a promising new technology for eliminating bugs from software. But verification is also very expensive--it may cost 10 times the amount of regular software development, making verification way too expensive to fully apply to all software. The project's novelties are based on making verification gradual, so that it can be applied to just part of a software system, not all of it.  The project's impacts are based on allowing engineers to focus verification efforts on the most important parts of applications, and on eliminating the bugs that cause the biggest problems.  This could eliminate the most severe bugs from software apps with a relatively small increase in cost. The project will also enhance the teaching of verification by providing students with a smoother path to learning the topic, and will take specific steps towards broadening the participation of underrepresented groups in computing. &lt;br/&gt;&lt;br/&gt;The project's technical approach builds on recent work on abstracting gradual typing: a principled approach that that applies ideas from abstract interpretation to systematically adapt a static type system into one that allows static and dynamic types to be mixed. We proposed to adapt this approach to make verification gradual. In the gradual verification setting, developers can choose to specify possibly partial pre- and post-condition specifications for the critical functions in a program, while leaving other functions and properties unspecified.  The gradual verifier will use abstract interpretation to statically identify inconsistencies between specifications and code, but without triggering false warnings due to specifications that are missing or incomplete. It will also insert the minimum run-time checks that are necessary in order to enforce any properties that the static verifier cannot assure. The approach is being validated through a combination of formative qualitative studies, formalization and proof, prototype implementation and performance evaluation, and summative user studies and case studies.&lt;br/&gt;&lt;br/&gt;This award reflects NSF's statutory mission and has been deemed worthy of support through evaluation using the Foundation's intellectual merit and broader impacts review criteria.]]></AbstractNarration>
<MinAmdLetterDate>05/31/2019</MinAmdLetterDate>
<MaxAmdLetterDate>03/03/2023</MaxAmdLetterDate>
<ARRAAmount/>
<TRAN_TYPE>Grant</TRAN_TYPE>
<CFDA_NUM>47.070</CFDA_NUM>
<NSF_PAR_USE_FLAG>1</NSF_PAR_USE_FLAG>
<FUND_AGCY_CODE>4900</FUND_AGCY_CODE>
<AWDG_AGCY_CODE>4900</AWDG_AGCY_CODE>
<AwardID>1901033</AwardID>
<Investigator>
<FirstName>Jonathan</FirstName>
<LastName>Aldrich</LastName>
<PI_MID_INIT/>
<PI_SUFX_NAME/>
<PI_FULL_NAME>Jonathan Aldrich</PI_FULL_NAME>
<EmailAddress><![CDATA[jonathan.aldrich@cs.cmu.edu]]></EmailAddress>
<NSF_ID>000426894</NSF_ID>
<StartDate>05/31/2019</StartDate>
<EndDate/>
<RoleCode>Principal Investigator</RoleCode>
</Investigator>
<Investigator>
<FirstName>Joshua</FirstName>
<LastName>Sunshine</LastName>
<PI_MID_INIT>S</PI_MID_INIT>
<PI_SUFX_NAME/>
<PI_FULL_NAME>Joshua S Sunshine</PI_FULL_NAME>
<EmailAddress><![CDATA[josh.sunshine@cs.cmu.edu]]></EmailAddress>
<NSF_ID>000668091</NSF_ID>
<StartDate>05/31/2019</StartDate>
<EndDate/>
<RoleCode>Co-Principal Investigator</RoleCode>
</Investigator>
<Institution>
<Name>Carnegie-Mellon University</Name>
<CityName>PITTSBURGH</CityName>
<ZipCode>152133815</ZipCode>
<PhoneNumber>4122688746</PhoneNumber>
<StreetAddress>5000 FORBES AVE</StreetAddress>
<StreetAddress2/>
<CountryName>United States</CountryName>
<StateName>Pennsylvania</StateName>
<StateCode>PA</StateCode>
<CONGRESSDISTRICT>12</CONGRESSDISTRICT>
<CONGRESS_DISTRICT_ORG>PA12</CONGRESS_DISTRICT_ORG>
<ORG_UEI_NUM>U3NKNFLNQ613</ORG_UEI_NUM>
<ORG_LGL_BUS_NAME>CARNEGIE MELLON UNIVERSITY</ORG_LGL_BUS_NAME>
<ORG_PRNT_UEI_NUM>U3NKNFLNQ613</ORG_PRNT_UEI_NUM>
</Institution>
<Performance_Institution>
<Name><![CDATA[Carnegie Mellon University]]></Name>
<CityName>Pittsburgh</CityName>
<StateCode>PA</StateCode>
<ZipCode>152133890</ZipCode>
<StreetAddress><![CDATA[5000 Forbes Ave, WQED Building]]></StreetAddress>
<CountryCode>US</CountryCode>
<CountryName>United States</CountryName>
<StateName>Pennsylvania</StateName>
<CountryFlag>1</CountryFlag>
<CONGRESSDISTRICT>12</CONGRESSDISTRICT>
<CONGRESS_DISTRICT_PERF>PA12</CONGRESS_DISTRICT_PERF>
</Performance_Institution>
<ProgramElement>
<Code>7798</Code>
<Text>Software &amp; Hardware Foundation</Text>
</ProgramElement>
<ProgramReference>
<Code>7924</Code>
<Text>MEDIUM PROJECT</Text>
</ProgramReference>
<ProgramReference>
<Code>7943</Code>
<Text>PROGRAMMING LANGUAGES</Text>
</ProgramReference>
<ProgramReference>
<Code>9251</Code>
<Text>REU SUPP-Res Exp for Ugrd Supp</Text>
</ProgramReference>
<Appropriation>
<Code/>
<Name/>
<APP_SYMB_ID/>
</Appropriation>
<Appropriation>
<Code/>
<Name/>
<APP_SYMB_ID/>
</Appropriation>
<Appropriation>
<Code>0119</Code>
<Name>NSF RESEARCH &amp; RELATED ACTIVIT</Name>
<APP_SYMB_ID>040100</APP_SYMB_ID>
</Appropriation>
<Appropriation>
<Code>0121</Code>
<Name>NSF RESEARCH &amp; RELATED ACTIVIT</Name>
<APP_SYMB_ID>040100</APP_SYMB_ID>
</Appropriation>
<Appropriation>
<Code>0122</Code>
<Name>NSF RESEARCH &amp; RELATED ACTIVIT</Name>
<APP_SYMB_ID>040100</APP_SYMB_ID>
</Appropriation>
<Fund>
<Code>01002324DB</Code>
<Name><![CDATA[NSF RESEARCH & RELATED ACTIVIT]]></Name>
<FUND_SYMB_ID>040100</FUND_SYMB_ID>
</Fund>
<Fund>
<Code>01002223DB</Code>
<Name><![CDATA[NSF RESEARCH & RELATED ACTIVIT]]></Name>
<FUND_SYMB_ID>040100</FUND_SYMB_ID>
</Fund>
<Fund>
<Code>01001920DB</Code>
<Name><![CDATA[NSF RESEARCH & RELATED ACTIVIT]]></Name>
<FUND_SYMB_ID>040100</FUND_SYMB_ID>
</Fund>
<Fund>
<Code>01002122DB</Code>
<Name><![CDATA[NSF RESEARCH & RELATED ACTIVIT]]></Name>
<FUND_SYMB_ID>040100</FUND_SYMB_ID>
</Fund>
<Fund>
<Code>01002223DB</Code>
<Name><![CDATA[NSF RESEARCH & RELATED ACTIVIT]]></Name>
<FUND_SYMB_ID>040100</FUND_SYMB_ID>
</Fund>
<FUND_OBLG>2019~495403</FUND_OBLG>
<FUND_OBLG>2021~271531</FUND_OBLG>
<FUND_OBLG>2022~282577</FUND_OBLG>
<FUND_OBLG>2023~16000</FUND_OBLG>
</Award>
</rootTag>
