<?xml version="1.0" encoding="UTF-8"?>
<rootTag>
<Award>
<AwardTitle><![CDATA[SHF: Medium: Collaborative Research: Semantically-Enhanced Software Traceability for Supporting Human-Centric Tasks]]></AwardTitle>
<AGENCY>NSF</AGENCY>
<AwardEffectiveDate>08/15/2019</AwardEffectiveDate>
<AwardExpirationDate>07/31/2024</AwardExpirationDate>
<AwardTotalIntnAmount>1019030.00</AwardTotalIntnAmount>
<AwardAmount>1035030</AwardAmount>
<AwardInstrument>
<Value>Continuing Grant</Value>
</AwardInstrument>
<Organization>
<Code>05010000</Code>
<Directorate>
<Abbreviation>CSE</Abbreviation>
<LongName>Direct For Computer &amp; Info Scie &amp; Enginr</LongName>
</Directorate>
<Division>
<Abbreviation>CCF</Abbreviation>
<LongName>Division of Computing and Communication Foundations</LongName>
</Division>
</Organization>
<ProgramOfficer>
<SignBlockName>Sol Greenspan</SignBlockName>
<PO_EMAI>sgreensp@nsf.gov</PO_EMAI>
<PO_PHON>7032927841</PO_PHON>
</ProgramOfficer>
<AbstractNarration><![CDATA[Achieving accurate, complete, trustworthy and usable traceability across software-intensive systems can be extremely beneficial as the underlying network of traceability links can be used to answer diverse questions about the software system and its development process.  However, in practice, many software projects suffer from inadequate or inaccurate traceability due to the cost and difficulty of manually creating and maintaining trace links.    This research will develop a holistic, interactive tracing environment, which incorporates diverse algorithmic solutions for dynamically generating trace links, visualizing the results, and guiding the user through the interactive process of using the results to support diverse Software Engineering tasks. Automating the creation and maintenance of accurate traceability links offers significant potential for industrial impact. For example, traceability is required by certifying bodies in safety-critical domains and can help in the construction and delivery of high quality, competitive, timely products.  The cross-disciplinary nature of the team will introduce new opportunities for software engineers, data scientists, and human-computer interaction experts to collaborate in addressing open Software Engineering challenges and will provide research opportunities for diverse and underrepresented students.&lt;br/&gt;&lt;br/&gt;The research will explore challenging problems at the intersection of software engineering, semantic text mining, and visualization.  It will directly address one of the prominent causes of trace-link inaccuracy caused by the inability of current algorithms to reason over deep semantics of underlying software artifacts such as requirements, design, and code.  First, the researchers will investigate semantically enhanced traceability algorithms that generate trace links, even in the absence of shared textual representations. Second, the work will develop a holistic tracing solution that dynamically configures a trace engine to leverage diverse tracing techniques such as semantic traceability, trace link evolution, and other existing techniques. Finally, given a diverse set of trace links with different degrees of accuracy, the research team will design, develop, and publicly release a novel, interactive, visual interface that enables users to understand the provenance and trustworthiness of each link while providing a clear rationale for trace query results.&lt;br/&gt;&lt;br/&gt;This award reflects NSF's statutory mission and has been deemed worthy of support through evaluation using the Foundation's intellectual merit and broader impacts review criteria.]]></AbstractNarration>
<MinAmdLetterDate>08/03/2019</MinAmdLetterDate>
<MaxAmdLetterDate>07/05/2022</MaxAmdLetterDate>
<ARRAAmount/>
<TRAN_TYPE>Grant</TRAN_TYPE>
<CFDA_NUM>47.070</CFDA_NUM>
<NSF_PAR_USE_FLAG>1</NSF_PAR_USE_FLAG>
<FUND_AGCY_CODE>4900</FUND_AGCY_CODE>
<AWDG_AGCY_CODE>4900</AWDG_AGCY_CODE>
<AwardID>1901059</AwardID>
<Investigator>
<FirstName>Ronald</FirstName>
<LastName>Metoyer</LastName>
<PI_MID_INIT/>
<PI_SUFX_NAME/>
<PI_FULL_NAME>Ronald Metoyer</PI_FULL_NAME>
<EmailAddress><![CDATA[rmetoyer@nd.edu]]></EmailAddress>
<NSF_ID>000438752</NSF_ID>
<StartDate>08/03/2019</StartDate>
<EndDate/>
<RoleCode>Co-Principal Investigator</RoleCode>
</Investigator>
<Investigator>
<FirstName>Meng</FirstName>
<LastName>Jiang</LastName>
<PI_MID_INIT/>
<PI_SUFX_NAME/>
<PI_FULL_NAME>Meng Jiang</PI_FULL_NAME>
<EmailAddress><![CDATA[mjiang2@nd.edu]]></EmailAddress>
<NSF_ID>000756752</NSF_ID>
<StartDate>08/03/2019</StartDate>
<EndDate/>
<RoleCode>Co-Principal Investigator</RoleCode>
</Investigator>
<Investigator>
<FirstName>Jane</FirstName>
<LastName>Huang</LastName>
<PI_MID_INIT>L</PI_MID_INIT>
<PI_SUFX_NAME/>
<PI_FULL_NAME>Jane L Huang</PI_FULL_NAME>
<EmailAddress><![CDATA[JaneClelandHuang@nd.edu]]></EmailAddress>
<NSF_ID>000304869</NSF_ID>
<StartDate>08/03/2019</StartDate>
<EndDate/>
<RoleCode>Principal Investigator</RoleCode>
</Investigator>
<Institution>
<Name>University of Notre Dame</Name>
<CityName>NOTRE DAME</CityName>
<ZipCode>465566031</ZipCode>
<PhoneNumber>5746317432</PhoneNumber>
<StreetAddress>836 GRACE HALL</StreetAddress>
<StreetAddress2/>
<CountryName>United States</CountryName>
<StateName>Indiana</StateName>
<StateCode>IN</StateCode>
<CONGRESSDISTRICT>02</CONGRESSDISTRICT>
<CONGRESS_DISTRICT_ORG>IN02</CONGRESS_DISTRICT_ORG>
<ORG_UEI_NUM>FPU6XGFXMBE9</ORG_UEI_NUM>
<ORG_LGL_BUS_NAME>UNIVERSITY OF NOTRE DAME DU LAC</ORG_LGL_BUS_NAME>
<ORG_PRNT_UEI_NUM/>
</Institution>
<Performance_Institution>
<Name><![CDATA[University of Notre Dame]]></Name>
<CityName>Notre Dame</CityName>
<StateCode>IN</StateCode>
<ZipCode>465565637</ZipCode>
<StreetAddress><![CDATA[Computer Science Department Fitz]]></StreetAddress>
<CountryCode>US</CountryCode>
<CountryName>United States</CountryName>
<StateName>Indiana</StateName>
<CountryFlag>1</CountryFlag>
<CONGRESSDISTRICT>02</CONGRESSDISTRICT>
<CONGRESS_DISTRICT_PERF>IN02</CONGRESS_DISTRICT_PERF>
</Performance_Institution>
<ProgramElement>
<Code>7798</Code>
<Text>Software &amp; Hardware Foundation</Text>
</ProgramElement>
<ProgramReference>
<Code>7924</Code>
<Text>MEDIUM PROJECT</Text>
</ProgramReference>
<ProgramReference>
<Code>7944</Code>
<Text>SOFTWARE ENG &amp; FORMAL METHODS</Text>
</ProgramReference>
<ProgramReference>
<Code>9102</Code>
<Text>WOMEN, MINORITY, DISABLED, NEC</Text>
</ProgramReference>
<ProgramReference>
<Code>9251</Code>
<Text>REU SUPP-Res Exp for Ugrd Supp</Text>
</ProgramReference>
<Appropriation>
<Code>0119</Code>
<Name>NSF RESEARCH &amp; RELATED ACTIVIT</Name>
<APP_SYMB_ID>040100</APP_SYMB_ID>
</Appropriation>
<Appropriation>
<Code>0120</Code>
<Name>NSF RESEARCH &amp; RELATED ACTIVIT</Name>
<APP_SYMB_ID>040100</APP_SYMB_ID>
</Appropriation>
<Appropriation>
<Code>0122</Code>
<Name>NSF RESEARCH &amp; RELATED ACTIVIT</Name>
<APP_SYMB_ID>040100</APP_SYMB_ID>
</Appropriation>
<Fund>
<Code>01001920DB</Code>
<Name><![CDATA[NSF RESEARCH & RELATED ACTIVIT]]></Name>
<FUND_SYMB_ID>040100</FUND_SYMB_ID>
</Fund>
<Fund>
<Code>01002021DB</Code>
<Name><![CDATA[NSF RESEARCH & RELATED ACTIVIT]]></Name>
<FUND_SYMB_ID>040100</FUND_SYMB_ID>
</Fund>
<Fund>
<Code>01002223DB</Code>
<Name><![CDATA[NSF RESEARCH & RELATED ACTIVIT]]></Name>
<FUND_SYMB_ID>040100</FUND_SYMB_ID>
</Fund>
<FUND_OBLG>2019~850449</FUND_OBLG>
<FUND_OBLG>2020~16000</FUND_OBLG>
<FUND_OBLG>2022~168581</FUND_OBLG>
</Award>
</rootTag>
