<?xml version="1.0" encoding="UTF-8"?>
<rootTag>
<Award>
<AwardTitle><![CDATA[Cybersecurity Workforce: Bridging the Gap]]></AwardTitle>
<AGENCY>NSF</AGENCY>
<AwardEffectiveDate>10/01/2019</AwardEffectiveDate>
<AwardExpirationDate>09/30/2023</AwardExpirationDate>
<AwardTotalIntnAmount>258912.00</AwardTotalIntnAmount>
<AwardAmount>258912</AwardAmount>
<AwardInstrument>
<Value>Standard Grant</Value>
</AwardInstrument>
<Organization>
<Code>11040100</Code>
<Directorate>
<Abbreviation>EDU</Abbreviation>
<LongName>Directorate for STEM Education</LongName>
</Directorate>
<Division>
<Abbreviation>DUE</Abbreviation>
<LongName>Division Of Undergraduate Education</LongName>
</Division>
</Organization>
<ProgramOfficer>
<SignBlockName>R. Corby Hovis</SignBlockName>
<PO_EMAI>chovis@nsf.gov</PO_EMAI>
<PO_PHON>7032924625</PO_PHON>
</ProgramOfficer>
<AbstractNarration><![CDATA[Keeping computers and information systems secure is a major challenge. Business, industry, and government need well-prepared technicians who can prevent, detect, and investigate cybersecurity breaches, and the growth of cyber-threats has created a need for many more workers who have appropriate, specific knowledge and skills. The demand for educated and talented cybersecurity personnel exceeds the supply in Southern Maryland, which is home to multiple naval bases, several Fortune 500 companies, and a growing list of smaller entrepreneurial enterprises. This project will contribute to growing the region's cybersecurity workforce talent pipeline and to increasing its diversity. In particular, it will develop cybersecurity professionals who are also knowledgeable in business and management.&lt;br/&gt;&lt;br/&gt;The project will implement practices shown by research to be effective, contributing to the understanding of curricular and co-curricular activities that affect recruitment, retention, student success, academic and career pathways, and degree attainment in cybersecurity. The project will introduce an updated cybersecurity curriculum that is closely aligned with the unique cybersecurity workforce needs of industry and military base partners in Southern Maryland. The curricular modifications are also aligned with continuing the college's designation as a National Center of Academic Excellence in Cyber Defense - 2-Year Education (CAE-2Y). Activities will include:&lt;br/&gt;* developing a new business area of concentration in Cybersecurity Policy, with stackable certificates and the opportunity for students to earn professional cybersecurity certifications;&lt;br/&gt;* summer orientation events;&lt;br/&gt;* boot camp workshops to prepare students for certification exams;&lt;br/&gt;* monthly cohort activities, such as guest speakers, field trips, hackathons, and career enrichment;&lt;br/&gt;* cybersecurity career awareness workshops for K-12 teachers, parents, and students;&lt;br/&gt;* a virtual learning community that will bring together students attending classes on different campuses;&lt;br/&gt;* engaging industry partners in the design of courses and curricula;&lt;br/&gt;* integrating real-life cybersecurity enrichment activities into the cybersecurity program to increase student satisfaction and improve retention; and&lt;br/&gt;* increasing the number of women, minorities, and first-generation college students entering cybersecurity careers.&lt;br/&gt;&lt;br/&gt;This project is funded by the Advanced Technological Education (ATE) program, which focuses on the education of technicians for the advanced-technology fields that drive the nation's economy.&lt;br/&gt;&lt;br/&gt;This award reflects NSF's statutory mission and has been deemed worthy of support through evaluation using the Foundation's intellectual merit and broader impacts review criteria.]]></AbstractNarration>
<MinAmdLetterDate>07/31/2019</MinAmdLetterDate>
<MaxAmdLetterDate>12/13/2021</MaxAmdLetterDate>
<ARRAAmount/>
<TRAN_TYPE>Grant</TRAN_TYPE>
<CFDA_NUM>47.076</CFDA_NUM>
<NSF_PAR_USE_FLAG>1</NSF_PAR_USE_FLAG>
<FUND_AGCY_CODE>4900</FUND_AGCY_CODE>
<AWDG_AGCY_CODE>4900</AWDG_AGCY_CODE>
<AwardID>1901757</AwardID>
<Investigator>
<FirstName>Bernice</FirstName>
<LastName>Brezina</LastName>
<PI_MID_INIT/>
<PI_SUFX_NAME/>
<PI_FULL_NAME>Bernice Brezina</PI_FULL_NAME>
<EmailAddress><![CDATA[bdbrezina@csmd.edu]]></EmailAddress>
<NSF_ID>000760419</NSF_ID>
<StartDate>07/31/2019</StartDate>
<EndDate/>
<RoleCode>Co-Principal Investigator</RoleCode>
</Investigator>
<Investigator>
<FirstName>Thomas</FirstName>
<LastName>Luginbill</LastName>
<PI_MID_INIT>J</PI_MID_INIT>
<PI_SUFX_NAME/>
<PI_FULL_NAME>Thomas J Luginbill</PI_FULL_NAME>
<EmailAddress><![CDATA[tjluginbill@csmd.edu]]></EmailAddress>
<NSF_ID>000785606</NSF_ID>
<StartDate>07/31/2019</StartDate>
<EndDate>10/17/2019</EndDate>
<RoleCode>Former Principal Investigator</RoleCode>
</Investigator>
<Investigator>
<FirstName>Lakisha</FirstName>
<LastName>Ferebee</LastName>
<PI_MID_INIT/>
<PI_SUFX_NAME/>
<PI_FULL_NAME>Lakisha Ferebee</PI_FULL_NAME>
<EmailAddress><![CDATA[ldferebee@csmd.edu]]></EmailAddress>
<NSF_ID>000869179</NSF_ID>
<StartDate>12/13/2021</StartDate>
<EndDate/>
<RoleCode>Co-Principal Investigator</RoleCode>
</Investigator>
<Investigator>
<FirstName>Mary Beth</FirstName>
<LastName>Klinger</LastName>
<PI_MID_INIT/>
<PI_SUFX_NAME/>
<PI_FULL_NAME>Mary Beth Klinger</PI_FULL_NAME>
<EmailAddress><![CDATA[mbklinger@csmd.edu]]></EmailAddress>
<NSF_ID>000787567</NSF_ID>
<StartDate>12/13/2021</StartDate>
<EndDate/>
<RoleCode>Principal Investigator</RoleCode>
</Investigator>
<Investigator>
<FirstName>Christopher</FirstName>
<LastName>Estes</LastName>
<PI_MID_INIT/>
<PI_SUFX_NAME/>
<PI_FULL_NAME>Christopher Estes</PI_FULL_NAME>
<EmailAddress><![CDATA[caestes@csmd.edu]]></EmailAddress>
<NSF_ID>000791300</NSF_ID>
<StartDate>10/17/2019</StartDate>
<EndDate>12/13/2021</EndDate>
<RoleCode>Former Principal Investigator</RoleCode>
</Investigator>
<Investigator>
<FirstName>Mary Beth</FirstName>
<LastName>Klinger</LastName>
<PI_MID_INIT/>
<PI_SUFX_NAME/>
<PI_FULL_NAME>Mary Beth Klinger</PI_FULL_NAME>
<EmailAddress><![CDATA[mbklinger@csmd.edu]]></EmailAddress>
<NSF_ID>000787567</NSF_ID>
<StartDate>07/31/2019</StartDate>
<EndDate>12/13/2021</EndDate>
<RoleCode>Former Co-Principal Investigator</RoleCode>
</Investigator>
<Institution>
<Name>College of Southern Maryland</Name>
<CityName>LA PLATA</CityName>
<ZipCode>206462867</ZipCode>
<PhoneNumber>3019347627</PhoneNumber>
<StreetAddress>8730 MITCHELL RD</StreetAddress>
<StreetAddress2/>
<CountryName>United States</CountryName>
<StateName>Maryland</StateName>
<StateCode>MD</StateCode>
<CONGRESSDISTRICT>05</CONGRESSDISTRICT>
<CONGRESS_DISTRICT_ORG>MD05</CONGRESS_DISTRICT_ORG>
<ORG_UEI_NUM>RXBYMPLH7J74</ORG_UEI_NUM>
<ORG_LGL_BUS_NAME>COLLEGE OF SOUTHERN MARYLAND</ORG_LGL_BUS_NAME>
<ORG_PRNT_UEI_NUM/>
</Institution>
<Performance_Institution>
<Name><![CDATA[College of Southern Maryland]]></Name>
<CityName>La Plata</CityName>
<StateCode>MD</StateCode>
<ZipCode>206460910</ZipCode>
<StreetAddress><![CDATA[P.O. Box 910]]></StreetAddress>
<CountryCode>US</CountryCode>
<CountryName>United States</CountryName>
<StateName>Maryland</StateName>
<CountryFlag>1</CountryFlag>
<CONGRESSDISTRICT>05</CONGRESSDISTRICT>
<CONGRESS_DISTRICT_PERF>MD05</CONGRESS_DISTRICT_PERF>
</Performance_Institution>
<ProgramElement>
<Code>7412</Code>
<Text>Advanced Tech Education Prog</Text>
</ProgramElement>
<ProgramReference>
<Code>1032</Code>
<Text>ADVANCED TECHNOLOGY EDUCATION</Text>
</ProgramReference>
<ProgramReference>
<Code>9178</Code>
<Text>UNDERGRADUATE EDUCATION</Text>
</ProgramReference>
<ProgramReference>
<Code>SMET</Code>
<Text>SCIENCE, MATH, ENG &amp; TECH EDUCATION</Text>
</ProgramReference>
<Appropriation>
<Code>0419</Code>
<Name>NSF Education &amp; Human Resource</Name>
<APP_SYMB_ID>040106</APP_SYMB_ID>
</Appropriation>
<Fund>
<Code>04001920DB</Code>
<Name><![CDATA[NSF Education & Human Resource]]></Name>
<FUND_SYMB_ID>040106</FUND_SYMB_ID>
</Fund>
<FUND_OBLG>2019~258912</FUND_OBLG>
<POR>
<DRECONTENT><![CDATA[<div class="porColContainerWBG"> <div class="porContentCol"><p><strong>Cybersecurity Workforce: Bridging the Gap</strong></p> <p>This project supported community college students in their academic  pursuit of a Cybersecurity AAS degree through mentorship, collaboration,  skill preparation, and other support activities. The goal of  the project was on developing diverse, educated, and skilled  cybersecurity professionals for local industry and government  throughout Southern Maryland. It addressed the current cybersecurity  workforce gap that exists throughout the Washington, DC region and is  emblematic of the lack of qualified cybersecurity personnel that  presently persists in the United States today.</p> <p><strong>Intellectual Merit: </strong>This project resulted in a new  Information Assurance concentration within the Cybersecurity AAS program  focused on business continuity and disaster recovery as well as  cybersecurity risk management. Certification preparation workshops and a  boot camp to support students with technical preparation were offered  as well as guest speakers, field trips, hackathons, and other career  enrichment activities. Cybersecurity awareness workshops were provided  to promote program offerings and a virtual learning community was  developed to provide mentorship and on-going student support. Open Labs  with an emphasis on "Learn, Work, Play" were implemented at multiple  campuses to provide cybersecurity students with professional experience  as lab assistants.</p> <p><strong>Broader Impact: </strong>Emphasis throughout the project  was placed on community building both at the college as well as in the larger cybersecurity community so students felt that they belonged and  were connected to the workforce and industry. A project community  survey was distributed to students as both a pre-test when they began  the project in year one at the start of their cybersecurity coursework,  and again as a post-test at the conclusion of year two when they finished  their degree program. The survey questionnaire measured students' sense  of connectedness and belonging to the project, the Cybersecurity program, and the college as a whole.</p> <p>Comparing the pre- and post-surveys, the results showed that students felt a  greater sense of community as they moved through the project and their  academic coursework in the cybersecurity program. The study concluded  that increased feelings of connectedness to the project activities  through authentic shared learning experiences promoted belonging as well  as provided social and academic supports to help students be successful  in the cybersecurity program. These feelings of connectedness will  carry forward into current and future workforce positions within the  in-demand cybersecurity profession.</p> <p><strong>Culminating Outcome: </strong>Students connectedness with  their peers, cybersecurity faculty, and the college, as well as a  newfound sense of belonging within the cybersecurity community have  provided additional enrichment for these new cybersecurity professionals  to be successful in this technical field for the long term. By working  collaboratively with industry partners to enhance the cybersecurity  curriculum and through implementation of real-world cybersecurity  activities for students to enhance their community college experience,  this project increased student interest and satisfaction with the  cybersecurity academic program, improved retention to support program  completion, and resulted in new cybersecurity professionals joining this  in-demand workforce as committed and dedicated employees.</p><br> <p>  Last Modified: 12/21/2023<br> Modified by: Mary Beth&nbsp;Klinger</p></div> <div class="porSideCol" ></div> </div>]]></DRECONTENT>
<POR_COPY_TXT><![CDATA[  Cybersecurity Workforce: Bridging the Gap   This project supported community college students in their academic  pursuit of a Cybersecurity AAS degree through mentorship, collaboration,  skill preparation, and other support activities. The goal of  the project was on developing diverse, educated, and skilled  cybersecurity professionals for local industry and government  throughout Southern Maryland. It addressed the current cybersecurity  workforce gap that exists throughout the Washington, DC region and is  emblematic of the lack of qualified cybersecurity personnel that  presently persists in the United States today.   Intellectual Merit: This project resulted in a new  Information Assurance concentration within the Cybersecurity AAS program  focused on business continuity and disaster recovery as well as  cybersecurity risk management. Certification preparation workshops and a  boot camp to support students with technical preparation were offered  as well as guest speakers, field trips, hackathons, and other career  enrichment activities. Cybersecurity awareness workshops were provided  to promote program offerings and a virtual learning community was  developed to provide mentorship and on-going student support. Open Labs  with an emphasis on "Learn, Work, Play" were implemented at multiple  campuses to provide cybersecurity students with professional experience  as lab assistants.   Broader Impact: Emphasis throughout the project  was placed on community building both at the college as well as in the larger cybersecurity community so students felt that they belonged and  were connected to the workforce and industry. A project community  survey was distributed to students as both a pre-test when they began  the project in year one at the start of their cybersecurity coursework,  and again as a post-test at the conclusion of year two when they finished  their degree program. The survey questionnaire measured students' sense  of connectedness and belonging to the project, the Cybersecurity program, and the college as a whole.   Comparing the pre- and post-surveys, the results showed that students felt a  greater sense of community as they moved through the project and their  academic coursework in the cybersecurity program. The study concluded  that increased feelings of connectedness to the project activities  through authentic shared learning experiences promoted belonging as well  as provided social and academic supports to help students be successful  in the cybersecurity program. These feelings of connectedness will  carry forward into current and future workforce positions within the  in-demand cybersecurity profession.   Culminating Outcome: Students connectedness with  their peers, cybersecurity faculty, and the college, as well as a  newfound sense of belonging within the cybersecurity community have  provided additional enrichment for these new cybersecurity professionals  to be successful in this technical field for the long term. By working  collaboratively with industry partners to enhance the cybersecurity  curriculum and through implementation of real-world cybersecurity  activities for students to enhance their community college experience,  this project increased student interest and satisfaction with the  cybersecurity academic program, improved retention to support program  completion, and resulted in new cybersecurity professionals joining this  in-demand workforce as committed and dedicated employees.     Last Modified: 12/21/2023       Submitted by: Mary BethKlinger]]></POR_COPY_TXT>
</POR>
</Award>
</rootTag>
