<?xml version="1.0" encoding="UTF-8"?>
<rootTag>
<Award>
<AwardTitle><![CDATA[RAPID: Draining the landscape: Will the drop in stream and groundwater levels following dam removal increase the leaching/leakage of nitrogen (N) from riparian zones?]]></AwardTitle>
<AGENCY>NSF</AGENCY>
<AwardEffectiveDate>11/01/2018</AwardEffectiveDate>
<AwardExpirationDate>10/31/2020</AwardExpirationDate>
<AwardTotalIntnAmount>49945.00</AwardTotalIntnAmount>
<AwardAmount>49945</AwardAmount>
<AwardInstrument>
<Value>Standard Grant</Value>
</AwardInstrument>
<Organization>
<Code>06030000</Code>
<Directorate>
<Abbreviation>GEO</Abbreviation>
<LongName>Directorate For Geosciences</LongName>
</Directorate>
<Division>
<Abbreviation>EAR</Abbreviation>
<LongName>Division Of Earth Sciences</LongName>
</Division>
</Organization>
<ProgramOfficer>
<SignBlockName>Laura Lautz</SignBlockName>
<PO_EMAI>llautz@nsf.gov</PO_EMAI>
<PO_PHON>7032927775</PO_PHON>
</ProgramOfficer>
<AbstractNarration><![CDATA[A large number of dams are currently being removed across the U.S. and at an accelerating pace. Most of the dam removals are driven by the need to increase public safety, reduce owner liability, and improve fish/aquatic habitat. However, little attention is being paid to how dam removals could influence water quality. Generally, dams slow down the flow of water and simultaneously raise the level of water in the stream and in the stream-side areas known as riparian areas. Unintentionally, this provides a valuable benefit: wet soils rich in carbon act as important filters for nitrogen, a key pollutant in waterways. This natural filtering service reduces stream water nitrogen concentrations and improves water quality. Dam removals could undermine this valuable service and potentially increase nitrogen in streams. This study will quantify how dam removal alters the capacity of riparian soils in filtering nitrogen. Results will be conveyed to landowners and natural resource agencies which will position them to make informed decisions on dam removals and better manage our watersheds. The study will provide a valuable opportunity for education and professional development for undergraduate and graduate students. In addition to presentations at professional conferences and meetings, project results will be disseminated to broader, non-academic audiences through talks at community Science Cafes.&lt;br/&gt;&lt;br/&gt;Near-surface groundwater and wet soil conditions in riparian zones, particularly upstream of dams, enhance denitrification in soils - a key mechanism by which riparian zones filter and remove nitrogen (N) from soils and act as hot spots for nitrogen buffering. Dam removals can lower groundwater levels, expose and dry riparian soils, and result in loss of valuable denitrification ecosystem services. Furthermore, drying of soils could enhance mineralization and nitrification, processes that release soil N and increase water pollution.  This could result in riparian zones switching from watershed N sinks to sources. This hypothesis (increasing soil N leakage following dam removal) will be tested at the Chickies Creek site in Pennsylvania where the Krady Mill dam was recently removed. Stream water and ground waters at two riparian transects will be monitored and sampled weekly to study changes in concentration of nitrogen species. Riparian soil samples along the transects and at various soil depths will be collected to measure changes in soil N concentrations and the rates of mineralization, nitrification and denitrification. Measured process rates along with areal extent of the drained soils will be used to estimate/predict the N leakage (kg per unit stream length) following dam removal. Considering increasing dam removals across the U.S., results from this study will provide novel insights critical for watershed management and assessing the benefits and drawbacks of dam removal.&lt;br/&gt;&lt;br/&gt;This award reflects NSF's statutory mission and has been deemed worthy of support through evaluation using the Foundation's intellectual merit and broader impacts review criteria.]]></AbstractNarration>
<MinAmdLetterDate>11/08/2018</MinAmdLetterDate>
<MaxAmdLetterDate>11/08/2018</MaxAmdLetterDate>
<ARRAAmount/>
<TRAN_TYPE>Grant</TRAN_TYPE>
<CFDA_NUM>47.050</CFDA_NUM>
<NSF_PAR_USE_FLAG>1</NSF_PAR_USE_FLAG>
<FUND_AGCY_CODE>4900</FUND_AGCY_CODE>
<AWDG_AGCY_CODE>4900</AWDG_AGCY_CODE>
<AwardID>1901787</AwardID>
<Investigator>
<FirstName>Shreeram</FirstName>
<LastName>Inamdar</LastName>
<PI_MID_INIT>P</PI_MID_INIT>
<PI_SUFX_NAME/>
<PI_FULL_NAME>Shreeram P Inamdar</PI_FULL_NAME>
<EmailAddress><![CDATA[inamdar@udel.edu]]></EmailAddress>
<NSF_ID>000342368</NSF_ID>
<StartDate>11/08/2018</StartDate>
<EndDate/>
<RoleCode>Principal Investigator</RoleCode>
</Investigator>
<Institution>
<Name><![CDATA[University of Delaware]]></Name>
<CityName>NEWARK</CityName>
<ZipCode>197160099</ZipCode>
<PhoneNumber>3028312136</PhoneNumber>
<StreetAddress><![CDATA[220 HULLIHEN HALL]]></StreetAddress>
<StreetAddress2/>
<CountryName>United States</CountryName>
<StateName>Delaware</StateName>
<StateCode>DE</StateCode>
<CONGRESSDISTRICT>00</CONGRESSDISTRICT>
<CONGRESS_DISTRICT_ORG>DE00</CONGRESS_DISTRICT_ORG>
<ORG_UEI_NUM>T72NHKM259N3</ORG_UEI_NUM>
<ORG_LGL_BUS_NAME>UNIVERSITY OF DELAWARE</ORG_LGL_BUS_NAME>
<ORG_PRNT_UEI_NUM/>
</Institution>
<Performance_Institution>
<Name><![CDATA[University of Delaware]]></Name>
<CityName>Newark</CityName>
<StateCode>DE</StateCode>
<ZipCode>197162103</ZipCode>
<StreetAddress><![CDATA[531 S College Avenue]]></StreetAddress>
<CountryCode>US</CountryCode>
<CountryName>United States</CountryName>
<StateName>Delaware</StateName>
<CountryFlag>1</CountryFlag>
<CONGRESSDISTRICT>00</CONGRESSDISTRICT>
<CONGRESS_DISTRICT_PERF>DE00</CONGRESS_DISTRICT_PERF>
</Performance_Institution>
<ProgramElement>
<Code>1579</Code>
<Text>Hydrologic Sciences</Text>
</ProgramElement>
<ProgramElement>
<Code>7222</Code>
<Text>XC-Crosscutting Activities Pro</Text>
</ProgramElement>
<ProgramReference>
<Code>7914</Code>
<Text>RAPID</Text>
</ProgramReference>
<ProgramReference>
<Code>9150</Code>
<Text>EXP PROG TO STIM COMP RES</Text>
</ProgramReference>
<Appropriation>
<Code>0119</Code>
<Name>NSF RESEARCH &amp; RELATED ACTIVIT</Name>
<APP_SYMB_ID>040100</APP_SYMB_ID>
</Appropriation>
<Fund>
<Code>01001920DB</Code>
<Name><![CDATA[NSF RESEARCH & RELATED ACTIVIT]]></Name>
<FUND_SYMB_ID>040100</FUND_SYMB_ID>
</Fund>
<FUND_OBLG>2019~49945</FUND_OBLG>
<POR>
<DRECONTENT><![CDATA[<div class="porColContainerWBG"> <div class="porContentCol"><p>Starting in the 1700s, hundreds to thousands of milldams were  constructed by early European settlers in the US for running mills using  water power. Milldams existed every few miles on streams in the eastern  US, particularly in the mid-Atlantic region. Most of these milldams  have since breached or have been removed. The remaining milldams are now  increasingly being removed by natural resource agencies and state and  local governments for enhancing public safety and fish habitat in  streams.&nbsp; Little however, is known about how milldam removals impact  water quality.&nbsp;</p> <p>Milldams raise stream and riparian groundwater  levels upstream of the dam.&nbsp; Riparian zones have been found to be  effective in removing excess nitrogen (N) from groundwater when water  levels are high and near the soil surface. This N removal happens via  processes like plant uptake and denitrification and therefore riparian  zones are considered as ?buffers? for N pollution. We hypothesized that  milldam removals would lower the stream and groundwater levels and thus  undercut valuable N removal services like denitrification and plant  uptake resulting in increased N concentrations in riparian groundwater  and streams.&nbsp; In addition, well-drained soils have also been shown to  increase N through the process of nitrification.&nbsp; Hence, we hypothesized  that nitrification would increase while denitrification would decrease  in riparian soils following dam removal.</p> <p>We evaluated these hypotheses for the Krady dam removal on Chiques  Creek near Columbia, Pennsylvania. The dam which was originally built in  the 1700s was 1.5 m tall and 30 m wide, was removed on July 9, 2018.&nbsp;  Stream and groundwater levels dropped by 1.5 m after dam removal. Our  groundwater and stream water sampling started November 2018, after the  funding of this grant, and has continued to date providing about two  years of data.&nbsp; Our results suggest that while soil water concentrations  of nitrate-N in the drained soils were elevated, riparian groundwater  nitrate-N concentrations were low and there has been no perceptible  increase in nitrate-N for the past two years.&nbsp; Similarly, while stream  water N showed distinct seasonal variations in N, there has been no  long-term trend of increasing or decreasing N in stream waters.&nbsp;  Similarly, riparian soils did not display any increasing or decreasing  trends in denitrification or nitrification rates for the past two years.  Thus, the data did not support our primary hypotheses. We speculate  that while nitrate-N was likely being leached from the surficial  riparian soils, the denitrification rates in groundwater (now lower than  before dam removal) were still sufficiently elevated to remove any  excess nitrate-N generation.</p> <p>To our knowledge, this was the first  study that has investigated how milldam removals could impact riparian  groundwater N. Our results suggest that riparian soils or zones are  resilient and can buffer any sudden changes in groundwater levels  associated with milldam removals. This data provides important  information that could help watershed agencies and managers make more  informed decisions with regard to dam removals.&nbsp; It should be noted  though that sampling started four months after dam removal and we did  not have any pre-removal data (because of lack of information on the  exact date of dam removal and lack of funding to initiate a study). Our  study is also currently limited to only two years and thus the longer  term changes in soil and water quality are unknown. In addition, the  height of the Krady dam was relatively small ? only 1.5 m. We do not  know if the results and conclusions from this study would extend to  taller dams. Additional studies are recommended that investigate taller  milldam removals and which include pre-dam removal conditions and  continued monitoring beyond two years after dam removal.</p><br> <p>            Last Modified: 01/27/2021<br>      Modified by: Shreeram&nbsp;P&nbsp;Inamdar</p> </div> <div class="porSideCol"> <div class="each-gallery"> <div class="galContent" id="gallery0"> <div class="photoCount" id="photoCount0">          Images (<span id="selectedPhoto0">1</span> of <span class="totalNumber"></span>)           </div> <div class="galControls" id="controls0"></div> <div class="galSlideshow" id="slideshow0"></div> <div class="galEmbox" id="embox"> <div class="image-title"></div> </div> </div> <div class="galNavigation" id="navigation0"> <ul class="thumbs" id="thumbs0"> <li> <a href="/por/images/Reports/POR/2021/1901787/1901787_10585590_1611763457273_Krady_before_after--rgov-214x142.jpg" original="/por/images/Reports/POR/2021/1901787/1901787_10585590_1611763457273_Krady_before_after--rgov-800width.jpg" title="Krady_Before and after"><img src="/por/images/Reports/POR/2021/1901787/1901787_10585590_1611763457273_Krady_before_after--rgov-66x44.jpg" alt="Krady_Before and after"></a> <div class="imageCaptionContainer"> <div class="imageCaption">Krady dam on Chiques Creek in Pennsylvania before (top) and after removal (bottom). Dam was about 1.5 m tall and 30 m wide. Stream and adjacent groundwater levels dropped by about 1.5 m following dam removal.</div> <div class="imageCredit">Dorothy Merritts and Shreeram Inamdar</div> <div class="imagePermisssions">Copyrighted</div> <div class="imageSubmitted">Shreeram&nbsp;P&nbsp;Inamdar</div> <div class="imageTitle">Krady_Before and after</div> </div> </li> <li> <a href="/por/images/Reports/POR/2021/1901787/1901787_10585590_1611763555402_Krady_dam_removal--rgov-214x142.jpg" original="/por/images/Reports/POR/2021/1901787/1901787_10585590_1611763555402_Krady_dam_removal--rgov-800width.jpg" title="Krady dam removal"><img src="/por/images/Reports/POR/2021/1901787/1901787_10585590_1611763555402_Krady_dam_removal--rgov-66x44.jpg" alt="Krady dam removal"></a> <div class="imageCaptionContainer"> <div class="imageCaption">Aerial view of Krady dam removal in progress on July 9, 2018 (Source: Dorothy Merritts).</div> <div class="imageCredit">Dorothy Merritts</div> <div class="imagePermisssions">Copyrighted</div> <div class="imageSubmitted">Shreeram&nbsp;P&nbsp;Inamdar</div> <div class="imageTitle">Krady dam removal</div> </div> </li> </ul> </div> </div> </div> </div>]]></DRECONTENT>
<POR_COPY_TXT><![CDATA[ Starting in the 1700s, hundreds to thousands of milldams were  constructed by early European settlers in the US for running mills using  water power. Milldams existed every few miles on streams in the eastern  US, particularly in the mid-Atlantic region. Most of these milldams  have since breached or have been removed. The remaining milldams are now  increasingly being removed by natural resource agencies and state and  local governments for enhancing public safety and fish habitat in  streams.  Little however, is known about how milldam removals impact  water quality.   Milldams raise stream and riparian groundwater  levels upstream of the dam.  Riparian zones have been found to be  effective in removing excess nitrogen (N) from groundwater when water  levels are high and near the soil surface. This N removal happens via  processes like plant uptake and denitrification and therefore riparian  zones are considered as ?buffers? for N pollution. We hypothesized that  milldam removals would lower the stream and groundwater levels and thus  undercut valuable N removal services like denitrification and plant  uptake resulting in increased N concentrations in riparian groundwater  and streams.  In addition, well-drained soils have also been shown to  increase N through the process of nitrification.  Hence, we hypothesized  that nitrification would increase while denitrification would decrease  in riparian soils following dam removal.  We evaluated these hypotheses for the Krady dam removal on Chiques  Creek near Columbia, Pennsylvania. The dam which was originally built in  the 1700s was 1.5 m tall and 30 m wide, was removed on July 9, 2018.   Stream and groundwater levels dropped by 1.5 m after dam removal. Our  groundwater and stream water sampling started November 2018, after the  funding of this grant, and has continued to date providing about two  years of data.  Our results suggest that while soil water concentrations  of nitrate-N in the drained soils were elevated, riparian groundwater  nitrate-N concentrations were low and there has been no perceptible  increase in nitrate-N for the past two years.  Similarly, while stream  water N showed distinct seasonal variations in N, there has been no  long-term trend of increasing or decreasing N in stream waters.   Similarly, riparian soils did not display any increasing or decreasing  trends in denitrification or nitrification rates for the past two years.  Thus, the data did not support our primary hypotheses. We speculate  that while nitrate-N was likely being leached from the surficial  riparian soils, the denitrification rates in groundwater (now lower than  before dam removal) were still sufficiently elevated to remove any  excess nitrate-N generation.  To our knowledge, this was the first  study that has investigated how milldam removals could impact riparian  groundwater N. Our results suggest that riparian soils or zones are  resilient and can buffer any sudden changes in groundwater levels  associated with milldam removals. This data provides important  information that could help watershed agencies and managers make more  informed decisions with regard to dam removals.  It should be noted  though that sampling started four months after dam removal and we did  not have any pre-removal data (because of lack of information on the  exact date of dam removal and lack of funding to initiate a study). Our  study is also currently limited to only two years and thus the longer  term changes in soil and water quality are unknown. In addition, the  height of the Krady dam was relatively small ? only 1.5 m. We do not  know if the results and conclusions from this study would extend to  taller dams. Additional studies are recommended that investigate taller  milldam removals and which include pre-dam removal conditions and  continued monitoring beyond two years after dam removal.       Last Modified: 01/27/2021       Submitted by: Shreeram P Inamdar]]></POR_COPY_TXT>
</POR>
</Award>
</rootTag>
