<?xml version="1.0" encoding="UTF-8"?>
<rootTag>
<Award>
<AwardTitle><![CDATA[Logic, Ramsey Theory, and Relational Structures]]></AwardTitle>
<AGENCY>NSF</AGENCY>
<AwardEffectiveDate>09/01/2019</AwardEffectiveDate>
<AwardExpirationDate>10/31/2022</AwardExpirationDate>
<AwardTotalIntnAmount>158476.00</AwardTotalIntnAmount>
<AwardAmount>158476</AwardAmount>
<AwardInstrument>
<Value>Standard Grant</Value>
</AwardInstrument>
<Organization>
<Code>03040000</Code>
<Directorate>
<Abbreviation>MPS</Abbreviation>
<LongName>Direct For Mathematical &amp; Physical Scien</LongName>
</Directorate>
<Division>
<Abbreviation>DMS</Abbreviation>
<LongName>Division Of Mathematical Sciences</LongName>
</Division>
</Organization>
<ProgramOfficer>
<SignBlockName>Tomek Bartoszynski</SignBlockName>
<PO_EMAI>tbartosz@nsf.gov</PO_EMAI>
<PO_PHON>7032924885</PO_PHON>
</ProgramOfficer>
<AbstractNarration><![CDATA[Ramsey Theory is a central area of mathematics aptly characterized by Motzkin's motto, "Complete disorder is impossible."  Ramsey's Theorem states that given any coloring of all pairs of natural numbers into finitely many colors, there is an infinite subset in which all pairs have the same color.  Since its inception, Ramsey theory has developed in multiple directions, often appearing as the core content in solutions to deep problems from a wide range of mathematical disciplines.  This project utilizes techniques in mathematical logic to more fully develop Ramsey theory of infinite relational structures.  A major motivation is to find dividing lines between those infinite structures which act like the natural numbers in the sense of possessing analogues of Ramsey's theorem, and those which do not.  Of particular interest is the advancement of Ramsey theory for structures with forbidden configurations.  Progress on infinite structures works in tandem with progress in mathematical logic and topology, creating new pathways between several areas of mathematics.  This project includes some important questions which are suitable for graduate students and early career researchers, thus providing opportunities to broaden participation of well-trained mathematicians via the PI's mentoring.&lt;br/&gt;&lt;br/&gt;This research program will develop the Ramsey theory of infinite relational structures, especially those with forbidden configurations, an area which had been largely impervious to investigations prior to the PI's recent solution for the universal homogeneous triangle-free graph.  This will involve constructing new types of trees which code homogeneous relational structures and using the technique of forcing to produce (in ZFC) Ramsey theorems for these classes of trees.  These new techniques will be used obtain better bounds for finite structural Ramsey theory.  Computability theoretic strengths of varying Ramsey statements, and connections with classification schemes in model theory will be investigated.  Infinitary Ramsey theory will continue to be developed with a broad spectrum of implications for and applications to other areas of mathematics.  The techniques developed, involving simultaneous uses of logic, combinatorics and topology, will create new pathways between these areas of mathematics.&lt;br/&gt;&lt;br/&gt;This award reflects NSF's statutory mission and has been deemed worthy of support through evaluation using the Foundation's intellectual merit and broader impacts review criteria.]]></AbstractNarration>
<MinAmdLetterDate>03/07/2019</MinAmdLetterDate>
<MaxAmdLetterDate>03/07/2019</MaxAmdLetterDate>
<ARRAAmount/>
<TRAN_TYPE>Grant</TRAN_TYPE>
<CFDA_NUM>47.049</CFDA_NUM>
<NSF_PAR_USE_FLAG>1</NSF_PAR_USE_FLAG>
<FUND_AGCY_CODE>4900</FUND_AGCY_CODE>
<AWDG_AGCY_CODE>4900</AWDG_AGCY_CODE>
<AwardID>1901753</AwardID>
<Investigator>
<FirstName>Natasha</FirstName>
<LastName>Dobrinen</LastName>
<PI_MID_INIT/>
<PI_SUFX_NAME/>
<PI_FULL_NAME>Natasha Dobrinen</PI_FULL_NAME>
<EmailAddress><![CDATA[ndobrine@nd.edu]]></EmailAddress>
<NSF_ID>000603327</NSF_ID>
<StartDate>03/07/2019</StartDate>
<EndDate/>
<RoleCode>Principal Investigator</RoleCode>
</Investigator>
<Institution>
<Name><![CDATA[University of Denver]]></Name>
<CityName>DENVER</CityName>
<ZipCode>802104711</ZipCode>
<PhoneNumber>3038712000</PhoneNumber>
<StreetAddress><![CDATA[2199 S UNIVERSITY BLVD]]></StreetAddress>
<StreetAddress2/>
<CountryName>United States</CountryName>
<StateName>Colorado</StateName>
<StateCode>CO</StateCode>
<CONGRESSDISTRICT>01</CONGRESSDISTRICT>
<CONGRESS_DISTRICT_ORG>CO01</CONGRESS_DISTRICT_ORG>
<ORG_UEI_NUM>WCUGNQQ8DZU1</ORG_UEI_NUM>
<ORG_LGL_BUS_NAME>COLORADO SEMINARY</ORG_LGL_BUS_NAME>
<ORG_PRNT_UEI_NUM>WCUGNQQ8DZU1</ORG_PRNT_UEI_NUM>
</Institution>
<Performance_Institution>
<Name><![CDATA[University of Denver]]></Name>
<CityName/>
<StateCode>CO</StateCode>
<ZipCode>802104711</ZipCode>
<StreetAddress/>
<CountryCode>US</CountryCode>
<CountryName>United States</CountryName>
<StateName>Colorado</StateName>
<CountryFlag>1</CountryFlag>
<CONGRESSDISTRICT>01</CONGRESSDISTRICT>
<CONGRESS_DISTRICT_PERF>CO01</CONGRESS_DISTRICT_PERF>
</Performance_Institution>
<ProgramElement>
<Code>1268</Code>
<Text>FOUNDATIONS</Text>
</ProgramElement>
<Appropriation>
<Code>0119</Code>
<Name>NSF RESEARCH &amp; RELATED ACTIVIT</Name>
<APP_SYMB_ID>040100</APP_SYMB_ID>
</Appropriation>
<Fund>
<Code>01001920DB</Code>
<Name><![CDATA[NSF RESEARCH & RELATED ACTIVIT]]></Name>
<FUND_SYMB_ID>040100</FUND_SYMB_ID>
</Fund>
<FUND_OBLG>2019~139323</FUND_OBLG>
</Award>
</rootTag>
