<?xml version="1.0" encoding="UTF-8"?>
<rootTag>
<Award>
<AwardTitle><![CDATA[SHF: Medium: Collaborative Research: ADMM-NN: A Unified Software/Hardware Framework of DNN Computation and Storage Reduction Using ADMM]]></AwardTitle>
<AGENCY>NSF</AGENCY>
<AwardEffectiveDate>06/01/2019</AwardEffectiveDate>
<AwardExpirationDate>05/31/2023</AwardExpirationDate>
<AwardTotalIntnAmount>449998.00</AwardTotalIntnAmount>
<AwardAmount>449998</AwardAmount>
<AwardInstrument>
<Value>Continuing Grant</Value>
</AwardInstrument>
<Organization>
<Code>05010000</Code>
<Directorate>
<Abbreviation>CSE</Abbreviation>
<LongName>Direct For Computer &amp; Info Scie &amp; Enginr</LongName>
</Directorate>
<Division>
<Abbreviation>CCF</Abbreviation>
<LongName>Division of Computing and Communication Foundations</LongName>
</Division>
</Organization>
<ProgramOfficer>
<SignBlockName>Sankar Basu</SignBlockName>
<PO_EMAI>sabasu@nsf.gov</PO_EMAI>
<PO_PHON>7032927843</PO_PHON>
</ProgramOfficer>
<AbstractNarration><![CDATA[Deep neural networks (DNNs) have been employed in wide application domains thanks to their extraordinary performance. Hardware implementations of DNNs are of critical importance for the ubiquitous embedded and Internet of Things (IoT) devices, which call for high performance in energy and resource constrained systems. This project aims to address the challenges when mapping complicated DNN models into hardware for energy-efficient and performance-driven implementations. The proposed techniques will promote wider adoptions of deep learning into both high-performance and low-power computing systems. The project will also enhance economic opportunities and have significant societal benefits via solutions that support broader adoption of intelligent systems for big data analytics, weather modeling and forecasting, disease diagnosis and drug delivery, and medical image processing. The research advances will be incorporated into coursework taught by the investigators. Activities on engaging underrepresented, undergraduate, and K12 students will be designed in collaboration with the Northeastern University Center of STEM Education and University of Southern California's Viterbi Center for Engineering Diversity. All software code from the project will be released via GitHub and educational modules and tutorials will be make available to the research community, industry, and government.&lt;br/&gt; &lt;br/&gt;Exploring the inherent model redundancy of DNNs, this project will develop an algorithm-hardware co-optimization framework for greatly reducing DNN computation and storage requirements by leveraging ADMM (alternating direction method of multipliers), a powerful optimization technique. This project first solves the challenge in the application of ADMM due to the non-convex objective function in DNN training, and thereby lack of guarantees on solution feasibility, solution quality, and low runtime. Therefore, an integrated framework of ADMM regularization and masked mapping and retraining will be developed and further improvements on solution quality, performance-driven computation/storage reduction, and hardware feasibility will be investigated. Next, the project proposes a unified weight and intermediate result pruning and quantization technique that explores all four redundancy sources of DNN models. Due to the impact on energy efficiency of hardware implementations of DNNs, nearly all DNN models, or at least the most computationally intensive convolutional layers can be then placed on a single chip. Finally, design-time parameterization and algorithm-hardware co-design solutions will be developed for efficient utilization of available hardware resources, achieving high performance, energy efficiency, and adaptation capability. Extensive experimentation and evaluation will be performed to validate and tune the proposed technique with prototype systems using FPGA devices.&lt;br/&gt;&lt;br/&gt;This award reflects NSF's statutory mission and has been deemed worthy of support through evaluation using the Foundation's intellectual merit and broader impacts review criteria.]]></AbstractNarration>
<MinAmdLetterDate>05/31/2019</MinAmdLetterDate>
<MaxAmdLetterDate>06/03/2021</MaxAmdLetterDate>
<ARRAAmount/>
<TRAN_TYPE>Grant</TRAN_TYPE>
<CFDA_NUM>47.070</CFDA_NUM>
<NSF_PAR_USE_FLAG>1</NSF_PAR_USE_FLAG>
<FUND_AGCY_CODE>4900</FUND_AGCY_CODE>
<AWDG_AGCY_CODE>4900</AWDG_AGCY_CODE>
<AwardID>1901440</AwardID>
<Investigator>
<FirstName>Massoud</FirstName>
<LastName>Pedram</LastName>
<PI_MID_INIT/>
<PI_SUFX_NAME/>
<PI_FULL_NAME>Massoud Pedram</PI_FULL_NAME>
<EmailAddress><![CDATA[pedram@usc.edu]]></EmailAddress>
<NSF_ID>000266845</NSF_ID>
<StartDate>05/31/2019</StartDate>
<EndDate/>
<RoleCode>Principal Investigator</RoleCode>
</Investigator>
<Institution>
<Name>University of Southern California</Name>
<CityName>LOS ANGELES</CityName>
<ZipCode>900890701</ZipCode>
<PhoneNumber>2137407762</PhoneNumber>
<StreetAddress>3720 S FLOWER ST FL 3</StreetAddress>
<StreetAddress2/>
<CountryName>United States</CountryName>
<StateName>California</StateName>
<StateCode>CA</StateCode>
<CONGRESSDISTRICT>37</CONGRESSDISTRICT>
<CONGRESS_DISTRICT_ORG>CA37</CONGRESS_DISTRICT_ORG>
<ORG_UEI_NUM>G88KLJR3KYT5</ORG_UEI_NUM>
<ORG_LGL_BUS_NAME>UNIVERSITY OF SOUTHERN CALIFORNIA</ORG_LGL_BUS_NAME>
<ORG_PRNT_UEI_NUM/>
</Institution>
<Performance_Institution>
<Name><![CDATA[University of Southern California]]></Name>
<CityName>Los Angeles</CityName>
<StateCode>CA</StateCode>
<ZipCode>900890001</ZipCode>
<StreetAddress><![CDATA[3720 S. Flower St.]]></StreetAddress>
<CountryCode>US</CountryCode>
<CountryName>United States</CountryName>
<StateName>California</StateName>
<CountryFlag>1</CountryFlag>
<CONGRESSDISTRICT>37</CONGRESSDISTRICT>
<CONGRESS_DISTRICT_PERF>CA37</CONGRESS_DISTRICT_PERF>
</Performance_Institution>
<ProgramElement>
<Code>7798</Code>
<Text>Software &amp; Hardware Foundation</Text>
</ProgramElement>
<ProgramReference>
<Code>7924</Code>
<Text>MEDIUM PROJECT</Text>
</ProgramReference>
<ProgramReference>
<Code>7945</Code>
<Text>DES AUTO FOR MICRO &amp; NANO SYST</Text>
</ProgramReference>
<Appropriation>
<Code>0119</Code>
<Name>NSF RESEARCH &amp; RELATED ACTIVIT</Name>
<APP_SYMB_ID>040100</APP_SYMB_ID>
</Appropriation>
<Appropriation>
<Code>0120</Code>
<Name>NSF RESEARCH &amp; RELATED ACTIVIT</Name>
<APP_SYMB_ID>040100</APP_SYMB_ID>
</Appropriation>
<Appropriation>
<Code>0121</Code>
<Name>NSF RESEARCH &amp; RELATED ACTIVIT</Name>
<APP_SYMB_ID>040100</APP_SYMB_ID>
</Appropriation>
<Fund>
<Code>01001920DB</Code>
<Name><![CDATA[NSF RESEARCH & RELATED ACTIVIT]]></Name>
<FUND_SYMB_ID>040100</FUND_SYMB_ID>
</Fund>
<Fund>
<Code>01002021DB</Code>
<Name><![CDATA[NSF RESEARCH & RELATED ACTIVIT]]></Name>
<FUND_SYMB_ID>040100</FUND_SYMB_ID>
</Fund>
<Fund>
<Code>01002122DB</Code>
<Name><![CDATA[NSF RESEARCH & RELATED ACTIVIT]]></Name>
<FUND_SYMB_ID>040100</FUND_SYMB_ID>
</Fund>
<FUND_OBLG>2019~145128</FUND_OBLG>
<FUND_OBLG>2020~148727</FUND_OBLG>
<FUND_OBLG>2021~156143</FUND_OBLG>
<POR>
<DRECONTENT><![CDATA[<div class="porColContainerWBG"> <div class="porContentCol"><p>This project focused on developing methods and automation tools to facilitate the design of deep learning or deep neural network (DNN) accelerators. The research led to notable advancements in several technical areas:</p> <p>(i) A framework was devised for the joint pruning and quantization of DNN weights, enhancing model efficiency.</p> <p>(ii) An algorithm-hardware co-design framework was established for mapping DNNs to FPGA hardware. This framework emphasized resource utilization, online adaptivity, performance, and energy efficiency.</p> <p>(iii) The development and demonstration of the concept of sparse periodic systolic (SPS) dataflow for accelerating DNNs.</p> <p>(iv) The introduction of design techniques for approximate data path computing, particularly applicable to DNN inference.</p> <p>(v) The proposition of DNN accelerator design optimization techniques, incorporating mixed-precision quantization, operation packing, and loop reordering to strike a balance between memory footprint and I/O bandwidth, ultimately enhancing overall throughput within the constraints of FPGA resources.</p> <p>The research conducted under this NSF grant not only contributed to technological advancement but also expanded economic opportunities in the United States. The solutions developed pave the way for broader adoption of intelligent systems in various domains, including big data analytics, cognitive systems, speech recognition, natural language processing, and time series prediction and analysis. Given the increasing importance of neural networks, deep learning, and machine intelligence in addressing societal challenges such as weather modeling, disease diagnosis, drug delivery, and medical image processing, this research is poised to deliver significant societal benefits.</p> <p>Furthermore, the techniques devised for reducing DNN computation and storage requirements can be extrapolated to other types of machine intelligence systems across diverse software and hardware platforms. This will facilitate the wider adoption of deep learning across a spectrum of computing systems, spanning high-performance and low-power devices such as wearables, IoT devices, autonomous systems, unmanned vehicles, and aerial systems.</p> <p>Notably, this research has also had a positive impact on education and workforce development, as evidenced by the graduation of two PhD students and two MS students who received partial support from this NSF grant. Their contributions to the field are a testament to the broader impacts of this research endeavor.</p> <p>&nbsp;</p><br> <p>            Last Modified: 09/26/2023<br>      Modified by: Massoud&nbsp;Pedram</p> </div> <div class="porSideCol"> <div class="each-gallery"> <div class="galContent" id="gallery0"> <div class="photoCount" id="photoCount0">          Image         </div> <div class="galControls onePhoto" id="controls0"></div> <div class="galSlideshow" id="slideshow0"></div> <div class="galEmbox" id="embox"> <div class="image-title"></div> </div> </div> <div class="galNavigation onePhoto" id="navigation0"> <ul class="thumbs" id="thumbs0"> <li> <a href="/por/images/Reports/POR/2023/1901440/1901440_10608292_1695746208483_ADMM-NN-Viewgraph-Pedram--rgov-214x142.jpg" original="/por/images/Reports/POR/2023/1901440/1901440_10608292_1695746208483_ADMM-NN-Viewgraph-Pedram--rgov-800width.jpg" title="ADMM-NN Project Summary Slide"><img src="/por/images/Reports/POR/2023/1901440/1901440_10608292_1695746208483_ADMM-NN-Viewgraph-Pedram--rgov-66x44.jpg" alt="ADMM-NN Project Summary Slide"></a> <div class="imageCaptionContainer"> <div class="imageCaption">This viewgraph describes the flow used to optimize and map a DNN inference model onto an SoC-class FPGA device</div> <div class="imageCredit">Massoud Pedram</div> <div class="imagePermisssions">Royalty-free (unrestricted use)</div> <div class="imageSubmitted">Massoud&nbsp;Pedram</div> <div class="imageTitle">ADMM-NN Project Summary Slide</div> </div> </li> </ul> </div> </div> </div> </div>]]></DRECONTENT>
<POR_COPY_TXT><![CDATA[ This project focused on developing methods and automation tools to facilitate the design of deep learning or deep neural network (DNN) accelerators. The research led to notable advancements in several technical areas:  (i) A framework was devised for the joint pruning and quantization of DNN weights, enhancing model efficiency.  (ii) An algorithm-hardware co-design framework was established for mapping DNNs to FPGA hardware. This framework emphasized resource utilization, online adaptivity, performance, and energy efficiency.  (iii) The development and demonstration of the concept of sparse periodic systolic (SPS) dataflow for accelerating DNNs.  (iv) The introduction of design techniques for approximate data path computing, particularly applicable to DNN inference.  (v) The proposition of DNN accelerator design optimization techniques, incorporating mixed-precision quantization, operation packing, and loop reordering to strike a balance between memory footprint and I/O bandwidth, ultimately enhancing overall throughput within the constraints of FPGA resources.  The research conducted under this NSF grant not only contributed to technological advancement but also expanded economic opportunities in the United States. The solutions developed pave the way for broader adoption of intelligent systems in various domains, including big data analytics, cognitive systems, speech recognition, natural language processing, and time series prediction and analysis. Given the increasing importance of neural networks, deep learning, and machine intelligence in addressing societal challenges such as weather modeling, disease diagnosis, drug delivery, and medical image processing, this research is poised to deliver significant societal benefits.  Furthermore, the techniques devised for reducing DNN computation and storage requirements can be extrapolated to other types of machine intelligence systems across diverse software and hardware platforms. This will facilitate the wider adoption of deep learning across a spectrum of computing systems, spanning high-performance and low-power devices such as wearables, IoT devices, autonomous systems, unmanned vehicles, and aerial systems.  Notably, this research has also had a positive impact on education and workforce development, as evidenced by the graduation of two PhD students and two MS students who received partial support from this NSF grant. Their contributions to the field are a testament to the broader impacts of this research endeavor.          Last Modified: 09/26/2023       Submitted by: Massoud Pedram]]></POR_COPY_TXT>
</POR>
</Award>
</rootTag>
