<?xml version="1.0" encoding="UTF-8"?>
<rootTag>
<Award>
<AwardTitle><![CDATA[Supporting Inclusive Participation in the Symposium on Educational Advances in Artificial Intelligence]]></AwardTitle>
<AGENCY>NSF</AGENCY>
<AwardEffectiveDate>01/01/2019</AwardEffectiveDate>
<AwardExpirationDate>12/31/2020</AwardExpirationDate>
<AwardTotalIntnAmount>27254.00</AwardTotalIntnAmount>
<AwardAmount>27254</AwardAmount>
<AwardInstrument>
<Value>Standard Grant</Value>
</AwardInstrument>
<Organization>
<Code>11040000</Code>
<Directorate>
<Abbreviation>EDU</Abbreviation>
<LongName>Directorate for STEM Education</LongName>
</Directorate>
<Division>
<Abbreviation>DUE</Abbreviation>
<LongName>Division Of Undergraduate Education</LongName>
</Division>
</Organization>
<ProgramOfficer>
<SignBlockName>Paul Tymann</SignBlockName>
<PO_EMAI>ptymann@nsf.gov</PO_EMAI>
<PO_PHON>7032922832</PO_PHON>
</ProgramOfficer>
<AbstractNarration><![CDATA[The integration of artificial intelligence (AI) into everyday life is increasing.  This creates a parallel increase in the difficulty and importance of related discussions related to AI research, policy, and public debate. Broad and informed participation in these discussions by a diverse community is critical to the nation's future. This project supports the engagement of AI educators from a diverse set of backgrounds to participate in the Symposium on Educational Advances in Artificial Intelligence (EAAI) in 2019 and 2020. EAAI provides a venue for AI researchers and educators to discuss pedagogical issues and share resources related to teaching and using AI in education across a variety of curricular levels, from K-12 through postgraduate training. Increased diversity in EAAI participation has the potential to broaden the pipeline of AI professionals as well as the types of discussions surrounding the development of AI technologies, including those of ethical implications and unintended consequences. The symposium is co-located with the Association for the Advancement of Artificial Intelligence Conference on Artificial Intelligence. This is one of the premier conferences on AI, drawing wide domestic and international participation. Co-location allows EAAI participants to engage in discussions of both cutting-edge disciplinary research and state-of-the-art methods of educational delivery and assessment. &lt;br/&gt;&lt;br/&gt;This project addresses the need to develop a diverse set of faculty to educate the next generation of AI researchers, practitioners, and policy makers. The goal of this effort is to increase understanding of how to engage a more demographically diverse pool of AI educators. Support for participation in EAAI over two years will be provided to ten students, ten current higher education faculty and secondary school educators, ten new or future educators, and four invited speakers. Priority for support will be given to first authors/presenters, paper co-authors, Birds-of-a-Feather undergraduate participants, and poster authors. The Selection Committee will be composed of the EAAI co-chairs and track chairs. Recruitment will target women and other groups underrepresented in the AI community, as well as late-stage graduate students or early-stage faculty. This last group, the New or Future Educators, will be invited to assume future EAAI leadership positions. This project aims to collect, analyze, and disseminate data on the efficacy of recruitment venues for achieving a demographically diverse EAAI community.&lt;br/&gt;&lt;br/&gt;This award reflects NSF's statutory mission and has been deemed worthy of support through evaluation using the Foundation's intellectual merit and broader impacts review criteria.]]></AbstractNarration>
<MinAmdLetterDate>12/19/2018</MinAmdLetterDate>
<MaxAmdLetterDate>12/19/2018</MaxAmdLetterDate>
<ARRAAmount/>
<TRAN_TYPE>Grant</TRAN_TYPE>
<CFDA_NUM>47.076</CFDA_NUM>
<NSF_PAR_USE_FLAG>1</NSF_PAR_USE_FLAG>
<FUND_AGCY_CODE>4900</FUND_AGCY_CODE>
<AWDG_AGCY_CODE>4900</AWDG_AGCY_CODE>
<AwardID>1901575</AwardID>
<Investigator>
<FirstName>Nate</FirstName>
<LastName>Derbinsky</LastName>
<PI_MID_INIT/>
<PI_SUFX_NAME/>
<PI_FULL_NAME>Nate Derbinsky</PI_FULL_NAME>
<EmailAddress><![CDATA[n.derbinsky@northeastern.edu]]></EmailAddress>
<NSF_ID>000729368</NSF_ID>
<StartDate>12/19/2018</StartDate>
<EndDate/>
<RoleCode>Principal Investigator</RoleCode>
</Investigator>
<Institution>
<Name><![CDATA[Northeastern University]]></Name>
<CityName>BOSTON</CityName>
<ZipCode>021155005</ZipCode>
<PhoneNumber>6173733004</PhoneNumber>
<StreetAddress><![CDATA[360 HUNTINGTON AVE]]></StreetAddress>
<StreetAddress2/>
<CountryName>United States</CountryName>
<StateName>Massachusetts</StateName>
<StateCode>MA</StateCode>
<CONGRESSDISTRICT>07</CONGRESSDISTRICT>
<CONGRESS_DISTRICT_ORG>MA07</CONGRESS_DISTRICT_ORG>
<ORG_UEI_NUM>HLTMVS2JZBS6</ORG_UEI_NUM>
<ORG_LGL_BUS_NAME>NORTHEASTERN UNIVERSITY</ORG_LGL_BUS_NAME>
<ORG_PRNT_UEI_NUM/>
</Institution>
<Performance_Institution>
<Name><![CDATA[Northeastern University]]></Name>
<CityName>Boston</CityName>
<StateCode>MA</StateCode>
<ZipCode>021155005</ZipCode>
<StreetAddress><![CDATA[360 Huntington Avenue]]></StreetAddress>
<CountryCode>US</CountryCode>
<CountryName>United States</CountryName>
<StateName>Massachusetts</StateName>
<CountryFlag>1</CountryFlag>
<CONGRESSDISTRICT>07</CONGRESSDISTRICT>
<CONGRESS_DISTRICT_PERF>MA07</CONGRESS_DISTRICT_PERF>
</Performance_Institution>
<ProgramElement>
<Code>1998</Code>
<Text>IUSE</Text>
</ProgramElement>
<ProgramReference>
<Code>7556</Code>
<Text>CONFERENCE AND WORKSHOPS</Text>
</ProgramReference>
<ProgramReference>
<Code>8209</Code>
<Text>Improv Undergrad STEM Ed(IUSE)</Text>
</ProgramReference>
<ProgramReference>
<Code>9178</Code>
<Text>UNDERGRADUATE EDUCATION</Text>
</ProgramReference>
<Appropriation>
<Code>0419</Code>
<Name>NSF Education &amp; Human Resource</Name>
<APP_SYMB_ID>040106</APP_SYMB_ID>
</Appropriation>
<Fund>
<Code>04001920DB</Code>
<Name><![CDATA[NSF Education & Human Resource]]></Name>
<FUND_SYMB_ID>040106</FUND_SYMB_ID>
</Fund>
<FUND_OBLG>2019~27254</FUND_OBLG>
<POR>
<DRECONTENT><![CDATA[<div class="porColContainerWBG"> <div class="porContentCol"><p>This project supported the participation of US-based students, postdocs, faculty, invited speakers, and conference organizers in the 2019 and 2020 Symposia on Educational Advances in Artificial Intelligence (EAAI-19 and EAAI-20).&nbsp;</p> <p>EAAI provides a venue for AI researchers and educators to discuss pedagogical issues and share resources related to teaching and using AI in education across a variety of curricular levels (K-12 through postgraduate training). EAAI is co-located with the Association for the Advancement of Artificial Intelligence (AAAI) Conference on Artificial Intelligence, a premier conference in AI, drawing wide domestic and international participation. Co-location allows EAAI participants to engage with cutting-edge disciplinary research, as well as for AAAI participants to engage with cutting-edge methods of educational delivery &amp; assessment.</p> <p>The published products of EAAI include the symposium proceedings (published openly as a part of AAAI proceedings), as well as a set of ready-to-use Model AI assignments (openly available in an online repository). The symposia included invited talks, panels, student-research competitions, paper &amp; poster presentations, model-assignment presentations, and impactful AI-educator community discussions.</p> <p>A major goal of this project was better understand how to engage a&nbsp;more diverse pool of AI educators. Thus, anonymous participant surveys were administered at both symposia, collecting information about attendee demographics, institution/role, how they came to hear about EAAI, ideas for more broadly advertising EAAI, as well as strengths &amp; areas of weakness of the symposia. Results of the first survey were used to more broadly advertise EAAI-20, and the comparative analysis has been communicated to future EAAI leadership to continue a positive trend in diverse attendance.</p><br> <p>            Last Modified: 07/31/2020<br>      Modified by: Nate&nbsp;Derbinsky</p> </div> <div class="porSideCol"></div> </div>]]></DRECONTENT>
<POR_COPY_TXT><![CDATA[ This project supported the participation of US-based students, postdocs, faculty, invited speakers, and conference organizers in the 2019 and 2020 Symposia on Educational Advances in Artificial Intelligence (EAAI-19 and EAAI-20).   EAAI provides a venue for AI researchers and educators to discuss pedagogical issues and share resources related to teaching and using AI in education across a variety of curricular levels (K-12 through postgraduate training). EAAI is co-located with the Association for the Advancement of Artificial Intelligence (AAAI) Conference on Artificial Intelligence, a premier conference in AI, drawing wide domestic and international participation. Co-location allows EAAI participants to engage with cutting-edge disciplinary research, as well as for AAAI participants to engage with cutting-edge methods of educational delivery &amp; assessment.  The published products of EAAI include the symposium proceedings (published openly as a part of AAAI proceedings), as well as a set of ready-to-use Model AI assignments (openly available in an online repository). The symposia included invited talks, panels, student-research competitions, paper &amp; poster presentations, model-assignment presentations, and impactful AI-educator community discussions.  A major goal of this project was better understand how to engage a more diverse pool of AI educators. Thus, anonymous participant surveys were administered at both symposia, collecting information about attendee demographics, institution/role, how they came to hear about EAAI, ideas for more broadly advertising EAAI, as well as strengths &amp; areas of weakness of the symposia. Results of the first survey were used to more broadly advertise EAAI-20, and the comparative analysis has been communicated to future EAAI leadership to continue a positive trend in diverse attendance.       Last Modified: 07/31/2020       Submitted by: Nate Derbinsky]]></POR_COPY_TXT>
</POR>
</Award>
</rootTag>
